DEVICE=/dev/video0
META_SIZE=3400
PAIRS_PER_CYCLE=4800
CYCLES=1
HOLD_MS=0
CYCLE=0 PAIR=0 BUFFER=0 SUBPAGES=0/1 GAP_MS=64.007 HASH=36daa97c4c88c658
CYCLE=0 PAIR=1 BUFFER=1 SUBPAGES=0/1 GAP_MS=63.624 HASH=2c38fdd4771b48d4
CYCLE=0 PAIR=2 BUFFER=2 SUBPAGES=0/1 GAP_MS=63.520 HASH=7b80729b7f427f2e
CYCLE=0 PAIR=3 BUFFER=3 SUBPAGES=0/1 GAP_MS=62.798 HASH=a1b169e89518590e
CYCLE=0 PAIR=4 BUFFER=0 SUBPAGES=0/1 GAP_MS=65.168 HASH=c61e34cc1d6a651f
CYCLE=0 PAIR=5 BUFFER=1 SUBPAGES=0/1 GAP_MS=63.527 HASH=55d0c9f446a5ae12
CYCLE=0 PAIR=6 BUFFER=2 SUBPAGES=0/1 GAP_MS=64.295 HASH=5ea67286537d22f2
CYCLE=0 PAIR=7 BUFFER=3 SUBPAGES=0/1 GAP_MS=64.672 HASH=141272af3bcae7c2
CYCLE=0 PAIR=8 BUFFER=0 SUBPAGES=0/1 GAP_MS=64.875 HASH=7074f9f279d882e8
CYCLE=0 PAIR=9 BUFFER=1 SUBPAGES=0/1 GAP_MS=63.391 HASH=32fabfe8c8886034
CYCLE=0 PAIR=10 BUFFER=2 SUBPAGES=0/1 GAP_MS=62.570 HASH=efacc164afeb8aa5
CYCLE=0 PAIR=11 BUFFER=3 SUBPAGES=0/1 GAP_MS=64.265 HASH=1f81e36b4ebb7317
CYCLE=0 PAIR=12 BUFFER=0 SUBPAGES=0/1 GAP_MS=64.873 HASH=0dc2ffb187bb3efa
CYCLE=0 PAIR=13 BUFFER=1 SUBPAGES=0/1 GAP_MS=64.567 HASH=2bde518c513bb733
CYCLE=0 PAIR=14 BUFFER=2 SUBPAGES=0/1 GAP_MS=62.785 HASH=0d9b145f91a8b449
CYCLE=0 PAIR=15 BUFFER=3 SUBPAGES=0/1 GAP_MS=62.028 HASH=3d8e4841478b825b
CYCLE=0 PAIR=16 BUFFER=0 SUBPAGES=0/1 GAP_MS=63.069 HASH=547b7630d644e49f
CYCLE=0 PAIR=17 BUFFER=1 SUBPAGES=0/1 GAP_MS=63.787 HASH=3e7a6e6a05e4f86e
CYCLE=0 PAIR=18 BUFFER=2 SUBPAGES=0/1 GAP_MS=63.876 HASH=2560a1eec67208ab
CYCLE=0 PAIR=19 BUFFER=3 SUBPAGES=0/1 GAP_MS=64.629 HASH=6b7ec6f734a136fe
CYCLE=0 PAIR=20 BUFFER=0 SUBPAGES=0/1 GAP_MS=64.800 HASH=c9e7c4ceab4cd4d2
CYCLE=0 PAIR=21 BUFFER=1 SUBPAGES=0/1 GAP_MS=63.763 HASH=6f30272cca480779
CYCLE=0 PAIR=22 BUFFER=2 SUBPAGES=0/1 GAP_MS=62.961 HASH=295bca1db6cfd1f7
CYCLE=0 PAIR=23 BUFFER=3 SUBPAGES=0/1 GAP_MS=64.212 HASH=ef561e7169a0fd26
CYCLE=0 PAIR=24 BUFFER=0 SUBPAGES=0/1 GAP_MS=63.209 HASH=30050156984c62d3
CYCLE=0 PAIR=25 BUFFER=1 SUBPAGES=0/1 GAP_MS=63.643 HASH=7e7de3e87cded0e3
CYCLE=0 PAIR=26 BUFFER=2 SUBPAGES=0/1 GAP_MS=62.034 HASH=62c7920bc3bd6190
CYCLE=0 PAIR=27 BUFFER=3 SUBPAGES=0/1 GAP_MS=63.718 HASH=f9a46093868a369e
CYCLE=0 PAIR=28 BUFFER=0 SUBPAGES=0/1 GAP_MS=63.753 HASH=2f95cf8dea908d68
CYCLE=0 PAIR=29 BUFFER=1 SUBPAGES=0/1 GAP_MS=63.412 HASH=51825ecdc3e810b2
CYCLE=0 PAIR=30 BUFFER=2 SUBPAGES=0/1 GAP_MS=63.864 HASH=ae932bd06e801888
CYCLE=0 PAIR=31 BUFFER=3 SUBPAGES=0/1 GAP_MS=62.875 HASH=1ecf353ff2d07cc4
CYCLE=0 PAIR=32 BUFFER=0 SUBPAGES=0/1 GAP_MS=63.399 HASH=9b250c0109be90c1
CYCLE=0 PAIR=33 BUFFER=1 SUBPAGES=0/1 GAP_MS=64.668 HASH=4d75507b209fe42c
CYCLE=0 PAIR=34 BUFFER=2 SUBPAGES=0/1 GAP_MS=65.566 HASH=7c9df39c4f20d869
CYCLE=0 PAIR=35 BUFFER=3 SUBPAGES=0/1 GAP_MS=63.864 HASH=34b49e4728f39ff3
CYCLE=0 PAIR=36 BUFFER=0 SUBPAGES=0/1 GAP_MS=63.252 HASH=74c7c0d9d25ad9ae
CYCLE=0 PAIR=37 BUFFER=1 SUBPAGES=0/1 GAP_MS=63.519 HASH=b2022385caa1dd5f
CYCLE=0 PAIR=38 BUFFER=2 SUBPAGES=0/1 GAP_MS=64.814 HASH=764357219a25cdac
CYCLE=0 PAIR=39 BUFFER=3 SUBPAGES=0/1 GAP_MS=64.429 HASH=09d2cb0fd7cc341a
CYCLE=0 PAIR=40 BUFFER=0 SUBPAGES=0/1 GAP_MS=64.514 HASH=b41316eb490e22e6
CYCLE=0 PAIR=41 BUFFER=1 SUBPAGES=0/1 GAP_MS=64.255 HASH=26826d1dde2e0316
CYCLE=0 PAIR=42 BUFFER=2 SUBPAGES=0/1 GAP_MS=64.364 HASH=1420072ae9adc577
CYCLE=0 PAIR=43 BUFFER=3 SUBPAGES=0/1 GAP_MS=64.245 HASH=e518bcd7be7f2c43
CYCLE=0 PAIR=44 BUFFER=0 SUBPAGES=0/1 GAP_MS=62.273 HASH=0702d0aac58a06cb
CYCLE=0 PAIR=45 BUFFER=1 SUBPAGES=0/1 GAP_MS=64.273 HASH=ad7b5b42f4a8f329
CYCLE=0 PAIR=46 BUFFER=2 SUBPAGES=0/1 GAP_MS=64.571 HASH=646f9f43a2dff607
CYCLE=0 PAIR=47 BUFFER=3 SUBPAGES=0/1 GAP_MS=63.075 HASH=9eda631086e3a6f8
CYCLE=0 PAIR=48 BUFFER=0 SUBPAGES=0/1 GAP_MS=62.666 HASH=6a028bd8be10a2d4
CYCLE=0 PAIR=49 BUFFER=1 SUBPAGES=0/1 GAP_MS=64.240 HASH=d0edce8cb42e1061
CYCLE=0 PAIR=50 BUFFER=2 SUBPAGES=0/1 GAP_MS=64.038 HASH=ccb1bbcbc0fc30e7
CYCLE=0 PAIR=51 BUFFER=3 SUBPAGES=0/1 GAP_MS=63.436 HASH=a2b97fd2c3712ea4
CYCLE=0 PAIR=52 BUFFER=0 SUBPAGES=0/1 GAP_MS=65.220 HASH=340e2935e4ed4839
CYCLE=0 PAIR=53 BUFFER=1 SUBPAGES=0/1 GAP_MS=63.957 HASH=b1ccfe173ecc03fb
CYCLE=0 PAIR=54 BUFFER=2 SUBPAGES=0/1 GAP_MS=63.494 HASH=11529d88035a88ca
CYCLE=0 PAIR=55 BUFFER=3 SUBPAGES=0/1 GAP_MS=64.509 HASH=d5a0ebcdeeda4d7b
CYCLE=0 PAIR=56 BUFFER=0 SUBPAGES=0/1 GAP_MS=63.982 HASH=fdaf77a1da1215ec
CYCLE=0 PAIR=57 BUFFER=1 SUBPAGES=0/1 GAP_MS=62.870 HASH=68c40ab972fa45b3
CYCLE=0 PAIR=58 BUFFER=2 SUBPAGES=0/1 GAP_MS=64.095 HASH=a8c544fce9c98ed2
CYCLE=0 PAIR=59 BUFFER=3 SUBPAGES=0/1 GAP_MS=64.145 HASH=cfa6ee4f4185c68c
CYCLE=0 PAIR=60 BUFFER=0 SUBPAGES=0/1 GAP_MS=65.141 HASH=068391b47649b860
CYCLE=0 PAIR=61 BUFFER=1 SUBPAGES=0/1 GAP_MS=63.506 HASH=cb3fde785f829e42
CYCLE=0 PAIR=62 BUFFER=2 SUBPAGES=0/1 GAP_MS=64.152 HASH=c617d2777a24bba8
CYCLE=0 PAIR=63 BUFFER=3 SUBPAGES=0/1 GAP_MS=63.218 HASH=458f7fb8e8173ab0
CYCLE=0 PAIR=64 BUFFER=0 SUBPAGES=0/1 GAP_MS=62.880 HASH=e96307ce39710f0c
CYCLE=0 PAIR=65 BUFFER=1 SUBPAGES=0/1 GAP_MS=63.357 HASH=c01289a52354e19f
CYCLE=0 PAIR=66 BUFFER=2 SUBPAGES=0/1 GAP_MS=64.378 HASH=f2a1c94aaf05054c
CYCLE=0 PAIR=67 BUFFER=3 SUBPAGES=0/1 GAP_MS=64.288 HASH=bc8a185d84b50842
CYCLE=0 PAIR=68 BUFFER=0 SUBPAGES=0/1 GAP_MS=62.774 HASH=d3aa6d33b41766db
CYCLE=0 PAIR=69 BUFFER=1 SUBPAGES=0/1 GAP_MS=64.621 HASH=86a41349f466b72d
CYCLE=0 PAIR=70 BUFFER=2 SUBPAGES=0/1 GAP_MS=64.023 HASH=c0f02741d0f7cdd5
CYCLE=0 PAIR=71 BUFFER=3 SUBPAGES=0/1 GAP_MS=61.997 HASH=1a9db3d237161e1a
CYCLE=0 PAIR=72 BUFFER=0 SUBPAGES=0/1 GAP_MS=65.209 HASH=a891fc776845f65b
CYCLE=0 PAIR=73 BUFFER=1 SUBPAGES=0/1 GAP_MS=63.368 HASH=d5d42d5ed65d28aa
CYCLE=0 PAIR=74 BUFFER=2 SUBPAGES=0/1 GAP_MS=63.230 HASH=bf42030744364491
CYCLE=0 PAIR=75 BUFFER=3 SUBPAGES=0/1 GAP_MS=65.712 HASH=bd4a75daa5ce49cd
CYCLE=0 PAIR=76 BUFFER=0 SUBPAGES=0/1 GAP_MS=63.588 HASH=45b721e5bdec918f
CYCLE=0 PAIR=77 BUFFER=1 SUBPAGES=0/1 GAP_MS=63.948 HASH=ce45c11c16d08571
CYCLE=0 PAIR=78 BUFFER=2 SUBPAGES=0/1 GAP_MS=62.772 HASH=9de11e8e6b8d9c33
CYCLE=0 PAIR=79 BUFFER=3 SUBPAGES=0/1 GAP_MS=62.687 HASH=5e6f110804a3057d
CYCLE=0 PAIR=80 BUFFER=0 SUBPAGES=0/1 GAP_MS=63.111 HASH=f5ed09915131c206
CYCLE=0 PAIR=81 BUFFER=1 SUBPAGES=0/1 GAP_MS=65.264 HASH=568ceb60583aef47
CYCLE=0 PAIR=82 BUFFER=2 SUBPAGES=0/1 GAP_MS=62.651 HASH=7d30262bea31d348
CYCLE=0 PAIR=83 BUFFER=3 SUBPAGES=0/1 GAP_MS=64.183 HASH=3a9297934a4b44b4
CYCLE=0 PAIR=84 BUFFER=0 SUBPAGES=0/1 GAP_MS=63.887 HASH=50297f7b1d074428
CYCLE=0 PAIR=85 BUFFER=1 SUBPAGES=0/1 GAP_MS=63.901 HASH=92fd74611e807ce7
CYCLE=0 PAIR=86 BUFFER=2 SUBPAGES=0/1 GAP_MS=63.858 HASH=9a14580eb23143eb
CYCLE=0 PAIR=87 BUFFER=3 SUBPAGES=0/1 GAP_MS=63.989 HASH=63e4beebddc307fb
CYCLE=0 PAIR=88 BUFFER=0 SUBPAGES=0/1 GAP_MS=64.141 HASH=9b8cae02f690ca57
CYCLE=0 PAIR=89 BUFFER=1 SUBPAGES=0/1 GAP_MS=64.863 HASH=49b3d3860b0d4503
CYCLE=0 PAIR=90 BUFFER=2 SUBPAGES=0/1 GAP_MS=64.106 HASH=e9bcf23f0fa028cf
CYCLE=0 PAIR=91 BUFFER=3 SUBPAGES=0/1 GAP_MS=64.173 HASH=b28d9f0a0af4ab1d
CYCLE=0 PAIR=92 BUFFER=0 SUBPAGES=0/1 GAP_MS=63.492 HASH=192df5ad8f1c632a
CYCLE=0 PAIR=93 BUFFER=1 SUBPAGES=0/1 GAP_MS=63.237 HASH=14313bba23116b7e
CYCLE=0 PAIR=94 BUFFER=2 SUBPAGES=0/1 GAP_MS=63.915 HASH=903229ba62fd6c52
CYCLE=0 PAIR=95 BUFFER=3 SUBPAGES=0/1 GAP_MS=64.030 HASH=21cb27324f56662c
CYCLE=0 PAIR=96 BUFFER=0 SUBPAGES=0/1 GAP_MS=65.039 HASH=cbcc9254a23ea80c
CYCLE=0 PAIR=97 BUFFER=1 SUBPAGES=0/1 GAP_MS=64.873 HASH=6a7c91aeda1263ad
CYCLE=0 PAIR=98 BUFFER=2 SUBPAGES=0/1 GAP_MS=63.826 HASH=4133e9658829afcd
CYCLE=0 PAIR=99 BUFFER=3 SUBPAGES=0/1 GAP_MS=64.303 HASH=fb7d4b7b6eb63d80
CYCLE=0 PAIR=100 BUFFER=0 SUBPAGES=0/1 GAP_MS=64.408 HASH=1e9189cb654a760e
CYCLE=0 PAIR=101 BUFFER=1 SUBPAGES=0/1 GAP_MS=65.306 HASH=5b7d839dc408d996
CYCLE=0 PAIR=102 BUFFER=2 SUBPAGES=0/1 GAP_MS=63.909 HASH=403375423dc85c5a
CYCLE=0 PAIR=103 BUFFER=3 SUBPAGES=0/1 GAP_MS=64.844 HASH=4fa59480f50946cd
CYCLE=0 PAIR=104 BUFFER=0 SUBPAGES=0/1 GAP_MS=62.877 HASH=7e68a26dae62dbdb
CYCLE=0 PAIR=105 BUFFER=1 SUBPAGES=0/1 GAP_MS=64.794 HASH=d24bcedd6f59f5cd
CYCLE=0 PAIR=106 BUFFER=2 SUBPAGES=0/1 GAP_MS=64.947 HASH=2857ff698937d87c
CYCLE=0 PAIR=107 BUFFER=3 SUBPAGES=0/1 GAP_MS=64.032 HASH=8b4a1803a1cb3c48
CYCLE=0 PAIR=108 BUFFER=0 SUBPAGES=0/1 GAP_MS=63.463 HASH=8a7d97e7b47f2ba9
CYCLE=0 PAIR=109 BUFFER=1 SUBPAGES=0/1 GAP_MS=63.669 HASH=69d75eb0549bd0bd
CYCLE=0 PAIR=110 BUFFER=2 SUBPAGES=0/1 GAP_MS=62.579 HASH=be92f87a3338599e
CYCLE=0 PAIR=111 BUFFER=3 SUBPAGES=0/1 GAP_MS=64.420 HASH=8079eba840c7f25b
CYCLE=0 PAIR=112 BUFFER=0 SUBPAGES=0/1 GAP_MS=63.809 HASH=69cd38e496c54db0
CYCLE=0 PAIR=113 BUFFER=1 SUBPAGES=0/1 GAP_MS=63.575 HASH=4b968c4c3d85cb5a
CYCLE=0 PAIR=114 BUFFER=2 SUBPAGES=0/1 GAP_MS=63.076 HASH=ba4b1422f7a6e6e9
CYCLE=0 PAIR=115 BUFFER=3 SUBPAGES=0/1 GAP_MS=64.262 HASH=28809fc4a9cf1f62
CYCLE=0 PAIR=116 BUFFER=0 SUBPAGES=0/1 GAP_MS=63.832 HASH=bf2ebf29dc03500f
CYCLE=0 PAIR=117 BUFFER=1 SUBPAGES=0/1 GAP_MS=63.050 HASH=9f2204e0412b74ce
CYCLE=0 PAIR=118 BUFFER=2 SUBPAGES=0/1 GAP_MS=63.380 HASH=c39dcee640e6a667
CYCLE=0 PAIR=119 BUFFER=3 SUBPAGES=0/1 GAP_MS=63.491 HASH=e879e04e704cefcf
CYCLE=0 PAIR=120 BUFFER=0 SUBPAGES=0/1 GAP_MS=65.272 HASH=32f633e78a73b25a
CYCLE=0 PAIR=121 BUFFER=1 SUBPAGES=0/1 GAP_MS=64.317 HASH=bd5576f9970cfa5c
CYCLE=0 PAIR=122 BUFFER=2 SUBPAGES=0/1 GAP_MS=63.709 HASH=9a3c8b17a6262162
CYCLE=0 PAIR=123 BUFFER=3 SUBPAGES=0/1 GAP_MS=64.563 HASH=6834e3b531581e7b
CYCLE=0 PAIR=124 BUFFER=0 SUBPAGES=0/1 GAP_MS=64.580 HASH=6ab90f2f128140e2
CYCLE=0 PAIR=125 BUFFER=1 SUBPAGES=0/1 GAP_MS=63.810 HASH=8713c11ba7889f0c
CYCLE=0 PAIR=126 BUFFER=2 SUBPAGES=0/1 GAP_MS=64.193 HASH=81762f0de21d07b5
CYCLE=0 PAIR=127 BUFFER=3 SUBPAGES=0/1 GAP_MS=63.302 HASH=cc71de3211ce2613
CYCLE=0 PAIR=128 BUFFER=0 SUBPAGES=0/1 GAP_MS=64.978 HASH=6c9cb5f6c76dbddc
CYCLE=0 PAIR=129 BUFFER=1 SUBPAGES=0/1 GAP_MS=65.431 HASH=3f9c38dc6a17a779
CYCLE=0 PAIR=130 BUFFER=2 SUBPAGES=0/1 GAP_MS=63.587 HASH=8966d41d8927f4bf
CYCLE=0 PAIR=131 BUFFER=3 SUBPAGES=0/1 GAP_MS=65.034 HASH=2de28ba245df4e9b
CYCLE=0 PAIR=132 BUFFER=0 SUBPAGES=0/1 GAP_MS=64.096 HASH=838dcecd1e5cdb70
CYCLE=0 PAIR=133 BUFFER=1 SUBPAGES=0/1 GAP_MS=62.719 HASH=19429993f9509987
CYCLE=0 PAIR=134 BUFFER=2 SUBPAGES=0/1 GAP_MS=64.232 HASH=9daa107c2da47b3a
CYCLE=0 PAIR=135 BUFFER=3 SUBPAGES=0/1 GAP_MS=64.844 HASH=aad4e409505cc75f
CYCLE=0 PAIR=136 BUFFER=0 SUBPAGES=0/1 GAP_MS=63.829 HASH=b3b80b5a0a600895
CYCLE=0 PAIR=137 BUFFER=1 SUBPAGES=0/1 GAP_MS=64.048 HASH=6e1b5c268d72a152
CYCLE=0 PAIR=138 BUFFER=2 SUBPAGES=0/1 GAP_MS=64.791 HASH=df10d4f0f340dc89
CYCLE=0 PAIR=139 BUFFER=3 SUBPAGES=0/1 GAP_MS=64.716 HASH=e27b1f102fb4c6c3
CYCLE=0 PAIR=140 BUFFER=0 SUBPAGES=0/1 GAP_MS=64.872 HASH=425231efe45825ca
CYCLE=0 PAIR=141 BUFFER=1 SUBPAGES=0/1 GAP_MS=63.989 HASH=b026bf32e8bd5da6
CYCLE=0 PAIR=142 BUFFER=2 SUBPAGES=0/1 GAP_MS=62.916 HASH=e8d10fe09e762445
CYCLE=0 PAIR=143 BUFFER=3 SUBPAGES=0/1 GAP_MS=64.768 HASH=a8632f059a6b2bc7
CYCLE=0 PAIR=144 BUFFER=0 SUBPAGES=0/1 GAP_MS=64.765 HASH=52428b79fc1c0ab7
CYCLE=0 PAIR=145 BUFFER=1 SUBPAGES=0/1 GAP_MS=63.997 HASH=21c7bd7f0d515865
CYCLE=0 PAIR=146 BUFFER=2 SUBPAGES=0/1 GAP_MS=62.161 HASH=39606771d0ff9ca7
CYCLE=0 PAIR=147 BUFFER=3 SUBPAGES=0/1 GAP_MS=62.666 HASH=2e98b0f8b3379e17
CYCLE=0 PAIR=148 BUFFER=0 SUBPAGES=0/1 GAP_MS=63.152 HASH=a22527ac481f6c55
CYCLE=0 PAIR=149 BUFFER=1 SUBPAGES=0/1 GAP_MS=64.682 HASH=505f5058854429aa
CYCLE=0 PAIR=150 BUFFER=2 SUBPAGES=0/1 GAP_MS=63.600 HASH=e79a1f98ac266553
CYCLE=0 PAIR=151 BUFFER=3 SUBPAGES=0/1 GAP_MS=62.777 HASH=729e8853c083c76e
CYCLE=0 PAIR=152 BUFFER=0 SUBPAGES=0/1 GAP_MS=63.965 HASH=0eb7f6b8649bd1c0
CYCLE=0 PAIR=153 BUFFER=1 SUBPAGES=0/1 GAP_MS=64.818 HASH=8d0df472ed246244
CYCLE=0 PAIR=154 BUFFER=2 SUBPAGES=0/1 GAP_MS=63.858 HASH=82f4e3d7bb13924e
CYCLE=0 PAIR=155 BUFFER=3 SUBPAGES=0/1 GAP_MS=64.166 HASH=1bbb3daba6457e4c
CYCLE=0 PAIR=156 BUFFER=0 SUBPAGES=0/1 GAP_MS=65.119 HASH=e5422f12aab78cdb
CYCLE=0 PAIR=157 BUFFER=1 SUBPAGES=0/1 GAP_MS=64.260 HASH=1498e8c18306abdf
CYCLE=0 PAIR=158 BUFFER=2 SUBPAGES=0/1 GAP_MS=64.601 HASH=d433dee90c39d0dd
CYCLE=0 PAIR=159 BUFFER=3 SUBPAGES=0/1 GAP_MS=64.769 HASH=30149795861a458c
CYCLE=0 PAIR=160 BUFFER=0 SUBPAGES=0/1 GAP_MS=63.973 HASH=2a87fde4adc87ec7
CYCLE=0 PAIR=161 BUFFER=1 SUBPAGES=0/1 GAP_MS=64.926 HASH=56170219a9bb372c
CYCLE=0 PAIR=162 BUFFER=2 SUBPAGES=0/1 GAP_MS=64.974 HASH=4d5a0ccd5adfab45
CYCLE=0 PAIR=163 BUFFER=3 SUBPAGES=0/1 GAP_MS=64.468 HASH=96a004135f41b7c6
CYCLE=0 PAIR=164 BUFFER=0 SUBPAGES=0/1 GAP_MS=64.929 HASH=8bc0faadde9b4151
CYCLE=0 PAIR=165 BUFFER=1 SUBPAGES=0/1 GAP_MS=64.877 HASH=9a3efb54c2ee487d
CYCLE=0 PAIR=166 BUFFER=2 SUBPAGES=0/1 GAP_MS=62.941 HASH=d6f470599c1c685c
CYCLE=0 PAIR=167 BUFFER=3 SUBPAGES=0/1 GAP_MS=64.956 HASH=13a4aa41bc8312c5
CYCLE=0 PAIR=168 BUFFER=0 SUBPAGES=0/1 GAP_MS=64.193 HASH=a903523a9fac67c3
CYCLE=0 PAIR=169 BUFFER=1 SUBPAGES=0/1 GAP_MS=64.939 HASH=81882f5e68438eef
CYCLE=0 PAIR=170 BUFFER=2 SUBPAGES=0/1 GAP_MS=65.182 HASH=2c47b6f0661e88da
CYCLE=0 PAIR=171 BUFFER=3 SUBPAGES=0/1 GAP_MS=63.388 HASH=4cb79187ca919ce5
CYCLE=0 PAIR=172 BUFFER=0 SUBPAGES=0/1 GAP_MS=62.657 HASH=fdd9f4545db39cb1
CYCLE=0 PAIR=173 BUFFER=1 SUBPAGES=0/1 GAP_MS=62.582 HASH=f0a39c6c79ab4ee9
CYCLE=0 PAIR=174 BUFFER=2 SUBPAGES=0/1 GAP_MS=63.973 HASH=dc94f1ecd03315d8
CYCLE=0 PAIR=175 BUFFER=3 SUBPAGES=0/1 GAP_MS=63.490 HASH=74b3761eb1d3365f
CYCLE=0 PAIR=176 BUFFER=0 SUBPAGES=0/1 GAP_MS=65.656 HASH=944e9e80e258ef60
CYCLE=0 PAIR=177 BUFFER=1 SUBPAGES=0/1 GAP_MS=64.419 HASH=faf7d45adc4d98cb
CYCLE=0 PAIR=178 BUFFER=2 SUBPAGES=0/1 GAP_MS=63.301 HASH=4e9d50bbf87b0e1d
CYCLE=0 PAIR=179 BUFFER=3 SUBPAGES=0/1 GAP_MS=64.195 HASH=7d1b90e7481187c4
CYCLE=0 PAIR=180 BUFFER=0 SUBPAGES=0/1 GAP_MS=65.410 HASH=f1ae65529206e260
CYCLE=0 PAIR=181 BUFFER=1 SUBPAGES=0/1 GAP_MS=64.877 HASH=38e9fa289a0e2440
CYCLE=0 PAIR=182 BUFFER=2 SUBPAGES=0/1 GAP_MS=64.557 HASH=93df783b55154ad0
CYCLE=0 PAIR=183 BUFFER=3 SUBPAGES=0/1 GAP_MS=64.790 HASH=6ad120cd71238773
CYCLE=0 PAIR=184 BUFFER=0 SUBPAGES=0/1 GAP_MS=63.564 HASH=a60e8adea162df3a
CYCLE=0 PAIR=185 BUFFER=1 SUBPAGES=0/1 GAP_MS=63.890 HASH=3b6e9135176f2320
CYCLE=0 PAIR=186 BUFFER=2 SUBPAGES=0/1 GAP_MS=63.704 HASH=e763b37e1fe3acd2
CYCLE=0 PAIR=187 BUFFER=3 SUBPAGES=0/1 GAP_MS=64.309 HASH=a43a6b433f99ee93
CYCLE=0 PAIR=188 BUFFER=0 SUBPAGES=0/1 GAP_MS=62.309 HASH=839540c7b77cc9a5
CYCLE=0 PAIR=189 BUFFER=1 SUBPAGES=0/1 GAP_MS=63.820 HASH=6dd13ce994f65fa0
CYCLE=0 PAIR=190 BUFFER=2 SUBPAGES=0/1 GAP_MS=62.868 HASH=e31189276a617823
CYCLE=0 PAIR=191 BUFFER=3 SUBPAGES=0/1 GAP_MS=65.105 HASH=41170b7ef8f53d98
CYCLE=0 PAIR=192 BUFFER=0 SUBPAGES=0/1 GAP_MS=62.896 HASH=75d0fbbd542423e9
CYCLE=0 PAIR=193 BUFFER=1 SUBPAGES=0/1 GAP_MS=62.917 HASH=ef381abb7d52ee4b
CYCLE=0 PAIR=194 BUFFER=2 SUBPAGES=0/1 GAP_MS=62.933 HASH=2f93af9b083b896a
CYCLE=0 PAIR=195 BUFFER=3 SUBPAGES=0/1 GAP_MS=63.620 HASH=a168810770d6ab4c
CYCLE=0 PAIR=196 BUFFER=0 SUBPAGES=0/1 GAP_MS=62.893 HASH=f4e9f45982a017db
CYCLE=0 PAIR=197 BUFFER=1 SUBPAGES=0/1 GAP_MS=63.772 HASH=298cf770fdaf2a36
CYCLE=0 PAIR=198 BUFFER=2 SUBPAGES=0/1 GAP_MS=62.718 HASH=3418924e29c08e6c
CYCLE=0 PAIR=199 BUFFER=3 SUBPAGES=0/1 GAP_MS=63.019 HASH=9137739be543017e
CYCLE=0 PAIR=200 BUFFER=0 SUBPAGES=0/1 GAP_MS=62.875 HASH=12fb1204826f8581
CYCLE=0 PAIR=201 BUFFER=1 SUBPAGES=0/1 GAP_MS=62.108 HASH=95de7152c163dd67
CYCLE=0 PAIR=202 BUFFER=2 SUBPAGES=0/1 GAP_MS=64.722 HASH=443d1050545e7cee
CYCLE=0 PAIR=203 BUFFER=3 SUBPAGES=0/1 GAP_MS=63.761 HASH=eb42948b4e89b030
CYCLE=0 PAIR=204 BUFFER=0 SUBPAGES=0/1 GAP_MS=64.771 HASH=c13ac69ce78f2936
CYCLE=0 PAIR=205 BUFFER=1 SUBPAGES=0/1 GAP_MS=63.005 HASH=056b226352c46ca1
CYCLE=0 PAIR=206 BUFFER=2 SUBPAGES=0/1 GAP_MS=65.249 HASH=b66fbb4cbecd55bc
CYCLE=0 PAIR=207 BUFFER=3 SUBPAGES=0/1 GAP_MS=63.262 HASH=d294fb6bee201aa1
CYCLE=0 PAIR=208 BUFFER=0 SUBPAGES=0/1 GAP_MS=62.792 HASH=5104af4f0065f228
CYCLE=0 PAIR=209 BUFFER=1 SUBPAGES=0/1 GAP_MS=62.326 HASH=b397b0d7bc900d7e
CYCLE=0 PAIR=210 BUFFER=2 SUBPAGES=0/1 GAP_MS=63.719 HASH=3d6053a494773da2
CYCLE=0 PAIR=211 BUFFER=3 SUBPAGES=0/1 GAP_MS=63.568 HASH=24bc1dc054f3b094
CYCLE=0 PAIR=212 BUFFER=0 SUBPAGES=0/1 GAP_MS=64.014 HASH=7c3bdaf9068dda79
CYCLE=0 PAIR=213 BUFFER=1 SUBPAGES=0/1 GAP_MS=64.796 HASH=7ef5e517a508857b
CYCLE=0 PAIR=214 BUFFER=2 SUBPAGES=0/1 GAP_MS=63.664 HASH=a0637ac7ae8195f9
CYCLE=0 PAIR=215 BUFFER=3 SUBPAGES=0/1 GAP_MS=64.134 HASH=57a762937a8ddd99
CYCLE=0 PAIR=216 BUFFER=0 SUBPAGES=0/1 GAP_MS=63.961 HASH=895238d5a72868a9
CYCLE=0 PAIR=217 BUFFER=1 SUBPAGES=0/1 GAP_MS=63.875 HASH=191c501f01e3e31d
CYCLE=0 PAIR=218 BUFFER=2 SUBPAGES=0/1 GAP_MS=63.298 HASH=0e9ac50d301c884f
CYCLE=0 PAIR=219 BUFFER=3 SUBPAGES=0/1 GAP_MS=62.968 HASH=5ca2384460df1068
CYCLE=0 PAIR=220 BUFFER=0 SUBPAGES=0/1 GAP_MS=62.817 HASH=5014b73c2df74985
CYCLE=0 PAIR=221 BUFFER=1 SUBPAGES=0/1 GAP_MS=64.903 HASH=996c566e3a8bbadb
CYCLE=0 PAIR=222 BUFFER=2 SUBPAGES=0/1 GAP_MS=63.980 HASH=a485e7c438906ac8
CYCLE=0 PAIR=223 BUFFER=3 SUBPAGES=0/1 GAP_MS=63.926 HASH=def7e6170810316c
CYCLE=0 PAIR=224 BUFFER=0 SUBPAGES=0/1 GAP_MS=62.948 HASH=f82a608bdf666073
CYCLE=0 PAIR=225 BUFFER=1 SUBPAGES=0/1 GAP_MS=64.201 HASH=3c19c8631790323c
CYCLE=0 PAIR=226 BUFFER=2 SUBPAGES=0/1 GAP_MS=64.547 HASH=4e35f7bb60844bd1
CYCLE=0 PAIR=227 BUFFER=3 SUBPAGES=0/1 GAP_MS=63.272 HASH=18649fb7078c668c
CYCLE=0 PAIR=228 BUFFER=0 SUBPAGES=0/1 GAP_MS=63.872 HASH=b8f610b6dca923d2
CYCLE=0 PAIR=229 BUFFER=1 SUBPAGES=0/1 GAP_MS=63.749 HASH=32cc9a246545839e
CYCLE=0 PAIR=230 BUFFER=2 SUBPAGES=0/1 GAP_MS=63.572 HASH=d5193358f68b36f7
CYCLE=0 PAIR=231 BUFFER=3 SUBPAGES=0/1 GAP_MS=63.077 HASH=76cdb2cb69ca96d5
CYCLE=0 PAIR=232 BUFFER=0 SUBPAGES=0/1 GAP_MS=63.324 HASH=ba1f18dfa4f8963b
CYCLE=0 PAIR=233 BUFFER=1 SUBPAGES=0/1 GAP_MS=64.026 HASH=5879f2d4c629631c
CYCLE=0 PAIR=234 BUFFER=2 SUBPAGES=0/1 GAP_MS=63.477 HASH=71de6a62c5087e2d
CYCLE=0 PAIR=235 BUFFER=3 SUBPAGES=0/1 GAP_MS=62.779 HASH=5445b8c21ad03f7d
CYCLE=0 PAIR=236 BUFFER=0 SUBPAGES=0/1 GAP_MS=63.260 HASH=9c47d5d65ca6efd0
CYCLE=0 PAIR=237 BUFFER=1 SUBPAGES=0/1 GAP_MS=62.825 HASH=684ca7493d08c978
CYCLE=0 PAIR=238 BUFFER=2 SUBPAGES=0/1 GAP_MS=64.912 HASH=a8590a3ec418fe7c
CYCLE=0 PAIR=239 BUFFER=3 SUBPAGES=0/1 GAP_MS=64.512 HASH=0e89adeca9533b18
CYCLE=0 PAIR=240 BUFFER=0 SUBPAGES=0/1 GAP_MS=63.289 HASH=fd84f42ebfe8f3d9
CYCLE=0 PAIR=241 BUFFER=1 SUBPAGES=0/1 GAP_MS=64.067 HASH=77a82ffcf84a3129
CYCLE=0 PAIR=242 BUFFER=2 SUBPAGES=0/1 GAP_MS=61.960 HASH=86abb3fa5f38da0a
CYCLE=0 PAIR=243 BUFFER=3 SUBPAGES=0/1 GAP_MS=63.540 HASH=c36944d96d029a74
CYCLE=0 PAIR=244 BUFFER=0 SUBPAGES=0/1 GAP_MS=62.548 HASH=268a5eee372de7de
CYCLE=0 PAIR=245 BUFFER=1 SUBPAGES=0/1 GAP_MS=63.644 HASH=053855a398e26f63
CYCLE=0 PAIR=246 BUFFER=2 SUBPAGES=0/1 GAP_MS=64.962 HASH=71d4842d44dbd7bd
CYCLE=0 PAIR=247 BUFFER=3 SUBPAGES=0/1 GAP_MS=64.063 HASH=eb6e39aaa2838814
CYCLE=0 PAIR=248 BUFFER=0 SUBPAGES=0/1 GAP_MS=63.742 HASH=45d301367826b816
CYCLE=0 PAIR=249 BUFFER=1 SUBPAGES=0/1 GAP_MS=64.025 HASH=f8be8c4c972bde60
CYCLE=0 PAIR=250 BUFFER=2 SUBPAGES=0/1 GAP_MS=64.416 HASH=944d6da4fda8a6d0
CYCLE=0 PAIR=251 BUFFER=3 SUBPAGES=0/1 GAP_MS=65.775 HASH=7b867f1470336e0f
CYCLE=0 PAIR=252 BUFFER=0 SUBPAGES=0/1 GAP_MS=64.372 HASH=72359cd0b95c7e0c
CYCLE=0 PAIR=253 BUFFER=1 SUBPAGES=0/1 GAP_MS=62.888 HASH=c996fc46ce066d9e
CYCLE=0 PAIR=254 BUFFER=2 SUBPAGES=0/1 GAP_MS=63.466 HASH=c6e2a920bcff8745
CYCLE=0 PAIR=255 BUFFER=3 SUBPAGES=0/1 GAP_MS=64.660 HASH=ab41b29a24ab6fdf
CYCLE=0 PAIR=256 BUFFER=0 SUBPAGES=0/1 GAP_MS=62.734 HASH=b057cdf1ee685b2d
CYCLE=0 PAIR=257 BUFFER=1 SUBPAGES=0/1 GAP_MS=63.638 HASH=ee2cb16dccbaa318
CYCLE=0 PAIR=258 BUFFER=2 SUBPAGES=0/1 GAP_MS=64.402 HASH=fe92bb9b1d8df81f
CYCLE=0 PAIR=259 BUFFER=3 SUBPAGES=0/1 GAP_MS=64.607 HASH=e2315b1dda1077b4
CYCLE=0 PAIR=260 BUFFER=0 SUBPAGES=0/1 GAP_MS=64.155 HASH=2616740bf31c74ff
CYCLE=0 PAIR=261 BUFFER=1 SUBPAGES=0/1 GAP_MS=64.349 HASH=e2c5db7bd526f9b9
CYCLE=0 PAIR=262 BUFFER=2 SUBPAGES=0/1 GAP_MS=64.581 HASH=5b5398fe37473609
CYCLE=0 PAIR=263 BUFFER=3 SUBPAGES=0/1 GAP_MS=62.524 HASH=8b112fcfa61ef0c6
CYCLE=0 PAIR=264 BUFFER=0 SUBPAGES=0/1 GAP_MS=64.264 HASH=60a472759d596eea
CYCLE=0 PAIR=265 BUFFER=1 SUBPAGES=0/1 GAP_MS=64.438 HASH=e92d1796d120151f
CYCLE=0 PAIR=266 BUFFER=2 SUBPAGES=0/1 GAP_MS=63.981 HASH=30eaf97ac1537629
CYCLE=0 PAIR=267 BUFFER=3 SUBPAGES=0/1 GAP_MS=63.380 HASH=0e3feb27730e39fc
CYCLE=0 PAIR=268 BUFFER=0 SUBPAGES=0/1 GAP_MS=63.703 HASH=f26c179db084950a
CYCLE=0 PAIR=269 BUFFER=1 SUBPAGES=0/1 GAP_MS=63.712 HASH=c7c52779025d1098
CYCLE=0 PAIR=270 BUFFER=2 SUBPAGES=0/1 GAP_MS=65.102 HASH=e98dfef5d60828b0
CYCLE=0 PAIR=271 BUFFER=3 SUBPAGES=0/1 GAP_MS=63.014 HASH=fb7fda2e3c4518ac
CYCLE=0 PAIR=272 BUFFER=0 SUBPAGES=0/1 GAP_MS=65.009 HASH=905ab0d46e11415e
CYCLE=0 PAIR=273 BUFFER=1 SUBPAGES=0/1 GAP_MS=62.456 HASH=d9837d75d91c2ac4
CYCLE=0 PAIR=274 BUFFER=2 SUBPAGES=0/1 GAP_MS=63.676 HASH=62abffcd9cf2d4d3
CYCLE=0 PAIR=275 BUFFER=3 SUBPAGES=0/1 GAP_MS=64.436 HASH=b9cdcfa44d5cc8f8
CYCLE=0 PAIR=276 BUFFER=0 SUBPAGES=0/1 GAP_MS=62.068 HASH=ff70690ab0d66fa4
CYCLE=0 PAIR=277 BUFFER=1 SUBPAGES=0/1 GAP_MS=64.299 HASH=933ea0c6db836936
CYCLE=0 PAIR=278 BUFFER=2 SUBPAGES=0/1 GAP_MS=62.130 HASH=dacc7e528552d882
CYCLE=0 PAIR=279 BUFFER=3 SUBPAGES=0/1 GAP_MS=63.023 HASH=14a2106ed76bb483
CYCLE=0 PAIR=280 BUFFER=0 SUBPAGES=0/1 GAP_MS=63.996 HASH=e20e24e50d05947b
CYCLE=0 PAIR=281 BUFFER=1 SUBPAGES=0/1 GAP_MS=64.140 HASH=f9003ef004cb716d
CYCLE=0 PAIR=282 BUFFER=2 SUBPAGES=0/1 GAP_MS=63.787 HASH=9d0b1c9465d3e9d4
CYCLE=0 PAIR=283 BUFFER=3 SUBPAGES=0/1 GAP_MS=63.583 HASH=c173176a691de2ea
CYCLE=0 PAIR=284 BUFFER=0 SUBPAGES=0/1 GAP_MS=63.624 HASH=e443af194b893529
CYCLE=0 PAIR=285 BUFFER=1 SUBPAGES=0/1 GAP_MS=64.726 HASH=961dd7ea1a337b64
CYCLE=0 PAIR=286 BUFFER=2 SUBPAGES=0/1 GAP_MS=64.182 HASH=9d3573b8a0f8aded
CYCLE=0 PAIR=287 BUFFER=3 SUBPAGES=0/1 GAP_MS=64.355 HASH=e01dd4cc87c45d7c
CYCLE=0 PAIR=288 BUFFER=0 SUBPAGES=0/1 GAP_MS=63.822 HASH=779b766b1dcb7760
CYCLE=0 PAIR=289 BUFFER=1 SUBPAGES=0/1 GAP_MS=64.173 HASH=357e8b77bc7e8f9f
CYCLE=0 PAIR=290 BUFFER=2 SUBPAGES=0/1 GAP_MS=64.043 HASH=a77270cb6cb0f25b
CYCLE=0 PAIR=291 BUFFER=3 SUBPAGES=0/1 GAP_MS=65.358 HASH=df07ebfec7725c95
CYCLE=0 PAIR=292 BUFFER=0 SUBPAGES=0/1 GAP_MS=65.083 HASH=a9a92784a0931e36
CYCLE=0 PAIR=293 BUFFER=1 SUBPAGES=0/1 GAP_MS=63.591 HASH=8112ceb0253800c4
CYCLE=0 PAIR=294 BUFFER=2 SUBPAGES=0/1 GAP_MS=64.609 HASH=63d4ad1690ea2b14
CYCLE=0 PAIR=295 BUFFER=3 SUBPAGES=0/1 GAP_MS=64.867 HASH=73a292a49d740153
CYCLE=0 PAIR=296 BUFFER=0 SUBPAGES=0/1 GAP_MS=62.190 HASH=775b4a8f28893cbc
CYCLE=0 PAIR=297 BUFFER=1 SUBPAGES=0/1 GAP_MS=63.760 HASH=095c4481df284aca
CYCLE=0 PAIR=298 BUFFER=2 SUBPAGES=0/1 GAP_MS=63.530 HASH=a7a869f24afc5874
CYCLE=0 PAIR=299 BUFFER=3 SUBPAGES=0/1 GAP_MS=63.029 HASH=af992b7940187b94
CYCLE=0 PAIR=300 BUFFER=0 SUBPAGES=0/1 GAP_MS=64.141 HASH=778547886b98e339
CYCLE=0 PAIR=301 BUFFER=1 SUBPAGES=0/1 GAP_MS=63.431 HASH=b045c4f72c1ebaf6
CYCLE=0 PAIR=302 BUFFER=2 SUBPAGES=0/1 GAP_MS=63.617 HASH=b5b8e56c26978468
CYCLE=0 PAIR=303 BUFFER=3 SUBPAGES=0/1 GAP_MS=63.001 HASH=fb289f8614ac314f
CYCLE=0 PAIR=304 BUFFER=0 SUBPAGES=0/1 GAP_MS=64.248 HASH=6d54ba82cda2341b
CYCLE=0 PAIR=305 BUFFER=1 SUBPAGES=0/1 GAP_MS=63.552 HASH=d5d196fbfa2fff9b
CYCLE=0 PAIR=306 BUFFER=2 SUBPAGES=0/1 GAP_MS=64.326 HASH=4a98b107dc1492b2
CYCLE=0 PAIR=307 BUFFER=3 SUBPAGES=0/1 GAP_MS=62.929 HASH=86f2b10d80ccbf91
CYCLE=0 PAIR=308 BUFFER=0 SUBPAGES=0/1 GAP_MS=63.894 HASH=e9dfbee148277049
CYCLE=0 PAIR=309 BUFFER=1 SUBPAGES=0/1 GAP_MS=63.063 HASH=b6ce121becb82493
CYCLE=0 PAIR=310 BUFFER=2 SUBPAGES=0/1 GAP_MS=63.104 HASH=37010dd9147d8cf0
CYCLE=0 PAIR=311 BUFFER=3 SUBPAGES=0/1 GAP_MS=62.836 HASH=54ab07024347a195
CYCLE=0 PAIR=312 BUFFER=0 SUBPAGES=0/1 GAP_MS=64.219 HASH=09cdf7a74e99dd55
CYCLE=0 PAIR=313 BUFFER=1 SUBPAGES=0/1 GAP_MS=64.999 HASH=b40f6ae2a63cf8a1
CYCLE=0 PAIR=314 BUFFER=2 SUBPAGES=0/1 GAP_MS=62.546 HASH=c08e50743bbebc32
CYCLE=0 PAIR=315 BUFFER=3 SUBPAGES=0/1 GAP_MS=64.126 HASH=d325ca5bcf48bfa9
CYCLE=0 PAIR=316 BUFFER=0 SUBPAGES=0/1 GAP_MS=64.815 HASH=c6ae1315e3eb041e
CYCLE=0 PAIR=317 BUFFER=1 SUBPAGES=0/1 GAP_MS=62.729 HASH=d97bc2dea59fee3f
CYCLE=0 PAIR=318 BUFFER=2 SUBPAGES=0/1 GAP_MS=65.001 HASH=d5f33589bfa71685
CYCLE=0 PAIR=319 BUFFER=3 SUBPAGES=0/1 GAP_MS=65.497 HASH=4fc7ee2f1e0840a2
CYCLE=0 PAIR=320 BUFFER=0 SUBPAGES=0/1 GAP_MS=63.514 HASH=dea09699371bf55d
CYCLE=0 PAIR=321 BUFFER=1 SUBPAGES=0/1 GAP_MS=62.776 HASH=7ca9dbf61cca77ad
CYCLE=0 PAIR=322 BUFFER=2 SUBPAGES=0/1 GAP_MS=64.896 HASH=11a26dcae60f59f5
CYCLE=0 PAIR=323 BUFFER=3 SUBPAGES=0/1 GAP_MS=63.392 HASH=66222fbc9e11c03d
CYCLE=0 PAIR=324 BUFFER=0 SUBPAGES=0/1 GAP_MS=63.605 HASH=6214d09668811f1c
CYCLE=0 PAIR=325 BUFFER=1 SUBPAGES=0/1 GAP_MS=64.058 HASH=8cd6d4c828cfe38f
CYCLE=0 PAIR=326 BUFFER=2 SUBPAGES=0/1 GAP_MS=63.909 HASH=a1533383cf2b1f04
CYCLE=0 PAIR=327 BUFFER=3 SUBPAGES=0/1 GAP_MS=63.783 HASH=5522d94844c70ce9
CYCLE=0 PAIR=328 BUFFER=0 SUBPAGES=0/1 GAP_MS=65.073 HASH=66bd1f39d5e07060
CYCLE=0 PAIR=329 BUFFER=1 SUBPAGES=0/1 GAP_MS=64.545 HASH=a600da6c10ab301c
CYCLE=0 PAIR=330 BUFFER=2 SUBPAGES=0/1 GAP_MS=64.103 HASH=2ccf5aac81702679
CYCLE=0 PAIR=331 BUFFER=3 SUBPAGES=0/1 GAP_MS=63.131 HASH=84161b773b1a5b4d
CYCLE=0 PAIR=332 BUFFER=0 SUBPAGES=0/1 GAP_MS=63.299 HASH=28d95596a71934ea
CYCLE=0 PAIR=333 BUFFER=1 SUBPAGES=0/1 GAP_MS=62.271 HASH=4adeee5f5689bcab
CYCLE=0 PAIR=334 BUFFER=2 SUBPAGES=0/1 GAP_MS=64.819 HASH=2aa3dc950e691b26
CYCLE=0 PAIR=335 BUFFER=3 SUBPAGES=0/1 GAP_MS=64.042 HASH=90425e9acda85468
CYCLE=0 PAIR=336 BUFFER=0 SUBPAGES=0/1 GAP_MS=63.594 HASH=2955a6722efabfbf
CYCLE=0 PAIR=337 BUFFER=1 SUBPAGES=0/1 GAP_MS=62.908 HASH=ce484b00e5597994
CYCLE=0 PAIR=338 BUFFER=2 SUBPAGES=0/1 GAP_MS=64.219 HASH=a009de3de457d085
CYCLE=0 PAIR=339 BUFFER=3 SUBPAGES=0/1 GAP_MS=63.354 HASH=107c5869abcd7583
CYCLE=0 PAIR=340 BUFFER=0 SUBPAGES=0/1 GAP_MS=63.544 HASH=4f82d62b77493c78
CYCLE=0 PAIR=341 BUFFER=1 SUBPAGES=0/1 GAP_MS=64.057 HASH=539bd6e96a9f16c3
CYCLE=0 PAIR=342 BUFFER=2 SUBPAGES=0/1 GAP_MS=64.165 HASH=a7cb9255b1087bd8
CYCLE=0 PAIR=343 BUFFER=3 SUBPAGES=0/1 GAP_MS=64.180 HASH=a027f18f11b0a4b5
CYCLE=0 PAIR=344 BUFFER=0 SUBPAGES=0/1 GAP_MS=64.446 HASH=6680689edc63df5d
CYCLE=0 PAIR=345 BUFFER=1 SUBPAGES=0/1 GAP_MS=65.046 HASH=7edf9396adda233a
CYCLE=0 PAIR=346 BUFFER=2 SUBPAGES=0/1 GAP_MS=64.296 HASH=0039ce270f516473
CYCLE=0 PAIR=347 BUFFER=3 SUBPAGES=0/1 GAP_MS=64.890 HASH=04c25b5a0bcab11d
CYCLE=0 PAIR=348 BUFFER=0 SUBPAGES=0/1 GAP_MS=63.103 HASH=075f0fc814eda8d7
CYCLE=0 PAIR=349 BUFFER=1 SUBPAGES=0/1 GAP_MS=64.553 HASH=02821f8289732d76
CYCLE=0 PAIR=350 BUFFER=2 SUBPAGES=0/1 GAP_MS=63.318 HASH=619b4c477e54018e
CYCLE=0 PAIR=351 BUFFER=3 SUBPAGES=0/1 GAP_MS=63.179 HASH=fb6d493c52255a63
CYCLE=0 PAIR=352 BUFFER=0 SUBPAGES=0/1 GAP_MS=63.524 HASH=96148e0670c66d8c
CYCLE=0 PAIR=353 BUFFER=1 SUBPAGES=0/1 GAP_MS=64.236 HASH=b2509beb7c0c1d4d
CYCLE=0 PAIR=354 BUFFER=2 SUBPAGES=0/1 GAP_MS=63.534 HASH=b836637efe5ad031
CYCLE=0 PAIR=355 BUFFER=3 SUBPAGES=0/1 GAP_MS=62.848 HASH=32fed61d77d510ae
CYCLE=0 PAIR=356 BUFFER=0 SUBPAGES=0/1 GAP_MS=64.327 HASH=d78de886fa7e6be9
CYCLE=0 PAIR=357 BUFFER=1 SUBPAGES=0/1 GAP_MS=63.303 HASH=e65d5f62703a29b3
CYCLE=0 PAIR=358 BUFFER=2 SUBPAGES=0/1 GAP_MS=63.246 HASH=44c89e8e5efe9e5b
CYCLE=0 PAIR=359 BUFFER=3 SUBPAGES=0/1 GAP_MS=63.580 HASH=7dfa30e1ada7a681
CYCLE=0 PAIR=360 BUFFER=0 SUBPAGES=0/1 GAP_MS=63.698 HASH=8efabd9a92711e32
CYCLE=0 PAIR=361 BUFFER=1 SUBPAGES=0/1 GAP_MS=63.500 HASH=46c14f2c3b65581a
CYCLE=0 PAIR=362 BUFFER=2 SUBPAGES=0/1 GAP_MS=64.066 HASH=5c856a587511aecc
CYCLE=0 PAIR=363 BUFFER=3 SUBPAGES=0/1 GAP_MS=64.402 HASH=111de78f2ba41d72
CYCLE=0 PAIR=364 BUFFER=0 SUBPAGES=0/1 GAP_MS=62.299 HASH=607d53285f06a279
CYCLE=0 PAIR=365 BUFFER=1 SUBPAGES=0/1 GAP_MS=64.206 HASH=8163f2b4a4ee1df8
CYCLE=0 PAIR=366 BUFFER=2 SUBPAGES=0/1 GAP_MS=63.056 HASH=f0afcff0f2b36323
CYCLE=0 PAIR=367 BUFFER=3 SUBPAGES=0/1 GAP_MS=65.018 HASH=ae8329928fbc49a2
CYCLE=0 PAIR=368 BUFFER=0 SUBPAGES=0/1 GAP_MS=66.377 HASH=cfa84dbbd507899b
CYCLE=0 PAIR=369 BUFFER=1 SUBPAGES=0/1 GAP_MS=63.842 HASH=25f75347d329b666
CYCLE=0 PAIR=370 BUFFER=2 SUBPAGES=0/1 GAP_MS=64.658 HASH=ce3ffba359db27a4
CYCLE=0 PAIR=371 BUFFER=3 SUBPAGES=0/1 GAP_MS=63.127 HASH=093313c85b26867e
CYCLE=0 PAIR=372 BUFFER=0 SUBPAGES=0/1 GAP_MS=65.522 HASH=729fbab7f7fe8ac4
CYCLE=0 PAIR=373 BUFFER=1 SUBPAGES=0/1 GAP_MS=63.281 HASH=64da6c95c19168ed
CYCLE=0 PAIR=374 BUFFER=2 SUBPAGES=0/1 GAP_MS=65.127 HASH=0e88d8220e135a96
CYCLE=0 PAIR=375 BUFFER=3 SUBPAGES=0/1 GAP_MS=65.143 HASH=1549b64f33688578
CYCLE=0 PAIR=376 BUFFER=0 SUBPAGES=0/1 GAP_MS=63.706 HASH=588f7cdd6662b648
CYCLE=0 PAIR=377 BUFFER=1 SUBPAGES=0/1 GAP_MS=63.656 HASH=d6c41be08b05756a
CYCLE=0 PAIR=378 BUFFER=2 SUBPAGES=0/1 GAP_MS=63.503 HASH=ade006e586fbe285
CYCLE=0 PAIR=379 BUFFER=3 SUBPAGES=0/1 GAP_MS=62.833 HASH=a385bb4d875cde41
CYCLE=0 PAIR=380 BUFFER=0 SUBPAGES=0/1 GAP_MS=63.860 HASH=3eec53c075223f41
CYCLE=0 PAIR=381 BUFFER=1 SUBPAGES=0/1 GAP_MS=65.598 HASH=3eab29e5918fba46
CYCLE=0 PAIR=382 BUFFER=2 SUBPAGES=0/1 GAP_MS=64.387 HASH=b7bbd69f0d405152
CYCLE=0 PAIR=383 BUFFER=3 SUBPAGES=0/1 GAP_MS=63.883 HASH=4711454900de28f5
CYCLE=0 PAIR=384 BUFFER=0 SUBPAGES=0/1 GAP_MS=63.911 HASH=a82900f9c3624899
CYCLE=0 PAIR=385 BUFFER=1 SUBPAGES=0/1 GAP_MS=64.224 HASH=29b408192551730e
CYCLE=0 PAIR=386 BUFFER=2 SUBPAGES=0/1 GAP_MS=63.468 HASH=a78687a02acf87fe
CYCLE=0 PAIR=387 BUFFER=3 SUBPAGES=0/1 GAP_MS=64.772 HASH=e45af047236c9f5c
CYCLE=0 PAIR=388 BUFFER=0 SUBPAGES=0/1 GAP_MS=62.769 HASH=66484133e7dee405
CYCLE=0 PAIR=389 BUFFER=1 SUBPAGES=0/1 GAP_MS=64.329 HASH=361cdb169626b3d0
CYCLE=0 PAIR=390 BUFFER=2 SUBPAGES=0/1 GAP_MS=64.237 HASH=1e7ecbd30c80fed7
CYCLE=0 PAIR=391 BUFFER=3 SUBPAGES=0/1 GAP_MS=63.297 HASH=a05cbb2130a3f4f8
CYCLE=0 PAIR=392 BUFFER=0 SUBPAGES=0/1 GAP_MS=65.669 HASH=76f88466c0c65bda
CYCLE=0 PAIR=393 BUFFER=1 SUBPAGES=0/1 GAP_MS=63.868 HASH=3b1d3c2cbf0fd737
CYCLE=0 PAIR=394 BUFFER=2 SUBPAGES=0/1 GAP_MS=63.063 HASH=4477859c1dc053ff
CYCLE=0 PAIR=395 BUFFER=3 SUBPAGES=0/1 GAP_MS=64.224 HASH=b9d64c52b832b72f
CYCLE=0 PAIR=396 BUFFER=0 SUBPAGES=0/1 GAP_MS=64.901 HASH=db30d80cc6a07080
CYCLE=0 PAIR=397 BUFFER=1 SUBPAGES=0/1 GAP_MS=64.982 HASH=e7ccfba8154b0df1
CYCLE=0 PAIR=398 BUFFER=2 SUBPAGES=0/1 GAP_MS=63.731 HASH=0b3cc920703bc325
CYCLE=0 PAIR=399 BUFFER=3 SUBPAGES=0/1 GAP_MS=63.725 HASH=9d74d0a49b6bd578
CYCLE=0 PAIR=400 BUFFER=0 SUBPAGES=0/1 GAP_MS=64.719 HASH=2eb041333196d030
CYCLE=0 PAIR=401 BUFFER=1 SUBPAGES=0/1 GAP_MS=64.098 HASH=9619b401b1b79930
CYCLE=0 PAIR=402 BUFFER=2 SUBPAGES=0/1 GAP_MS=63.346 HASH=225abbb2f2761d3c
CYCLE=0 PAIR=403 BUFFER=3 SUBPAGES=0/1 GAP_MS=62.931 HASH=2c3fae56202b73d5
CYCLE=0 PAIR=404 BUFFER=0 SUBPAGES=0/1 GAP_MS=62.708 HASH=21d04049d49e7f54
CYCLE=0 PAIR=405 BUFFER=1 SUBPAGES=0/1 GAP_MS=64.183 HASH=dcfd91c92fa19b9a
CYCLE=0 PAIR=406 BUFFER=2 SUBPAGES=0/1 GAP_MS=63.874 HASH=e8af257082195c8f
CYCLE=0 PAIR=407 BUFFER=3 SUBPAGES=0/1 GAP_MS=63.599 HASH=d386862c415b0636
CYCLE=0 PAIR=408 BUFFER=0 SUBPAGES=0/1 GAP_MS=63.182 HASH=c20ad24b2c154c12
CYCLE=0 PAIR=409 BUFFER=1 SUBPAGES=0/1 GAP_MS=64.271 HASH=b3b9b67cb3455ab8
CYCLE=0 PAIR=410 BUFFER=2 SUBPAGES=0/1 GAP_MS=64.630 HASH=d9daa98634b90cc8
CYCLE=0 PAIR=411 BUFFER=3 SUBPAGES=0/1 GAP_MS=64.022 HASH=caaf62737a2fe0e8
CYCLE=0 PAIR=412 BUFFER=0 SUBPAGES=0/1 GAP_MS=64.562 HASH=e28ef22077a168b6
CYCLE=0 PAIR=413 BUFFER=1 SUBPAGES=0/1 GAP_MS=64.584 HASH=49c748cefa38adfe
CYCLE=0 PAIR=414 BUFFER=2 SUBPAGES=0/1 GAP_MS=63.229 HASH=879f28561677082c
CYCLE=0 PAIR=415 BUFFER=3 SUBPAGES=0/1 GAP_MS=63.396 HASH=fa7241e38a5d7244
CYCLE=0 PAIR=416 BUFFER=0 SUBPAGES=0/1 GAP_MS=63.676 HASH=7a7cd17c3f43e1d0
CYCLE=0 PAIR=417 BUFFER=1 SUBPAGES=0/1 GAP_MS=64.341 HASH=1799eb345bfe47ad
CYCLE=0 PAIR=418 BUFFER=2 SUBPAGES=0/1 GAP_MS=64.706 HASH=559e1bd9b8f23bd3
CYCLE=0 PAIR=419 BUFFER=3 SUBPAGES=0/1 GAP_MS=64.218 HASH=2b16d78d79aa5341
CYCLE=0 PAIR=420 BUFFER=0 SUBPAGES=0/1 GAP_MS=63.295 HASH=1f6201a9c540f776
CYCLE=0 PAIR=421 BUFFER=1 SUBPAGES=0/1 GAP_MS=65.055 HASH=6156b61783933747
CYCLE=0 PAIR=422 BUFFER=2 SUBPAGES=0/1 GAP_MS=63.783 HASH=b04b008d078062e8
CYCLE=0 PAIR=423 BUFFER=3 SUBPAGES=0/1 GAP_MS=62.451 HASH=0ffb1e5e963b0ecb
CYCLE=0 PAIR=424 BUFFER=0 SUBPAGES=0/1 GAP_MS=63.942 HASH=a1d7685a995aa970
CYCLE=0 PAIR=425 BUFFER=1 SUBPAGES=0/1 GAP_MS=63.153 HASH=9ec43479f93fb9b6
CYCLE=0 PAIR=426 BUFFER=2 SUBPAGES=0/1 GAP_MS=62.647 HASH=471510c4e08b2f61
CYCLE=0 PAIR=427 BUFFER=3 SUBPAGES=0/1 GAP_MS=63.166 HASH=87d177ae2cb78798
CYCLE=0 PAIR=428 BUFFER=0 SUBPAGES=0/1 GAP_MS=63.271 HASH=98dee342925c82f5
CYCLE=0 PAIR=429 BUFFER=1 SUBPAGES=0/1 GAP_MS=64.824 HASH=13fcfeacc85e8de6
CYCLE=0 PAIR=430 BUFFER=2 SUBPAGES=0/1 GAP_MS=64.706 HASH=f531a8664ddc8ead
CYCLE=0 PAIR=431 BUFFER=3 SUBPAGES=0/1 GAP_MS=63.811 HASH=1ccabfd18bd103cf
CYCLE=0 PAIR=432 BUFFER=0 SUBPAGES=0/1 GAP_MS=64.622 HASH=23f777d61b9be8a8
CYCLE=0 PAIR=433 BUFFER=1 SUBPAGES=0/1 GAP_MS=63.336 HASH=1befe4222cd2f93d
CYCLE=0 PAIR=434 BUFFER=2 SUBPAGES=0/1 GAP_MS=62.836 HASH=2ebe1881c337a917
CYCLE=0 PAIR=435 BUFFER=3 SUBPAGES=0/1 GAP_MS=63.451 HASH=98d8d360cdc04fb0
CYCLE=0 PAIR=436 BUFFER=0 SUBPAGES=0/1 GAP_MS=62.839 HASH=6fab3a0b59f3c9f1
CYCLE=0 PAIR=437 BUFFER=1 SUBPAGES=0/1 GAP_MS=63.480 HASH=ebd9ebf390e342ed
CYCLE=0 PAIR=438 BUFFER=2 SUBPAGES=0/1 GAP_MS=65.545 HASH=f065c09d4700c2e6
CYCLE=0 PAIR=439 BUFFER=3 SUBPAGES=0/1 GAP_MS=64.253 HASH=7b093397e73f1ae4
CYCLE=0 PAIR=440 BUFFER=0 SUBPAGES=0/1 GAP_MS=64.889 HASH=da892c054a4adf1c
CYCLE=0 PAIR=441 BUFFER=1 SUBPAGES=0/1 GAP_MS=65.221 HASH=cadadcf94f955abe
CYCLE=0 PAIR=442 BUFFER=2 SUBPAGES=0/1 GAP_MS=63.737 HASH=808f76f58c952621
CYCLE=0 PAIR=443 BUFFER=3 SUBPAGES=0/1 GAP_MS=64.241 HASH=e7ed404dcd0f12b5
CYCLE=0 PAIR=444 BUFFER=0 SUBPAGES=0/1 GAP_MS=64.315 HASH=00e284d232584bae
CYCLE=0 PAIR=445 BUFFER=1 SUBPAGES=0/1 GAP_MS=64.536 HASH=f385ce1aae788b21
CYCLE=0 PAIR=446 BUFFER=2 SUBPAGES=0/1 GAP_MS=63.849 HASH=a1f20332a1126bff
CYCLE=0 PAIR=447 BUFFER=3 SUBPAGES=0/1 GAP_MS=62.411 HASH=75abe49b1674e4fc
CYCLE=0 PAIR=448 BUFFER=0 SUBPAGES=0/1 GAP_MS=62.982 HASH=8b12f858e11d4a84
CYCLE=0 PAIR=449 BUFFER=1 SUBPAGES=0/1 GAP_MS=62.705 HASH=afb82c30f38bedcd
CYCLE=0 PAIR=450 BUFFER=2 SUBPAGES=0/1 GAP_MS=63.389 HASH=f87cc0bd3d65c412
CYCLE=0 PAIR=451 BUFFER=3 SUBPAGES=0/1 GAP_MS=64.198 HASH=e7c30d2f03c9cb23
CYCLE=0 PAIR=452 BUFFER=0 SUBPAGES=0/1 GAP_MS=63.117 HASH=2b0086a1e9f1a272
CYCLE=0 PAIR=453 BUFFER=1 SUBPAGES=0/1 GAP_MS=63.596 HASH=c6b63645b506c99d
CYCLE=0 PAIR=454 BUFFER=2 SUBPAGES=0/1 GAP_MS=63.298 HASH=dfabab8c2157f7e3
CYCLE=0 PAIR=455 BUFFER=3 SUBPAGES=0/1 GAP_MS=65.321 HASH=e279a04a14d3679c
CYCLE=0 PAIR=456 BUFFER=0 SUBPAGES=0/1 GAP_MS=64.058 HASH=784110b8a337c849
CYCLE=0 PAIR=457 BUFFER=1 SUBPAGES=0/1 GAP_MS=63.362 HASH=2949bccfe60278f2
CYCLE=0 PAIR=458 BUFFER=2 SUBPAGES=0/1 GAP_MS=64.014 HASH=e45fba3076d58be5
CYCLE=0 PAIR=459 BUFFER=3 SUBPAGES=0/1 GAP_MS=62.496 HASH=5ce4f01c0fd335f3
CYCLE=0 PAIR=460 BUFFER=0 SUBPAGES=0/1 GAP_MS=64.344 HASH=c93a531b8a6cccf1
CYCLE=0 PAIR=461 BUFFER=1 SUBPAGES=0/1 GAP_MS=62.993 HASH=c8752fa1f9b0b694
CYCLE=0 PAIR=462 BUFFER=2 SUBPAGES=0/1 GAP_MS=64.509 HASH=e8a62db327cd0cdd
CYCLE=0 PAIR=463 BUFFER=3 SUBPAGES=0/1 GAP_MS=64.495 HASH=425237c3b85af743
CYCLE=0 PAIR=464 BUFFER=0 SUBPAGES=0/1 GAP_MS=63.852 HASH=ee9b808f92e74118
CYCLE=0 PAIR=465 BUFFER=1 SUBPAGES=0/1 GAP_MS=64.820 HASH=3cf36add73f5d0b5
CYCLE=0 PAIR=466 BUFFER=2 SUBPAGES=0/1 GAP_MS=64.932 HASH=c3c1d63e7b5b17e2
CYCLE=0 PAIR=467 BUFFER=3 SUBPAGES=0/1 GAP_MS=63.006 HASH=fd4061b8625add42
CYCLE=0 PAIR=468 BUFFER=0 SUBPAGES=0/1 GAP_MS=62.826 HASH=868c54e247b88987
CYCLE=0 PAIR=469 BUFFER=1 SUBPAGES=0/1 GAP_MS=64.039 HASH=49a6fd3ca056a05e
CYCLE=0 PAIR=470 BUFFER=2 SUBPAGES=0/1 GAP_MS=63.889 HASH=2ff16232035de52e
CYCLE=0 PAIR=471 BUFFER=3 SUBPAGES=0/1 GAP_MS=63.148 HASH=abd5fd1159fef6aa
CYCLE=0 PAIR=472 BUFFER=0 SUBPAGES=0/1 GAP_MS=65.117 HASH=c3246df452415a16
CYCLE=0 PAIR=473 BUFFER=1 SUBPAGES=0/1 GAP_MS=63.595 HASH=f9ab48b9f4bd6175
CYCLE=0 PAIR=474 BUFFER=2 SUBPAGES=0/1 GAP_MS=63.359 HASH=dc98b8ad6a4a53a6
CYCLE=0 PAIR=475 BUFFER=3 SUBPAGES=0/1 GAP_MS=64.549 HASH=a7e615f95cd06ba7
CYCLE=0 PAIR=476 BUFFER=0 SUBPAGES=0/1 GAP_MS=64.217 HASH=b601c9bbebf7a381
CYCLE=0 PAIR=477 BUFFER=1 SUBPAGES=0/1 GAP_MS=63.996 HASH=762ffa21feb7d1bb
CYCLE=0 PAIR=478 BUFFER=2 SUBPAGES=0/1 GAP_MS=63.937 HASH=0c13e782186ab292
CYCLE=0 PAIR=479 BUFFER=3 SUBPAGES=0/1 GAP_MS=63.106 HASH=d7c10c5da0c1b66e
CYCLE=0 PAIR=480 BUFFER=0 SUBPAGES=0/1 GAP_MS=64.847 HASH=89711acee062db4b
CYCLE=0 PAIR=481 BUFFER=1 SUBPAGES=0/1 GAP_MS=63.556 HASH=c9c033f27c1e418f
CYCLE=0 PAIR=482 BUFFER=2 SUBPAGES=0/1 GAP_MS=63.174 HASH=f602a00949d94c53
CYCLE=0 PAIR=483 BUFFER=3 SUBPAGES=0/1 GAP_MS=63.785 HASH=a9664ca13c464e86
CYCLE=0 PAIR=484 BUFFER=0 SUBPAGES=0/1 GAP_MS=63.578 HASH=ed84333804f0cf65
CYCLE=0 PAIR=485 BUFFER=1 SUBPAGES=0/1 GAP_MS=62.603 HASH=547e1a5e563d5518
CYCLE=0 PAIR=486 BUFFER=2 SUBPAGES=0/1 GAP_MS=64.038 HASH=c60db0e6a4fc7d76
CYCLE=0 PAIR=487 BUFFER=3 SUBPAGES=0/1 GAP_MS=64.023 HASH=ae95cef086f64622
CYCLE=0 PAIR=488 BUFFER=0 SUBPAGES=0/1 GAP_MS=65.008 HASH=e9738b6be81277e9
CYCLE=0 PAIR=489 BUFFER=1 SUBPAGES=0/1 GAP_MS=65.050 HASH=13552dba43dca806
CYCLE=0 PAIR=490 BUFFER=2 SUBPAGES=0/1 GAP_MS=64.425 HASH=3af6f38294453012
CYCLE=0 PAIR=491 BUFFER=3 SUBPAGES=0/1 GAP_MS=63.282 HASH=9ba9f889ea41bf1a
CYCLE=0 PAIR=492 BUFFER=0 SUBPAGES=0/1 GAP_MS=64.225 HASH=1384332d35336aeb
CYCLE=0 PAIR=493 BUFFER=1 SUBPAGES=0/1 GAP_MS=64.438 HASH=a81829e4e0c90657
CYCLE=0 PAIR=494 BUFFER=2 SUBPAGES=0/1 GAP_MS=64.579 HASH=ec0d413e2a52a667
CYCLE=0 PAIR=495 BUFFER=3 SUBPAGES=0/1 GAP_MS=63.225 HASH=22e9de0710ed81e8
CYCLE=0 PAIR=496 BUFFER=0 SUBPAGES=0/1 GAP_MS=64.496 HASH=9320f556d5642d5d
CYCLE=0 PAIR=497 BUFFER=1 SUBPAGES=0/1 GAP_MS=63.190 HASH=0bca005e4c3eed82
CYCLE=0 PAIR=498 BUFFER=2 SUBPAGES=0/1 GAP_MS=64.932 HASH=f75b2bece98076bd
CYCLE=0 PAIR=499 BUFFER=3 SUBPAGES=0/1 GAP_MS=63.585 HASH=fe60413fe8548bd3
CYCLE=0 PAIR=500 BUFFER=0 SUBPAGES=0/1 GAP_MS=64.115 HASH=7bdf12bec93f4fc7
CYCLE=0 PAIR=501 BUFFER=1 SUBPAGES=0/1 GAP_MS=64.190 HASH=10b1dfa0963b8b7a
CYCLE=0 PAIR=502 BUFFER=2 SUBPAGES=0/1 GAP_MS=62.151 HASH=bcb2d22958ae53b3
CYCLE=0 PAIR=503 BUFFER=3 SUBPAGES=0/1 GAP_MS=65.461 HASH=83b8fccd863c3ceb
CYCLE=0 PAIR=504 BUFFER=0 SUBPAGES=0/1 GAP_MS=62.345 HASH=41b2fceb96566c15
CYCLE=0 PAIR=505 BUFFER=1 SUBPAGES=0/1 GAP_MS=64.646 HASH=349a5e96b52deb78
CYCLE=0 PAIR=506 BUFFER=2 SUBPAGES=0/1 GAP_MS=65.342 HASH=5377e030238ee796
CYCLE=0 PAIR=507 BUFFER=3 SUBPAGES=0/1 GAP_MS=64.676 HASH=bb5aae74b98522cc
CYCLE=0 PAIR=508 BUFFER=0 SUBPAGES=0/1 GAP_MS=64.686 HASH=af29221247ae63d4
CYCLE=0 PAIR=509 BUFFER=1 SUBPAGES=0/1 GAP_MS=65.434 HASH=03cedae4636faff9
CYCLE=0 PAIR=510 BUFFER=2 SUBPAGES=0/1 GAP_MS=64.583 HASH=832330322edfbdb3
CYCLE=0 PAIR=511 BUFFER=3 SUBPAGES=0/1 GAP_MS=64.866 HASH=ac462c2883d58069
CYCLE=0 PAIR=512 BUFFER=0 SUBPAGES=0/1 GAP_MS=63.341 HASH=71ff4c9573fefd0f
CYCLE=0 PAIR=513 BUFFER=1 SUBPAGES=0/1 GAP_MS=62.880 HASH=a5482779998ce427
CYCLE=0 PAIR=514 BUFFER=2 SUBPAGES=0/1 GAP_MS=62.963 HASH=e09d78b29c87b82f
CYCLE=0 PAIR=515 BUFFER=3 SUBPAGES=0/1 GAP_MS=64.135 HASH=e7e7a93bf8798af9
CYCLE=0 PAIR=516 BUFFER=0 SUBPAGES=0/1 GAP_MS=63.671 HASH=0bbc75da7db9bb06
CYCLE=0 PAIR=517 BUFFER=1 SUBPAGES=0/1 GAP_MS=64.469 HASH=db9a5e85047e4451
CYCLE=0 PAIR=518 BUFFER=2 SUBPAGES=0/1 GAP_MS=65.115 HASH=5ad4fbf20bf0f004
CYCLE=0 PAIR=519 BUFFER=3 SUBPAGES=0/1 GAP_MS=62.165 HASH=0404d4a9163afccf
CYCLE=0 PAIR=520 BUFFER=0 SUBPAGES=0/1 GAP_MS=63.560 HASH=61d803b1e85f653f
CYCLE=0 PAIR=521 BUFFER=1 SUBPAGES=0/1 GAP_MS=63.408 HASH=09d0ad92daaf6a69
CYCLE=0 PAIR=522 BUFFER=2 SUBPAGES=0/1 GAP_MS=64.808 HASH=659ec03d16b060d0
CYCLE=0 PAIR=523 BUFFER=3 SUBPAGES=0/1 GAP_MS=63.890 HASH=5a6b3e53632b5557
CYCLE=0 PAIR=524 BUFFER=0 SUBPAGES=0/1 GAP_MS=64.071 HASH=818e430e96d99be9
CYCLE=0 PAIR=525 BUFFER=1 SUBPAGES=0/1 GAP_MS=63.682 HASH=8c00d18d60fb2202
CYCLE=0 PAIR=526 BUFFER=2 SUBPAGES=0/1 GAP_MS=63.957 HASH=3328dc16cc2371e6
CYCLE=0 PAIR=527 BUFFER=3 SUBPAGES=0/1 GAP_MS=63.566 HASH=c588c254e491bda1
CYCLE=0 PAIR=528 BUFFER=0 SUBPAGES=0/1 GAP_MS=64.905 HASH=0d12dae3c874a50d
CYCLE=0 PAIR=529 BUFFER=1 SUBPAGES=0/1 GAP_MS=63.745 HASH=848892644d59b8dd
CYCLE=0 PAIR=530 BUFFER=2 SUBPAGES=0/1 GAP_MS=62.831 HASH=f9689c7eb1bd106a
CYCLE=0 PAIR=531 BUFFER=3 SUBPAGES=0/1 GAP_MS=63.322 HASH=b03dda7db761a16e
CYCLE=0 PAIR=532 BUFFER=0 SUBPAGES=0/1 GAP_MS=64.092 HASH=83b388371bef7a2e
CYCLE=0 PAIR=533 BUFFER=1 SUBPAGES=0/1 GAP_MS=63.998 HASH=2226f48cccf35b91
CYCLE=0 PAIR=534 BUFFER=2 SUBPAGES=0/1 GAP_MS=65.482 HASH=5fcd568d10d01fdb
CYCLE=0 PAIR=535 BUFFER=3 SUBPAGES=0/1 GAP_MS=64.833 HASH=27d2883de0eb1195
CYCLE=0 PAIR=536 BUFFER=0 SUBPAGES=0/1 GAP_MS=64.495 HASH=1fd091f2d0642fe5
CYCLE=0 PAIR=537 BUFFER=1 SUBPAGES=0/1 GAP_MS=63.080 HASH=5e51305e476c3caa
CYCLE=0 PAIR=538 BUFFER=2 SUBPAGES=0/1 GAP_MS=65.167 HASH=9e7724a2b729082f
CYCLE=0 PAIR=539 BUFFER=3 SUBPAGES=0/1 GAP_MS=64.340 HASH=c94519bf6a8dc193
CYCLE=0 PAIR=540 BUFFER=0 SUBPAGES=0/1 GAP_MS=63.578 HASH=bf5850ad913052e9
CYCLE=0 PAIR=541 BUFFER=1 SUBPAGES=0/1 GAP_MS=62.886 HASH=65ac211c46db76b2
CYCLE=0 PAIR=542 BUFFER=2 SUBPAGES=0/1 GAP_MS=63.532 HASH=79dadb00b101df69
CYCLE=0 PAIR=543 BUFFER=3 SUBPAGES=0/1 GAP_MS=64.046 HASH=e9c7aac771b9fa54
CYCLE=0 PAIR=544 BUFFER=0 SUBPAGES=0/1 GAP_MS=64.052 HASH=9286b3cc5acd88f2
CYCLE=0 PAIR=545 BUFFER=1 SUBPAGES=0/1 GAP_MS=63.457 HASH=87621f269d938537
CYCLE=0 PAIR=546 BUFFER=2 SUBPAGES=0/1 GAP_MS=63.760 HASH=5ffa0babf03a6a15
CYCLE=0 PAIR=547 BUFFER=3 SUBPAGES=0/1 GAP_MS=65.153 HASH=7a10b15aa51ecf7b
CYCLE=0 PAIR=548 BUFFER=0 SUBPAGES=0/1 GAP_MS=65.028 HASH=88abde0ad2a0ba82
CYCLE=0 PAIR=549 BUFFER=1 SUBPAGES=0/1 GAP_MS=64.364 HASH=1d2000895926d38b
CYCLE=0 PAIR=550 BUFFER=2 SUBPAGES=0/1 GAP_MS=64.145 HASH=0647bed9400a4f58
CYCLE=0 PAIR=551 BUFFER=3 SUBPAGES=0/1 GAP_MS=62.711 HASH=fadbb2b988894bf0
CYCLE=0 PAIR=552 BUFFER=0 SUBPAGES=0/1 GAP_MS=63.931 HASH=f35f16e6f8041698
CYCLE=0 PAIR=553 BUFFER=1 SUBPAGES=0/1 GAP_MS=64.148 HASH=53f9b920fdf5d88b
CYCLE=0 PAIR=554 BUFFER=2 SUBPAGES=0/1 GAP_MS=63.926 HASH=00e2632b6d34c351
CYCLE=0 PAIR=555 BUFFER=3 SUBPAGES=0/1 GAP_MS=63.026 HASH=6b77a21f331e2826
CYCLE=0 PAIR=556 BUFFER=0 SUBPAGES=0/1 GAP_MS=64.162 HASH=1871a677adadce8a
CYCLE=0 PAIR=557 BUFFER=1 SUBPAGES=0/1 GAP_MS=63.420 HASH=ebc72ab60f0cd540
CYCLE=0 PAIR=558 BUFFER=2 SUBPAGES=0/1 GAP_MS=65.227 HASH=8855d1b37a3a750f
CYCLE=0 PAIR=559 BUFFER=3 SUBPAGES=0/1 GAP_MS=63.365 HASH=d316d6e83cce647b
CYCLE=0 PAIR=560 BUFFER=0 SUBPAGES=0/1 GAP_MS=63.433 HASH=78eb1a859918042a
CYCLE=0 PAIR=561 BUFFER=1 SUBPAGES=0/1 GAP_MS=63.401 HASH=de4552532a2763f9
CYCLE=0 PAIR=562 BUFFER=2 SUBPAGES=0/1 GAP_MS=63.713 HASH=3fa9dbdf140ca13b
CYCLE=0 PAIR=563 BUFFER=3 SUBPAGES=0/1 GAP_MS=62.704 HASH=b190509f49a7efe3
CYCLE=0 PAIR=564 BUFFER=0 SUBPAGES=0/1 GAP_MS=63.765 HASH=69a43fb82ed1a0c3
CYCLE=0 PAIR=565 BUFFER=1 SUBPAGES=0/1 GAP_MS=62.976 HASH=4a4202d1d0a2e43f
CYCLE=0 PAIR=566 BUFFER=2 SUBPAGES=0/1 GAP_MS=64.691 HASH=64ace2e5b7284bb1
CYCLE=0 PAIR=567 BUFFER=3 SUBPAGES=0/1 GAP_MS=63.927 HASH=81725dfc3e7dcccc
CYCLE=0 PAIR=568 BUFFER=0 SUBPAGES=0/1 GAP_MS=62.832 HASH=d6176568d336369e
CYCLE=0 PAIR=569 BUFFER=1 SUBPAGES=0/1 GAP_MS=63.783 HASH=f169e7055479da7f
CYCLE=0 PAIR=570 BUFFER=2 SUBPAGES=0/1 GAP_MS=62.542 HASH=2fd04b299598eab2
CYCLE=0 PAIR=571 BUFFER=3 SUBPAGES=0/1 GAP_MS=63.101 HASH=a78cbbdeacc0ea91
CYCLE=0 PAIR=572 BUFFER=0 SUBPAGES=0/1 GAP_MS=64.440 HASH=d02a7fd5ca77eb4d
CYCLE=0 PAIR=573 BUFFER=1 SUBPAGES=0/1 GAP_MS=64.717 HASH=39cb816975395fe7
CYCLE=0 PAIR=574 BUFFER=2 SUBPAGES=0/1 GAP_MS=63.842 HASH=297162d47840a166
CYCLE=0 PAIR=575 BUFFER=3 SUBPAGES=0/1 GAP_MS=65.228 HASH=7df3f3e825e6dd4e
CYCLE=0 PAIR=576 BUFFER=0 SUBPAGES=0/1 GAP_MS=64.261 HASH=9d3802ff30e0a35d
CYCLE=0 PAIR=577 BUFFER=1 SUBPAGES=0/1 GAP_MS=64.448 HASH=bc8bb0f7b51b4a3e
CYCLE=0 PAIR=578 BUFFER=2 SUBPAGES=0/1 GAP_MS=64.564 HASH=19ebd25b65f4600e
CYCLE=0 PAIR=579 BUFFER=3 SUBPAGES=0/1 GAP_MS=62.663 HASH=232e8ea2b127ecc2
CYCLE=0 PAIR=580 BUFFER=0 SUBPAGES=0/1 GAP_MS=64.389 HASH=ca7ee5ddfebac012
CYCLE=0 PAIR=581 BUFFER=1 SUBPAGES=0/1 GAP_MS=64.139 HASH=a9b1a579f87621fc
CYCLE=0 PAIR=582 BUFFER=2 SUBPAGES=0/1 GAP_MS=63.771 HASH=ebd1479472101ead
CYCLE=0 PAIR=583 BUFFER=3 SUBPAGES=0/1 GAP_MS=63.101 HASH=c65876e05203da3e
CYCLE=0 PAIR=584 BUFFER=0 SUBPAGES=0/1 GAP_MS=63.389 HASH=2135821b351b5dc6
CYCLE=0 PAIR=585 BUFFER=1 SUBPAGES=0/1 GAP_MS=62.970 HASH=b145dc15e48fafdf
CYCLE=0 PAIR=586 BUFFER=2 SUBPAGES=0/1 GAP_MS=63.307 HASH=3e4c7bece36cb1b3
CYCLE=0 PAIR=587 BUFFER=3 SUBPAGES=0/1 GAP_MS=63.312 HASH=83d859bdeb9732bf
CYCLE=0 PAIR=588 BUFFER=0 SUBPAGES=0/1 GAP_MS=63.931 HASH=63eb5eb41638d947
CYCLE=0 PAIR=589 BUFFER=1 SUBPAGES=0/1 GAP_MS=62.906 HASH=af5397996156a385
CYCLE=0 PAIR=590 BUFFER=2 SUBPAGES=0/1 GAP_MS=63.481 HASH=0d8aec968b3b743d
CYCLE=0 PAIR=591 BUFFER=3 SUBPAGES=0/1 GAP_MS=64.607 HASH=3ba377b536c753b4
CYCLE=0 PAIR=592 BUFFER=0 SUBPAGES=0/1 GAP_MS=64.548 HASH=e7707143ab1df158
CYCLE=0 PAIR=593 BUFFER=1 SUBPAGES=0/1 GAP_MS=63.994 HASH=4daf64084f4d29ad
CYCLE=0 PAIR=594 BUFFER=2 SUBPAGES=0/1 GAP_MS=63.595 HASH=98ca8b48ca2e84fd
CYCLE=0 PAIR=595 BUFFER=3 SUBPAGES=0/1 GAP_MS=64.199 HASH=231bd5e116354eba
CYCLE=0 PAIR=596 BUFFER=0 SUBPAGES=0/1 GAP_MS=62.959 HASH=d5c5f8cfa45abecc
CYCLE=0 PAIR=597 BUFFER=1 SUBPAGES=0/1 GAP_MS=63.616 HASH=7dc1af688ce35a84
CYCLE=0 PAIR=598 BUFFER=2 SUBPAGES=0/1 GAP_MS=63.117 HASH=5d7a40aa65dd760e
CYCLE=0 PAIR=599 BUFFER=3 SUBPAGES=0/1 GAP_MS=63.250 HASH=801d8395f364474f
CYCLE=0 PAIR=600 BUFFER=0 SUBPAGES=0/1 GAP_MS=63.318 HASH=423374ba0f8352e8
CYCLE=0 PAIR=601 BUFFER=1 SUBPAGES=0/1 GAP_MS=64.332 HASH=b8554df8fcd1568c
CYCLE=0 PAIR=602 BUFFER=2 SUBPAGES=0/1 GAP_MS=63.262 HASH=ac0c958108c9068d
CYCLE=0 PAIR=603 BUFFER=3 SUBPAGES=0/1 GAP_MS=63.012 HASH=a88e349fc67185c2
CYCLE=0 PAIR=604 BUFFER=0 SUBPAGES=0/1 GAP_MS=61.758 HASH=1feb91217ee22b64
CYCLE=0 PAIR=605 BUFFER=1 SUBPAGES=0/1 GAP_MS=64.008 HASH=7d8a153bd4498430
CYCLE=0 PAIR=606 BUFFER=2 SUBPAGES=0/1 GAP_MS=64.919 HASH=60a13f60fa0486c3
CYCLE=0 PAIR=607 BUFFER=3 SUBPAGES=0/1 GAP_MS=64.469 HASH=3a09bf7a4b78609d
CYCLE=0 PAIR=608 BUFFER=0 SUBPAGES=0/1 GAP_MS=64.757 HASH=7ed500d35b5a8d21
CYCLE=0 PAIR=609 BUFFER=1 SUBPAGES=0/1 GAP_MS=62.580 HASH=ead230bac0dbc63d
CYCLE=0 PAIR=610 BUFFER=2 SUBPAGES=0/1 GAP_MS=62.178 HASH=b645f9422c02b08b
CYCLE=0 PAIR=611 BUFFER=3 SUBPAGES=0/1 GAP_MS=64.922 HASH=2e7dcbbb00f44af4
CYCLE=0 PAIR=612 BUFFER=0 SUBPAGES=0/1 GAP_MS=62.829 HASH=e2f214ede37cf486
CYCLE=0 PAIR=613 BUFFER=1 SUBPAGES=0/1 GAP_MS=63.915 HASH=f7bf86ea47ef891e
CYCLE=0 PAIR=614 BUFFER=2 SUBPAGES=0/1 GAP_MS=63.639 HASH=9cc2c4d8581cb81e
CYCLE=0 PAIR=615 BUFFER=3 SUBPAGES=0/1 GAP_MS=63.802 HASH=00d211bbfb7b857d
CYCLE=0 PAIR=616 BUFFER=0 SUBPAGES=0/1 GAP_MS=64.602 HASH=b4cfd0b536b221a1
CYCLE=0 PAIR=617 BUFFER=1 SUBPAGES=0/1 GAP_MS=62.715 HASH=c895222b8856efe7
CYCLE=0 PAIR=618 BUFFER=2 SUBPAGES=0/1 GAP_MS=64.323 HASH=088f79c5bf951375
CYCLE=0 PAIR=619 BUFFER=3 SUBPAGES=0/1 GAP_MS=62.418 HASH=0525708119faefe1
CYCLE=0 PAIR=620 BUFFER=0 SUBPAGES=0/1 GAP_MS=63.657 HASH=da1be91464596381
CYCLE=0 PAIR=621 BUFFER=1 SUBPAGES=0/1 GAP_MS=64.425 HASH=845011a6fb5d6c0e
CYCLE=0 PAIR=622 BUFFER=2 SUBPAGES=0/1 GAP_MS=63.815 HASH=a838390fec49ccf8
CYCLE=0 PAIR=623 BUFFER=3 SUBPAGES=0/1 GAP_MS=64.429 HASH=0bc016cc8a0ea01d
CYCLE=0 PAIR=624 BUFFER=0 SUBPAGES=0/1 GAP_MS=64.166 HASH=ea9380eab1f1c941
CYCLE=0 PAIR=625 BUFFER=1 SUBPAGES=0/1 GAP_MS=63.223 HASH=92e7e939785210a3
CYCLE=0 PAIR=626 BUFFER=2 SUBPAGES=0/1 GAP_MS=64.677 HASH=298035934567d65b
CYCLE=0 PAIR=627 BUFFER=3 SUBPAGES=0/1 GAP_MS=63.748 HASH=84da72be4a0c42f7
CYCLE=0 PAIR=628 BUFFER=0 SUBPAGES=0/1 GAP_MS=63.547 HASH=014e624d51394143
CYCLE=0 PAIR=629 BUFFER=1 SUBPAGES=0/1 GAP_MS=62.874 HASH=28716e8f1ad1707a
CYCLE=0 PAIR=630 BUFFER=2 SUBPAGES=0/1 GAP_MS=64.750 HASH=505a470693f3deef
CYCLE=0 PAIR=631 BUFFER=3 SUBPAGES=0/1 GAP_MS=64.583 HASH=e42d84307cf70995
CYCLE=0 PAIR=632 BUFFER=0 SUBPAGES=0/1 GAP_MS=64.469 HASH=c805cc64d706af75
CYCLE=0 PAIR=633 BUFFER=1 SUBPAGES=0/1 GAP_MS=63.503 HASH=7a39f81a95220e77
CYCLE=0 PAIR=634 BUFFER=2 SUBPAGES=0/1 GAP_MS=64.473 HASH=4012d3942523c884
CYCLE=0 PAIR=635 BUFFER=3 SUBPAGES=0/1 GAP_MS=64.416 HASH=50bd51bacf25d29a
CYCLE=0 PAIR=636 BUFFER=0 SUBPAGES=0/1 GAP_MS=64.160 HASH=65b6c75cd53ef1c0
CYCLE=0 PAIR=637 BUFFER=1 SUBPAGES=0/1 GAP_MS=64.180 HASH=4f7d41aaafa4d058
CYCLE=0 PAIR=638 BUFFER=2 SUBPAGES=0/1 GAP_MS=64.215 HASH=4f083c83e7634e18
CYCLE=0 PAIR=639 BUFFER=3 SUBPAGES=0/1 GAP_MS=64.484 HASH=a3683f525cccd638
CYCLE=0 PAIR=640 BUFFER=0 SUBPAGES=0/1 GAP_MS=64.445 HASH=4a2fccb911a37b76
CYCLE=0 PAIR=641 BUFFER=1 SUBPAGES=0/1 GAP_MS=64.128 HASH=b4038d56b630be16
CYCLE=0 PAIR=642 BUFFER=2 SUBPAGES=0/1 GAP_MS=65.031 HASH=63cbeb17c9a02338
CYCLE=0 PAIR=643 BUFFER=3 SUBPAGES=0/1 GAP_MS=62.578 HASH=6df14c89f2563dc2
CYCLE=0 PAIR=644 BUFFER=0 SUBPAGES=0/1 GAP_MS=64.701 HASH=e63a765c48818bd4
CYCLE=0 PAIR=645 BUFFER=1 SUBPAGES=0/1 GAP_MS=63.102 HASH=dd34fa2fa0fdea64
CYCLE=0 PAIR=646 BUFFER=2 SUBPAGES=0/1 GAP_MS=64.079 HASH=3c9f3ee2b52c71c7
CYCLE=0 PAIR=647 BUFFER=3 SUBPAGES=0/1 GAP_MS=63.448 HASH=873fcc172b866796
CYCLE=0 PAIR=648 BUFFER=0 SUBPAGES=0/1 GAP_MS=64.195 HASH=7285b979b584dde8
CYCLE=0 PAIR=649 BUFFER=1 SUBPAGES=0/1 GAP_MS=64.034 HASH=96679b9f79e6d19a
CYCLE=0 PAIR=650 BUFFER=2 SUBPAGES=0/1 GAP_MS=64.016 HASH=0aecdcaebb0131bb
CYCLE=0 PAIR=651 BUFFER=3 SUBPAGES=0/1 GAP_MS=62.383 HASH=1723aef9b4d64dfc
CYCLE=0 PAIR=652 BUFFER=0 SUBPAGES=0/1 GAP_MS=63.598 HASH=a02f67509eeaf2b4
CYCLE=0 PAIR=653 BUFFER=1 SUBPAGES=0/1 GAP_MS=63.181 HASH=b095658872726df3
CYCLE=0 PAIR=654 BUFFER=2 SUBPAGES=0/1 GAP_MS=65.135 HASH=c18d4fd610d24652
CYCLE=0 PAIR=655 BUFFER=3 SUBPAGES=0/1 GAP_MS=63.011 HASH=dcbb7475f55b4445
CYCLE=0 PAIR=656 BUFFER=0 SUBPAGES=0/1 GAP_MS=62.589 HASH=04f783368c95d7db
CYCLE=0 PAIR=657 BUFFER=1 SUBPAGES=0/1 GAP_MS=64.631 HASH=f0592169a6e944a7
CYCLE=0 PAIR=658 BUFFER=2 SUBPAGES=0/1 GAP_MS=64.303 HASH=7ad01b0d69ba03c8
CYCLE=0 PAIR=659 BUFFER=3 SUBPAGES=0/1 GAP_MS=63.036 HASH=8d9792e5f8957c7b
CYCLE=0 PAIR=660 BUFFER=0 SUBPAGES=0/1 GAP_MS=65.997 HASH=12ab246da0a1856d
CYCLE=0 PAIR=661 BUFFER=1 SUBPAGES=0/1 GAP_MS=65.046 HASH=65cc55318d46281e
CYCLE=0 PAIR=662 BUFFER=2 SUBPAGES=0/1 GAP_MS=64.258 HASH=73a87260836bd171
CYCLE=0 PAIR=663 BUFFER=3 SUBPAGES=0/1 GAP_MS=64.514 HASH=2a52da0e42cd72ec
CYCLE=0 PAIR=664 BUFFER=0 SUBPAGES=0/1 GAP_MS=63.760 HASH=ba37f4a7fee86190
CYCLE=0 PAIR=665 BUFFER=1 SUBPAGES=0/1 GAP_MS=64.477 HASH=8bf63d828920fd77
CYCLE=0 PAIR=666 BUFFER=2 SUBPAGES=0/1 GAP_MS=64.455 HASH=be66dbd6bb9af533
CYCLE=0 PAIR=667 BUFFER=3 SUBPAGES=0/1 GAP_MS=64.101 HASH=0bde9a0faeaeb381
CYCLE=0 PAIR=668 BUFFER=0 SUBPAGES=0/1 GAP_MS=66.094 HASH=a5a3a933628df442
CYCLE=0 PAIR=669 BUFFER=1 SUBPAGES=0/1 GAP_MS=65.178 HASH=ed4e10ef6b28c365
CYCLE=0 PAIR=670 BUFFER=2 SUBPAGES=0/1 GAP_MS=64.391 HASH=189319965418aaa9
CYCLE=0 PAIR=671 BUFFER=3 SUBPAGES=0/1 GAP_MS=66.300 HASH=46e5a60c90684462
CYCLE=0 PAIR=672 BUFFER=0 SUBPAGES=0/1 GAP_MS=64.859 HASH=7a17b4bbfdd8fd8f
CYCLE=0 PAIR=673 BUFFER=1 SUBPAGES=0/1 GAP_MS=63.026 HASH=d6f8e61372ed8fca
CYCLE=0 PAIR=674 BUFFER=2 SUBPAGES=0/1 GAP_MS=64.367 HASH=65e954456cabc9e9
CYCLE=0 PAIR=675 BUFFER=3 SUBPAGES=0/1 GAP_MS=64.069 HASH=89fe11c1ec63b71e
CYCLE=0 PAIR=676 BUFFER=0 SUBPAGES=0/1 GAP_MS=63.861 HASH=83c269fd1b6aa03d
CYCLE=0 PAIR=677 BUFFER=1 SUBPAGES=0/1 GAP_MS=63.483 HASH=4885b073ff2d9b03
CYCLE=0 PAIR=678 BUFFER=2 SUBPAGES=0/1 GAP_MS=63.870 HASH=b9d50ffab1f985eb
CYCLE=0 PAIR=679 BUFFER=3 SUBPAGES=0/1 GAP_MS=63.786 HASH=6ac19c5cd2566aa0
CYCLE=0 PAIR=680 BUFFER=0 SUBPAGES=0/1 GAP_MS=62.797 HASH=8d7d036300ec6013
CYCLE=0 PAIR=681 BUFFER=1 SUBPAGES=0/1 GAP_MS=65.502 HASH=1cf7ecbd659b5da7
CYCLE=0 PAIR=682 BUFFER=2 SUBPAGES=0/1 GAP_MS=63.742 HASH=a787faaad315c1d6
CYCLE=0 PAIR=683 BUFFER=3 SUBPAGES=0/1 GAP_MS=64.052 HASH=a6dc2aad44971b5a
CYCLE=0 PAIR=684 BUFFER=0 SUBPAGES=0/1 GAP_MS=64.635 HASH=0dd7aea4d4a6c2a6
CYCLE=0 PAIR=685 BUFFER=1 SUBPAGES=0/1 GAP_MS=63.740 HASH=1fd1f02e0de3f4b6
CYCLE=0 PAIR=686 BUFFER=2 SUBPAGES=0/1 GAP_MS=63.951 HASH=452c0965aeaab7c1
CYCLE=0 PAIR=687 BUFFER=3 SUBPAGES=0/1 GAP_MS=64.382 HASH=a221212f2563defb
CYCLE=0 PAIR=688 BUFFER=0 SUBPAGES=0/1 GAP_MS=63.666 HASH=0859be2ac5cc7dad
CYCLE=0 PAIR=689 BUFFER=1 SUBPAGES=0/1 GAP_MS=62.581 HASH=77ff9507896639cb
CYCLE=0 PAIR=690 BUFFER=2 SUBPAGES=0/1 GAP_MS=63.124 HASH=c0e3c14c0220688d
CYCLE=0 PAIR=691 BUFFER=3 SUBPAGES=0/1 GAP_MS=63.443 HASH=971703e014b46ed7
CYCLE=0 PAIR=692 BUFFER=0 SUBPAGES=0/1 GAP_MS=63.599 HASH=f03a13659771dc84
CYCLE=0 PAIR=693 BUFFER=1 SUBPAGES=0/1 GAP_MS=64.652 HASH=c7b68fb2c4da9590
CYCLE=0 PAIR=694 BUFFER=2 SUBPAGES=0/1 GAP_MS=64.363 HASH=445c5fc1a4ce218c
CYCLE=0 PAIR=695 BUFFER=3 SUBPAGES=0/1 GAP_MS=64.247 HASH=f4319bffaec842fe
CYCLE=0 PAIR=696 BUFFER=0 SUBPAGES=0/1 GAP_MS=63.927 HASH=5230dd02d1a0a080
CYCLE=0 PAIR=697 BUFFER=1 SUBPAGES=0/1 GAP_MS=64.278 HASH=dacf3d17c3ca73d3
CYCLE=0 PAIR=698 BUFFER=2 SUBPAGES=0/1 GAP_MS=62.747 HASH=61d8edd79f9c4679
CYCLE=0 PAIR=699 BUFFER=3 SUBPAGES=0/1 GAP_MS=64.382 HASH=02b669ecdf6b7d03
CYCLE=0 PAIR=700 BUFFER=0 SUBPAGES=0/1 GAP_MS=64.510 HASH=393b7a3f3aecd0b7
CYCLE=0 PAIR=701 BUFFER=1 SUBPAGES=0/1 GAP_MS=65.185 HASH=23878e9402fb95ce
CYCLE=0 PAIR=702 BUFFER=2 SUBPAGES=0/1 GAP_MS=64.334 HASH=ad3af3f56b7aa0f6
CYCLE=0 PAIR=703 BUFFER=3 SUBPAGES=0/1 GAP_MS=64.251 HASH=c1a61175aae99cc2
CYCLE=0 PAIR=704 BUFFER=0 SUBPAGES=0/1 GAP_MS=63.771 HASH=470c28e92a723b63
CYCLE=0 PAIR=705 BUFFER=1 SUBPAGES=0/1 GAP_MS=63.267 HASH=3d08bbe5f8427ba4
CYCLE=0 PAIR=706 BUFFER=2 SUBPAGES=0/1 GAP_MS=63.399 HASH=38bac21e28251333
CYCLE=0 PAIR=707 BUFFER=3 SUBPAGES=0/1 GAP_MS=64.174 HASH=4c8b0c27f8726d76
CYCLE=0 PAIR=708 BUFFER=0 SUBPAGES=0/1 GAP_MS=63.848 HASH=3252340533bdb470
CYCLE=0 PAIR=709 BUFFER=1 SUBPAGES=0/1 GAP_MS=64.818 HASH=5b62cd4d10c5c0ae
CYCLE=0 PAIR=710 BUFFER=2 SUBPAGES=0/1 GAP_MS=65.173 HASH=fba1e4cd7a2cf89d
CYCLE=0 PAIR=711 BUFFER=3 SUBPAGES=0/1 GAP_MS=63.257 HASH=208b5093499030fc
CYCLE=0 PAIR=712 BUFFER=0 SUBPAGES=0/1 GAP_MS=69.020 HASH=dd81bfa290364d5e
CYCLE=0 PAIR=713 BUFFER=1 SUBPAGES=0/1 GAP_MS=63.780 HASH=95b123bb3bd38005
CYCLE=0 PAIR=714 BUFFER=2 SUBPAGES=0/1 GAP_MS=64.901 HASH=6d3a472942474491
CYCLE=0 PAIR=715 BUFFER=3 SUBPAGES=0/1 GAP_MS=64.205 HASH=23eb39d9bf536f8f
CYCLE=0 PAIR=716 BUFFER=0 SUBPAGES=0/1 GAP_MS=65.048 HASH=200ec4274be8bc53
CYCLE=0 PAIR=717 BUFFER=1 SUBPAGES=0/1 GAP_MS=65.012 HASH=0b18d85904d8a7b7
CYCLE=0 PAIR=718 BUFFER=2 SUBPAGES=0/1 GAP_MS=64.467 HASH=dce605534facd59b
CYCLE=0 PAIR=719 BUFFER=3 SUBPAGES=0/1 GAP_MS=62.579 HASH=add636c9fbda0675
CYCLE=0 PAIR=720 BUFFER=0 SUBPAGES=0/1 GAP_MS=63.843 HASH=09b5efcebb784047
CYCLE=0 PAIR=721 BUFFER=1 SUBPAGES=0/1 GAP_MS=64.813 HASH=dbd2900c7081bec4
CYCLE=0 PAIR=722 BUFFER=2 SUBPAGES=0/1 GAP_MS=63.612 HASH=e072738b31b0e72e
CYCLE=0 PAIR=723 BUFFER=3 SUBPAGES=0/1 GAP_MS=63.452 HASH=c5283a8195cca128
CYCLE=0 PAIR=724 BUFFER=0 SUBPAGES=0/1 GAP_MS=64.330 HASH=c57ebec3c001a794
CYCLE=0 PAIR=725 BUFFER=1 SUBPAGES=0/1 GAP_MS=62.790 HASH=7c236af499319959
CYCLE=0 PAIR=726 BUFFER=2 SUBPAGES=0/1 GAP_MS=64.142 HASH=5b7d9988a2a27799
CYCLE=0 PAIR=727 BUFFER=3 SUBPAGES=0/1 GAP_MS=62.945 HASH=cd35b0b276aedeaa
CYCLE=0 PAIR=728 BUFFER=0 SUBPAGES=0/1 GAP_MS=65.124 HASH=3dcba245a21bcf94
CYCLE=0 PAIR=729 BUFFER=1 SUBPAGES=0/1 GAP_MS=63.480 HASH=fb8de2492cf602b0
CYCLE=0 PAIR=730 BUFFER=2 SUBPAGES=0/1 GAP_MS=63.747 HASH=593a7efdda7a8cc2
CYCLE=0 PAIR=731 BUFFER=3 SUBPAGES=0/1 GAP_MS=63.909 HASH=9db847bb76ce806f
CYCLE=0 PAIR=732 BUFFER=0 SUBPAGES=0/1 GAP_MS=63.493 HASH=ba7240212c38b93b
CYCLE=0 PAIR=733 BUFFER=1 SUBPAGES=0/1 GAP_MS=64.364 HASH=b2a2a1baba4ff9bf
CYCLE=0 PAIR=734 BUFFER=2 SUBPAGES=0/1 GAP_MS=62.950 HASH=6b49aa0e45f51681
CYCLE=0 PAIR=735 BUFFER=3 SUBPAGES=0/1 GAP_MS=63.322 HASH=5e0577833ad98c4d
CYCLE=0 PAIR=736 BUFFER=0 SUBPAGES=0/1 GAP_MS=64.932 HASH=bf455aead2023c58
CYCLE=0 PAIR=737 BUFFER=1 SUBPAGES=0/1 GAP_MS=63.471 HASH=ac4ab9ca416959be
CYCLE=0 PAIR=738 BUFFER=2 SUBPAGES=0/1 GAP_MS=64.161 HASH=5ca213ff5f841145
CYCLE=0 PAIR=739 BUFFER=3 SUBPAGES=0/1 GAP_MS=64.093 HASH=13e6a2039cffc80c
CYCLE=0 PAIR=740 BUFFER=0 SUBPAGES=0/1 GAP_MS=63.929 HASH=3d4c4ec94b7eabe9
CYCLE=0 PAIR=741 BUFFER=1 SUBPAGES=0/1 GAP_MS=64.695 HASH=b7acab6965c308c2
CYCLE=0 PAIR=742 BUFFER=2 SUBPAGES=0/1 GAP_MS=63.224 HASH=0a3ee472120f21e7
CYCLE=0 PAIR=743 BUFFER=3 SUBPAGES=0/1 GAP_MS=63.525 HASH=af4cab7b533a8945
CYCLE=0 PAIR=744 BUFFER=0 SUBPAGES=0/1 GAP_MS=64.160 HASH=416f9cd51da3fa61
CYCLE=0 PAIR=745 BUFFER=1 SUBPAGES=0/1 GAP_MS=62.837 HASH=0104cd6b9576c1d7
CYCLE=0 PAIR=746 BUFFER=2 SUBPAGES=0/1 GAP_MS=63.757 HASH=90df0835a3a740c1
CYCLE=0 PAIR=747 BUFFER=3 SUBPAGES=0/1 GAP_MS=64.127 HASH=678defcb10862e31
CYCLE=0 PAIR=748 BUFFER=0 SUBPAGES=0/1 GAP_MS=63.624 HASH=498afbadbd4153a6
CYCLE=0 PAIR=749 BUFFER=1 SUBPAGES=0/1 GAP_MS=64.022 HASH=596abf4c8d5fdd0f
CYCLE=0 PAIR=750 BUFFER=2 SUBPAGES=0/1 GAP_MS=64.717 HASH=3e356ddc2664ec30
CYCLE=0 PAIR=751 BUFFER=3 SUBPAGES=0/1 GAP_MS=64.803 HASH=05e456b75e3c8355
CYCLE=0 PAIR=752 BUFFER=0 SUBPAGES=0/1 GAP_MS=64.476 HASH=39468c3abfc9bb38
CYCLE=0 PAIR=753 BUFFER=1 SUBPAGES=0/1 GAP_MS=63.771 HASH=4b711f01870e9f1a
CYCLE=0 PAIR=754 BUFFER=2 SUBPAGES=0/1 GAP_MS=63.642 HASH=319c2df628f34e30
CYCLE=0 PAIR=755 BUFFER=3 SUBPAGES=0/1 GAP_MS=62.650 HASH=6d5b62e5e5e6f3a1
CYCLE=0 PAIR=756 BUFFER=0 SUBPAGES=0/1 GAP_MS=63.759 HASH=e2d72bece79f3475
CYCLE=0 PAIR=757 BUFFER=1 SUBPAGES=0/1 GAP_MS=64.002 HASH=5a65f755e19f58e3
CYCLE=0 PAIR=758 BUFFER=2 SUBPAGES=0/1 GAP_MS=63.665 HASH=8c7622b08bb7308f
CYCLE=0 PAIR=759 BUFFER=3 SUBPAGES=0/1 GAP_MS=64.278 HASH=1f8cc04364e74a6d
CYCLE=0 PAIR=760 BUFFER=0 SUBPAGES=0/1 GAP_MS=64.877 HASH=317da36f63977a9a
CYCLE=0 PAIR=761 BUFFER=1 SUBPAGES=0/1 GAP_MS=62.953 HASH=687cd461ea4e816d
CYCLE=0 PAIR=762 BUFFER=2 SUBPAGES=0/1 GAP_MS=63.724 HASH=731e708a8197f7fd
CYCLE=0 PAIR=763 BUFFER=3 SUBPAGES=0/1 GAP_MS=63.580 HASH=a3147ff4e6d90497
CYCLE=0 PAIR=764 BUFFER=0 SUBPAGES=0/1 GAP_MS=64.403 HASH=0530693afa343b8a
CYCLE=0 PAIR=765 BUFFER=1 SUBPAGES=0/1 GAP_MS=64.035 HASH=1d8926cf790eb64d
CYCLE=0 PAIR=766 BUFFER=2 SUBPAGES=0/1 GAP_MS=64.335 HASH=f3133f1ca7cf864d
CYCLE=0 PAIR=767 BUFFER=3 SUBPAGES=0/1 GAP_MS=64.335 HASH=d1e9df8e12015382
CYCLE=0 PAIR=768 BUFFER=0 SUBPAGES=0/1 GAP_MS=64.873 HASH=f5bbb424adb44426
CYCLE=0 PAIR=769 BUFFER=1 SUBPAGES=0/1 GAP_MS=64.718 HASH=d01bfb3eaab20db2
CYCLE=0 PAIR=770 BUFFER=2 SUBPAGES=0/1 GAP_MS=64.281 HASH=e348cca60a733830
CYCLE=0 PAIR=771 BUFFER=3 SUBPAGES=0/1 GAP_MS=64.874 HASH=d4e2b02eb13e7196
CYCLE=0 PAIR=772 BUFFER=0 SUBPAGES=0/1 GAP_MS=65.559 HASH=fea1f81af27c2d36
CYCLE=0 PAIR=773 BUFFER=1 SUBPAGES=0/1 GAP_MS=64.065 HASH=0f9b58b6eb642555
CYCLE=0 PAIR=774 BUFFER=2 SUBPAGES=0/1 GAP_MS=65.243 HASH=c43dfa8df452bbab
CYCLE=0 PAIR=775 BUFFER=3 SUBPAGES=0/1 GAP_MS=63.939 HASH=579c80f7582ac2b1
CYCLE=0 PAIR=776 BUFFER=0 SUBPAGES=0/1 GAP_MS=63.468 HASH=a49185d39cee4744
CYCLE=0 PAIR=777 BUFFER=1 SUBPAGES=0/1 GAP_MS=65.062 HASH=a36799d51e1a3e41
CYCLE=0 PAIR=778 BUFFER=2 SUBPAGES=0/1 GAP_MS=64.113 HASH=eb644a5d4d3e3ea5
CYCLE=0 PAIR=779 BUFFER=3 SUBPAGES=0/1 GAP_MS=65.232 HASH=071b597f037a4693
CYCLE=0 PAIR=780 BUFFER=0 SUBPAGES=0/1 GAP_MS=65.325 HASH=4e06e6d5c9372837
CYCLE=0 PAIR=781 BUFFER=1 SUBPAGES=0/1 GAP_MS=62.756 HASH=d66d1260eb45e29c
CYCLE=0 PAIR=782 BUFFER=2 SUBPAGES=0/1 GAP_MS=64.154 HASH=bf1ae962575d7169
CYCLE=0 PAIR=783 BUFFER=3 SUBPAGES=0/1 GAP_MS=63.074 HASH=36c709e67e848ba2
CYCLE=0 PAIR=784 BUFFER=0 SUBPAGES=0/1 GAP_MS=64.422 HASH=0b88d46aedb7c639
CYCLE=0 PAIR=785 BUFFER=1 SUBPAGES=0/1 GAP_MS=62.862 HASH=bab81ea10903d1af
CYCLE=0 PAIR=786 BUFFER=2 SUBPAGES=0/1 GAP_MS=63.568 HASH=d95d03e8e33fecd9
CYCLE=0 PAIR=787 BUFFER=3 SUBPAGES=0/1 GAP_MS=62.952 HASH=352cb7443e60be76
CYCLE=0 PAIR=788 BUFFER=0 SUBPAGES=0/1 GAP_MS=64.808 HASH=3991d5453ff1e4e7
CYCLE=0 PAIR=789 BUFFER=1 SUBPAGES=0/1 GAP_MS=62.557 HASH=f488ce2af04d6ca8
CYCLE=0 PAIR=790 BUFFER=2 SUBPAGES=0/1 GAP_MS=64.355 HASH=1c75f57f0cb20b7d
CYCLE=0 PAIR=791 BUFFER=3 SUBPAGES=0/1 GAP_MS=63.238 HASH=7bb4eecbe502d73f
CYCLE=0 PAIR=792 BUFFER=0 SUBPAGES=0/1 GAP_MS=63.500 HASH=9a20fffee84c3966
CYCLE=0 PAIR=793 BUFFER=1 SUBPAGES=0/1 GAP_MS=64.754 HASH=2d13d57c18c51c24
CYCLE=0 PAIR=794 BUFFER=2 SUBPAGES=0/1 GAP_MS=64.080 HASH=32b7508a9d5b1114
CYCLE=0 PAIR=795 BUFFER=3 SUBPAGES=0/1 GAP_MS=64.310 HASH=f1afc3ce9925c01e
CYCLE=0 PAIR=796 BUFFER=0 SUBPAGES=0/1 GAP_MS=62.265 HASH=457dde73535b5dff
CYCLE=0 PAIR=797 BUFFER=1 SUBPAGES=0/1 GAP_MS=64.247 HASH=83d3bf85e0396d91
CYCLE=0 PAIR=798 BUFFER=2 SUBPAGES=0/1 GAP_MS=63.233 HASH=b4d8c0cc954fdd31
CYCLE=0 PAIR=799 BUFFER=3 SUBPAGES=0/1 GAP_MS=64.138 HASH=8ef6c42a09018a93
CYCLE=0 PAIR=800 BUFFER=0 SUBPAGES=0/1 GAP_MS=62.742 HASH=a65977e117a0c9c5
CYCLE=0 PAIR=801 BUFFER=1 SUBPAGES=0/1 GAP_MS=64.385 HASH=0f9c07acceb81cc1
CYCLE=0 PAIR=802 BUFFER=2 SUBPAGES=0/1 GAP_MS=63.597 HASH=8e27c081f44e3158
CYCLE=0 PAIR=803 BUFFER=3 SUBPAGES=0/1 GAP_MS=63.834 HASH=f5c04bfe0d8f7d0b
CYCLE=0 PAIR=804 BUFFER=0 SUBPAGES=0/1 GAP_MS=63.080 HASH=4f035ea8d7824c17
CYCLE=0 PAIR=805 BUFFER=1 SUBPAGES=0/1 GAP_MS=63.354 HASH=4f1cc51a46338157
CYCLE=0 PAIR=806 BUFFER=2 SUBPAGES=0/1 GAP_MS=64.061 HASH=3465ce7d2ee5cf3d
CYCLE=0 PAIR=807 BUFFER=3 SUBPAGES=0/1 GAP_MS=64.463 HASH=470740393be88d2c
CYCLE=0 PAIR=808 BUFFER=0 SUBPAGES=0/1 GAP_MS=64.587 HASH=8054578f97fff142
CYCLE=0 PAIR=809 BUFFER=1 SUBPAGES=0/1 GAP_MS=63.272 HASH=a32abf28230a3cea
CYCLE=0 PAIR=810 BUFFER=2 SUBPAGES=0/1 GAP_MS=63.283 HASH=016e1422e74a6439
CYCLE=0 PAIR=811 BUFFER=3 SUBPAGES=0/1 GAP_MS=63.968 HASH=c4cb9bd77cf4d89b
CYCLE=0 PAIR=812 BUFFER=0 SUBPAGES=0/1 GAP_MS=64.013 HASH=401dde1843c4ee2f
CYCLE=0 PAIR=813 BUFFER=1 SUBPAGES=0/1 GAP_MS=62.549 HASH=63258e5728988e13
CYCLE=0 PAIR=814 BUFFER=2 SUBPAGES=0/1 GAP_MS=64.790 HASH=2742a009d22c2dd8
CYCLE=0 PAIR=815 BUFFER=3 SUBPAGES=0/1 GAP_MS=64.102 HASH=9060328a83669138
CYCLE=0 PAIR=816 BUFFER=0 SUBPAGES=0/1 GAP_MS=62.766 HASH=91e2b0293e80d54a
CYCLE=0 PAIR=817 BUFFER=1 SUBPAGES=0/1 GAP_MS=63.456 HASH=4df4d80a809578d0
CYCLE=0 PAIR=818 BUFFER=2 SUBPAGES=0/1 GAP_MS=63.922 HASH=eb9a7bf8bf816f15
CYCLE=0 PAIR=819 BUFFER=3 SUBPAGES=0/1 GAP_MS=63.875 HASH=d81b7bdbefff0cd1
CYCLE=0 PAIR=820 BUFFER=0 SUBPAGES=0/1 GAP_MS=63.227 HASH=f9252f809b7d4e18
CYCLE=0 PAIR=821 BUFFER=1 SUBPAGES=0/1 GAP_MS=64.767 HASH=a55bb5123a49e65e
CYCLE=0 PAIR=822 BUFFER=2 SUBPAGES=0/1 GAP_MS=62.912 HASH=e69f29372210672b
CYCLE=0 PAIR=823 BUFFER=3 SUBPAGES=0/1 GAP_MS=63.307 HASH=47d7b3a8475e3e70
CYCLE=0 PAIR=824 BUFFER=0 SUBPAGES=0/1 GAP_MS=64.792 HASH=62d34e9b7b2ac415
CYCLE=0 PAIR=825 BUFFER=1 SUBPAGES=0/1 GAP_MS=63.924 HASH=5e145c08400c5011
CYCLE=0 PAIR=826 BUFFER=2 SUBPAGES=0/1 GAP_MS=65.037 HASH=17db6d92f1c9cf7c
CYCLE=0 PAIR=827 BUFFER=3 SUBPAGES=0/1 GAP_MS=64.249 HASH=59bccca9a5a2d616
CYCLE=0 PAIR=828 BUFFER=0 SUBPAGES=0/1 GAP_MS=63.764 HASH=4d24ee4a24ae6b6d
CYCLE=0 PAIR=829 BUFFER=1 SUBPAGES=0/1 GAP_MS=64.652 HASH=513d1cc2475cffd7
CYCLE=0 PAIR=830 BUFFER=2 SUBPAGES=0/1 GAP_MS=64.868 HASH=a8551420230daf4c
CYCLE=0 PAIR=831 BUFFER=3 SUBPAGES=0/1 GAP_MS=63.778 HASH=ab190466197c41dd
CYCLE=0 PAIR=832 BUFFER=0 SUBPAGES=0/1 GAP_MS=64.389 HASH=561c77a71654c740
CYCLE=0 PAIR=833 BUFFER=1 SUBPAGES=0/1 GAP_MS=64.546 HASH=71ca8f81fed5807d
CYCLE=0 PAIR=834 BUFFER=2 SUBPAGES=0/1 GAP_MS=63.777 HASH=6960397e924233bf
CYCLE=0 PAIR=835 BUFFER=3 SUBPAGES=0/1 GAP_MS=64.568 HASH=b020e3ab690ba738
CYCLE=0 PAIR=836 BUFFER=0 SUBPAGES=0/1 GAP_MS=62.764 HASH=1e212009d29cbc66
CYCLE=0 PAIR=837 BUFFER=1 SUBPAGES=0/1 GAP_MS=64.695 HASH=a1fa7bfa3dc36e2f
CYCLE=0 PAIR=838 BUFFER=2 SUBPAGES=0/1 GAP_MS=65.146 HASH=f2378e3f76b5345c
CYCLE=0 PAIR=839 BUFFER=3 SUBPAGES=0/1 GAP_MS=63.866 HASH=c2a1b5cfe71d0cde
CYCLE=0 PAIR=840 BUFFER=0 SUBPAGES=0/1 GAP_MS=64.877 HASH=26654a0cabfcf950
CYCLE=0 PAIR=841 BUFFER=1 SUBPAGES=0/1 GAP_MS=63.204 HASH=6909e1f1a8ccd273
CYCLE=0 PAIR=842 BUFFER=2 SUBPAGES=0/1 GAP_MS=63.035 HASH=35212269924f059f
CYCLE=0 PAIR=843 BUFFER=3 SUBPAGES=0/1 GAP_MS=63.599 HASH=8773b8d419cb07cf
CYCLE=0 PAIR=844 BUFFER=0 SUBPAGES=0/1 GAP_MS=63.687 HASH=788d5a01b426b2f9
CYCLE=0 PAIR=845 BUFFER=1 SUBPAGES=0/1 GAP_MS=63.268 HASH=690cdda14e5c732c
CYCLE=0 PAIR=846 BUFFER=2 SUBPAGES=0/1 GAP_MS=64.899 HASH=544bdb884c61b352
CYCLE=0 PAIR=847 BUFFER=3 SUBPAGES=0/1 GAP_MS=64.282 HASH=820b58e7573212b6
CYCLE=0 PAIR=848 BUFFER=0 SUBPAGES=0/1 GAP_MS=65.105 HASH=ca7c266f041e52f7
CYCLE=0 PAIR=849 BUFFER=1 SUBPAGES=0/1 GAP_MS=63.142 HASH=4f80537157e45a82
CYCLE=0 PAIR=850 BUFFER=2 SUBPAGES=0/1 GAP_MS=64.025 HASH=42d19a20de8fb5fa
CYCLE=0 PAIR=851 BUFFER=3 SUBPAGES=0/1 GAP_MS=64.173 HASH=13c97be8bb76a0e6
CYCLE=0 PAIR=852 BUFFER=0 SUBPAGES=0/1 GAP_MS=65.346 HASH=9158848967209e71
CYCLE=0 PAIR=853 BUFFER=1 SUBPAGES=0/1 GAP_MS=64.096 HASH=758891957db4d523
CYCLE=0 PAIR=854 BUFFER=2 SUBPAGES=0/1 GAP_MS=63.410 HASH=82a948824f092f77
CYCLE=0 PAIR=855 BUFFER=3 SUBPAGES=0/1 GAP_MS=63.136 HASH=f5512d49379f3ba6
CYCLE=0 PAIR=856 BUFFER=0 SUBPAGES=0/1 GAP_MS=64.192 HASH=64dc21e0b5d66a89
CYCLE=0 PAIR=857 BUFFER=1 SUBPAGES=0/1 GAP_MS=63.902 HASH=f7f531ff13921ef1
CYCLE=0 PAIR=858 BUFFER=2 SUBPAGES=0/1 GAP_MS=63.458 HASH=65ef6c562316d15a
CYCLE=0 PAIR=859 BUFFER=3 SUBPAGES=0/1 GAP_MS=63.185 HASH=311d1b45672c886f
CYCLE=0 PAIR=860 BUFFER=0 SUBPAGES=0/1 GAP_MS=63.975 HASH=9d314b14a685e7c2
CYCLE=0 PAIR=861 BUFFER=1 SUBPAGES=0/1 GAP_MS=64.329 HASH=4209307f3aa86dcb
CYCLE=0 PAIR=862 BUFFER=2 SUBPAGES=0/1 GAP_MS=64.532 HASH=75e78236d177b5c6
CYCLE=0 PAIR=863 BUFFER=3 SUBPAGES=0/1 GAP_MS=64.302 HASH=07af6eb890e2bb57
CYCLE=0 PAIR=864 BUFFER=0 SUBPAGES=0/1 GAP_MS=63.005 HASH=99c033d2cf711683
CYCLE=0 PAIR=865 BUFFER=1 SUBPAGES=0/1 GAP_MS=63.544 HASH=9a394c423ad3ecb2
CYCLE=0 PAIR=866 BUFFER=2 SUBPAGES=0/1 GAP_MS=63.259 HASH=d092b2b2fa808103
CYCLE=0 PAIR=867 BUFFER=3 SUBPAGES=0/1 GAP_MS=64.622 HASH=7078a04a255e033b
CYCLE=0 PAIR=868 BUFFER=0 SUBPAGES=0/1 GAP_MS=64.555 HASH=28895b7a11ace6be
CYCLE=0 PAIR=869 BUFFER=1 SUBPAGES=0/1 GAP_MS=63.095 HASH=45efb4cabcdcee0e
CYCLE=0 PAIR=870 BUFFER=2 SUBPAGES=0/1 GAP_MS=65.467 HASH=e45876c758283144
CYCLE=0 PAIR=871 BUFFER=3 SUBPAGES=0/1 GAP_MS=64.647 HASH=b3c9bfecde228901
CYCLE=0 PAIR=872 BUFFER=0 SUBPAGES=0/1 GAP_MS=63.571 HASH=ac9696c9105c5266
CYCLE=0 PAIR=873 BUFFER=1 SUBPAGES=0/1 GAP_MS=64.597 HASH=c30c6f6ab29efc88
CYCLE=0 PAIR=874 BUFFER=2 SUBPAGES=0/1 GAP_MS=63.638 HASH=596e3856aa1c8767
CYCLE=0 PAIR=875 BUFFER=3 SUBPAGES=0/1 GAP_MS=64.869 HASH=9a83b29b8cbd6db4
CYCLE=0 PAIR=876 BUFFER=0 SUBPAGES=0/1 GAP_MS=62.959 HASH=c0703e93f0b7a889
CYCLE=0 PAIR=877 BUFFER=1 SUBPAGES=0/1 GAP_MS=62.449 HASH=5c88ca29d9f6e429
CYCLE=0 PAIR=878 BUFFER=2 SUBPAGES=0/1 GAP_MS=64.374 HASH=945972e8548d1034
CYCLE=0 PAIR=879 BUFFER=3 SUBPAGES=0/1 GAP_MS=64.093 HASH=7263cb11b3c1faa5
CYCLE=0 PAIR=880 BUFFER=0 SUBPAGES=0/1 GAP_MS=65.066 HASH=24cd38818f76d81d
CYCLE=0 PAIR=881 BUFFER=1 SUBPAGES=0/1 GAP_MS=64.530 HASH=8f9996574350fc43
CYCLE=0 PAIR=882 BUFFER=2 SUBPAGES=0/1 GAP_MS=62.046 HASH=0a8d483c00a0f47d
CYCLE=0 PAIR=883 BUFFER=3 SUBPAGES=0/1 GAP_MS=62.309 HASH=d003e1a37567b195
CYCLE=0 PAIR=884 BUFFER=0 SUBPAGES=0/1 GAP_MS=63.944 HASH=f4248fc2d44ab153
CYCLE=0 PAIR=885 BUFFER=1 SUBPAGES=0/1 GAP_MS=64.130 HASH=24a585769df2a0c3
CYCLE=0 PAIR=886 BUFFER=2 SUBPAGES=0/1 GAP_MS=63.510 HASH=5d298ebc75bd5a0c
CYCLE=0 PAIR=887 BUFFER=3 SUBPAGES=0/1 GAP_MS=64.145 HASH=085b0da07c9bbfd2
CYCLE=0 PAIR=888 BUFFER=0 SUBPAGES=0/1 GAP_MS=64.283 HASH=f4d403a007f00956
CYCLE=0 PAIR=889 BUFFER=1 SUBPAGES=0/1 GAP_MS=65.148 HASH=507a574003ca0eb4
CYCLE=0 PAIR=890 BUFFER=2 SUBPAGES=0/1 GAP_MS=64.756 HASH=658ab14d1521b707
CYCLE=0 PAIR=891 BUFFER=3 SUBPAGES=0/1 GAP_MS=65.008 HASH=8b06419b08376a6f
CYCLE=0 PAIR=892 BUFFER=0 SUBPAGES=0/1 GAP_MS=64.078 HASH=077950f649a02084
CYCLE=0 PAIR=893 BUFFER=1 SUBPAGES=0/1 GAP_MS=62.909 HASH=8fffbb7bb4c0f381
CYCLE=0 PAIR=894 BUFFER=2 SUBPAGES=0/1 GAP_MS=63.963 HASH=a25fe78e24067139
CYCLE=0 PAIR=895 BUFFER=3 SUBPAGES=0/1 GAP_MS=63.844 HASH=44d238ca5f3f63be
CYCLE=0 PAIR=896 BUFFER=0 SUBPAGES=0/1 GAP_MS=64.512 HASH=b2c5ff4100ffb812
CYCLE=0 PAIR=897 BUFFER=1 SUBPAGES=0/1 GAP_MS=64.141 HASH=4bf85200eb34ab19
CYCLE=0 PAIR=898 BUFFER=2 SUBPAGES=0/1 GAP_MS=63.837 HASH=1dee95987c85e0b6
CYCLE=0 PAIR=899 BUFFER=3 SUBPAGES=0/1 GAP_MS=64.198 HASH=252a457510247252
CYCLE=0 PAIR=900 BUFFER=0 SUBPAGES=0/1 GAP_MS=63.885 HASH=c3b34d3ada7e6081
CYCLE=0 PAIR=901 BUFFER=1 SUBPAGES=0/1 GAP_MS=63.169 HASH=d32467091d1db349
CYCLE=0 PAIR=902 BUFFER=2 SUBPAGES=0/1 GAP_MS=63.123 HASH=fa27af74498324ec
CYCLE=0 PAIR=903 BUFFER=3 SUBPAGES=0/1 GAP_MS=63.693 HASH=6b1554d3c083071c
CYCLE=0 PAIR=904 BUFFER=0 SUBPAGES=0/1 GAP_MS=64.040 HASH=67140c6b5a331dc5
CYCLE=0 PAIR=905 BUFFER=1 SUBPAGES=0/1 GAP_MS=63.771 HASH=9f26f0ee1a9a7261
CYCLE=0 PAIR=906 BUFFER=2 SUBPAGES=0/1 GAP_MS=62.707 HASH=e994829c83b784e1
CYCLE=0 PAIR=907 BUFFER=3 SUBPAGES=0/1 GAP_MS=64.137 HASH=1e4530c5347f05e0
CYCLE=0 PAIR=908 BUFFER=0 SUBPAGES=0/1 GAP_MS=64.205 HASH=ca5c8df5cc908c63
CYCLE=0 PAIR=909 BUFFER=1 SUBPAGES=0/1 GAP_MS=63.700 HASH=5595aebfeda478b6
CYCLE=0 PAIR=910 BUFFER=2 SUBPAGES=0/1 GAP_MS=63.100 HASH=c619c12622d34061
CYCLE=0 PAIR=911 BUFFER=3 SUBPAGES=0/1 GAP_MS=63.564 HASH=5052410e741b462e
CYCLE=0 PAIR=912 BUFFER=0 SUBPAGES=0/1 GAP_MS=64.170 HASH=37646290a65976b5
CYCLE=0 PAIR=913 BUFFER=1 SUBPAGES=0/1 GAP_MS=63.407 HASH=6df8061dd343b1a0
CYCLE=0 PAIR=914 BUFFER=2 SUBPAGES=0/1 GAP_MS=63.963 HASH=27f302bd7fe39623
CYCLE=0 PAIR=915 BUFFER=3 SUBPAGES=0/1 GAP_MS=64.366 HASH=bccf97cdbf14a5c0
CYCLE=0 PAIR=916 BUFFER=0 SUBPAGES=0/1 GAP_MS=63.911 HASH=0bb07e1298fc9d82
CYCLE=0 PAIR=917 BUFFER=1 SUBPAGES=0/1 GAP_MS=63.918 HASH=a247a9a917e2f585
CYCLE=0 PAIR=918 BUFFER=2 SUBPAGES=0/1 GAP_MS=64.526 HASH=6936948e0097e0ee
CYCLE=0 PAIR=919 BUFFER=3 SUBPAGES=0/1 GAP_MS=62.934 HASH=4d5b49856c167ba8
CYCLE=0 PAIR=920 BUFFER=0 SUBPAGES=0/1 GAP_MS=64.921 HASH=54751816dd15a2c7
CYCLE=0 PAIR=921 BUFFER=1 SUBPAGES=0/1 GAP_MS=65.058 HASH=c9fb26495eb5c2fb
CYCLE=0 PAIR=922 BUFFER=2 SUBPAGES=0/1 GAP_MS=63.274 HASH=860d72dc1ab8de0c
CYCLE=0 PAIR=923 BUFFER=3 SUBPAGES=0/1 GAP_MS=64.765 HASH=f9a95854b0258a5d
CYCLE=0 PAIR=924 BUFFER=0 SUBPAGES=0/1 GAP_MS=63.696 HASH=483c63315ae032df
CYCLE=0 PAIR=925 BUFFER=1 SUBPAGES=0/1 GAP_MS=62.975 HASH=6212eda9fbfb3295
CYCLE=0 PAIR=926 BUFFER=2 SUBPAGES=0/1 GAP_MS=63.723 HASH=ad3416fd9581486c
CYCLE=0 PAIR=927 BUFFER=3 SUBPAGES=0/1 GAP_MS=62.540 HASH=0dba8e6369874ec5
CYCLE=0 PAIR=928 BUFFER=0 SUBPAGES=0/1 GAP_MS=63.825 HASH=4c3195ffb845c69a
CYCLE=0 PAIR=929 BUFFER=1 SUBPAGES=0/1 GAP_MS=65.937 HASH=66572e72c89eace5
CYCLE=0 PAIR=930 BUFFER=2 SUBPAGES=0/1 GAP_MS=63.895 HASH=831325caf208b492
CYCLE=0 PAIR=931 BUFFER=3 SUBPAGES=0/1 GAP_MS=63.255 HASH=6baf33ca6b00d733
CYCLE=0 PAIR=932 BUFFER=0 SUBPAGES=0/1 GAP_MS=63.999 HASH=b9577f39ed3304ab
CYCLE=0 PAIR=933 BUFFER=1 SUBPAGES=0/1 GAP_MS=63.383 HASH=545bfc8a037404fd
CYCLE=0 PAIR=934 BUFFER=2 SUBPAGES=0/1 GAP_MS=63.748 HASH=a5d335b92b13de1d
CYCLE=0 PAIR=935 BUFFER=3 SUBPAGES=0/1 GAP_MS=64.366 HASH=6db78a9e606ca9ab
CYCLE=0 PAIR=936 BUFFER=0 SUBPAGES=0/1 GAP_MS=64.195 HASH=4d561b7185b453e3
CYCLE=0 PAIR=937 BUFFER=1 SUBPAGES=0/1 GAP_MS=63.473 HASH=9723ef1e0cdce18f
CYCLE=0 PAIR=938 BUFFER=2 SUBPAGES=0/1 GAP_MS=63.707 HASH=3a06530e38168c4d
CYCLE=0 PAIR=939 BUFFER=3 SUBPAGES=0/1 GAP_MS=63.040 HASH=f7edc1f726705bd5
CYCLE=0 PAIR=940 BUFFER=0 SUBPAGES=0/1 GAP_MS=63.822 HASH=2ee41d46bdb6bdab
CYCLE=0 PAIR=941 BUFFER=1 SUBPAGES=0/1 GAP_MS=64.476 HASH=25266312da79f91d
CYCLE=0 PAIR=942 BUFFER=2 SUBPAGES=0/1 GAP_MS=63.666 HASH=9b4da9527eaf04c9
CYCLE=0 PAIR=943 BUFFER=3 SUBPAGES=0/1 GAP_MS=65.025 HASH=1facef6f779c4e11
CYCLE=0 PAIR=944 BUFFER=0 SUBPAGES=0/1 GAP_MS=62.786 HASH=81c0a16097ef8a38
CYCLE=0 PAIR=945 BUFFER=1 SUBPAGES=0/1 GAP_MS=63.974 HASH=39315602f636f4c8
CYCLE=0 PAIR=946 BUFFER=2 SUBPAGES=0/1 GAP_MS=63.662 HASH=1fb8cf63b7058f54
CYCLE=0 PAIR=947 BUFFER=3 SUBPAGES=0/1 GAP_MS=64.449 HASH=f9466d32ee22ddd9
CYCLE=0 PAIR=948 BUFFER=0 SUBPAGES=0/1 GAP_MS=63.226 HASH=09ae6ed4c4abcaee
CYCLE=0 PAIR=949 BUFFER=1 SUBPAGES=0/1 GAP_MS=64.180 HASH=6fa6154565d25f5c
CYCLE=0 PAIR=950 BUFFER=2 SUBPAGES=0/1 GAP_MS=64.171 HASH=122354f2c69a016c
CYCLE=0 PAIR=951 BUFFER=3 SUBPAGES=0/1 GAP_MS=64.828 HASH=ef980a0cfd922875
CYCLE=0 PAIR=952 BUFFER=0 SUBPAGES=0/1 GAP_MS=64.936 HASH=fa05c1c2945bc366
CYCLE=0 PAIR=953 BUFFER=1 SUBPAGES=0/1 GAP_MS=63.740 HASH=097267ce17991943
CYCLE=0 PAIR=954 BUFFER=2 SUBPAGES=0/1 GAP_MS=64.253 HASH=489a1dcdb87bdea7
CYCLE=0 PAIR=955 BUFFER=3 SUBPAGES=0/1 GAP_MS=63.585 HASH=83ea7f43d28573f1
CYCLE=0 PAIR=956 BUFFER=0 SUBPAGES=0/1 GAP_MS=62.880 HASH=aeea421220313704
CYCLE=0 PAIR=957 BUFFER=1 SUBPAGES=0/1 GAP_MS=63.462 HASH=2f68b54014bcab4f
CYCLE=0 PAIR=958 BUFFER=2 SUBPAGES=0/1 GAP_MS=64.070 HASH=07f10c0c20bf00b6
CYCLE=0 PAIR=959 BUFFER=3 SUBPAGES=0/1 GAP_MS=64.405 HASH=dfac573f77ed8c42
CYCLE=0 PAIR=960 BUFFER=0 SUBPAGES=0/1 GAP_MS=62.979 HASH=01848cbcabd41ecd
CYCLE=0 PAIR=961 BUFFER=1 SUBPAGES=0/1 GAP_MS=63.652 HASH=a5d0f2b780d99602
CYCLE=0 PAIR=962 BUFFER=2 SUBPAGES=0/1 GAP_MS=64.077 HASH=32e03d061b0c0401
CYCLE=0 PAIR=963 BUFFER=3 SUBPAGES=0/1 GAP_MS=65.325 HASH=20e9606cec13682d
CYCLE=0 PAIR=964 BUFFER=0 SUBPAGES=0/1 GAP_MS=64.609 HASH=f47a9509adc92294
CYCLE=0 PAIR=965 BUFFER=1 SUBPAGES=0/1 GAP_MS=65.206 HASH=78369481a70568e5
CYCLE=0 PAIR=966 BUFFER=2 SUBPAGES=0/1 GAP_MS=63.634 HASH=16f02be99e77d37e
CYCLE=0 PAIR=967 BUFFER=3 SUBPAGES=0/1 GAP_MS=63.123 HASH=4b9f8f3d41b6276d
CYCLE=0 PAIR=968 BUFFER=0 SUBPAGES=0/1 GAP_MS=64.793 HASH=e875fcd4e760c0fa
CYCLE=0 PAIR=969 BUFFER=1 SUBPAGES=0/1 GAP_MS=62.577 HASH=e6c02ad0a5af405e
CYCLE=0 PAIR=970 BUFFER=2 SUBPAGES=0/1 GAP_MS=63.847 HASH=7b24a493d1fb8b08
CYCLE=0 PAIR=971 BUFFER=3 SUBPAGES=0/1 GAP_MS=62.891 HASH=8e5225bc29fd6011
CYCLE=0 PAIR=972 BUFFER=0 SUBPAGES=0/1 GAP_MS=63.496 HASH=76522828f14f26a7
CYCLE=0 PAIR=973 BUFFER=1 SUBPAGES=0/1 GAP_MS=64.681 HASH=ace7e87b924d0ba4
CYCLE=0 PAIR=974 BUFFER=2 SUBPAGES=0/1 GAP_MS=64.288 HASH=0e89d479e8776052
CYCLE=0 PAIR=975 BUFFER=3 SUBPAGES=0/1 GAP_MS=63.222 HASH=787374d9af839041
CYCLE=0 PAIR=976 BUFFER=0 SUBPAGES=0/1 GAP_MS=61.767 HASH=e6e4371bb2ee31e1
CYCLE=0 PAIR=977 BUFFER=1 SUBPAGES=0/1 GAP_MS=62.889 HASH=30f8ed2d414a07f6
CYCLE=0 PAIR=978 BUFFER=2 SUBPAGES=0/1 GAP_MS=64.505 HASH=412f6beeab081532
CYCLE=0 PAIR=979 BUFFER=3 SUBPAGES=0/1 GAP_MS=63.120 HASH=233aae8cf6181c48
CYCLE=0 PAIR=980 BUFFER=0 SUBPAGES=0/1 GAP_MS=64.499 HASH=fdc25e8c9fbafad5
CYCLE=0 PAIR=981 BUFFER=1 SUBPAGES=0/1 GAP_MS=64.132 HASH=d74a8da2a86ceb3f
CYCLE=0 PAIR=982 BUFFER=2 SUBPAGES=0/1 GAP_MS=63.879 HASH=d33b7b76fe3cee0f
CYCLE=0 PAIR=983 BUFFER=3 SUBPAGES=0/1 GAP_MS=65.289 HASH=c635102fb1dd888b
CYCLE=0 PAIR=984 BUFFER=0 SUBPAGES=0/1 GAP_MS=63.436 HASH=78f8dbe910f39920
CYCLE=0 PAIR=985 BUFFER=1 SUBPAGES=0/1 GAP_MS=64.384 HASH=55ff2d308b98383c
CYCLE=0 PAIR=986 BUFFER=2 SUBPAGES=0/1 GAP_MS=62.849 HASH=2c631f15f1360051
CYCLE=0 PAIR=987 BUFFER=3 SUBPAGES=0/1 GAP_MS=63.991 HASH=d2f15f5fc3d516dc
CYCLE=0 PAIR=988 BUFFER=0 SUBPAGES=0/1 GAP_MS=65.045 HASH=65f8f74e0299d987
CYCLE=0 PAIR=989 BUFFER=1 SUBPAGES=0/1 GAP_MS=64.197 HASH=46c4c737e13d6fe1
CYCLE=0 PAIR=990 BUFFER=2 SUBPAGES=0/1 GAP_MS=64.240 HASH=4a2d06dff66a5e5a
CYCLE=0 PAIR=991 BUFFER=3 SUBPAGES=0/1 GAP_MS=64.628 HASH=6f4cd318d6dbbc0d
CYCLE=0 PAIR=992 BUFFER=0 SUBPAGES=0/1 GAP_MS=63.757 HASH=1e3231b42910b4d4
CYCLE=0 PAIR=993 BUFFER=1 SUBPAGES=0/1 GAP_MS=63.810 HASH=7ceaa06696bd6392
CYCLE=0 PAIR=994 BUFFER=2 SUBPAGES=0/1 GAP_MS=62.303 HASH=39e1a4b01dfb5fed
CYCLE=0 PAIR=995 BUFFER=3 SUBPAGES=0/1 GAP_MS=65.209 HASH=37964ef3648f7b0c
CYCLE=0 PAIR=996 BUFFER=0 SUBPAGES=0/1 GAP_MS=63.448 HASH=c3c472df0b3abe11
CYCLE=0 PAIR=997 BUFFER=1 SUBPAGES=0/1 GAP_MS=63.576 HASH=2894244877137270
CYCLE=0 PAIR=998 BUFFER=2 SUBPAGES=0/1 GAP_MS=62.499 HASH=4b1b17a0e3181417
CYCLE=0 PAIR=999 BUFFER=3 SUBPAGES=0/1 GAP_MS=63.390 HASH=39767375e77b9599
CYCLE=0 PAIR=1000 BUFFER=0 SUBPAGES=0/1 GAP_MS=63.498 HASH=8eb9982e334b769f
CYCLE=0 PAIR=1001 BUFFER=1 SUBPAGES=0/1 GAP_MS=63.652 HASH=9102a46e960a520a
CYCLE=0 PAIR=1002 BUFFER=2 SUBPAGES=0/1 GAP_MS=64.139 HASH=05c3ec76282856c0
CYCLE=0 PAIR=1003 BUFFER=3 SUBPAGES=0/1 GAP_MS=62.645 HASH=efab738cb010937c
CYCLE=0 PAIR=1004 BUFFER=0 SUBPAGES=0/1 GAP_MS=63.113 HASH=011def4031a0fd0f
CYCLE=0 PAIR=1005 BUFFER=1 SUBPAGES=0/1 GAP_MS=63.037 HASH=39159abac6eb233b
CYCLE=0 PAIR=1006 BUFFER=2 SUBPAGES=0/1 GAP_MS=64.080 HASH=f011f48972066c5d
CYCLE=0 PAIR=1007 BUFFER=3 SUBPAGES=0/1 GAP_MS=62.377 HASH=2d106e690a95a0b7
CYCLE=0 PAIR=1008 BUFFER=0 SUBPAGES=0/1 GAP_MS=65.654 HASH=14e0d256c4ca0ee1
CYCLE=0 PAIR=1009 BUFFER=1 SUBPAGES=0/1 GAP_MS=63.932 HASH=c982fcd243eaa706
CYCLE=0 PAIR=1010 BUFFER=2 SUBPAGES=0/1 GAP_MS=64.422 HASH=d10ed9a024148c52
CYCLE=0 PAIR=1011 BUFFER=3 SUBPAGES=0/1 GAP_MS=65.162 HASH=cc77eb07ee7a9441
CYCLE=0 PAIR=1012 BUFFER=0 SUBPAGES=0/1 GAP_MS=64.329 HASH=a3a8a7d25d48684c
CYCLE=0 PAIR=1013 BUFFER=1 SUBPAGES=0/1 GAP_MS=63.254 HASH=872b8ef8d497595e
CYCLE=0 PAIR=1014 BUFFER=2 SUBPAGES=0/1 GAP_MS=63.463 HASH=cb84cd02c0ac716c
CYCLE=0 PAIR=1015 BUFFER=3 SUBPAGES=0/1 GAP_MS=64.471 HASH=5511286a74796e14
CYCLE=0 PAIR=1016 BUFFER=0 SUBPAGES=0/1 GAP_MS=62.722 HASH=e45724022630f93c
CYCLE=0 PAIR=1017 BUFFER=1 SUBPAGES=0/1 GAP_MS=63.612 HASH=84c30d86a0f94376
CYCLE=0 PAIR=1018 BUFFER=2 SUBPAGES=0/1 GAP_MS=64.000 HASH=6e090759bcbf57ef
CYCLE=0 PAIR=1019 BUFFER=3 SUBPAGES=0/1 GAP_MS=62.743 HASH=5c2d98ac54534658
CYCLE=0 PAIR=1020 BUFFER=0 SUBPAGES=0/1 GAP_MS=64.013 HASH=ba229d0ffadaa3b2
CYCLE=0 PAIR=1021 BUFFER=1 SUBPAGES=0/1 GAP_MS=65.808 HASH=c338d49f3a4e5893
CYCLE=0 PAIR=1022 BUFFER=2 SUBPAGES=0/1 GAP_MS=63.581 HASH=23664d1e19efc167
CYCLE=0 PAIR=1023 BUFFER=3 SUBPAGES=0/1 GAP_MS=63.250 HASH=8dfe2211b38d1a0e
CYCLE=0 PAIR=1024 BUFFER=0 SUBPAGES=0/1 GAP_MS=64.186 HASH=10cb3a23ce1da364
CYCLE=0 PAIR=1025 BUFFER=1 SUBPAGES=0/1 GAP_MS=64.471 HASH=1e872eed7604c3f4
CYCLE=0 PAIR=1026 BUFFER=2 SUBPAGES=0/1 GAP_MS=62.873 HASH=a60c5ba2487f2ed2
CYCLE=0 PAIR=1027 BUFFER=3 SUBPAGES=0/1 GAP_MS=63.225 HASH=c158bff5753d1eac
CYCLE=0 PAIR=1028 BUFFER=0 SUBPAGES=0/1 GAP_MS=64.329 HASH=ecb1cfa21ce8116b
CYCLE=0 PAIR=1029 BUFFER=1 SUBPAGES=0/1 GAP_MS=64.371 HASH=38511ead4303a5d2
CYCLE=0 PAIR=1030 BUFFER=2 SUBPAGES=0/1 GAP_MS=63.247 HASH=a454ddd454c1730c
CYCLE=0 PAIR=1031 BUFFER=3 SUBPAGES=0/1 GAP_MS=63.292 HASH=aba12d580347ce30
CYCLE=0 PAIR=1032 BUFFER=0 SUBPAGES=0/1 GAP_MS=64.326 HASH=374cd9081a6f986d
CYCLE=0 PAIR=1033 BUFFER=1 SUBPAGES=0/1 GAP_MS=64.426 HASH=f5230c0e13209ff4
CYCLE=0 PAIR=1034 BUFFER=2 SUBPAGES=0/1 GAP_MS=63.839 HASH=3a0acaa2f9e9cf83
CYCLE=0 PAIR=1035 BUFFER=3 SUBPAGES=0/1 GAP_MS=62.567 HASH=a7e924ec5e58eb2b
CYCLE=0 PAIR=1036 BUFFER=0 SUBPAGES=0/1 GAP_MS=65.313 HASH=37d73c8fff41cb85
CYCLE=0 PAIR=1037 BUFFER=1 SUBPAGES=0/1 GAP_MS=64.418 HASH=af442c1eefdc6be4
CYCLE=0 PAIR=1038 BUFFER=2 SUBPAGES=0/1 GAP_MS=63.986 HASH=94e4c5b865102e57
CYCLE=0 PAIR=1039 BUFFER=3 SUBPAGES=0/1 GAP_MS=62.816 HASH=dbaceb7a919e825e
CYCLE=0 PAIR=1040 BUFFER=0 SUBPAGES=0/1 GAP_MS=63.543 HASH=6cbf69385f519eb0
CYCLE=0 PAIR=1041 BUFFER=1 SUBPAGES=0/1 GAP_MS=64.464 HASH=e9fcc30b59be362b
CYCLE=0 PAIR=1042 BUFFER=2 SUBPAGES=0/1 GAP_MS=63.988 HASH=9dbe01f40a52abb0
CYCLE=0 PAIR=1043 BUFFER=3 SUBPAGES=0/1 GAP_MS=63.796 HASH=91d8ec967a603093
CYCLE=0 PAIR=1044 BUFFER=0 SUBPAGES=0/1 GAP_MS=64.868 HASH=c3d4a5dddbd1dcc9
CYCLE=0 PAIR=1045 BUFFER=1 SUBPAGES=0/1 GAP_MS=62.183 HASH=53324c369f2bcf98
CYCLE=0 PAIR=1046 BUFFER=2 SUBPAGES=0/1 GAP_MS=63.925 HASH=98b37a057573d7d3
CYCLE=0 PAIR=1047 BUFFER=3 SUBPAGES=0/1 GAP_MS=65.388 HASH=1a32be04727d2eef
CYCLE=0 PAIR=1048 BUFFER=0 SUBPAGES=0/1 GAP_MS=64.054 HASH=d5140151897dd940
CYCLE=0 PAIR=1049 BUFFER=1 SUBPAGES=0/1 GAP_MS=63.803 HASH=b5686c6c621620af
CYCLE=0 PAIR=1050 BUFFER=2 SUBPAGES=0/1 GAP_MS=65.429 HASH=9c1f32dbe52102e7
CYCLE=0 PAIR=1051 BUFFER=3 SUBPAGES=0/1 GAP_MS=62.506 HASH=a9b9735b776b95c9
CYCLE=0 PAIR=1052 BUFFER=0 SUBPAGES=0/1 GAP_MS=63.533 HASH=1b5194fae67e533d
CYCLE=0 PAIR=1053 BUFFER=1 SUBPAGES=0/1 GAP_MS=65.182 HASH=ccef29080c1a4de9
CYCLE=0 PAIR=1054 BUFFER=2 SUBPAGES=0/1 GAP_MS=63.467 HASH=214d5921e0f8e6e7
CYCLE=0 PAIR=1055 BUFFER=3 SUBPAGES=0/1 GAP_MS=63.095 HASH=e735c0d3d99e7f5b
CYCLE=0 PAIR=1056 BUFFER=0 SUBPAGES=0/1 GAP_MS=63.327 HASH=8b970227668defb5
CYCLE=0 PAIR=1057 BUFFER=1 SUBPAGES=0/1 GAP_MS=63.249 HASH=c00086912342b30b
CYCLE=0 PAIR=1058 BUFFER=2 SUBPAGES=0/1 GAP_MS=63.993 HASH=1c7d98af3cb60d28
CYCLE=0 PAIR=1059 BUFFER=3 SUBPAGES=0/1 GAP_MS=64.432 HASH=cfd5614089f99910
CYCLE=0 PAIR=1060 BUFFER=0 SUBPAGES=0/1 GAP_MS=63.153 HASH=3440d98fc9044f1b
CYCLE=0 PAIR=1061 BUFFER=1 SUBPAGES=0/1 GAP_MS=64.812 HASH=81ebe34a1b68daff
CYCLE=0 PAIR=1062 BUFFER=2 SUBPAGES=0/1 GAP_MS=64.400 HASH=f1fa45f98fd79d7e
CYCLE=0 PAIR=1063 BUFFER=3 SUBPAGES=0/1 GAP_MS=63.729 HASH=9f37e150f45f55d5
CYCLE=0 PAIR=1064 BUFFER=0 SUBPAGES=0/1 GAP_MS=62.573 HASH=f2bf037ebed06e5c
CYCLE=0 PAIR=1065 BUFFER=1 SUBPAGES=0/1 GAP_MS=64.544 HASH=51164460e3d36456
CYCLE=0 PAIR=1066 BUFFER=2 SUBPAGES=0/1 GAP_MS=62.942 HASH=600953d71c23ed59
CYCLE=0 PAIR=1067 BUFFER=3 SUBPAGES=0/1 GAP_MS=64.289 HASH=66bd7e01c31e64e9
CYCLE=0 PAIR=1068 BUFFER=0 SUBPAGES=0/1 GAP_MS=64.218 HASH=b51b77aba6bafcc1
CYCLE=0 PAIR=1069 BUFFER=1 SUBPAGES=0/1 GAP_MS=64.445 HASH=59f5daff66db39d9
CYCLE=0 PAIR=1070 BUFFER=2 SUBPAGES=0/1 GAP_MS=63.139 HASH=73ddbe8a4a64e045
CYCLE=0 PAIR=1071 BUFFER=3 SUBPAGES=0/1 GAP_MS=64.654 HASH=5b3038ddcca64d91
CYCLE=0 PAIR=1072 BUFFER=0 SUBPAGES=0/1 GAP_MS=65.798 HASH=8719d9622149660e
CYCLE=0 PAIR=1073 BUFFER=1 SUBPAGES=0/1 GAP_MS=64.108 HASH=c477f9c966393af5
CYCLE=0 PAIR=1074 BUFFER=2 SUBPAGES=0/1 GAP_MS=64.000 HASH=15527dc83fe89d1c
CYCLE=0 PAIR=1075 BUFFER=3 SUBPAGES=0/1 GAP_MS=64.473 HASH=f5ff38230cac23a2
CYCLE=0 PAIR=1076 BUFFER=0 SUBPAGES=0/1 GAP_MS=64.579 HASH=3ffd71d8e1213a2b
CYCLE=0 PAIR=1077 BUFFER=1 SUBPAGES=0/1 GAP_MS=63.974 HASH=0dea3f7fb5d035ac
CYCLE=0 PAIR=1078 BUFFER=2 SUBPAGES=0/1 GAP_MS=62.591 HASH=26d9b3fafcecde0b
CYCLE=0 PAIR=1079 BUFFER=3 SUBPAGES=0/1 GAP_MS=63.281 HASH=3e220b5bbf0397d4
CYCLE=0 PAIR=1080 BUFFER=0 SUBPAGES=0/1 GAP_MS=65.276 HASH=4b81730eec92c441
CYCLE=0 PAIR=1081 BUFFER=1 SUBPAGES=0/1 GAP_MS=64.534 HASH=6f5b0e9366d0f86a
CYCLE=0 PAIR=1082 BUFFER=2 SUBPAGES=0/1 GAP_MS=63.212 HASH=38ec954b64db5fcd
CYCLE=0 PAIR=1083 BUFFER=3 SUBPAGES=0/1 GAP_MS=63.889 HASH=f1c4d4d88e10437b
CYCLE=0 PAIR=1084 BUFFER=0 SUBPAGES=0/1 GAP_MS=63.386 HASH=4a06591e3003c4e5
CYCLE=0 PAIR=1085 BUFFER=1 SUBPAGES=0/1 GAP_MS=63.482 HASH=a3fce14d61827d98
CYCLE=0 PAIR=1086 BUFFER=2 SUBPAGES=0/1 GAP_MS=65.123 HASH=b0ae329a11f5d2f7
CYCLE=0 PAIR=1087 BUFFER=3 SUBPAGES=0/1 GAP_MS=64.546 HASH=0e6705247a67bf55
CYCLE=0 PAIR=1088 BUFFER=0 SUBPAGES=0/1 GAP_MS=65.125 HASH=3a3968de5384ceed
CYCLE=0 PAIR=1089 BUFFER=1 SUBPAGES=0/1 GAP_MS=65.363 HASH=897d79524dfa6981
CYCLE=0 PAIR=1090 BUFFER=2 SUBPAGES=0/1 GAP_MS=63.512 HASH=b8a62e6b73e8f686
CYCLE=0 PAIR=1091 BUFFER=3 SUBPAGES=0/1 GAP_MS=64.230 HASH=f777e7337d96f8b0
CYCLE=0 PAIR=1092 BUFFER=0 SUBPAGES=0/1 GAP_MS=64.214 HASH=e8e1c1dc61aa14c1
CYCLE=0 PAIR=1093 BUFFER=1 SUBPAGES=0/1 GAP_MS=64.830 HASH=80482a6eed399b98
CYCLE=0 PAIR=1094 BUFFER=2 SUBPAGES=0/1 GAP_MS=63.531 HASH=7ddd0a246875bd51
CYCLE=0 PAIR=1095 BUFFER=3 SUBPAGES=0/1 GAP_MS=64.763 HASH=464354bec5ebd11b
CYCLE=0 PAIR=1096 BUFFER=0 SUBPAGES=0/1 GAP_MS=64.866 HASH=c7d9889381e939e7
CYCLE=0 PAIR=1097 BUFFER=1 SUBPAGES=0/1 GAP_MS=64.700 HASH=43d39ccd3e3877e2
CYCLE=0 PAIR=1098 BUFFER=2 SUBPAGES=0/1 GAP_MS=63.135 HASH=310abbce336911a8
CYCLE=0 PAIR=1099 BUFFER=3 SUBPAGES=0/1 GAP_MS=62.836 HASH=ebeeb553b8ea5198
CYCLE=0 PAIR=1100 BUFFER=0 SUBPAGES=0/1 GAP_MS=64.050 HASH=5c92d2644aa1b67c
CYCLE=0 PAIR=1101 BUFFER=1 SUBPAGES=0/1 GAP_MS=62.339 HASH=a9aa0a099a159594
CYCLE=0 PAIR=1102 BUFFER=2 SUBPAGES=0/1 GAP_MS=63.890 HASH=24a1df5d815c4b9b
CYCLE=0 PAIR=1103 BUFFER=3 SUBPAGES=0/1 GAP_MS=64.119 HASH=b8ad336694124f13
CYCLE=0 PAIR=1104 BUFFER=0 SUBPAGES=0/1 GAP_MS=64.258 HASH=9a66e78ad9e0f1e9
CYCLE=0 PAIR=1105 BUFFER=1 SUBPAGES=0/1 GAP_MS=63.915 HASH=2e1edb1805a7b473
CYCLE=0 PAIR=1106 BUFFER=2 SUBPAGES=0/1 GAP_MS=64.182 HASH=fb6670ddfbf3f361
CYCLE=0 PAIR=1107 BUFFER=3 SUBPAGES=0/1 GAP_MS=62.240 HASH=7c1f5bda3acc849c
CYCLE=0 PAIR=1108 BUFFER=0 SUBPAGES=0/1 GAP_MS=64.127 HASH=a35e96206f0c2e88
CYCLE=0 PAIR=1109 BUFFER=1 SUBPAGES=0/1 GAP_MS=63.732 HASH=5a1b57acc248b420
CYCLE=0 PAIR=1110 BUFFER=2 SUBPAGES=0/1 GAP_MS=63.981 HASH=769bee5970bc4bc7
CYCLE=0 PAIR=1111 BUFFER=3 SUBPAGES=0/1 GAP_MS=63.819 HASH=09a39306a9b614cc
CYCLE=0 PAIR=1112 BUFFER=0 SUBPAGES=0/1 GAP_MS=64.206 HASH=ea0a9d62442ef24e
CYCLE=0 PAIR=1113 BUFFER=1 SUBPAGES=0/1 GAP_MS=63.991 HASH=8400aea05aeedc18
CYCLE=0 PAIR=1114 BUFFER=2 SUBPAGES=0/1 GAP_MS=63.319 HASH=d6663e19a501ff52
CYCLE=0 PAIR=1115 BUFFER=3 SUBPAGES=0/1 GAP_MS=64.203 HASH=47e2270bca817622
CYCLE=0 PAIR=1116 BUFFER=0 SUBPAGES=0/1 GAP_MS=64.993 HASH=78d3bb1787324d2b
CYCLE=0 PAIR=1117 BUFFER=1 SUBPAGES=0/1 GAP_MS=62.284 HASH=37eef4d33de5ba8a
CYCLE=0 PAIR=1118 BUFFER=2 SUBPAGES=0/1 GAP_MS=63.918 HASH=2127413e5e8d722f
CYCLE=0 PAIR=1119 BUFFER=3 SUBPAGES=0/1 GAP_MS=65.031 HASH=8ed22a962eb9a136
CYCLE=0 PAIR=1120 BUFFER=0 SUBPAGES=0/1 GAP_MS=62.900 HASH=79c452054c8444fd
CYCLE=0 PAIR=1121 BUFFER=1 SUBPAGES=0/1 GAP_MS=63.317 HASH=b902e09b6849ee10
CYCLE=0 PAIR=1122 BUFFER=2 SUBPAGES=0/1 GAP_MS=63.181 HASH=e5b6c4ebdf61f66f
CYCLE=0 PAIR=1123 BUFFER=3 SUBPAGES=0/1 GAP_MS=63.753 HASH=3d75eea966feebd6
CYCLE=0 PAIR=1124 BUFFER=0 SUBPAGES=0/1 GAP_MS=63.402 HASH=0e70c6fcbd5d6747
CYCLE=0 PAIR=1125 BUFFER=1 SUBPAGES=0/1 GAP_MS=64.780 HASH=22a63ed65fae2a81
CYCLE=0 PAIR=1126 BUFFER=2 SUBPAGES=0/1 GAP_MS=64.678 HASH=f17defb643803897
CYCLE=0 PAIR=1127 BUFFER=3 SUBPAGES=0/1 GAP_MS=63.417 HASH=9fc8ab991ce3f0cc
CYCLE=0 PAIR=1128 BUFFER=0 SUBPAGES=0/1 GAP_MS=64.186 HASH=8c66994088186e69
CYCLE=0 PAIR=1129 BUFFER=1 SUBPAGES=0/1 GAP_MS=64.719 HASH=f595d86e7e542c64
CYCLE=0 PAIR=1130 BUFFER=2 SUBPAGES=0/1 GAP_MS=63.368 HASH=d0fbde0f00965d49
CYCLE=0 PAIR=1131 BUFFER=3 SUBPAGES=0/1 GAP_MS=62.728 HASH=688104c3b6a162eb
CYCLE=0 PAIR=1132 BUFFER=0 SUBPAGES=0/1 GAP_MS=65.386 HASH=54b025003f1870aa
CYCLE=0 PAIR=1133 BUFFER=1 SUBPAGES=0/1 GAP_MS=64.322 HASH=04aded8ca93328d7
CYCLE=0 PAIR=1134 BUFFER=2 SUBPAGES=0/1 GAP_MS=63.198 HASH=efcac9c3eb29d829
CYCLE=0 PAIR=1135 BUFFER=3 SUBPAGES=0/1 GAP_MS=64.608 HASH=045282c8c3f34fe1
CYCLE=0 PAIR=1136 BUFFER=0 SUBPAGES=0/1 GAP_MS=64.412 HASH=c37d784d4e829168
CYCLE=0 PAIR=1137 BUFFER=1 SUBPAGES=0/1 GAP_MS=65.122 HASH=61fa439bcebc2a32
CYCLE=0 PAIR=1138 BUFFER=2 SUBPAGES=0/1 GAP_MS=63.248 HASH=f73f63b997c3861c
CYCLE=0 PAIR=1139 BUFFER=3 SUBPAGES=0/1 GAP_MS=63.588 HASH=e4e583ebde28b1e0
CYCLE=0 PAIR=1140 BUFFER=0 SUBPAGES=0/1 GAP_MS=64.279 HASH=f73fab888131cab7
CYCLE=0 PAIR=1141 BUFFER=1 SUBPAGES=0/1 GAP_MS=65.385 HASH=908aee10159b3696
CYCLE=0 PAIR=1142 BUFFER=2 SUBPAGES=0/1 GAP_MS=64.480 HASH=b54534a17952a17f
CYCLE=0 PAIR=1143 BUFFER=3 SUBPAGES=0/1 GAP_MS=63.239 HASH=bed06f035610e7bb
CYCLE=0 PAIR=1144 BUFFER=0 SUBPAGES=0/1 GAP_MS=62.956 HASH=29cd2e8778612a87
CYCLE=0 PAIR=1145 BUFFER=1 SUBPAGES=0/1 GAP_MS=63.977 HASH=8c5b62a91a3af29a
CYCLE=0 PAIR=1146 BUFFER=2 SUBPAGES=0/1 GAP_MS=64.371 HASH=6f96e0e11ed7c7f0
CYCLE=0 PAIR=1147 BUFFER=3 SUBPAGES=0/1 GAP_MS=62.019 HASH=d37e24044bf938d5
CYCLE=0 PAIR=1148 BUFFER=0 SUBPAGES=0/1 GAP_MS=64.129 HASH=9010bfed4a6cc39c
CYCLE=0 PAIR=1149 BUFFER=1 SUBPAGES=0/1 GAP_MS=63.778 HASH=298254496f63db41
CYCLE=0 PAIR=1150 BUFFER=2 SUBPAGES=0/1 GAP_MS=63.477 HASH=d13342fd3a170b64
CYCLE=0 PAIR=1151 BUFFER=3 SUBPAGES=0/1 GAP_MS=65.103 HASH=d1a68fd21d4148d1
CYCLE=0 PAIR=1152 BUFFER=0 SUBPAGES=0/1 GAP_MS=63.135 HASH=040cad3c1304b9cc
CYCLE=0 PAIR=1153 BUFFER=1 SUBPAGES=0/1 GAP_MS=63.677 HASH=e4206edc8c1c4171
CYCLE=0 PAIR=1154 BUFFER=2 SUBPAGES=0/1 GAP_MS=62.773 HASH=04802cbd73e18e66
CYCLE=0 PAIR=1155 BUFFER=3 SUBPAGES=0/1 GAP_MS=63.547 HASH=cb105a740086153d
CYCLE=0 PAIR=1156 BUFFER=0 SUBPAGES=0/1 GAP_MS=63.148 HASH=adf66d7d9f07961c
CYCLE=0 PAIR=1157 BUFFER=1 SUBPAGES=0/1 GAP_MS=63.082 HASH=5ddd2ceebb855cba
CYCLE=0 PAIR=1158 BUFFER=2 SUBPAGES=0/1 GAP_MS=63.207 HASH=8806f1fdd2a98a97
CYCLE=0 PAIR=1159 BUFFER=3 SUBPAGES=0/1 GAP_MS=63.430 HASH=0ec91452f4024405
CYCLE=0 PAIR=1160 BUFFER=0 SUBPAGES=0/1 GAP_MS=63.883 HASH=56c36e4e90ec9205
CYCLE=0 PAIR=1161 BUFFER=1 SUBPAGES=0/1 GAP_MS=62.770 HASH=8cce16e03c20884f
CYCLE=0 PAIR=1162 BUFFER=2 SUBPAGES=0/1 GAP_MS=64.003 HASH=e5462e81f9ade808
CYCLE=0 PAIR=1163 BUFFER=3 SUBPAGES=0/1 GAP_MS=63.050 HASH=081307a444691427
CYCLE=0 PAIR=1164 BUFFER=0 SUBPAGES=0/1 GAP_MS=63.321 HASH=5ac3e5813aae9330
CYCLE=0 PAIR=1165 BUFFER=1 SUBPAGES=0/1 GAP_MS=63.845 HASH=c3afa51d966310ff
CYCLE=0 PAIR=1166 BUFFER=2 SUBPAGES=0/1 GAP_MS=62.138 HASH=ed1c96b1214f6d4c
CYCLE=0 PAIR=1167 BUFFER=3 SUBPAGES=0/1 GAP_MS=64.139 HASH=dd2eddf1edb34a09
CYCLE=0 PAIR=1168 BUFFER=0 SUBPAGES=0/1 GAP_MS=64.672 HASH=586c8585042550ca
CYCLE=0 PAIR=1169 BUFFER=1 SUBPAGES=0/1 GAP_MS=62.660 HASH=adf7856960ea9541
CYCLE=0 PAIR=1170 BUFFER=2 SUBPAGES=0/1 GAP_MS=63.616 HASH=291beadc2a8704a1
CYCLE=0 PAIR=1171 BUFFER=3 SUBPAGES=0/1 GAP_MS=64.135 HASH=e879607728ba2915
CYCLE=0 PAIR=1172 BUFFER=0 SUBPAGES=0/1 GAP_MS=63.752 HASH=b0eda86362328135
CYCLE=0 PAIR=1173 BUFFER=1 SUBPAGES=0/1 GAP_MS=64.030 HASH=5175b3d2b3f96749
CYCLE=0 PAIR=1174 BUFFER=2 SUBPAGES=0/1 GAP_MS=64.428 HASH=d4d8787d1362b84f
CYCLE=0 PAIR=1175 BUFFER=3 SUBPAGES=0/1 GAP_MS=63.002 HASH=5c95ff58fee3c057
CYCLE=0 PAIR=1176 BUFFER=0 SUBPAGES=0/1 GAP_MS=63.433 HASH=f5b6e09585662927
CYCLE=0 PAIR=1177 BUFFER=1 SUBPAGES=0/1 GAP_MS=64.567 HASH=c27dc0614b340fcc
CYCLE=0 PAIR=1178 BUFFER=2 SUBPAGES=0/1 GAP_MS=62.747 HASH=0d9f9f49495dea83
CYCLE=0 PAIR=1179 BUFFER=3 SUBPAGES=0/1 GAP_MS=62.444 HASH=a5dbf94c161041e9
CYCLE=0 PAIR=1180 BUFFER=0 SUBPAGES=0/1 GAP_MS=62.797 HASH=3a0a4087919ac21f
CYCLE=0 PAIR=1181 BUFFER=1 SUBPAGES=0/1 GAP_MS=63.385 HASH=2e9a9fc69680d744
CYCLE=0 PAIR=1182 BUFFER=2 SUBPAGES=0/1 GAP_MS=62.845 HASH=2f9181f000a49876
CYCLE=0 PAIR=1183 BUFFER=3 SUBPAGES=0/1 GAP_MS=63.411 HASH=06682e477ca08061
CYCLE=0 PAIR=1184 BUFFER=0 SUBPAGES=0/1 GAP_MS=63.592 HASH=24f81b82b32710c2
CYCLE=0 PAIR=1185 BUFFER=1 SUBPAGES=0/1 GAP_MS=62.890 HASH=ae6fec5a7f81f1e6
CYCLE=0 PAIR=1186 BUFFER=2 SUBPAGES=0/1 GAP_MS=63.270 HASH=c21e7df8601d52ac
CYCLE=0 PAIR=1187 BUFFER=3 SUBPAGES=0/1 GAP_MS=64.034 HASH=943abf955824db29
CYCLE=0 PAIR=1188 BUFFER=0 SUBPAGES=0/1 GAP_MS=63.799 HASH=206f48c90692f867
CYCLE=0 PAIR=1189 BUFFER=1 SUBPAGES=0/1 GAP_MS=63.243 HASH=8d77554245a5640c
CYCLE=0 PAIR=1190 BUFFER=2 SUBPAGES=0/1 GAP_MS=63.580 HASH=63068763cea88f49
CYCLE=0 PAIR=1191 BUFFER=3 SUBPAGES=0/1 GAP_MS=62.504 HASH=ce6bf36ead1d1bff
CYCLE=0 PAIR=1192 BUFFER=0 SUBPAGES=0/1 GAP_MS=64.430 HASH=6da6eda7d9267c49
CYCLE=0 PAIR=1193 BUFFER=1 SUBPAGES=0/1 GAP_MS=63.461 HASH=381c4c128aba5299
CYCLE=0 PAIR=1194 BUFFER=2 SUBPAGES=0/1 GAP_MS=63.656 HASH=57ef3502fda454f9
CYCLE=0 PAIR=1195 BUFFER=3 SUBPAGES=0/1 GAP_MS=62.755 HASH=87156a8113e15ced
CYCLE=0 PAIR=1196 BUFFER=0 SUBPAGES=0/1 GAP_MS=63.029 HASH=f7dcff49764ddcfc
CYCLE=0 PAIR=1197 BUFFER=1 SUBPAGES=0/1 GAP_MS=63.185 HASH=0814c6aaaa32ff3a
CYCLE=0 PAIR=1198 BUFFER=2 SUBPAGES=0/1 GAP_MS=62.304 HASH=fc7350da35f83b99
CYCLE=0 PAIR=1199 BUFFER=3 SUBPAGES=0/1 GAP_MS=63.625 HASH=85f3896b108342e2
CYCLE=0 PAIR=1200 BUFFER=0 SUBPAGES=0/1 GAP_MS=64.209 HASH=9993483135f390af
CYCLE=0 PAIR=1201 BUFFER=1 SUBPAGES=0/1 GAP_MS=63.898 HASH=d61c2ba1c4c3b40c
CYCLE=0 PAIR=1202 BUFFER=2 SUBPAGES=0/1 GAP_MS=63.590 HASH=74eb5d429937f4d2
CYCLE=0 PAIR=1203 BUFFER=3 SUBPAGES=0/1 GAP_MS=64.514 HASH=0cfca73ef8ef9a50
CYCLE=0 PAIR=1204 BUFFER=0 SUBPAGES=0/1 GAP_MS=65.126 HASH=8e2efe75e6108896
CYCLE=0 PAIR=1205 BUFFER=1 SUBPAGES=0/1 GAP_MS=64.319 HASH=c7146150d1f32c8e
CYCLE=0 PAIR=1206 BUFFER=2 SUBPAGES=0/1 GAP_MS=62.123 HASH=c9f08cac494dd5c3
CYCLE=0 PAIR=1207 BUFFER=3 SUBPAGES=0/1 GAP_MS=63.429 HASH=8df71e50ded5e842
CYCLE=0 PAIR=1208 BUFFER=0 SUBPAGES=0/1 GAP_MS=64.642 HASH=ab184960b072b160
CYCLE=0 PAIR=1209 BUFFER=1 SUBPAGES=0/1 GAP_MS=63.380 HASH=bacb492234f582fe
CYCLE=0 PAIR=1210 BUFFER=2 SUBPAGES=0/1 GAP_MS=64.447 HASH=c8f0108ce6a65d2f
CYCLE=0 PAIR=1211 BUFFER=3 SUBPAGES=0/1 GAP_MS=63.120 HASH=0060cb3e85afb885
CYCLE=0 PAIR=1212 BUFFER=0 SUBPAGES=0/1 GAP_MS=63.656 HASH=fb7b8938c80b6a36
CYCLE=0 PAIR=1213 BUFFER=1 SUBPAGES=0/1 GAP_MS=64.308 HASH=be8f55be412a42dd
CYCLE=0 PAIR=1214 BUFFER=2 SUBPAGES=0/1 GAP_MS=64.224 HASH=a8a1f82101c2b6ea
CYCLE=0 PAIR=1215 BUFFER=3 SUBPAGES=0/1 GAP_MS=63.707 HASH=f63cabdb2aac30af
CYCLE=0 PAIR=1216 BUFFER=0 SUBPAGES=0/1 GAP_MS=64.776 HASH=7b6cb8bcf5ee8f4b
CYCLE=0 PAIR=1217 BUFFER=1 SUBPAGES=0/1 GAP_MS=65.602 HASH=7ceab8db06696d2d
CYCLE=0 PAIR=1218 BUFFER=2 SUBPAGES=0/1 GAP_MS=64.241 HASH=552609af227544bf
CYCLE=0 PAIR=1219 BUFFER=3 SUBPAGES=0/1 GAP_MS=61.898 HASH=199b7fccdfc499bd
CYCLE=0 PAIR=1220 BUFFER=0 SUBPAGES=0/1 GAP_MS=64.377 HASH=dcd2d744d00b98ea
CYCLE=0 PAIR=1221 BUFFER=1 SUBPAGES=0/1 GAP_MS=63.357 HASH=44eeeb5bc7e872ec
CYCLE=0 PAIR=1222 BUFFER=2 SUBPAGES=0/1 GAP_MS=63.646 HASH=7f4bf7f8a56de33a
CYCLE=0 PAIR=1223 BUFFER=3 SUBPAGES=0/1 GAP_MS=64.105 HASH=1919de038f935341
CYCLE=0 PAIR=1224 BUFFER=0 SUBPAGES=0/1 GAP_MS=62.806 HASH=93d56aa0dd52a84d
CYCLE=0 PAIR=1225 BUFFER=1 SUBPAGES=0/1 GAP_MS=63.437 HASH=3d000aec596905b5
CYCLE=0 PAIR=1226 BUFFER=2 SUBPAGES=0/1 GAP_MS=65.232 HASH=157c154fb4f097b9
CYCLE=0 PAIR=1227 BUFFER=3 SUBPAGES=0/1 GAP_MS=64.115 HASH=986832f84d61acea
CYCLE=0 PAIR=1228 BUFFER=0 SUBPAGES=0/1 GAP_MS=62.864 HASH=a6cfb9dfc9ddce0a
CYCLE=0 PAIR=1229 BUFFER=1 SUBPAGES=0/1 GAP_MS=63.666 HASH=e83c54d62e53ab84
CYCLE=0 PAIR=1230 BUFFER=2 SUBPAGES=0/1 GAP_MS=63.922 HASH=b9f79c35f7882ec5
CYCLE=0 PAIR=1231 BUFFER=3 SUBPAGES=0/1 GAP_MS=64.782 HASH=daeffa0ac091d893
CYCLE=0 PAIR=1232 BUFFER=0 SUBPAGES=0/1 GAP_MS=63.861 HASH=83b5878271be0da9
CYCLE=0 PAIR=1233 BUFFER=1 SUBPAGES=0/1 GAP_MS=64.811 HASH=557b22da0d695a4d
CYCLE=0 PAIR=1234 BUFFER=2 SUBPAGES=0/1 GAP_MS=64.094 HASH=f0b48d5d6ba87a9c
CYCLE=0 PAIR=1235 BUFFER=3 SUBPAGES=0/1 GAP_MS=64.220 HASH=5ce1b553e72b98dd
CYCLE=0 PAIR=1236 BUFFER=0 SUBPAGES=0/1 GAP_MS=62.591 HASH=99f2ed935c9e90b6
CYCLE=0 PAIR=1237 BUFFER=1 SUBPAGES=0/1 GAP_MS=63.223 HASH=6a006adf9724b9eb
CYCLE=0 PAIR=1238 BUFFER=2 SUBPAGES=0/1 GAP_MS=62.411 HASH=72606075ff778663
CYCLE=0 PAIR=1239 BUFFER=3 SUBPAGES=0/1 GAP_MS=62.559 HASH=229a97ac4d9074fc
CYCLE=0 PAIR=1240 BUFFER=0 SUBPAGES=0/1 GAP_MS=63.708 HASH=a8dc4702c3977551
CYCLE=0 PAIR=1241 BUFFER=1 SUBPAGES=0/1 GAP_MS=63.419 HASH=a44bb47d3ab92a41
CYCLE=0 PAIR=1242 BUFFER=2 SUBPAGES=0/1 GAP_MS=62.735 HASH=d54337900ea868d9
CYCLE=0 PAIR=1243 BUFFER=3 SUBPAGES=0/1 GAP_MS=63.066 HASH=fc27bc8ae5db9889
CYCLE=0 PAIR=1244 BUFFER=0 SUBPAGES=0/1 GAP_MS=64.269 HASH=2b26f3326102e2b4
CYCLE=0 PAIR=1245 BUFFER=1 SUBPAGES=0/1 GAP_MS=63.982 HASH=4e2503f36bb8416b
CYCLE=0 PAIR=1246 BUFFER=2 SUBPAGES=0/1 GAP_MS=63.962 HASH=f3a2c593d1f15e45
CYCLE=0 PAIR=1247 BUFFER=3 SUBPAGES=0/1 GAP_MS=64.327 HASH=1ea4f846f3ac93c5
CYCLE=0 PAIR=1248 BUFFER=0 SUBPAGES=0/1 GAP_MS=65.388 HASH=bceab92ab1df9a38
CYCLE=0 PAIR=1249 BUFFER=1 SUBPAGES=0/1 GAP_MS=63.447 HASH=74d2d189b9ecfb37
CYCLE=0 PAIR=1250 BUFFER=2 SUBPAGES=0/1 GAP_MS=63.764 HASH=33b22756957583c4
CYCLE=0 PAIR=1251 BUFFER=3 SUBPAGES=0/1 GAP_MS=64.098 HASH=00022f373153a3ee
CYCLE=0 PAIR=1252 BUFFER=0 SUBPAGES=0/1 GAP_MS=66.517 HASH=f6fd33fbff1a83c3
CYCLE=0 PAIR=1253 BUFFER=1 SUBPAGES=0/1 GAP_MS=63.813 HASH=a95268425c629a93
CYCLE=0 PAIR=1254 BUFFER=2 SUBPAGES=0/1 GAP_MS=63.354 HASH=85c5f1144e5ab1e1
CYCLE=0 PAIR=1255 BUFFER=3 SUBPAGES=0/1 GAP_MS=65.383 HASH=734f99b7bc61c52b
CYCLE=0 PAIR=1256 BUFFER=0 SUBPAGES=0/1 GAP_MS=64.532 HASH=2e0a13353d9f77c6
CYCLE=0 PAIR=1257 BUFFER=1 SUBPAGES=0/1 GAP_MS=63.275 HASH=dd22fb80274449c4
CYCLE=0 PAIR=1258 BUFFER=2 SUBPAGES=0/1 GAP_MS=62.802 HASH=13ab85cd12a1248a
CYCLE=0 PAIR=1259 BUFFER=3 SUBPAGES=0/1 GAP_MS=63.144 HASH=f55d7be664f1390c
CYCLE=0 PAIR=1260 BUFFER=0 SUBPAGES=0/1 GAP_MS=64.598 HASH=448798a53fe2ecf6
CYCLE=0 PAIR=1261 BUFFER=1 SUBPAGES=0/1 GAP_MS=63.829 HASH=259ba5a37e37fa3e
CYCLE=0 PAIR=1262 BUFFER=2 SUBPAGES=0/1 GAP_MS=64.103 HASH=6c466bcbd5117075
CYCLE=0 PAIR=1263 BUFFER=3 SUBPAGES=0/1 GAP_MS=65.321 HASH=2be83d4abf5a2aa6
CYCLE=0 PAIR=1264 BUFFER=0 SUBPAGES=0/1 GAP_MS=63.372 HASH=db266d12b2c5d50d
CYCLE=0 PAIR=1265 BUFFER=1 SUBPAGES=0/1 GAP_MS=64.184 HASH=5e8f53c94453d0a2
CYCLE=0 PAIR=1266 BUFFER=2 SUBPAGES=0/1 GAP_MS=63.924 HASH=2e8fd8802c7be6ea
CYCLE=0 PAIR=1267 BUFFER=3 SUBPAGES=0/1 GAP_MS=64.261 HASH=48edde694c312941
CYCLE=0 PAIR=1268 BUFFER=0 SUBPAGES=0/1 GAP_MS=63.142 HASH=7210230b6097e3ce
CYCLE=0 PAIR=1269 BUFFER=1 SUBPAGES=0/1 GAP_MS=63.957 HASH=dd82671def4737cb
CYCLE=0 PAIR=1270 BUFFER=2 SUBPAGES=0/1 GAP_MS=63.450 HASH=fa1a227bef0566bc
CYCLE=0 PAIR=1271 BUFFER=3 SUBPAGES=0/1 GAP_MS=64.698 HASH=53b853eb1a264acf
CYCLE=0 PAIR=1272 BUFFER=0 SUBPAGES=0/1 GAP_MS=64.567 HASH=1e4dccc04248eca1
CYCLE=0 PAIR=1273 BUFFER=1 SUBPAGES=0/1 GAP_MS=63.771 HASH=f218e6efaece4eb3
CYCLE=0 PAIR=1274 BUFFER=2 SUBPAGES=0/1 GAP_MS=63.057 HASH=4d5844baeae37006
CYCLE=0 PAIR=1275 BUFFER=3 SUBPAGES=0/1 GAP_MS=64.368 HASH=3fe9c3f5eed41f0e
CYCLE=0 PAIR=1276 BUFFER=0 SUBPAGES=0/1 GAP_MS=63.613 HASH=b745e0f4c5b9769c
CYCLE=0 PAIR=1277 BUFFER=1 SUBPAGES=0/1 GAP_MS=64.160 HASH=ea1cda58b23b75ce
CYCLE=0 PAIR=1278 BUFFER=2 SUBPAGES=0/1 GAP_MS=63.261 HASH=50a4273b3cef36d9
CYCLE=0 PAIR=1279 BUFFER=3 SUBPAGES=0/1 GAP_MS=64.007 HASH=cf2d3f00e78d6d9b
CYCLE=0 PAIR=1280 BUFFER=0 SUBPAGES=0/1 GAP_MS=64.289 HASH=7f09fdbb2126fb0f
CYCLE=0 PAIR=1281 BUFFER=1 SUBPAGES=0/1 GAP_MS=62.679 HASH=6dc91234042eba22
CYCLE=0 PAIR=1282 BUFFER=2 SUBPAGES=0/1 GAP_MS=64.750 HASH=9efd40b651540ee9
CYCLE=0 PAIR=1283 BUFFER=3 SUBPAGES=0/1 GAP_MS=65.057 HASH=0a46af2be4692163
CYCLE=0 PAIR=1284 BUFFER=0 SUBPAGES=0/1 GAP_MS=63.774 HASH=34a9309d07e32109
CYCLE=0 PAIR=1285 BUFFER=1 SUBPAGES=0/1 GAP_MS=64.042 HASH=179855cdbde2cb3e
CYCLE=0 PAIR=1286 BUFFER=2 SUBPAGES=0/1 GAP_MS=64.071 HASH=6cbe4970a4746229
CYCLE=0 PAIR=1287 BUFFER=3 SUBPAGES=0/1 GAP_MS=64.750 HASH=23108e2694c0fd17
CYCLE=0 PAIR=1288 BUFFER=0 SUBPAGES=0/1 GAP_MS=62.516 HASH=3045325cec99ee1f
CYCLE=0 PAIR=1289 BUFFER=1 SUBPAGES=0/1 GAP_MS=64.681 HASH=786d5058dbd14b1b
CYCLE=0 PAIR=1290 BUFFER=2 SUBPAGES=0/1 GAP_MS=63.575 HASH=85c5d74ea72cb5c5
CYCLE=0 PAIR=1291 BUFFER=3 SUBPAGES=0/1 GAP_MS=63.365 HASH=60aded1922857319
CYCLE=0 PAIR=1292 BUFFER=0 SUBPAGES=0/1 GAP_MS=62.794 HASH=49f54ae0ba546678
CYCLE=0 PAIR=1293 BUFFER=1 SUBPAGES=0/1 GAP_MS=63.472 HASH=57b890aa0d424553
CYCLE=0 PAIR=1294 BUFFER=2 SUBPAGES=0/1 GAP_MS=64.152 HASH=136866089cc7266c
CYCLE=0 PAIR=1295 BUFFER=3 SUBPAGES=0/1 GAP_MS=65.180 HASH=4c6114a22bf2e404
CYCLE=0 PAIR=1296 BUFFER=0 SUBPAGES=0/1 GAP_MS=65.262 HASH=81cf2754ab95cf28
CYCLE=0 PAIR=1297 BUFFER=1 SUBPAGES=0/1 GAP_MS=64.431 HASH=6c4f1887b0dc7103
CYCLE=0 PAIR=1298 BUFFER=2 SUBPAGES=0/1 GAP_MS=63.557 HASH=7506cbd9d969311b
CYCLE=0 PAIR=1299 BUFFER=3 SUBPAGES=0/1 GAP_MS=63.806 HASH=6c7f585d7b297703
CYCLE=0 PAIR=1300 BUFFER=0 SUBPAGES=0/1 GAP_MS=65.052 HASH=2277da39de7c428d
CYCLE=0 PAIR=1301 BUFFER=1 SUBPAGES=0/1 GAP_MS=64.316 HASH=10067855bc9f7f1b
CYCLE=0 PAIR=1302 BUFFER=2 SUBPAGES=0/1 GAP_MS=63.820 HASH=b1e2bfd1316d265f
CYCLE=0 PAIR=1303 BUFFER=3 SUBPAGES=0/1 GAP_MS=64.388 HASH=d31eab9329ce3f3d
CYCLE=0 PAIR=1304 BUFFER=0 SUBPAGES=0/1 GAP_MS=64.101 HASH=96b2d4ad562c4323
CYCLE=0 PAIR=1305 BUFFER=1 SUBPAGES=0/1 GAP_MS=63.637 HASH=7455fcd3faf3b084
CYCLE=0 PAIR=1306 BUFFER=2 SUBPAGES=0/1 GAP_MS=62.966 HASH=0545514f38c59028
CYCLE=0 PAIR=1307 BUFFER=3 SUBPAGES=0/1 GAP_MS=64.234 HASH=4be9e22081b915b4
CYCLE=0 PAIR=1308 BUFFER=0 SUBPAGES=0/1 GAP_MS=64.246 HASH=02e18f5a366ea23c
CYCLE=0 PAIR=1309 BUFFER=1 SUBPAGES=0/1 GAP_MS=63.811 HASH=e96560566f9c5b21
CYCLE=0 PAIR=1310 BUFFER=2 SUBPAGES=0/1 GAP_MS=64.299 HASH=eac6d8e6c6b011e8
CYCLE=0 PAIR=1311 BUFFER=3 SUBPAGES=0/1 GAP_MS=63.389 HASH=a9edd656e15e042b
CYCLE=0 PAIR=1312 BUFFER=0 SUBPAGES=0/1 GAP_MS=64.761 HASH=93c66f58f4ba70d7
CYCLE=0 PAIR=1313 BUFFER=1 SUBPAGES=0/1 GAP_MS=64.021 HASH=cc6e2a746af44ccb
CYCLE=0 PAIR=1314 BUFFER=2 SUBPAGES=0/1 GAP_MS=64.010 HASH=eac3a396e9cb1b45
CYCLE=0 PAIR=1315 BUFFER=3 SUBPAGES=0/1 GAP_MS=64.133 HASH=bb704e00cf21cc28
CYCLE=0 PAIR=1316 BUFFER=0 SUBPAGES=0/1 GAP_MS=64.003 HASH=1d2a820085870368
CYCLE=0 PAIR=1317 BUFFER=1 SUBPAGES=0/1 GAP_MS=64.707 HASH=b2656cce4f376c75
CYCLE=0 PAIR=1318 BUFFER=2 SUBPAGES=0/1 GAP_MS=63.235 HASH=1e8e7a7febc4a419
CYCLE=0 PAIR=1319 BUFFER=3 SUBPAGES=0/1 GAP_MS=64.026 HASH=33447cb44f1b8077
CYCLE=0 PAIR=1320 BUFFER=0 SUBPAGES=0/1 GAP_MS=64.268 HASH=6cbc34300fbe5a03
CYCLE=0 PAIR=1321 BUFFER=1 SUBPAGES=0/1 GAP_MS=62.525 HASH=bd5c1010e795cadb
CYCLE=0 PAIR=1322 BUFFER=2 SUBPAGES=0/1 GAP_MS=64.113 HASH=42dfafc62037e807
CYCLE=0 PAIR=1323 BUFFER=3 SUBPAGES=0/1 GAP_MS=63.557 HASH=4ff7165a5f727fc3
CYCLE=0 PAIR=1324 BUFFER=0 SUBPAGES=0/1 GAP_MS=64.817 HASH=7c9be358cc3c2809
CYCLE=0 PAIR=1325 BUFFER=1 SUBPAGES=0/1 GAP_MS=63.875 HASH=7916e18694f6d026
CYCLE=0 PAIR=1326 BUFFER=2 SUBPAGES=0/1 GAP_MS=64.154 HASH=0324e42c5efa1ee8
CYCLE=0 PAIR=1327 BUFFER=3 SUBPAGES=0/1 GAP_MS=63.910 HASH=0ab2796b53139508
CYCLE=0 PAIR=1328 BUFFER=0 SUBPAGES=0/1 GAP_MS=65.382 HASH=bc266fd60538bc9d
CYCLE=0 PAIR=1329 BUFFER=1 SUBPAGES=0/1 GAP_MS=63.361 HASH=1f1748f944612712
CYCLE=0 PAIR=1330 BUFFER=2 SUBPAGES=0/1 GAP_MS=62.599 HASH=4e5015417766d54f
CYCLE=0 PAIR=1331 BUFFER=3 SUBPAGES=0/1 GAP_MS=63.966 HASH=ba715aefcc642a28
CYCLE=0 PAIR=1332 BUFFER=0 SUBPAGES=0/1 GAP_MS=64.762 HASH=73898b6100b7372a
CYCLE=0 PAIR=1333 BUFFER=1 SUBPAGES=0/1 GAP_MS=65.088 HASH=28cc3144ac75b556
CYCLE=0 PAIR=1334 BUFFER=2 SUBPAGES=0/1 GAP_MS=63.243 HASH=989ad456b640768f
CYCLE=0 PAIR=1335 BUFFER=3 SUBPAGES=0/1 GAP_MS=65.004 HASH=48520dcf6226b888
CYCLE=0 PAIR=1336 BUFFER=0 SUBPAGES=0/1 GAP_MS=64.806 HASH=ddc8868313a9bd15
CYCLE=0 PAIR=1337 BUFFER=1 SUBPAGES=0/1 GAP_MS=64.438 HASH=c8c1c492038a37c7
CYCLE=0 PAIR=1338 BUFFER=2 SUBPAGES=0/1 GAP_MS=64.579 HASH=2ae70296822390c6
CYCLE=0 PAIR=1339 BUFFER=3 SUBPAGES=0/1 GAP_MS=64.763 HASH=5c59da6670f31d4d
CYCLE=0 PAIR=1340 BUFFER=0 SUBPAGES=0/1 GAP_MS=62.756 HASH=d1db5987d4187830
CYCLE=0 PAIR=1341 BUFFER=1 SUBPAGES=0/1 GAP_MS=64.470 HASH=be8752024a3bd116
CYCLE=0 PAIR=1342 BUFFER=2 SUBPAGES=0/1 GAP_MS=63.973 HASH=e271137de5cbf4b4
CYCLE=0 PAIR=1343 BUFFER=3 SUBPAGES=0/1 GAP_MS=63.047 HASH=9b7475c4b47a739d
CYCLE=0 PAIR=1344 BUFFER=0 SUBPAGES=0/1 GAP_MS=63.113 HASH=d6e80fb273f3e280
CYCLE=0 PAIR=1345 BUFFER=1 SUBPAGES=0/1 GAP_MS=65.108 HASH=6b581c226c735db1
CYCLE=0 PAIR=1346 BUFFER=2 SUBPAGES=0/1 GAP_MS=64.575 HASH=589073a65b4bb8c0
CYCLE=0 PAIR=1347 BUFFER=3 SUBPAGES=0/1 GAP_MS=62.598 HASH=bdffcf4c2ca5456e
CYCLE=0 PAIR=1348 BUFFER=0 SUBPAGES=0/1 GAP_MS=64.806 HASH=cc3fc99109fcae5f
CYCLE=0 PAIR=1349 BUFFER=1 SUBPAGES=0/1 GAP_MS=64.346 HASH=c8d3b35f773ba0b8
CYCLE=0 PAIR=1350 BUFFER=2 SUBPAGES=0/1 GAP_MS=63.918 HASH=d81315220f7d9160
CYCLE=0 PAIR=1351 BUFFER=3 SUBPAGES=0/1 GAP_MS=63.889 HASH=e67bfa5746cd7004
CYCLE=0 PAIR=1352 BUFFER=0 SUBPAGES=0/1 GAP_MS=63.704 HASH=d2b81b43f52fbbbd
CYCLE=0 PAIR=1353 BUFFER=1 SUBPAGES=0/1 GAP_MS=64.321 HASH=5375585bf245a372
CYCLE=0 PAIR=1354 BUFFER=2 SUBPAGES=0/1 GAP_MS=62.948 HASH=91c97c233f26cd37
CYCLE=0 PAIR=1355 BUFFER=3 SUBPAGES=0/1 GAP_MS=63.908 HASH=40a61aae7aa1f006
CYCLE=0 PAIR=1356 BUFFER=0 SUBPAGES=0/1 GAP_MS=64.089 HASH=a956dbb654b21f61
CYCLE=0 PAIR=1357 BUFFER=1 SUBPAGES=0/1 GAP_MS=63.423 HASH=4a8a6b6e8d240fe1
CYCLE=0 PAIR=1358 BUFFER=2 SUBPAGES=0/1 GAP_MS=63.730 HASH=cf6a813f14f8955d
CYCLE=0 PAIR=1359 BUFFER=3 SUBPAGES=0/1 GAP_MS=64.605 HASH=5a243e1863a9ae94
CYCLE=0 PAIR=1360 BUFFER=0 SUBPAGES=0/1 GAP_MS=65.007 HASH=b8a7d8abfdb45158
CYCLE=0 PAIR=1361 BUFFER=1 SUBPAGES=0/1 GAP_MS=63.237 HASH=81e4eb9d1320900d
CYCLE=0 PAIR=1362 BUFFER=2 SUBPAGES=0/1 GAP_MS=64.065 HASH=857970d056bb45d6
CYCLE=0 PAIR=1363 BUFFER=3 SUBPAGES=0/1 GAP_MS=64.768 HASH=ce13b36080341b0b
CYCLE=0 PAIR=1364 BUFFER=0 SUBPAGES=0/1 GAP_MS=63.101 HASH=f2a502e237e9528f
CYCLE=0 PAIR=1365 BUFFER=1 SUBPAGES=0/1 GAP_MS=63.783 HASH=04ec4935a4b02828
CYCLE=0 PAIR=1366 BUFFER=2 SUBPAGES=0/1 GAP_MS=65.332 HASH=0f134ddb0d829f86
CYCLE=0 PAIR=1367 BUFFER=3 SUBPAGES=0/1 GAP_MS=65.201 HASH=bddece6e4d8e7636
CYCLE=0 PAIR=1368 BUFFER=0 SUBPAGES=0/1 GAP_MS=64.657 HASH=a75f9c416b687ac2
CYCLE=0 PAIR=1369 BUFFER=1 SUBPAGES=0/1 GAP_MS=63.727 HASH=ded03bac7c2309d8
CYCLE=0 PAIR=1370 BUFFER=2 SUBPAGES=0/1 GAP_MS=64.229 HASH=64cff08e8b3182d4
CYCLE=0 PAIR=1371 BUFFER=3 SUBPAGES=0/1 GAP_MS=64.759 HASH=27e5bcfc809f0472
CYCLE=0 PAIR=1372 BUFFER=0 SUBPAGES=0/1 GAP_MS=64.186 HASH=f29d1ebb3dad8785
CYCLE=0 PAIR=1373 BUFFER=1 SUBPAGES=0/1 GAP_MS=62.806 HASH=6d8ae690eed27d63
CYCLE=0 PAIR=1374 BUFFER=2 SUBPAGES=0/1 GAP_MS=65.734 HASH=6ecd210410b81d1b
CYCLE=0 PAIR=1375 BUFFER=3 SUBPAGES=0/1 GAP_MS=64.750 HASH=dcb5560a9da85c57
CYCLE=0 PAIR=1376 BUFFER=0 SUBPAGES=0/1 GAP_MS=62.922 HASH=eec9dd993159b1fe
CYCLE=0 PAIR=1377 BUFFER=1 SUBPAGES=0/1 GAP_MS=63.874 HASH=804e116d89dcd68d
CYCLE=0 PAIR=1378 BUFFER=2 SUBPAGES=0/1 GAP_MS=65.350 HASH=bb0da58c1e6be4af
CYCLE=0 PAIR=1379 BUFFER=3 SUBPAGES=0/1 GAP_MS=63.663 HASH=8ae6a6edab44e98d
CYCLE=0 PAIR=1380 BUFFER=0 SUBPAGES=0/1 GAP_MS=63.426 HASH=a277086ea4e88251
CYCLE=0 PAIR=1381 BUFFER=1 SUBPAGES=0/1 GAP_MS=62.317 HASH=96281b2bb3f8e566
CYCLE=0 PAIR=1382 BUFFER=2 SUBPAGES=0/1 GAP_MS=64.840 HASH=cfce910dcf1b7262
CYCLE=0 PAIR=1383 BUFFER=3 SUBPAGES=0/1 GAP_MS=63.144 HASH=6e10f575563d4199
CYCLE=0 PAIR=1384 BUFFER=0 SUBPAGES=0/1 GAP_MS=65.119 HASH=c4582ad297f87388
CYCLE=0 PAIR=1385 BUFFER=1 SUBPAGES=0/1 GAP_MS=63.489 HASH=3f4b56086ad27e69
CYCLE=0 PAIR=1386 BUFFER=2 SUBPAGES=0/1 GAP_MS=64.162 HASH=aa939c6a316d1882
CYCLE=0 PAIR=1387 BUFFER=3 SUBPAGES=0/1 GAP_MS=64.016 HASH=29c5ee5d637f42b9
CYCLE=0 PAIR=1388 BUFFER=0 SUBPAGES=0/1 GAP_MS=64.208 HASH=2677fc5a9cdcfd00
CYCLE=0 PAIR=1389 BUFFER=1 SUBPAGES=0/1 GAP_MS=64.882 HASH=5e4de5002c977733
CYCLE=0 PAIR=1390 BUFFER=2 SUBPAGES=0/1 GAP_MS=63.283 HASH=af059e4a4a437569
CYCLE=0 PAIR=1391 BUFFER=3 SUBPAGES=0/1 GAP_MS=64.028 HASH=52273367a2eb7e18
CYCLE=0 PAIR=1392 BUFFER=0 SUBPAGES=0/1 GAP_MS=64.298 HASH=defbbec635e14590
CYCLE=0 PAIR=1393 BUFFER=1 SUBPAGES=0/1 GAP_MS=64.230 HASH=fe9401ac5377c8d7
CYCLE=0 PAIR=1394 BUFFER=2 SUBPAGES=0/1 GAP_MS=63.993 HASH=d4d7221d8cbf4400
CYCLE=0 PAIR=1395 BUFFER=3 SUBPAGES=0/1 GAP_MS=63.243 HASH=3263b9efbae61c93
CYCLE=0 PAIR=1396 BUFFER=0 SUBPAGES=0/1 GAP_MS=63.655 HASH=8e6d40154df0d1b0
CYCLE=0 PAIR=1397 BUFFER=1 SUBPAGES=0/1 GAP_MS=62.545 HASH=63e7f95e248ef5e2
CYCLE=0 PAIR=1398 BUFFER=2 SUBPAGES=0/1 GAP_MS=62.756 HASH=362208e4b6d16148
CYCLE=0 PAIR=1399 BUFFER=3 SUBPAGES=0/1 GAP_MS=63.279 HASH=b3912decf41139d4
CYCLE=0 PAIR=1400 BUFFER=0 SUBPAGES=0/1 GAP_MS=62.480 HASH=3f8c495e24797d52
CYCLE=0 PAIR=1401 BUFFER=1 SUBPAGES=0/1 GAP_MS=64.891 HASH=a28452b0dc04c8a9
CYCLE=0 PAIR=1402 BUFFER=2 SUBPAGES=0/1 GAP_MS=63.814 HASH=52f7eda2f1095edf
CYCLE=0 PAIR=1403 BUFFER=3 SUBPAGES=0/1 GAP_MS=63.376 HASH=c8b91897316a22da
CYCLE=0 PAIR=1404 BUFFER=0 SUBPAGES=0/1 GAP_MS=62.362 HASH=e581bd3b37ab9185
CYCLE=0 PAIR=1405 BUFFER=1 SUBPAGES=0/1 GAP_MS=64.405 HASH=51023da1b8944299
CYCLE=0 PAIR=1406 BUFFER=2 SUBPAGES=0/1 GAP_MS=62.314 HASH=ec962b839474aefc
CYCLE=0 PAIR=1407 BUFFER=3 SUBPAGES=0/1 GAP_MS=63.236 HASH=84a0472174288cfe
CYCLE=0 PAIR=1408 BUFFER=0 SUBPAGES=0/1 GAP_MS=64.904 HASH=acaa2eb15cf39fe6
CYCLE=0 PAIR=1409 BUFFER=1 SUBPAGES=0/1 GAP_MS=62.906 HASH=55050ba57dd25211
CYCLE=0 PAIR=1410 BUFFER=2 SUBPAGES=0/1 GAP_MS=64.306 HASH=94f489f31c776ce7
CYCLE=0 PAIR=1411 BUFFER=3 SUBPAGES=0/1 GAP_MS=64.813 HASH=58abdf3d760902b7
CYCLE=0 PAIR=1412 BUFFER=0 SUBPAGES=0/1 GAP_MS=63.797 HASH=e60d2e3f2eab203a
CYCLE=0 PAIR=1413 BUFFER=1 SUBPAGES=0/1 GAP_MS=63.839 HASH=6306ae721b7b3c48
CYCLE=0 PAIR=1414 BUFFER=2 SUBPAGES=0/1 GAP_MS=65.746 HASH=8b8cc1d25ab32de5
CYCLE=0 PAIR=1415 BUFFER=3 SUBPAGES=0/1 GAP_MS=62.354 HASH=cf107980d80a6fbe
CYCLE=0 PAIR=1416 BUFFER=0 SUBPAGES=0/1 GAP_MS=63.654 HASH=cbb65159c1d88b7e
CYCLE=0 PAIR=1417 BUFFER=1 SUBPAGES=0/1 GAP_MS=65.048 HASH=8a96c0b4866bc8fa
CYCLE=0 PAIR=1418 BUFFER=2 SUBPAGES=0/1 GAP_MS=64.894 HASH=75510761ee9bd969
CYCLE=0 PAIR=1419 BUFFER=3 SUBPAGES=0/1 GAP_MS=63.983 HASH=e32c9e74ef9f86f0
CYCLE=0 PAIR=1420 BUFFER=0 SUBPAGES=0/1 GAP_MS=65.142 HASH=b5a5ffd3d05b9416
CYCLE=0 PAIR=1421 BUFFER=1 SUBPAGES=0/1 GAP_MS=63.976 HASH=5b46ffe881760b4f
CYCLE=0 PAIR=1422 BUFFER=2 SUBPAGES=0/1 GAP_MS=63.021 HASH=b04e2d090f8a8146
CYCLE=0 PAIR=1423 BUFFER=3 SUBPAGES=0/1 GAP_MS=64.069 HASH=85efea4354f6e05b
CYCLE=0 PAIR=1424 BUFFER=0 SUBPAGES=0/1 GAP_MS=65.094 HASH=dd4a56e0333b7c01
CYCLE=0 PAIR=1425 BUFFER=1 SUBPAGES=0/1 GAP_MS=64.100 HASH=414cf67f1e6d948e
CYCLE=0 PAIR=1426 BUFFER=2 SUBPAGES=0/1 GAP_MS=64.435 HASH=291645698a58ddfd
CYCLE=0 PAIR=1427 BUFFER=3 SUBPAGES=0/1 GAP_MS=63.461 HASH=1465acec6f508966
CYCLE=0 PAIR=1428 BUFFER=0 SUBPAGES=0/1 GAP_MS=64.116 HASH=61eb70ce8eb43b67
CYCLE=0 PAIR=1429 BUFFER=1 SUBPAGES=0/1 GAP_MS=64.219 HASH=e47c07aa653acb5f
CYCLE=0 PAIR=1430 BUFFER=2 SUBPAGES=0/1 GAP_MS=64.340 HASH=98963bc5ffdf811e
CYCLE=0 PAIR=1431 BUFFER=3 SUBPAGES=0/1 GAP_MS=64.456 HASH=6144b82bd2b70f4c
CYCLE=0 PAIR=1432 BUFFER=0 SUBPAGES=0/1 GAP_MS=62.840 HASH=71442f686f5f9af4
CYCLE=0 PAIR=1433 BUFFER=1 SUBPAGES=0/1 GAP_MS=64.516 HASH=8cf63736a3e52300
CYCLE=0 PAIR=1434 BUFFER=2 SUBPAGES=0/1 GAP_MS=67.610 HASH=ae16380de3c77021
CYCLE=0 PAIR=1435 BUFFER=3 SUBPAGES=0/1 GAP_MS=63.914 HASH=91b77b1a96375cf0
CYCLE=0 PAIR=1436 BUFFER=0 SUBPAGES=0/1 GAP_MS=62.810 HASH=35d6bdb99576e84e
CYCLE=0 PAIR=1437 BUFFER=1 SUBPAGES=0/1 GAP_MS=63.498 HASH=63011b7eec6e342c
CYCLE=0 PAIR=1438 BUFFER=2 SUBPAGES=0/1 GAP_MS=62.639 HASH=b5e52b6891c900b3
CYCLE=0 PAIR=1439 BUFFER=3 SUBPAGES=0/1 GAP_MS=64.431 HASH=7e37254f90579ee5
CYCLE=0 PAIR=1440 BUFFER=0 SUBPAGES=0/1 GAP_MS=63.601 HASH=0a27d2f987ef892b
CYCLE=0 PAIR=1441 BUFFER=1 SUBPAGES=0/1 GAP_MS=63.603 HASH=3cc012cb26b4d515
CYCLE=0 PAIR=1442 BUFFER=2 SUBPAGES=0/1 GAP_MS=64.533 HASH=3d5b93a815578aae
CYCLE=0 PAIR=1443 BUFFER=3 SUBPAGES=0/1 GAP_MS=62.391 HASH=1871bf4bf368b156
CYCLE=0 PAIR=1444 BUFFER=0 SUBPAGES=0/1 GAP_MS=63.726 HASH=ac5591bdc0c844c2
CYCLE=0 PAIR=1445 BUFFER=1 SUBPAGES=0/1 GAP_MS=63.879 HASH=74cac1e7ec43eaba
CYCLE=0 PAIR=1446 BUFFER=2 SUBPAGES=0/1 GAP_MS=63.592 HASH=866861eede55141f
CYCLE=0 PAIR=1447 BUFFER=3 SUBPAGES=0/1 GAP_MS=64.891 HASH=63fefedd9919c1b8
CYCLE=0 PAIR=1448 BUFFER=0 SUBPAGES=0/1 GAP_MS=63.805 HASH=b4f2008687fb3696
CYCLE=0 PAIR=1449 BUFFER=1 SUBPAGES=0/1 GAP_MS=64.562 HASH=6319e80afc82e5ed
CYCLE=0 PAIR=1450 BUFFER=2 SUBPAGES=0/1 GAP_MS=64.302 HASH=c6fe56c06b014316
CYCLE=0 PAIR=1451 BUFFER=3 SUBPAGES=0/1 GAP_MS=64.873 HASH=092308abf6048117
CYCLE=0 PAIR=1452 BUFFER=0 SUBPAGES=0/1 GAP_MS=63.503 HASH=6e966fa8824de767
CYCLE=0 PAIR=1453 BUFFER=1 SUBPAGES=0/1 GAP_MS=64.860 HASH=eab9fcc5aaa53093
CYCLE=0 PAIR=1454 BUFFER=2 SUBPAGES=0/1 GAP_MS=64.301 HASH=508cc65a8c72c14a
CYCLE=0 PAIR=1455 BUFFER=3 SUBPAGES=0/1 GAP_MS=64.021 HASH=631ab684fa79ca3f
CYCLE=0 PAIR=1456 BUFFER=0 SUBPAGES=0/1 GAP_MS=63.759 HASH=b9e01d5383b73562
CYCLE=0 PAIR=1457 BUFFER=1 SUBPAGES=0/1 GAP_MS=64.081 HASH=c814c5e3b9178715
CYCLE=0 PAIR=1458 BUFFER=2 SUBPAGES=0/1 GAP_MS=64.989 HASH=56d3581e4b3afbf4
CYCLE=0 PAIR=1459 BUFFER=3 SUBPAGES=0/1 GAP_MS=63.396 HASH=720fdcea5bf88db9
CYCLE=0 PAIR=1460 BUFFER=0 SUBPAGES=0/1 GAP_MS=65.321 HASH=81df988a59f646a0
CYCLE=0 PAIR=1461 BUFFER=1 SUBPAGES=0/1 GAP_MS=63.658 HASH=f1e54e85c6bcb918
CYCLE=0 PAIR=1462 BUFFER=2 SUBPAGES=0/1 GAP_MS=63.694 HASH=21081ce0756a0d6f
CYCLE=0 PAIR=1463 BUFFER=3 SUBPAGES=0/1 GAP_MS=63.174 HASH=e4d27794800db053
CYCLE=0 PAIR=1464 BUFFER=0 SUBPAGES=0/1 GAP_MS=64.829 HASH=b4ed3d39a548618f
CYCLE=0 PAIR=1465 BUFFER=1 SUBPAGES=0/1 GAP_MS=65.195 HASH=3742bb9dfd4297d1
CYCLE=0 PAIR=1466 BUFFER=2 SUBPAGES=0/1 GAP_MS=62.947 HASH=7b13710401d6f24c
CYCLE=0 PAIR=1467 BUFFER=3 SUBPAGES=0/1 GAP_MS=63.512 HASH=e93e5007dc986f30
CYCLE=0 PAIR=1468 BUFFER=0 SUBPAGES=0/1 GAP_MS=64.874 HASH=aa76816e3d227963
CYCLE=0 PAIR=1469 BUFFER=1 SUBPAGES=0/1 GAP_MS=63.742 HASH=461e66fa0a653875
CYCLE=0 PAIR=1470 BUFFER=2 SUBPAGES=0/1 GAP_MS=63.635 HASH=a4b66141517cb40d
CYCLE=0 PAIR=1471 BUFFER=3 SUBPAGES=0/1 GAP_MS=63.773 HASH=384d0d3adaa7f1fb
CYCLE=0 PAIR=1472 BUFFER=0 SUBPAGES=0/1 GAP_MS=64.950 HASH=ca790e0a367c4454
CYCLE=0 PAIR=1473 BUFFER=1 SUBPAGES=0/1 GAP_MS=64.561 HASH=575cc218680d388a
CYCLE=0 PAIR=1474 BUFFER=2 SUBPAGES=0/1 GAP_MS=63.868 HASH=82cf8efc35b91036
CYCLE=0 PAIR=1475 BUFFER=3 SUBPAGES=0/1 GAP_MS=64.275 HASH=67bf0058362aff21
CYCLE=0 PAIR=1476 BUFFER=0 SUBPAGES=0/1 GAP_MS=63.764 HASH=20f12ad80d17fac9
CYCLE=0 PAIR=1477 BUFFER=1 SUBPAGES=0/1 GAP_MS=65.225 HASH=996647ee4cdfbd0d
CYCLE=0 PAIR=1478 BUFFER=2 SUBPAGES=0/1 GAP_MS=64.892 HASH=6dbdec09a8e2ce9a
CYCLE=0 PAIR=1479 BUFFER=3 SUBPAGES=0/1 GAP_MS=63.851 HASH=1c643f9d1f7ee778
CYCLE=0 PAIR=1480 BUFFER=0 SUBPAGES=0/1 GAP_MS=64.707 HASH=b5d46bd3c61da7d6
CYCLE=0 PAIR=1481 BUFFER=1 SUBPAGES=0/1 GAP_MS=63.774 HASH=f953cd301d40a4e0
CYCLE=0 PAIR=1482 BUFFER=2 SUBPAGES=0/1 GAP_MS=63.653 HASH=923c26827f63adef
CYCLE=0 PAIR=1483 BUFFER=3 SUBPAGES=0/1 GAP_MS=63.377 HASH=db963c6d76029407
CYCLE=0 PAIR=1484 BUFFER=0 SUBPAGES=0/1 GAP_MS=63.904 HASH=3b901eabccf091e7
CYCLE=0 PAIR=1485 BUFFER=1 SUBPAGES=0/1 GAP_MS=64.242 HASH=4155cc875180c1a0
CYCLE=0 PAIR=1486 BUFFER=2 SUBPAGES=0/1 GAP_MS=64.983 HASH=f20598b5f053333d
CYCLE=0 PAIR=1487 BUFFER=3 SUBPAGES=0/1 GAP_MS=64.881 HASH=ef83b9747e585f8b
CYCLE=0 PAIR=1488 BUFFER=0 SUBPAGES=0/1 GAP_MS=62.486 HASH=9f6471d00fa81cc3
CYCLE=0 PAIR=1489 BUFFER=1 SUBPAGES=0/1 GAP_MS=63.674 HASH=a8adcd034ae581fa
CYCLE=0 PAIR=1490 BUFFER=2 SUBPAGES=0/1 GAP_MS=65.335 HASH=92a3ff0a77df069c
CYCLE=0 PAIR=1491 BUFFER=3 SUBPAGES=0/1 GAP_MS=65.279 HASH=e132291ea51dfd9c
CYCLE=0 PAIR=1492 BUFFER=0 SUBPAGES=0/1 GAP_MS=63.725 HASH=2035b12cba9c15db
CYCLE=0 PAIR=1493 BUFFER=1 SUBPAGES=0/1 GAP_MS=64.172 HASH=561b6ed2045bec65
CYCLE=0 PAIR=1494 BUFFER=2 SUBPAGES=0/1 GAP_MS=64.222 HASH=ee9381f35ca75fe0
CYCLE=0 PAIR=1495 BUFFER=3 SUBPAGES=0/1 GAP_MS=65.086 HASH=2d2492ff8594b063
CYCLE=0 PAIR=1496 BUFFER=0 SUBPAGES=0/1 GAP_MS=64.858 HASH=e83a5c406fc9f019
CYCLE=0 PAIR=1497 BUFFER=1 SUBPAGES=0/1 GAP_MS=64.648 HASH=d8fa70fcfc8e303a
CYCLE=0 PAIR=1498 BUFFER=2 SUBPAGES=0/1 GAP_MS=63.058 HASH=89e6aed01f966cd4
CYCLE=0 PAIR=1499 BUFFER=3 SUBPAGES=0/1 GAP_MS=62.942 HASH=c44b190eb8bc8045
CYCLE=0 PAIR=1500 BUFFER=0 SUBPAGES=0/1 GAP_MS=63.814 HASH=ff8a81bbf5cca77d
CYCLE=0 PAIR=1501 BUFFER=1 SUBPAGES=0/1 GAP_MS=63.870 HASH=11d0f1e1001c1687
CYCLE=0 PAIR=1502 BUFFER=2 SUBPAGES=0/1 GAP_MS=64.420 HASH=1f1bddfd549f002f
CYCLE=0 PAIR=1503 BUFFER=3 SUBPAGES=0/1 GAP_MS=63.415 HASH=aeae01d0191675fb
CYCLE=0 PAIR=1504 BUFFER=0 SUBPAGES=0/1 GAP_MS=63.055 HASH=439485ffaf115153
CYCLE=0 PAIR=1505 BUFFER=1 SUBPAGES=0/1 GAP_MS=64.583 HASH=3b399abc8b4c7d5b
CYCLE=0 PAIR=1506 BUFFER=2 SUBPAGES=0/1 GAP_MS=63.296 HASH=f1d5978d945c3a6c
CYCLE=0 PAIR=1507 BUFFER=3 SUBPAGES=0/1 GAP_MS=64.622 HASH=3b219486703713e2
CYCLE=0 PAIR=1508 BUFFER=0 SUBPAGES=0/1 GAP_MS=64.702 HASH=ac85eb0fbdfa2b18
CYCLE=0 PAIR=1509 BUFFER=1 SUBPAGES=0/1 GAP_MS=62.937 HASH=17bc54353fd91bb4
CYCLE=0 PAIR=1510 BUFFER=2 SUBPAGES=0/1 GAP_MS=63.763 HASH=cfd8fdd9ffb59ef9
CYCLE=0 PAIR=1511 BUFFER=3 SUBPAGES=0/1 GAP_MS=63.462 HASH=ec119d36c2965f4d
CYCLE=0 PAIR=1512 BUFFER=0 SUBPAGES=0/1 GAP_MS=63.942 HASH=27096762dd154b32
CYCLE=0 PAIR=1513 BUFFER=1 SUBPAGES=0/1 GAP_MS=63.363 HASH=6fff7a8d881ed75c
CYCLE=0 PAIR=1514 BUFFER=2 SUBPAGES=0/1 GAP_MS=64.065 HASH=50012b8f7465ce83
CYCLE=0 PAIR=1515 BUFFER=3 SUBPAGES=0/1 GAP_MS=64.273 HASH=974bdf524a7a1ccd
CYCLE=0 PAIR=1516 BUFFER=0 SUBPAGES=0/1 GAP_MS=64.445 HASH=e1ccac47bdaf066d
CYCLE=0 PAIR=1517 BUFFER=1 SUBPAGES=0/1 GAP_MS=62.992 HASH=69b6f26a51a7edba
CYCLE=0 PAIR=1518 BUFFER=2 SUBPAGES=0/1 GAP_MS=63.641 HASH=57cc95ded875f452
CYCLE=0 PAIR=1519 BUFFER=3 SUBPAGES=0/1 GAP_MS=65.304 HASH=e061ed9fdc932e2e
CYCLE=0 PAIR=1520 BUFFER=0 SUBPAGES=0/1 GAP_MS=64.367 HASH=594e19765fb5afc9
CYCLE=0 PAIR=1521 BUFFER=1 SUBPAGES=0/1 GAP_MS=64.063 HASH=e433e384ae137b4c
CYCLE=0 PAIR=1522 BUFFER=2 SUBPAGES=0/1 GAP_MS=62.612 HASH=b6d45a9aad8751f0
CYCLE=0 PAIR=1523 BUFFER=3 SUBPAGES=0/1 GAP_MS=64.744 HASH=c9d7a3de61bd5ba0
CYCLE=0 PAIR=1524 BUFFER=0 SUBPAGES=0/1 GAP_MS=63.993 HASH=19f9a5dbdaa5b39d
CYCLE=0 PAIR=1525 BUFFER=1 SUBPAGES=0/1 GAP_MS=65.125 HASH=12af1f51da6e16f5
CYCLE=0 PAIR=1526 BUFFER=2 SUBPAGES=0/1 GAP_MS=63.072 HASH=1ba158c7db92d279
CYCLE=0 PAIR=1527 BUFFER=3 SUBPAGES=0/1 GAP_MS=63.688 HASH=9d4722d2c075b548
CYCLE=0 PAIR=1528 BUFFER=0 SUBPAGES=0/1 GAP_MS=62.859 HASH=346532d9d2851963
CYCLE=0 PAIR=1529 BUFFER=1 SUBPAGES=0/1 GAP_MS=64.669 HASH=b784012634fd3028
CYCLE=0 PAIR=1530 BUFFER=2 SUBPAGES=0/1 GAP_MS=64.095 HASH=c7a439f82c99b56a
CYCLE=0 PAIR=1531 BUFFER=3 SUBPAGES=0/1 GAP_MS=64.321 HASH=444169c5028cc824
CYCLE=0 PAIR=1532 BUFFER=0 SUBPAGES=0/1 GAP_MS=64.334 HASH=6eb35395a1bc3fd3
CYCLE=0 PAIR=1533 BUFFER=1 SUBPAGES=0/1 GAP_MS=65.207 HASH=382476899c519bbc
CYCLE=0 PAIR=1534 BUFFER=2 SUBPAGES=0/1 GAP_MS=62.466 HASH=56beab4014404729
CYCLE=0 PAIR=1535 BUFFER=3 SUBPAGES=0/1 GAP_MS=62.559 HASH=e0f9c32de698583e
CYCLE=0 PAIR=1536 BUFFER=0 SUBPAGES=0/1 GAP_MS=64.167 HASH=398ddffa307fbd60
CYCLE=0 PAIR=1537 BUFFER=1 SUBPAGES=0/1 GAP_MS=63.564 HASH=0314c653c2cda7a3
CYCLE=0 PAIR=1538 BUFFER=2 SUBPAGES=0/1 GAP_MS=63.911 HASH=18b2aac3a36526ad
CYCLE=0 PAIR=1539 BUFFER=3 SUBPAGES=0/1 GAP_MS=65.531 HASH=4d0bc853f6736bd1
CYCLE=0 PAIR=1540 BUFFER=0 SUBPAGES=0/1 GAP_MS=62.980 HASH=42d6a6c7adf5cb04
CYCLE=0 PAIR=1541 BUFFER=1 SUBPAGES=0/1 GAP_MS=64.895 HASH=17a8eca9df1ea804
CYCLE=0 PAIR=1542 BUFFER=2 SUBPAGES=0/1 GAP_MS=64.467 HASH=dade54331443202e
CYCLE=0 PAIR=1543 BUFFER=3 SUBPAGES=0/1 GAP_MS=64.480 HASH=928d3572e3b6dd6f
CYCLE=0 PAIR=1544 BUFFER=0 SUBPAGES=0/1 GAP_MS=64.957 HASH=8478e4ce8c713c64
CYCLE=0 PAIR=1545 BUFFER=1 SUBPAGES=0/1 GAP_MS=62.897 HASH=6515fc163a8ebd81
CYCLE=0 PAIR=1546 BUFFER=2 SUBPAGES=0/1 GAP_MS=63.332 HASH=dffae259c792903d
CYCLE=0 PAIR=1547 BUFFER=3 SUBPAGES=0/1 GAP_MS=64.076 HASH=fa8a3653e2b64b3c
CYCLE=0 PAIR=1548 BUFFER=0 SUBPAGES=0/1 GAP_MS=64.925 HASH=b235ea07a11116ac
CYCLE=0 PAIR=1549 BUFFER=1 SUBPAGES=0/1 GAP_MS=64.301 HASH=6aa1538e11c19fa3
CYCLE=0 PAIR=1550 BUFFER=2 SUBPAGES=0/1 GAP_MS=63.835 HASH=36a71e22299789f8
CYCLE=0 PAIR=1551 BUFFER=3 SUBPAGES=0/1 GAP_MS=63.484 HASH=fa0a3648f5fa236c
CYCLE=0 PAIR=1552 BUFFER=0 SUBPAGES=0/1 GAP_MS=64.469 HASH=8b79b9918a0083fe
CYCLE=0 PAIR=1553 BUFFER=1 SUBPAGES=0/1 GAP_MS=63.396 HASH=7e11bf29bc7a98b0
CYCLE=0 PAIR=1554 BUFFER=2 SUBPAGES=0/1 GAP_MS=64.888 HASH=f505841e9f2dc02f
CYCLE=0 PAIR=1555 BUFFER=3 SUBPAGES=0/1 GAP_MS=63.925 HASH=1b6a6b1393a9cbba
CYCLE=0 PAIR=1556 BUFFER=0 SUBPAGES=0/1 GAP_MS=63.372 HASH=d4d825492664d30a
CYCLE=0 PAIR=1557 BUFFER=1 SUBPAGES=0/1 GAP_MS=64.479 HASH=440da039ae3b9daa
CYCLE=0 PAIR=1558 BUFFER=2 SUBPAGES=0/1 GAP_MS=63.442 HASH=6174474714689924
CYCLE=0 PAIR=1559 BUFFER=3 SUBPAGES=0/1 GAP_MS=63.809 HASH=1ae6cc5a90532144
CYCLE=0 PAIR=1560 BUFFER=0 SUBPAGES=0/1 GAP_MS=64.581 HASH=44d13f9ba98adfb0
CYCLE=0 PAIR=1561 BUFFER=1 SUBPAGES=0/1 GAP_MS=63.683 HASH=7dcecd5ce6eea686
CYCLE=0 PAIR=1562 BUFFER=2 SUBPAGES=0/1 GAP_MS=63.262 HASH=645b534583c8f1f0
CYCLE=0 PAIR=1563 BUFFER=3 SUBPAGES=0/1 GAP_MS=63.028 HASH=7ef4b9a597dc40c5
CYCLE=0 PAIR=1564 BUFFER=0 SUBPAGES=0/1 GAP_MS=65.211 HASH=230bfcf493b4cd26
CYCLE=0 PAIR=1565 BUFFER=1 SUBPAGES=0/1 GAP_MS=63.036 HASH=1944bc79cbc538b5
CYCLE=0 PAIR=1566 BUFFER=2 SUBPAGES=0/1 GAP_MS=65.408 HASH=bd1211aec8e0b5e7
CYCLE=0 PAIR=1567 BUFFER=3 SUBPAGES=0/1 GAP_MS=64.428 HASH=6e8960c60a0dcf2f
CYCLE=0 PAIR=1568 BUFFER=0 SUBPAGES=0/1 GAP_MS=63.654 HASH=529000e0871a6999
CYCLE=0 PAIR=1569 BUFFER=1 SUBPAGES=0/1 GAP_MS=63.819 HASH=d433843c72b8a9b5
CYCLE=0 PAIR=1570 BUFFER=2 SUBPAGES=0/1 GAP_MS=63.930 HASH=fdc2555fa98aa6ff
CYCLE=0 PAIR=1571 BUFFER=3 SUBPAGES=0/1 GAP_MS=62.942 HASH=6aad3d449c1c0ae7
CYCLE=0 PAIR=1572 BUFFER=0 SUBPAGES=0/1 GAP_MS=62.934 HASH=7bc18586a5f50a38
CYCLE=0 PAIR=1573 BUFFER=1 SUBPAGES=0/1 GAP_MS=63.139 HASH=9284706412b4f7c5
CYCLE=0 PAIR=1574 BUFFER=2 SUBPAGES=0/1 GAP_MS=63.950 HASH=1e7e79fd0e4a9c27
CYCLE=0 PAIR=1575 BUFFER=3 SUBPAGES=0/1 GAP_MS=63.218 HASH=6ab00fef3dc4132e
CYCLE=0 PAIR=1576 BUFFER=0 SUBPAGES=0/1 GAP_MS=64.405 HASH=94f6f0cd6aea69b2
CYCLE=0 PAIR=1577 BUFFER=1 SUBPAGES=0/1 GAP_MS=63.471 HASH=54ef7160c4e68ca1
CYCLE=0 PAIR=1578 BUFFER=2 SUBPAGES=0/1 GAP_MS=64.628 HASH=40e5cae6cfa59dae
CYCLE=0 PAIR=1579 BUFFER=3 SUBPAGES=0/1 GAP_MS=62.940 HASH=f1891f10fce3f1ea
CYCLE=0 PAIR=1580 BUFFER=0 SUBPAGES=0/1 GAP_MS=63.125 HASH=460a35e587c73b76
CYCLE=0 PAIR=1581 BUFFER=1 SUBPAGES=0/1 GAP_MS=63.255 HASH=b7731db5605ecaca
CYCLE=0 PAIR=1582 BUFFER=2 SUBPAGES=0/1 GAP_MS=63.015 HASH=50451ee109f07439
CYCLE=0 PAIR=1583 BUFFER=3 SUBPAGES=0/1 GAP_MS=63.980 HASH=ed1361138a72bacf
CYCLE=0 PAIR=1584 BUFFER=0 SUBPAGES=0/1 GAP_MS=64.136 HASH=76f5e6984211e796
CYCLE=0 PAIR=1585 BUFFER=1 SUBPAGES=0/1 GAP_MS=64.876 HASH=0259c544ab4a0945
CYCLE=0 PAIR=1586 BUFFER=2 SUBPAGES=0/1 GAP_MS=63.422 HASH=b3f95a9e080fbf89
CYCLE=0 PAIR=1587 BUFFER=3 SUBPAGES=0/1 GAP_MS=63.904 HASH=b942316613713366
CYCLE=0 PAIR=1588 BUFFER=0 SUBPAGES=0/1 GAP_MS=65.351 HASH=b02663e99bb03280
CYCLE=0 PAIR=1589 BUFFER=1 SUBPAGES=0/1 GAP_MS=65.268 HASH=c2c89e550b62c014
CYCLE=0 PAIR=1590 BUFFER=2 SUBPAGES=0/1 GAP_MS=64.150 HASH=529a7da00b86cc1e
CYCLE=0 PAIR=1591 BUFFER=3 SUBPAGES=0/1 GAP_MS=63.966 HASH=06cf1cee4c766717
CYCLE=0 PAIR=1592 BUFFER=0 SUBPAGES=0/1 GAP_MS=63.692 HASH=d2c17f5b842bc2c3
CYCLE=0 PAIR=1593 BUFFER=1 SUBPAGES=0/1 GAP_MS=62.974 HASH=2b038a8d7d5062fc
CYCLE=0 PAIR=1594 BUFFER=2 SUBPAGES=0/1 GAP_MS=63.952 HASH=059c91156e40fd72
CYCLE=0 PAIR=1595 BUFFER=3 SUBPAGES=0/1 GAP_MS=64.830 HASH=af272a63c8613816
CYCLE=0 PAIR=1596 BUFFER=0 SUBPAGES=0/1 GAP_MS=64.408 HASH=36c007d75e583ea0
CYCLE=0 PAIR=1597 BUFFER=1 SUBPAGES=0/1 GAP_MS=63.909 HASH=d4ca3f3ccf7ddec0
CYCLE=0 PAIR=1598 BUFFER=2 SUBPAGES=0/1 GAP_MS=63.494 HASH=790348ec7fc3d863
CYCLE=0 PAIR=1599 BUFFER=3 SUBPAGES=0/1 GAP_MS=64.219 HASH=9b7a62aa1b1bd4e6
CYCLE=0 PAIR=1600 BUFFER=0 SUBPAGES=0/1 GAP_MS=64.378 HASH=598d9ecf9ae16d8a
CYCLE=0 PAIR=1601 BUFFER=1 SUBPAGES=0/1 GAP_MS=64.564 HASH=6b8104de0f325d15
CYCLE=0 PAIR=1602 BUFFER=2 SUBPAGES=0/1 GAP_MS=64.326 HASH=46e8576677a4af72
CYCLE=0 PAIR=1603 BUFFER=3 SUBPAGES=0/1 GAP_MS=63.632 HASH=b11ef79a31459116
CYCLE=0 PAIR=1604 BUFFER=0 SUBPAGES=0/1 GAP_MS=64.264 HASH=b3112972795fdb7f
CYCLE=0 PAIR=1605 BUFFER=1 SUBPAGES=0/1 GAP_MS=64.182 HASH=f88648c06cdc44db
CYCLE=0 PAIR=1606 BUFFER=2 SUBPAGES=0/1 GAP_MS=65.615 HASH=1a15fd7e766d12cb
CYCLE=0 PAIR=1607 BUFFER=3 SUBPAGES=0/1 GAP_MS=64.387 HASH=66513e045e5c6955
CYCLE=0 PAIR=1608 BUFFER=0 SUBPAGES=0/1 GAP_MS=64.325 HASH=80779c4d158587e4
CYCLE=0 PAIR=1609 BUFFER=1 SUBPAGES=0/1 GAP_MS=63.412 HASH=27b52f53048672bc
CYCLE=0 PAIR=1610 BUFFER=2 SUBPAGES=0/1 GAP_MS=64.065 HASH=f0d4b5a7d62ac2e4
CYCLE=0 PAIR=1611 BUFFER=3 SUBPAGES=0/1 GAP_MS=65.349 HASH=019e01e872f452ab
CYCLE=0 PAIR=1612 BUFFER=0 SUBPAGES=0/1 GAP_MS=64.021 HASH=6729571dee304fa3
CYCLE=0 PAIR=1613 BUFFER=1 SUBPAGES=0/1 GAP_MS=64.513 HASH=1e57e0c22f70f470
CYCLE=0 PAIR=1614 BUFFER=2 SUBPAGES=0/1 GAP_MS=63.578 HASH=7ddecda01b02108c
CYCLE=0 PAIR=1615 BUFFER=3 SUBPAGES=0/1 GAP_MS=63.837 HASH=30878f39cdf1496f
CYCLE=0 PAIR=1616 BUFFER=0 SUBPAGES=0/1 GAP_MS=64.428 HASH=47b05d264b4c7cbc
CYCLE=0 PAIR=1617 BUFFER=1 SUBPAGES=0/1 GAP_MS=63.265 HASH=27fdaadb59b31d69
CYCLE=0 PAIR=1618 BUFFER=2 SUBPAGES=0/1 GAP_MS=63.806 HASH=26b94647426d0c7a
CYCLE=0 PAIR=1619 BUFFER=3 SUBPAGES=0/1 GAP_MS=63.711 HASH=3e9d53c8997aeaa7
CYCLE=0 PAIR=1620 BUFFER=0 SUBPAGES=0/1 GAP_MS=62.539 HASH=c17ef8e4cf47cfc5
CYCLE=0 PAIR=1621 BUFFER=1 SUBPAGES=0/1 GAP_MS=64.885 HASH=40e1b99ef7da3eb5
CYCLE=0 PAIR=1622 BUFFER=2 SUBPAGES=0/1 GAP_MS=63.926 HASH=2b4c2c96a3738674
CYCLE=0 PAIR=1623 BUFFER=3 SUBPAGES=0/1 GAP_MS=63.087 HASH=7ea344b165d2e9b6
CYCLE=0 PAIR=1624 BUFFER=0 SUBPAGES=0/1 GAP_MS=64.786 HASH=dd5276e4d812e23a
CYCLE=0 PAIR=1625 BUFFER=1 SUBPAGES=0/1 GAP_MS=65.070 HASH=81c71651d0377adc
CYCLE=0 PAIR=1626 BUFFER=2 SUBPAGES=0/1 GAP_MS=63.394 HASH=19bac92e92eb6627
CYCLE=0 PAIR=1627 BUFFER=3 SUBPAGES=0/1 GAP_MS=64.777 HASH=247250a39703ed74
CYCLE=0 PAIR=1628 BUFFER=0 SUBPAGES=0/1 GAP_MS=64.349 HASH=131d23d51f8617c0
CYCLE=0 PAIR=1629 BUFFER=1 SUBPAGES=0/1 GAP_MS=64.093 HASH=734f22503c917680
CYCLE=0 PAIR=1630 BUFFER=2 SUBPAGES=0/1 GAP_MS=65.612 HASH=ab4fe423af39e862
CYCLE=0 PAIR=1631 BUFFER=3 SUBPAGES=0/1 GAP_MS=62.960 HASH=9dbbab4878e2cf27
CYCLE=0 PAIR=1632 BUFFER=0 SUBPAGES=0/1 GAP_MS=62.993 HASH=3b6dc0c35a4c8f80
CYCLE=0 PAIR=1633 BUFFER=1 SUBPAGES=0/1 GAP_MS=62.934 HASH=1808c2549f3885db
CYCLE=0 PAIR=1634 BUFFER=2 SUBPAGES=0/1 GAP_MS=62.455 HASH=0b56dbdddd4aae8d
CYCLE=0 PAIR=1635 BUFFER=3 SUBPAGES=0/1 GAP_MS=63.170 HASH=04059aa33bb99571
CYCLE=0 PAIR=1636 BUFFER=0 SUBPAGES=0/1 GAP_MS=63.825 HASH=ab8cb35d8840661b
CYCLE=0 PAIR=1637 BUFFER=1 SUBPAGES=0/1 GAP_MS=64.756 HASH=4da9447fe5e601ae
CYCLE=0 PAIR=1638 BUFFER=2 SUBPAGES=0/1 GAP_MS=64.467 HASH=a8960be6b9f8c7eb
CYCLE=0 PAIR=1639 BUFFER=3 SUBPAGES=0/1 GAP_MS=64.008 HASH=486f2dfb3cd06240
CYCLE=0 PAIR=1640 BUFFER=0 SUBPAGES=0/1 GAP_MS=64.046 HASH=a04b96591e03bb82
CYCLE=0 PAIR=1641 BUFFER=1 SUBPAGES=0/1 GAP_MS=63.327 HASH=c1d1b111108fcdc7
CYCLE=0 PAIR=1642 BUFFER=2 SUBPAGES=0/1 GAP_MS=64.950 HASH=354f63214f333340
CYCLE=0 PAIR=1643 BUFFER=3 SUBPAGES=0/1 GAP_MS=64.415 HASH=94249eb2261619e2
CYCLE=0 PAIR=1644 BUFFER=0 SUBPAGES=0/1 GAP_MS=64.703 HASH=123881e57d8fa4b7
CYCLE=0 PAIR=1645 BUFFER=1 SUBPAGES=0/1 GAP_MS=62.747 HASH=c7b1e4ccf1bbd1b5
CYCLE=0 PAIR=1646 BUFFER=2 SUBPAGES=0/1 GAP_MS=62.862 HASH=193c621f6f789699
CYCLE=0 PAIR=1647 BUFFER=3 SUBPAGES=0/1 GAP_MS=63.198 HASH=7c7a3dda8ceb0873
CYCLE=0 PAIR=1648 BUFFER=0 SUBPAGES=0/1 GAP_MS=63.092 HASH=6a80075df201f450
CYCLE=0 PAIR=1649 BUFFER=1 SUBPAGES=0/1 GAP_MS=64.034 HASH=dea6ea993687274f
CYCLE=0 PAIR=1650 BUFFER=2 SUBPAGES=0/1 GAP_MS=65.080 HASH=952a8a05365db42d
CYCLE=0 PAIR=1651 BUFFER=3 SUBPAGES=0/1 GAP_MS=64.540 HASH=ff40785afed2a1b3
CYCLE=0 PAIR=1652 BUFFER=0 SUBPAGES=0/1 GAP_MS=63.275 HASH=781e287f84008d35
CYCLE=0 PAIR=1653 BUFFER=1 SUBPAGES=0/1 GAP_MS=63.670 HASH=c8819886d8e931f9
CYCLE=0 PAIR=1654 BUFFER=2 SUBPAGES=0/1 GAP_MS=64.975 HASH=21e80b08a7ca29f5
CYCLE=0 PAIR=1655 BUFFER=3 SUBPAGES=0/1 GAP_MS=62.336 HASH=684cb6a3c4feb606
CYCLE=0 PAIR=1656 BUFFER=0 SUBPAGES=0/1 GAP_MS=64.322 HASH=b5dd0c89568d5b15
CYCLE=0 PAIR=1657 BUFFER=1 SUBPAGES=0/1 GAP_MS=64.807 HASH=b58febab7ce9d2ee
CYCLE=0 PAIR=1658 BUFFER=2 SUBPAGES=0/1 GAP_MS=64.252 HASH=f7481d6e911ba55f
CYCLE=0 PAIR=1659 BUFFER=3 SUBPAGES=0/1 GAP_MS=63.618 HASH=c665a7225e4d9be9
CYCLE=0 PAIR=1660 BUFFER=0 SUBPAGES=0/1 GAP_MS=64.486 HASH=8fbfe3aac449781d
CYCLE=0 PAIR=1661 BUFFER=1 SUBPAGES=0/1 GAP_MS=65.012 HASH=a6801d21d473008c
CYCLE=0 PAIR=1662 BUFFER=2 SUBPAGES=0/1 GAP_MS=64.093 HASH=047cfe82a5568fc9
CYCLE=0 PAIR=1663 BUFFER=3 SUBPAGES=0/1 GAP_MS=64.628 HASH=d752ccf151d4164d
CYCLE=0 PAIR=1664 BUFFER=0 SUBPAGES=0/1 GAP_MS=64.853 HASH=b52ec34a18aa1662
CYCLE=0 PAIR=1665 BUFFER=1 SUBPAGES=0/1 GAP_MS=64.678 HASH=b7bd29c09e77bf85
CYCLE=0 PAIR=1666 BUFFER=2 SUBPAGES=0/1 GAP_MS=65.086 HASH=744f2b9c4748c05f
CYCLE=0 PAIR=1667 BUFFER=3 SUBPAGES=0/1 GAP_MS=64.136 HASH=86fab9edc7a8425f
CYCLE=0 PAIR=1668 BUFFER=0 SUBPAGES=0/1 GAP_MS=64.181 HASH=36cc56340eb3e8af
CYCLE=0 PAIR=1669 BUFFER=1 SUBPAGES=0/1 GAP_MS=63.816 HASH=0afdf86ca772181b
CYCLE=0 PAIR=1670 BUFFER=2 SUBPAGES=0/1 GAP_MS=64.563 HASH=c6028cc1bf48539e
CYCLE=0 PAIR=1671 BUFFER=3 SUBPAGES=0/1 GAP_MS=63.140 HASH=7fd143e06ad0006b
CYCLE=0 PAIR=1672 BUFFER=0 SUBPAGES=0/1 GAP_MS=64.667 HASH=31a003cfaab09ac0
CYCLE=0 PAIR=1673 BUFFER=1 SUBPAGES=0/1 GAP_MS=64.265 HASH=f184dbba3fd4404e
CYCLE=0 PAIR=1674 BUFFER=2 SUBPAGES=0/1 GAP_MS=64.036 HASH=28c192e7732d3eba
CYCLE=0 PAIR=1675 BUFFER=3 SUBPAGES=0/1 GAP_MS=63.585 HASH=cc3068c223b3b875
CYCLE=0 PAIR=1676 BUFFER=0 SUBPAGES=0/1 GAP_MS=65.097 HASH=c53bd25b08d0c65a
CYCLE=0 PAIR=1677 BUFFER=1 SUBPAGES=0/1 GAP_MS=63.483 HASH=8fee7895c8637d1e
CYCLE=0 PAIR=1678 BUFFER=2 SUBPAGES=0/1 GAP_MS=64.218 HASH=aa3b05a40a06244d
CYCLE=0 PAIR=1679 BUFFER=3 SUBPAGES=0/1 GAP_MS=63.052 HASH=9a80c64da58a576a
CYCLE=0 PAIR=1680 BUFFER=0 SUBPAGES=0/1 GAP_MS=63.386 HASH=0821927b6f842b33
CYCLE=0 PAIR=1681 BUFFER=1 SUBPAGES=0/1 GAP_MS=63.891 HASH=29c99ebad1dc283a
CYCLE=0 PAIR=1682 BUFFER=2 SUBPAGES=0/1 GAP_MS=64.654 HASH=af5829b3d9fae3a7
CYCLE=0 PAIR=1683 BUFFER=3 SUBPAGES=0/1 GAP_MS=63.435 HASH=856996bb84761078
CYCLE=0 PAIR=1684 BUFFER=0 SUBPAGES=0/1 GAP_MS=62.925 HASH=8b280fdbad75efe6
CYCLE=0 PAIR=1685 BUFFER=1 SUBPAGES=0/1 GAP_MS=62.903 HASH=10d71397d81152f8
CYCLE=0 PAIR=1686 BUFFER=2 SUBPAGES=0/1 GAP_MS=63.542 HASH=e071d0b80847b067
CYCLE=0 PAIR=1687 BUFFER=3 SUBPAGES=0/1 GAP_MS=64.014 HASH=dde82c2ae6dc363b
CYCLE=0 PAIR=1688 BUFFER=0 SUBPAGES=0/1 GAP_MS=64.078 HASH=c45a5120395edb13
CYCLE=0 PAIR=1689 BUFFER=1 SUBPAGES=0/1 GAP_MS=63.144 HASH=9ef76f38780f8c66
CYCLE=0 PAIR=1690 BUFFER=2 SUBPAGES=0/1 GAP_MS=62.693 HASH=1a64fd7a22cbc4a1
CYCLE=0 PAIR=1691 BUFFER=3 SUBPAGES=0/1 GAP_MS=63.944 HASH=fa3782e3d260734b
CYCLE=0 PAIR=1692 BUFFER=0 SUBPAGES=0/1 GAP_MS=65.250 HASH=7bc6504e8ef3083f
CYCLE=0 PAIR=1693 BUFFER=1 SUBPAGES=0/1 GAP_MS=63.319 HASH=dcebe1d1575a4e8d
CYCLE=0 PAIR=1694 BUFFER=2 SUBPAGES=0/1 GAP_MS=63.175 HASH=baf2609d5a951b9a
CYCLE=0 PAIR=1695 BUFFER=3 SUBPAGES=0/1 GAP_MS=63.795 HASH=760ac3744616d83d
CYCLE=0 PAIR=1696 BUFFER=0 SUBPAGES=0/1 GAP_MS=64.531 HASH=c5a7071d08fe87ca
CYCLE=0 PAIR=1697 BUFFER=1 SUBPAGES=0/1 GAP_MS=64.036 HASH=e82f058645663dd7
CYCLE=0 PAIR=1698 BUFFER=2 SUBPAGES=0/1 GAP_MS=64.967 HASH=96fba0d4f4bffc5b
CYCLE=0 PAIR=1699 BUFFER=3 SUBPAGES=0/1 GAP_MS=64.992 HASH=7e2f0c6b19b5596d
CYCLE=0 PAIR=1700 BUFFER=0 SUBPAGES=0/1 GAP_MS=64.362 HASH=19917080d087cb40
CYCLE=0 PAIR=1701 BUFFER=1 SUBPAGES=0/1 GAP_MS=62.770 HASH=41846fc780365c58
CYCLE=0 PAIR=1702 BUFFER=2 SUBPAGES=0/1 GAP_MS=65.136 HASH=7869c4eec4542a06
CYCLE=0 PAIR=1703 BUFFER=3 SUBPAGES=0/1 GAP_MS=63.512 HASH=3df2eb9ec2adc117
CYCLE=0 PAIR=1704 BUFFER=0 SUBPAGES=0/1 GAP_MS=64.316 HASH=6123b84f0c925d17
CYCLE=0 PAIR=1705 BUFFER=1 SUBPAGES=0/1 GAP_MS=63.655 HASH=ffebf31eb8c24d9d
CYCLE=0 PAIR=1706 BUFFER=2 SUBPAGES=0/1 GAP_MS=62.942 HASH=f82937b618e1c8fa
CYCLE=0 PAIR=1707 BUFFER=3 SUBPAGES=0/1 GAP_MS=66.170 HASH=e4c2df2d30517988
CYCLE=0 PAIR=1708 BUFFER=0 SUBPAGES=0/1 GAP_MS=62.660 HASH=4118e2f9177648e1
CYCLE=0 PAIR=1709 BUFFER=1 SUBPAGES=0/1 GAP_MS=64.495 HASH=c941977af6cc8d5f
CYCLE=0 PAIR=1710 BUFFER=2 SUBPAGES=0/1 GAP_MS=63.917 HASH=8819a28369520971
CYCLE=0 PAIR=1711 BUFFER=3 SUBPAGES=0/1 GAP_MS=64.917 HASH=4542950588e5a69c
CYCLE=0 PAIR=1712 BUFFER=0 SUBPAGES=0/1 GAP_MS=64.771 HASH=1ba27cfd234d16c2
CYCLE=0 PAIR=1713 BUFFER=1 SUBPAGES=0/1 GAP_MS=64.541 HASH=bd1ca419637e1ca5
CYCLE=0 PAIR=1714 BUFFER=2 SUBPAGES=0/1 GAP_MS=62.711 HASH=83ef76da0f3d7409
CYCLE=0 PAIR=1715 BUFFER=3 SUBPAGES=0/1 GAP_MS=64.604 HASH=d96a7a4008ab1268
CYCLE=0 PAIR=1716 BUFFER=0 SUBPAGES=0/1 GAP_MS=62.375 HASH=22c15277a79c84cf
CYCLE=0 PAIR=1717 BUFFER=1 SUBPAGES=0/1 GAP_MS=64.074 HASH=6e3a53cfc8091fc7
CYCLE=0 PAIR=1718 BUFFER=2 SUBPAGES=0/1 GAP_MS=62.745 HASH=edf4464b5323df17
CYCLE=0 PAIR=1719 BUFFER=3 SUBPAGES=0/1 GAP_MS=63.918 HASH=441cdd7bbac6de7b
CYCLE=0 PAIR=1720 BUFFER=0 SUBPAGES=0/1 GAP_MS=64.776 HASH=4b9b1c53e56f695f
CYCLE=0 PAIR=1721 BUFFER=1 SUBPAGES=0/1 GAP_MS=64.696 HASH=b5757074e68c74a6
CYCLE=0 PAIR=1722 BUFFER=2 SUBPAGES=0/1 GAP_MS=63.140 HASH=891db5bff533534f
CYCLE=0 PAIR=1723 BUFFER=3 SUBPAGES=0/1 GAP_MS=65.048 HASH=f92e490c3bd41970
CYCLE=0 PAIR=1724 BUFFER=0 SUBPAGES=0/1 GAP_MS=63.595 HASH=4b06132d31235be5
CYCLE=0 PAIR=1725 BUFFER=1 SUBPAGES=0/1 GAP_MS=65.684 HASH=913fc0d14947beb4
CYCLE=0 PAIR=1726 BUFFER=2 SUBPAGES=0/1 GAP_MS=64.968 HASH=c334f41914c9db07
CYCLE=0 PAIR=1727 BUFFER=3 SUBPAGES=0/1 GAP_MS=64.869 HASH=fdb6f87be1c63eee
CYCLE=0 PAIR=1728 BUFFER=0 SUBPAGES=0/1 GAP_MS=64.135 HASH=d70c0cac0cc585bf
CYCLE=0 PAIR=1729 BUFFER=1 SUBPAGES=0/1 GAP_MS=62.416 HASH=95f59724d25d0151
CYCLE=0 PAIR=1730 BUFFER=2 SUBPAGES=0/1 GAP_MS=62.325 HASH=758dec4ac89302d7
CYCLE=0 PAIR=1731 BUFFER=3 SUBPAGES=0/1 GAP_MS=63.398 HASH=3a4fc04852dfa221
CYCLE=0 PAIR=1732 BUFFER=0 SUBPAGES=0/1 GAP_MS=64.350 HASH=38404b4859e56f6d
CYCLE=0 PAIR=1733 BUFFER=1 SUBPAGES=0/1 GAP_MS=63.438 HASH=175e895b8e7a8018
CYCLE=0 PAIR=1734 BUFFER=2 SUBPAGES=0/1 GAP_MS=65.226 HASH=9bd02fb7b551b3ae
CYCLE=0 PAIR=1735 BUFFER=3 SUBPAGES=0/1 GAP_MS=63.493 HASH=e448d54d79ed3acf
CYCLE=0 PAIR=1736 BUFFER=0 SUBPAGES=0/1 GAP_MS=63.958 HASH=1a0a914f182c5b09
CYCLE=0 PAIR=1737 BUFFER=1 SUBPAGES=0/1 GAP_MS=64.366 HASH=53041a83c735d13a
CYCLE=0 PAIR=1738 BUFFER=2 SUBPAGES=0/1 GAP_MS=63.497 HASH=7c21eb4828cf3b8e
CYCLE=0 PAIR=1739 BUFFER=3 SUBPAGES=0/1 GAP_MS=63.448 HASH=9fa79a5eb1fd6f8c
CYCLE=0 PAIR=1740 BUFFER=0 SUBPAGES=0/1 GAP_MS=64.395 HASH=4336757db366ed40
CYCLE=0 PAIR=1741 BUFFER=1 SUBPAGES=0/1 GAP_MS=65.114 HASH=b0f9accf8bb90e2d
CYCLE=0 PAIR=1742 BUFFER=2 SUBPAGES=0/1 GAP_MS=64.157 HASH=f9413aa72179cb46
CYCLE=0 PAIR=1743 BUFFER=3 SUBPAGES=0/1 GAP_MS=63.153 HASH=351641e4b8ac92e7
CYCLE=0 PAIR=1744 BUFFER=0 SUBPAGES=0/1 GAP_MS=62.874 HASH=c4944884ae04c800
CYCLE=0 PAIR=1745 BUFFER=1 SUBPAGES=0/1 GAP_MS=63.677 HASH=a5c70263a96f5905
CYCLE=0 PAIR=1746 BUFFER=2 SUBPAGES=0/1 GAP_MS=64.004 HASH=c1f5ce2dac69b60d
CYCLE=0 PAIR=1747 BUFFER=3 SUBPAGES=0/1 GAP_MS=63.541 HASH=5921cc6e5006bf89
CYCLE=0 PAIR=1748 BUFFER=0 SUBPAGES=0/1 GAP_MS=64.770 HASH=0592cd5f844f2481
CYCLE=0 PAIR=1749 BUFFER=1 SUBPAGES=0/1 GAP_MS=64.553 HASH=3628853b064b404d
CYCLE=0 PAIR=1750 BUFFER=2 SUBPAGES=0/1 GAP_MS=64.543 HASH=9504557f7422e6ae
CYCLE=0 PAIR=1751 BUFFER=3 SUBPAGES=0/1 GAP_MS=62.606 HASH=b5cc73591dc1e719
CYCLE=0 PAIR=1752 BUFFER=0 SUBPAGES=0/1 GAP_MS=63.653 HASH=3ca027b7c5bfef03
CYCLE=0 PAIR=1753 BUFFER=1 SUBPAGES=0/1 GAP_MS=62.929 HASH=af359098cf801c95
CYCLE=0 PAIR=1754 BUFFER=2 SUBPAGES=0/1 GAP_MS=63.830 HASH=c5c87e0c2d0b9975
CYCLE=0 PAIR=1755 BUFFER=3 SUBPAGES=0/1 GAP_MS=64.813 HASH=9b34ba41c4a187f7
CYCLE=0 PAIR=1756 BUFFER=0 SUBPAGES=0/1 GAP_MS=62.957 HASH=a4af364bc5a78aee
CYCLE=0 PAIR=1757 BUFFER=1 SUBPAGES=0/1 GAP_MS=63.460 HASH=bf7212c4c7c64baa
CYCLE=0 PAIR=1758 BUFFER=2 SUBPAGES=0/1 GAP_MS=64.862 HASH=25fcc9f24929cd2a
CYCLE=0 PAIR=1759 BUFFER=3 SUBPAGES=0/1 GAP_MS=62.759 HASH=5422cfba28cca649
CYCLE=0 PAIR=1760 BUFFER=0 SUBPAGES=0/1 GAP_MS=62.646 HASH=970d70d6987f5d95
CYCLE=0 PAIR=1761 BUFFER=1 SUBPAGES=0/1 GAP_MS=63.273 HASH=0e2bb6ab36a9641e
CYCLE=0 PAIR=1762 BUFFER=2 SUBPAGES=0/1 GAP_MS=63.144 HASH=fbe96b518679a0c5
CYCLE=0 PAIR=1763 BUFFER=3 SUBPAGES=0/1 GAP_MS=64.907 HASH=6cdf00d194d68855
CYCLE=0 PAIR=1764 BUFFER=0 SUBPAGES=0/1 GAP_MS=64.247 HASH=9f29856448da2daf
CYCLE=0 PAIR=1765 BUFFER=1 SUBPAGES=0/1 GAP_MS=63.109 HASH=a58b850633620ed8
CYCLE=0 PAIR=1766 BUFFER=2 SUBPAGES=0/1 GAP_MS=63.698 HASH=6197b405f755e41b
CYCLE=0 PAIR=1767 BUFFER=3 SUBPAGES=0/1 GAP_MS=63.479 HASH=6cc8bc0022f2cc62
CYCLE=0 PAIR=1768 BUFFER=0 SUBPAGES=0/1 GAP_MS=63.124 HASH=40de72a3e504b0c7
CYCLE=0 PAIR=1769 BUFFER=1 SUBPAGES=0/1 GAP_MS=64.290 HASH=34ea69ca6fa7dc56
CYCLE=0 PAIR=1770 BUFFER=2 SUBPAGES=0/1 GAP_MS=64.869 HASH=a33b939c6d112358
CYCLE=0 PAIR=1771 BUFFER=3 SUBPAGES=0/1 GAP_MS=64.520 HASH=664aad7e447b9216
CYCLE=0 PAIR=1772 BUFFER=0 SUBPAGES=0/1 GAP_MS=64.429 HASH=3bef893ca2a96e3b
CYCLE=0 PAIR=1773 BUFFER=1 SUBPAGES=0/1 GAP_MS=64.931 HASH=80354ea80475c12c
CYCLE=0 PAIR=1774 BUFFER=2 SUBPAGES=0/1 GAP_MS=64.642 HASH=6efc54081744cf3c
CYCLE=0 PAIR=1775 BUFFER=3 SUBPAGES=0/1 GAP_MS=63.526 HASH=43a1fc979043f4e4
CYCLE=0 PAIR=1776 BUFFER=0 SUBPAGES=0/1 GAP_MS=64.622 HASH=4b3cea8eb1f3f67b
CYCLE=0 PAIR=1777 BUFFER=1 SUBPAGES=0/1 GAP_MS=63.107 HASH=a5d8cc6284e9dde6
CYCLE=0 PAIR=1778 BUFFER=2 SUBPAGES=0/1 GAP_MS=64.373 HASH=3d57d92895f1026f
CYCLE=0 PAIR=1779 BUFFER=3 SUBPAGES=0/1 GAP_MS=64.899 HASH=a7b18811c8b97310
CYCLE=0 PAIR=1780 BUFFER=0 SUBPAGES=0/1 GAP_MS=63.510 HASH=156dae743edde923
CYCLE=0 PAIR=1781 BUFFER=1 SUBPAGES=0/1 GAP_MS=64.510 HASH=6b87af2aa2e5d77b
CYCLE=0 PAIR=1782 BUFFER=2 SUBPAGES=0/1 GAP_MS=63.614 HASH=c9f0ab0b063a2118
CYCLE=0 PAIR=1783 BUFFER=3 SUBPAGES=0/1 GAP_MS=63.655 HASH=82ed206d63cc6503
CYCLE=0 PAIR=1784 BUFFER=0 SUBPAGES=0/1 GAP_MS=63.469 HASH=c5da91b8936eb2e8
CYCLE=0 PAIR=1785 BUFFER=1 SUBPAGES=0/1 GAP_MS=64.603 HASH=9d9f199a5ea9690b
CYCLE=0 PAIR=1786 BUFFER=2 SUBPAGES=0/1 GAP_MS=64.706 HASH=f9784cdb437b8dde
CYCLE=0 PAIR=1787 BUFFER=3 SUBPAGES=0/1 GAP_MS=64.724 HASH=864022db0624b087
CYCLE=0 PAIR=1788 BUFFER=0 SUBPAGES=0/1 GAP_MS=62.880 HASH=d350cc6d91ddfcae
CYCLE=0 PAIR=1789 BUFFER=1 SUBPAGES=0/1 GAP_MS=64.118 HASH=122ecdea3246411e
CYCLE=0 PAIR=1790 BUFFER=2 SUBPAGES=0/1 GAP_MS=64.043 HASH=b6784d114d4f1c45
CYCLE=0 PAIR=1791 BUFFER=3 SUBPAGES=0/1 GAP_MS=63.517 HASH=02e966ff2ef8e4eb
CYCLE=0 PAIR=1792 BUFFER=0 SUBPAGES=0/1 GAP_MS=63.397 HASH=21422ad449c61b3d
CYCLE=0 PAIR=1793 BUFFER=1 SUBPAGES=0/1 GAP_MS=63.512 HASH=fc42457113fd49be
CYCLE=0 PAIR=1794 BUFFER=2 SUBPAGES=0/1 GAP_MS=65.308 HASH=33230c308261c7b8
CYCLE=0 PAIR=1795 BUFFER=3 SUBPAGES=0/1 GAP_MS=65.050 HASH=849ec11d2d90a253
CYCLE=0 PAIR=1796 BUFFER=0 SUBPAGES=0/1 GAP_MS=62.516 HASH=a05a47a592ad9278
CYCLE=0 PAIR=1797 BUFFER=1 SUBPAGES=0/1 GAP_MS=63.990 HASH=5ea40c8d49859468
CYCLE=0 PAIR=1798 BUFFER=2 SUBPAGES=0/1 GAP_MS=63.256 HASH=a9bc7e3f2158cba4
CYCLE=0 PAIR=1799 BUFFER=3 SUBPAGES=0/1 GAP_MS=64.179 HASH=cd393ba8216433bd
CYCLE=0 PAIR=1800 BUFFER=0 SUBPAGES=0/1 GAP_MS=63.993 HASH=f6949791daacd4f9
CYCLE=0 PAIR=1801 BUFFER=1 SUBPAGES=0/1 GAP_MS=64.465 HASH=fec4ab56ed674362
CYCLE=0 PAIR=1802 BUFFER=2 SUBPAGES=0/1 GAP_MS=64.652 HASH=f2e78d4cc3ec78ab
CYCLE=0 PAIR=1803 BUFFER=3 SUBPAGES=0/1 GAP_MS=63.981 HASH=1bc67f729c48a359
CYCLE=0 PAIR=1804 BUFFER=0 SUBPAGES=0/1 GAP_MS=63.697 HASH=3de7df30242f10e3
CYCLE=0 PAIR=1805 BUFFER=1 SUBPAGES=0/1 GAP_MS=64.258 HASH=c871601ae864b95e
CYCLE=0 PAIR=1806 BUFFER=2 SUBPAGES=0/1 GAP_MS=62.936 HASH=4a55196602446c09
CYCLE=0 PAIR=1807 BUFFER=3 SUBPAGES=0/1 GAP_MS=62.617 HASH=8e1d9b7826e0be14
CYCLE=0 PAIR=1808 BUFFER=0 SUBPAGES=0/1 GAP_MS=63.882 HASH=20b975dc04f4ed56
CYCLE=0 PAIR=1809 BUFFER=1 SUBPAGES=0/1 GAP_MS=63.205 HASH=afa6e2e3f3ba9c37
CYCLE=0 PAIR=1810 BUFFER=2 SUBPAGES=0/1 GAP_MS=65.023 HASH=afb10c5b46aa960f
CYCLE=0 PAIR=1811 BUFFER=3 SUBPAGES=0/1 GAP_MS=63.834 HASH=afc877996c568d58
CYCLE=0 PAIR=1812 BUFFER=0 SUBPAGES=0/1 GAP_MS=65.078 HASH=8aa74dad83bfb705
CYCLE=0 PAIR=1813 BUFFER=1 SUBPAGES=0/1 GAP_MS=62.612 HASH=684ea61327882746
CYCLE=0 PAIR=1814 BUFFER=2 SUBPAGES=0/1 GAP_MS=63.882 HASH=420c4c4c29d06dc8
CYCLE=0 PAIR=1815 BUFFER=3 SUBPAGES=0/1 GAP_MS=63.454 HASH=f4672f82780961f6
CYCLE=0 PAIR=1816 BUFFER=0 SUBPAGES=0/1 GAP_MS=63.475 HASH=12a65403ac42fffe
CYCLE=0 PAIR=1817 BUFFER=1 SUBPAGES=0/1 GAP_MS=62.799 HASH=5103a3a7a07ab314
CYCLE=0 PAIR=1818 BUFFER=2 SUBPAGES=0/1 GAP_MS=64.128 HASH=820bfe5a1722ce11
CYCLE=0 PAIR=1819 BUFFER=3 SUBPAGES=0/1 GAP_MS=63.217 HASH=a1d1d47485c60724
CYCLE=0 PAIR=1820 BUFFER=0 SUBPAGES=0/1 GAP_MS=63.764 HASH=a4803bcd32dcec8c
CYCLE=0 PAIR=1821 BUFFER=1 SUBPAGES=0/1 GAP_MS=66.078 HASH=2a2c745e2343757d
CYCLE=0 PAIR=1822 BUFFER=2 SUBPAGES=0/1 GAP_MS=64.155 HASH=073361dc12c9a510
CYCLE=0 PAIR=1823 BUFFER=3 SUBPAGES=0/1 GAP_MS=64.270 HASH=b9d9ea68ff51dce6
CYCLE=0 PAIR=1824 BUFFER=0 SUBPAGES=0/1 GAP_MS=63.221 HASH=7c4a060de0ed3324
CYCLE=0 PAIR=1825 BUFFER=1 SUBPAGES=0/1 GAP_MS=63.814 HASH=ffc655c67b5bf5d5
CYCLE=0 PAIR=1826 BUFFER=2 SUBPAGES=0/1 GAP_MS=63.528 HASH=3827b325b2526e24
CYCLE=0 PAIR=1827 BUFFER=3 SUBPAGES=0/1 GAP_MS=63.904 HASH=465d59a5b982bcc3
CYCLE=0 PAIR=1828 BUFFER=0 SUBPAGES=0/1 GAP_MS=64.947 HASH=d1cef15c34c37273
CYCLE=0 PAIR=1829 BUFFER=1 SUBPAGES=0/1 GAP_MS=64.134 HASH=d998b31c47665cb3
CYCLE=0 PAIR=1830 BUFFER=2 SUBPAGES=0/1 GAP_MS=63.117 HASH=19836248d62ee81a
CYCLE=0 PAIR=1831 BUFFER=3 SUBPAGES=0/1 GAP_MS=64.257 HASH=8b3ab7fddae71cc1
CYCLE=0 PAIR=1832 BUFFER=0 SUBPAGES=0/1 GAP_MS=65.862 HASH=968d303e27c0af01
CYCLE=0 PAIR=1833 BUFFER=1 SUBPAGES=0/1 GAP_MS=63.213 HASH=025cd2df140c1dcf
CYCLE=0 PAIR=1834 BUFFER=2 SUBPAGES=0/1 GAP_MS=63.303 HASH=b1f975222f37ce4a
CYCLE=0 PAIR=1835 BUFFER=3 SUBPAGES=0/1 GAP_MS=63.759 HASH=142ed0576689c543
CYCLE=0 PAIR=1836 BUFFER=0 SUBPAGES=0/1 GAP_MS=63.118 HASH=a07edb63bd0d0cb4
CYCLE=0 PAIR=1837 BUFFER=1 SUBPAGES=0/1 GAP_MS=64.347 HASH=71a28240057ffb3a
CYCLE=0 PAIR=1838 BUFFER=2 SUBPAGES=0/1 GAP_MS=63.447 HASH=f5c742255dcdc36e
CYCLE=0 PAIR=1839 BUFFER=3 SUBPAGES=0/1 GAP_MS=64.200 HASH=b10f177489e7342b
CYCLE=0 PAIR=1840 BUFFER=0 SUBPAGES=0/1 GAP_MS=62.592 HASH=565d6b8778ac44d7
CYCLE=0 PAIR=1841 BUFFER=1 SUBPAGES=0/1 GAP_MS=63.686 HASH=83e58c738eb37cd9
CYCLE=0 PAIR=1842 BUFFER=2 SUBPAGES=0/1 GAP_MS=64.679 HASH=f1d0d211cbb5768f
CYCLE=0 PAIR=1843 BUFFER=3 SUBPAGES=0/1 GAP_MS=63.761 HASH=94d3cbf08dd7bde1
CYCLE=0 PAIR=1844 BUFFER=0 SUBPAGES=0/1 GAP_MS=63.128 HASH=827ffdd01e206f1a
CYCLE=0 PAIR=1845 BUFFER=1 SUBPAGES=0/1 GAP_MS=64.607 HASH=2db8cf9db966ff8a
CYCLE=0 PAIR=1846 BUFFER=2 SUBPAGES=0/1 GAP_MS=63.250 HASH=6e938c472b96f79e
CYCLE=0 PAIR=1847 BUFFER=3 SUBPAGES=0/1 GAP_MS=63.021 HASH=a4965338d4c63ac1
CYCLE=0 PAIR=1848 BUFFER=0 SUBPAGES=0/1 GAP_MS=61.950 HASH=ca304c5146a5e04c
CYCLE=0 PAIR=1849 BUFFER=1 SUBPAGES=0/1 GAP_MS=61.965 HASH=54b857ad0dae3947
CYCLE=0 PAIR=1850 BUFFER=2 SUBPAGES=0/1 GAP_MS=63.741 HASH=493d4ddc7d14eb75
CYCLE=0 PAIR=1851 BUFFER=3 SUBPAGES=0/1 GAP_MS=63.348 HASH=17f69557191c9620
CYCLE=0 PAIR=1852 BUFFER=0 SUBPAGES=0/1 GAP_MS=62.842 HASH=030223a40fc1e351
CYCLE=0 PAIR=1853 BUFFER=1 SUBPAGES=0/1 GAP_MS=63.580 HASH=b2872621f2cc5822
CYCLE=0 PAIR=1854 BUFFER=2 SUBPAGES=0/1 GAP_MS=63.821 HASH=52ad6e32ed733aae
CYCLE=0 PAIR=1855 BUFFER=3 SUBPAGES=0/1 GAP_MS=62.763 HASH=1e89999cdea82795
CYCLE=0 PAIR=1856 BUFFER=0 SUBPAGES=0/1 GAP_MS=64.021 HASH=e90a714d6614d089
CYCLE=0 PAIR=1857 BUFFER=1 SUBPAGES=0/1 GAP_MS=63.125 HASH=9fa2fd8313a6a950
CYCLE=0 PAIR=1858 BUFFER=2 SUBPAGES=0/1 GAP_MS=62.347 HASH=b940758aa8f91280
CYCLE=0 PAIR=1859 BUFFER=3 SUBPAGES=0/1 GAP_MS=62.789 HASH=fbf8c2eb557b502d
CYCLE=0 PAIR=1860 BUFFER=0 SUBPAGES=0/1 GAP_MS=65.113 HASH=95a7e92ea25f6a81
CYCLE=0 PAIR=1861 BUFFER=1 SUBPAGES=0/1 GAP_MS=63.778 HASH=a6bf9c79a39ad24e
CYCLE=0 PAIR=1862 BUFFER=2 SUBPAGES=0/1 GAP_MS=64.822 HASH=466b05e2f30e7796
CYCLE=0 PAIR=1863 BUFFER=3 SUBPAGES=0/1 GAP_MS=65.645 HASH=74f3fb719b0d0f3e
CYCLE=0 PAIR=1864 BUFFER=0 SUBPAGES=0/1 GAP_MS=64.165 HASH=6222be31d621f953
CYCLE=0 PAIR=1865 BUFFER=1 SUBPAGES=0/1 GAP_MS=62.768 HASH=34e0e92626e52a98
CYCLE=0 PAIR=1866 BUFFER=2 SUBPAGES=0/1 GAP_MS=64.273 HASH=ed32678180f30a44
CYCLE=0 PAIR=1867 BUFFER=3 SUBPAGES=0/1 GAP_MS=64.587 HASH=4a37a3376ef59a1c
CYCLE=0 PAIR=1868 BUFFER=0 SUBPAGES=0/1 GAP_MS=66.308 HASH=e59169d6808e2b18
CYCLE=0 PAIR=1869 BUFFER=1 SUBPAGES=0/1 GAP_MS=64.042 HASH=33976fb52c511cfd
CYCLE=0 PAIR=1870 BUFFER=2 SUBPAGES=0/1 GAP_MS=63.775 HASH=53bdcfdfd403a902
CYCLE=0 PAIR=1871 BUFFER=3 SUBPAGES=0/1 GAP_MS=64.560 HASH=1177962e35d8e68e
CYCLE=0 PAIR=1872 BUFFER=0 SUBPAGES=0/1 GAP_MS=64.988 HASH=e42ada784d49ab47
CYCLE=0 PAIR=1873 BUFFER=1 SUBPAGES=0/1 GAP_MS=63.226 HASH=43426252cbe7f813
CYCLE=0 PAIR=1874 BUFFER=2 SUBPAGES=0/1 GAP_MS=62.512 HASH=085d5336e82bbf80
CYCLE=0 PAIR=1875 BUFFER=3 SUBPAGES=0/1 GAP_MS=64.182 HASH=0b3b07a993b80c6d
CYCLE=0 PAIR=1876 BUFFER=0 SUBPAGES=0/1 GAP_MS=64.551 HASH=845faec3d6205502
CYCLE=0 PAIR=1877 BUFFER=1 SUBPAGES=0/1 GAP_MS=63.659 HASH=274f582d5947a4ec
CYCLE=0 PAIR=1878 BUFFER=2 SUBPAGES=0/1 GAP_MS=64.341 HASH=6d1f8f75cd7f7043
CYCLE=0 PAIR=1879 BUFFER=3 SUBPAGES=0/1 GAP_MS=64.835 HASH=5cc12ec5329312a3
CYCLE=0 PAIR=1880 BUFFER=0 SUBPAGES=0/1 GAP_MS=63.422 HASH=0e011053c26f7183
CYCLE=0 PAIR=1881 BUFFER=1 SUBPAGES=0/1 GAP_MS=62.485 HASH=92a52b025f9486f5
CYCLE=0 PAIR=1882 BUFFER=2 SUBPAGES=0/1 GAP_MS=63.608 HASH=4f67d8fbc6d0a326
CYCLE=0 PAIR=1883 BUFFER=3 SUBPAGES=0/1 GAP_MS=64.951 HASH=27584e23b121439b
CYCLE=0 PAIR=1884 BUFFER=0 SUBPAGES=0/1 GAP_MS=62.463 HASH=02cf1c532370c116
CYCLE=0 PAIR=1885 BUFFER=1 SUBPAGES=0/1 GAP_MS=63.004 HASH=f88056e8fba343ca
CYCLE=0 PAIR=1886 BUFFER=2 SUBPAGES=0/1 GAP_MS=64.657 HASH=4687ef95f7068113
CYCLE=0 PAIR=1887 BUFFER=3 SUBPAGES=0/1 GAP_MS=65.329 HASH=5ae058fe805255c0
CYCLE=0 PAIR=1888 BUFFER=0 SUBPAGES=0/1 GAP_MS=62.343 HASH=1cff43314efafb85
CYCLE=0 PAIR=1889 BUFFER=1 SUBPAGES=0/1 GAP_MS=64.417 HASH=55591a55f8838d10
CYCLE=0 PAIR=1890 BUFFER=2 SUBPAGES=0/1 GAP_MS=62.770 HASH=8a21a5b56bfeddc4
CYCLE=0 PAIR=1891 BUFFER=3 SUBPAGES=0/1 GAP_MS=63.401 HASH=b113840cf119f0f3
CYCLE=0 PAIR=1892 BUFFER=0 SUBPAGES=0/1 GAP_MS=63.263 HASH=9f68541f2dea0020
CYCLE=0 PAIR=1893 BUFFER=1 SUBPAGES=0/1 GAP_MS=63.720 HASH=168da951cb128017
CYCLE=0 PAIR=1894 BUFFER=2 SUBPAGES=0/1 GAP_MS=63.717 HASH=bd5c45ef3c0f216a
CYCLE=0 PAIR=1895 BUFFER=3 SUBPAGES=0/1 GAP_MS=63.426 HASH=530d4a4b5c47a9b4
CYCLE=0 PAIR=1896 BUFFER=0 SUBPAGES=0/1 GAP_MS=65.826 HASH=97e9b038638e2002
CYCLE=0 PAIR=1897 BUFFER=1 SUBPAGES=0/1 GAP_MS=63.464 HASH=15d51699939c1a19
CYCLE=0 PAIR=1898 BUFFER=2 SUBPAGES=0/1 GAP_MS=63.397 HASH=dde8de364834e282
CYCLE=0 PAIR=1899 BUFFER=3 SUBPAGES=0/1 GAP_MS=64.527 HASH=cec2b286818c8ca5
CYCLE=0 PAIR=1900 BUFFER=0 SUBPAGES=0/1 GAP_MS=63.992 HASH=27b134e53e66000b
CYCLE=0 PAIR=1901 BUFFER=1 SUBPAGES=0/1 GAP_MS=64.025 HASH=ca979d57b7263884
CYCLE=0 PAIR=1902 BUFFER=2 SUBPAGES=0/1 GAP_MS=64.011 HASH=20eab022652a1a5b
CYCLE=0 PAIR=1903 BUFFER=3 SUBPAGES=0/1 GAP_MS=64.493 HASH=a6e44f5ab5b6751a
CYCLE=0 PAIR=1904 BUFFER=0 SUBPAGES=0/1 GAP_MS=64.020 HASH=00d8be0f5f15d0c9
CYCLE=0 PAIR=1905 BUFFER=1 SUBPAGES=0/1 GAP_MS=62.810 HASH=d85cb49f07e29abe
CYCLE=0 PAIR=1906 BUFFER=2 SUBPAGES=0/1 GAP_MS=63.754 HASH=3adbdea512f0e4ce
CYCLE=0 PAIR=1907 BUFFER=3 SUBPAGES=0/1 GAP_MS=63.830 HASH=e14bc94ff5de7141
CYCLE=0 PAIR=1908 BUFFER=0 SUBPAGES=0/1 GAP_MS=63.651 HASH=907a9c7c4eb4491c
CYCLE=0 PAIR=1909 BUFFER=1 SUBPAGES=0/1 GAP_MS=63.312 HASH=5181dd263535ed87
CYCLE=0 PAIR=1910 BUFFER=2 SUBPAGES=0/1 GAP_MS=64.904 HASH=4e2917e43aa44d34
CYCLE=0 PAIR=1911 BUFFER=3 SUBPAGES=0/1 GAP_MS=63.279 HASH=85cc38c8693b0065
CYCLE=0 PAIR=1912 BUFFER=0 SUBPAGES=0/1 GAP_MS=63.190 HASH=8407fd201173381f
CYCLE=0 PAIR=1913 BUFFER=1 SUBPAGES=0/1 GAP_MS=63.026 HASH=68172b94b6558aba
CYCLE=0 PAIR=1914 BUFFER=2 SUBPAGES=0/1 GAP_MS=63.993 HASH=eb6a643fd9dd042f
CYCLE=0 PAIR=1915 BUFFER=3 SUBPAGES=0/1 GAP_MS=64.586 HASH=10d37dfd4cd7dd70
CYCLE=0 PAIR=1916 BUFFER=0 SUBPAGES=0/1 GAP_MS=64.808 HASH=266d7249b4ebaf9a
CYCLE=0 PAIR=1917 BUFFER=1 SUBPAGES=0/1 GAP_MS=64.751 HASH=79762a1b4981e8a4
CYCLE=0 PAIR=1918 BUFFER=2 SUBPAGES=0/1 GAP_MS=63.586 HASH=5c8def1b561769fa
CYCLE=0 PAIR=1919 BUFFER=3 SUBPAGES=0/1 GAP_MS=63.661 HASH=8a1f87b792e21bc8
CYCLE=0 PAIR=1920 BUFFER=0 SUBPAGES=0/1 GAP_MS=63.746 HASH=7901e71a53263856
CYCLE=0 PAIR=1921 BUFFER=1 SUBPAGES=0/1 GAP_MS=62.199 HASH=ad426e4b78de99d9
CYCLE=0 PAIR=1922 BUFFER=2 SUBPAGES=0/1 GAP_MS=64.597 HASH=8665b47123fac7f4
CYCLE=0 PAIR=1923 BUFFER=3 SUBPAGES=0/1 GAP_MS=63.754 HASH=cd071d85e7ab090b
CYCLE=0 PAIR=1924 BUFFER=0 SUBPAGES=0/1 GAP_MS=63.673 HASH=a70ceb50c583c78d
CYCLE=0 PAIR=1925 BUFFER=1 SUBPAGES=0/1 GAP_MS=64.181 HASH=61151ce83ed47d23
CYCLE=0 PAIR=1926 BUFFER=2 SUBPAGES=0/1 GAP_MS=62.920 HASH=3578004b7f32bf6a
CYCLE=0 PAIR=1927 BUFFER=3 SUBPAGES=0/1 GAP_MS=64.802 HASH=63a207258f9617fe
CYCLE=0 PAIR=1928 BUFFER=0 SUBPAGES=0/1 GAP_MS=63.338 HASH=4bc21b99499be73b
CYCLE=0 PAIR=1929 BUFFER=1 SUBPAGES=0/1 GAP_MS=63.527 HASH=bf40511e871ab042
CYCLE=0 PAIR=1930 BUFFER=2 SUBPAGES=0/1 GAP_MS=62.993 HASH=c4d4aa6436a26720
CYCLE=0 PAIR=1931 BUFFER=3 SUBPAGES=0/1 GAP_MS=63.898 HASH=4dcd14d3d020d8bd
CYCLE=0 PAIR=1932 BUFFER=0 SUBPAGES=0/1 GAP_MS=63.467 HASH=30c1979f4ab0be4b
CYCLE=0 PAIR=1933 BUFFER=1 SUBPAGES=0/1 GAP_MS=64.321 HASH=7435caacb2a6a0e2
CYCLE=0 PAIR=1934 BUFFER=2 SUBPAGES=0/1 GAP_MS=63.982 HASH=55f17de5bc8d1e1e
CYCLE=0 PAIR=1935 BUFFER=3 SUBPAGES=0/1 GAP_MS=63.980 HASH=f32712766cb0178e
CYCLE=0 PAIR=1936 BUFFER=0 SUBPAGES=0/1 GAP_MS=62.651 HASH=a51f725bc83334bb
CYCLE=0 PAIR=1937 BUFFER=1 SUBPAGES=0/1 GAP_MS=64.299 HASH=1bbfb5ca3d4e3a7f
CYCLE=0 PAIR=1938 BUFFER=2 SUBPAGES=0/1 GAP_MS=63.158 HASH=7d924555c8534bc5
CYCLE=0 PAIR=1939 BUFFER=3 SUBPAGES=0/1 GAP_MS=64.861 HASH=b9a4c284ad0ba917
CYCLE=0 PAIR=1940 BUFFER=0 SUBPAGES=0/1 GAP_MS=63.324 HASH=d4349b3a86975a7b
CYCLE=0 PAIR=1941 BUFFER=1 SUBPAGES=0/1 GAP_MS=63.092 HASH=d22a802daa8352b0
CYCLE=0 PAIR=1942 BUFFER=2 SUBPAGES=0/1 GAP_MS=64.509 HASH=ea83b5025b47b7f0
CYCLE=0 PAIR=1943 BUFFER=3 SUBPAGES=0/1 GAP_MS=63.647 HASH=71984b54ce26e9b3
CYCLE=0 PAIR=1944 BUFFER=0 SUBPAGES=0/1 GAP_MS=63.169 HASH=6172aede71950c30
CYCLE=0 PAIR=1945 BUFFER=1 SUBPAGES=0/1 GAP_MS=66.026 HASH=66c6cc36b7f273d4
CYCLE=0 PAIR=1946 BUFFER=2 SUBPAGES=0/1 GAP_MS=63.269 HASH=ab70c9dde20e7eed
CYCLE=0 PAIR=1947 BUFFER=3 SUBPAGES=0/1 GAP_MS=65.042 HASH=f7bc2cd5d5a9912b
CYCLE=0 PAIR=1948 BUFFER=0 SUBPAGES=0/1 GAP_MS=63.372 HASH=82864f29195962e0
CYCLE=0 PAIR=1949 BUFFER=1 SUBPAGES=0/1 GAP_MS=64.871 HASH=eafe0abb8ffd31d5
CYCLE=0 PAIR=1950 BUFFER=2 SUBPAGES=0/1 GAP_MS=63.352 HASH=e1c5c491cb5d27cc
CYCLE=0 PAIR=1951 BUFFER=3 SUBPAGES=0/1 GAP_MS=62.717 HASH=6d7f2e28cd71f372
CYCLE=0 PAIR=1952 BUFFER=0 SUBPAGES=0/1 GAP_MS=63.321 HASH=08df5b39d5cbd1da
CYCLE=0 PAIR=1953 BUFFER=1 SUBPAGES=0/1 GAP_MS=64.099 HASH=ce1aae0ff4c4804b
CYCLE=0 PAIR=1954 BUFFER=2 SUBPAGES=0/1 GAP_MS=63.388 HASH=909e6cce8cce8e7b
CYCLE=0 PAIR=1955 BUFFER=3 SUBPAGES=0/1 GAP_MS=63.933 HASH=c183e20070a8efe1
CYCLE=0 PAIR=1956 BUFFER=0 SUBPAGES=0/1 GAP_MS=64.996 HASH=ed7083ad2df26f9f
CYCLE=0 PAIR=1957 BUFFER=1 SUBPAGES=0/1 GAP_MS=63.678 HASH=fd82451e501030a9
CYCLE=0 PAIR=1958 BUFFER=2 SUBPAGES=0/1 GAP_MS=63.353 HASH=7d91da0a9a732d79
CYCLE=0 PAIR=1959 BUFFER=3 SUBPAGES=0/1 GAP_MS=64.173 HASH=cc646b31f5390c60
CYCLE=0 PAIR=1960 BUFFER=0 SUBPAGES=0/1 GAP_MS=63.056 HASH=d6fc28524821edac
CYCLE=0 PAIR=1961 BUFFER=1 SUBPAGES=0/1 GAP_MS=65.113 HASH=27d01fbe1fb2d538
CYCLE=0 PAIR=1962 BUFFER=2 SUBPAGES=0/1 GAP_MS=62.769 HASH=516b3b340960be85
CYCLE=0 PAIR=1963 BUFFER=3 SUBPAGES=0/1 GAP_MS=65.355 HASH=b90804a48dd4844c
CYCLE=0 PAIR=1964 BUFFER=0 SUBPAGES=0/1 GAP_MS=63.809 HASH=81bc28e1234f2a4b
CYCLE=0 PAIR=1965 BUFFER=1 SUBPAGES=0/1 GAP_MS=63.164 HASH=7bbd45faabf79ecf
CYCLE=0 PAIR=1966 BUFFER=2 SUBPAGES=0/1 GAP_MS=63.556 HASH=44089d0c35fac2bc
CYCLE=0 PAIR=1967 BUFFER=3 SUBPAGES=0/1 GAP_MS=64.646 HASH=9b91a219112889c2
CYCLE=0 PAIR=1968 BUFFER=0 SUBPAGES=0/1 GAP_MS=62.926 HASH=59639b1ee9328035
CYCLE=0 PAIR=1969 BUFFER=1 SUBPAGES=0/1 GAP_MS=63.734 HASH=f7a97d557695cd8a
CYCLE=0 PAIR=1970 BUFFER=2 SUBPAGES=0/1 GAP_MS=63.018 HASH=7f3ff7e1121e2992
CYCLE=0 PAIR=1971 BUFFER=3 SUBPAGES=0/1 GAP_MS=64.609 HASH=c7b529ba9c350199
CYCLE=0 PAIR=1972 BUFFER=0 SUBPAGES=0/1 GAP_MS=63.753 HASH=ed4b42ed779c30bb
CYCLE=0 PAIR=1973 BUFFER=1 SUBPAGES=0/1 GAP_MS=64.038 HASH=fa40ff831cd04bcb
CYCLE=0 PAIR=1974 BUFFER=2 SUBPAGES=0/1 GAP_MS=63.870 HASH=a7502f9db4480295
CYCLE=0 PAIR=1975 BUFFER=3 SUBPAGES=0/1 GAP_MS=63.902 HASH=1668b0094cffad21
CYCLE=0 PAIR=1976 BUFFER=0 SUBPAGES=0/1 GAP_MS=64.088 HASH=bc22c82c51f3f94d
CYCLE=0 PAIR=1977 BUFFER=1 SUBPAGES=0/1 GAP_MS=64.062 HASH=20f253989c26ca3c
CYCLE=0 PAIR=1978 BUFFER=2 SUBPAGES=0/1 GAP_MS=62.702 HASH=06bcf4c61f8a5756
CYCLE=0 PAIR=1979 BUFFER=3 SUBPAGES=0/1 GAP_MS=63.573 HASH=73b14e21e1979056
CYCLE=0 PAIR=1980 BUFFER=0 SUBPAGES=0/1 GAP_MS=63.606 HASH=ca962b60a0f2ea14
CYCLE=0 PAIR=1981 BUFFER=1 SUBPAGES=0/1 GAP_MS=63.536 HASH=6ddf0cfc52860d83
CYCLE=0 PAIR=1982 BUFFER=2 SUBPAGES=0/1 GAP_MS=65.092 HASH=8bc4f24d697f0a0c
CYCLE=0 PAIR=1983 BUFFER=3 SUBPAGES=0/1 GAP_MS=64.045 HASH=424a8f2b79873a61
CYCLE=0 PAIR=1984 BUFFER=0 SUBPAGES=0/1 GAP_MS=64.691 HASH=90f9bfbf833faee1
CYCLE=0 PAIR=1985 BUFFER=1 SUBPAGES=0/1 GAP_MS=64.191 HASH=c7c219c4cfb96472
CYCLE=0 PAIR=1986 BUFFER=2 SUBPAGES=0/1 GAP_MS=63.543 HASH=dd45379da3378631
CYCLE=0 PAIR=1987 BUFFER=3 SUBPAGES=0/1 GAP_MS=63.750 HASH=80806a9640711ff7
CYCLE=0 PAIR=1988 BUFFER=0 SUBPAGES=0/1 GAP_MS=63.160 HASH=3a65937da4440da0
CYCLE=0 PAIR=1989 BUFFER=1 SUBPAGES=0/1 GAP_MS=63.718 HASH=562b9035af98b8ce
CYCLE=0 PAIR=1990 BUFFER=2 SUBPAGES=0/1 GAP_MS=64.893 HASH=709673738108bbcf
CYCLE=0 PAIR=1991 BUFFER=3 SUBPAGES=0/1 GAP_MS=63.960 HASH=4a983307c677d8e8
CYCLE=0 PAIR=1992 BUFFER=0 SUBPAGES=0/1 GAP_MS=64.797 HASH=118a9ed687a6dde6
CYCLE=0 PAIR=1993 BUFFER=1 SUBPAGES=0/1 GAP_MS=63.460 HASH=60edf85edf4427af
CYCLE=0 PAIR=1994 BUFFER=2 SUBPAGES=0/1 GAP_MS=65.162 HASH=cf01993b52953c9c
CYCLE=0 PAIR=1995 BUFFER=3 SUBPAGES=0/1 GAP_MS=63.374 HASH=47186310b3b2a4e6
CYCLE=0 PAIR=1996 BUFFER=0 SUBPAGES=0/1 GAP_MS=64.158 HASH=c4d4c7dba1e83b64
CYCLE=0 PAIR=1997 BUFFER=1 SUBPAGES=0/1 GAP_MS=63.767 HASH=2fb3f284a8e3e961
CYCLE=0 PAIR=1998 BUFFER=2 SUBPAGES=0/1 GAP_MS=64.779 HASH=35f54c0bdc460536
CYCLE=0 PAIR=1999 BUFFER=3 SUBPAGES=0/1 GAP_MS=64.824 HASH=039a1e5f10b6278e
CYCLE=0 PAIR=2000 BUFFER=0 SUBPAGES=0/1 GAP_MS=63.964 HASH=793f38ea837983a4
CYCLE=0 PAIR=2001 BUFFER=1 SUBPAGES=0/1 GAP_MS=63.815 HASH=916702eae4cf5cca
CYCLE=0 PAIR=2002 BUFFER=2 SUBPAGES=0/1 GAP_MS=64.569 HASH=5a34d3775c7dabe7
CYCLE=0 PAIR=2003 BUFFER=3 SUBPAGES=0/1 GAP_MS=64.287 HASH=2edd380f9f2022eb
CYCLE=0 PAIR=2004 BUFFER=0 SUBPAGES=0/1 GAP_MS=64.161 HASH=9139e769b96bedb4
CYCLE=0 PAIR=2005 BUFFER=1 SUBPAGES=0/1 GAP_MS=64.471 HASH=b2d5c87313411afc
CYCLE=0 PAIR=2006 BUFFER=2 SUBPAGES=0/1 GAP_MS=62.759 HASH=00ad8a4228045353
CYCLE=0 PAIR=2007 BUFFER=3 SUBPAGES=0/1 GAP_MS=63.419 HASH=400a71556440b739
CYCLE=0 PAIR=2008 BUFFER=0 SUBPAGES=0/1 GAP_MS=63.402 HASH=c77641e03827d1fc
CYCLE=0 PAIR=2009 BUFFER=1 SUBPAGES=0/1 GAP_MS=64.673 HASH=3abe0170fe0e224c
CYCLE=0 PAIR=2010 BUFFER=2 SUBPAGES=0/1 GAP_MS=63.269 HASH=75d38d88df30158a
CYCLE=0 PAIR=2011 BUFFER=3 SUBPAGES=0/1 GAP_MS=64.112 HASH=b31f17a2a42addb2
CYCLE=0 PAIR=2012 BUFFER=0 SUBPAGES=0/1 GAP_MS=63.074 HASH=ea73d7f0e21eb5d7
CYCLE=0 PAIR=2013 BUFFER=1 SUBPAGES=0/1 GAP_MS=63.770 HASH=0c95bffefdcb6d54
CYCLE=0 PAIR=2014 BUFFER=2 SUBPAGES=0/1 GAP_MS=63.133 HASH=31cc6a34378c6689
CYCLE=0 PAIR=2015 BUFFER=3 SUBPAGES=0/1 GAP_MS=63.013 HASH=8ca001191dbc4970
CYCLE=0 PAIR=2016 BUFFER=0 SUBPAGES=0/1 GAP_MS=63.201 HASH=e222eb5390dd4d67
CYCLE=0 PAIR=2017 BUFFER=1 SUBPAGES=0/1 GAP_MS=65.399 HASH=3c54f1013bb09c80
CYCLE=0 PAIR=2018 BUFFER=2 SUBPAGES=0/1 GAP_MS=63.757 HASH=f8925090cb2eb2b1
CYCLE=0 PAIR=2019 BUFFER=3 SUBPAGES=0/1 GAP_MS=63.094 HASH=e76d8b6ae1dabc61
CYCLE=0 PAIR=2020 BUFFER=0 SUBPAGES=0/1 GAP_MS=63.004 HASH=598525314f00a89e
CYCLE=0 PAIR=2021 BUFFER=1 SUBPAGES=0/1 GAP_MS=63.607 HASH=2d45315c1b06e645
CYCLE=0 PAIR=2022 BUFFER=2 SUBPAGES=0/1 GAP_MS=64.250 HASH=48f234bdffbcf34a
CYCLE=0 PAIR=2023 BUFFER=3 SUBPAGES=0/1 GAP_MS=62.937 HASH=b472274b229c6a4b
CYCLE=0 PAIR=2024 BUFFER=0 SUBPAGES=0/1 GAP_MS=62.636 HASH=62e4bcacfd356015
CYCLE=0 PAIR=2025 BUFFER=1 SUBPAGES=0/1 GAP_MS=63.941 HASH=89c155be90dbead9
CYCLE=0 PAIR=2026 BUFFER=2 SUBPAGES=0/1 GAP_MS=64.318 HASH=8061e20890c04c84
CYCLE=0 PAIR=2027 BUFFER=3 SUBPAGES=0/1 GAP_MS=64.300 HASH=786bc7d726a913ae
CYCLE=0 PAIR=2028 BUFFER=0 SUBPAGES=0/1 GAP_MS=64.112 HASH=bc50f09af32090a8
CYCLE=0 PAIR=2029 BUFFER=1 SUBPAGES=0/1 GAP_MS=64.487 HASH=70df025bd530b9f9
CYCLE=0 PAIR=2030 BUFFER=2 SUBPAGES=0/1 GAP_MS=64.396 HASH=2d7bedbbc5108602
CYCLE=0 PAIR=2031 BUFFER=3 SUBPAGES=0/1 GAP_MS=63.747 HASH=310cfe27ca4822ea
CYCLE=0 PAIR=2032 BUFFER=0 SUBPAGES=0/1 GAP_MS=65.227 HASH=2c94530deaa27606
CYCLE=0 PAIR=2033 BUFFER=1 SUBPAGES=0/1 GAP_MS=64.281 HASH=eef1f7492ba4a19e
CYCLE=0 PAIR=2034 BUFFER=2 SUBPAGES=0/1 GAP_MS=64.546 HASH=564601797b3efc42
CYCLE=0 PAIR=2035 BUFFER=3 SUBPAGES=0/1 GAP_MS=63.462 HASH=cf780efaf76e3691
CYCLE=0 PAIR=2036 BUFFER=0 SUBPAGES=0/1 GAP_MS=64.763 HASH=24965b03f82866ca
CYCLE=0 PAIR=2037 BUFFER=1 SUBPAGES=0/1 GAP_MS=64.607 HASH=439978b17d52fa3a
CYCLE=0 PAIR=2038 BUFFER=2 SUBPAGES=0/1 GAP_MS=65.039 HASH=f2f01eb48b253305
CYCLE=0 PAIR=2039 BUFFER=3 SUBPAGES=0/1 GAP_MS=63.788 HASH=03d3bc77354b1bf6
CYCLE=0 PAIR=2040 BUFFER=0 SUBPAGES=0/1 GAP_MS=63.583 HASH=f65c6afa4fe1a8ae
CYCLE=0 PAIR=2041 BUFFER=1 SUBPAGES=0/1 GAP_MS=64.571 HASH=ad9625c6b2a98ab6
CYCLE=0 PAIR=2042 BUFFER=2 SUBPAGES=0/1 GAP_MS=63.880 HASH=a44b3bfe055f5949
CYCLE=0 PAIR=2043 BUFFER=3 SUBPAGES=0/1 GAP_MS=64.841 HASH=1a6ceb02343912e7
CYCLE=0 PAIR=2044 BUFFER=0 SUBPAGES=0/1 GAP_MS=64.009 HASH=0555c3db2d0d36d7
CYCLE=0 PAIR=2045 BUFFER=1 SUBPAGES=0/1 GAP_MS=62.626 HASH=29f3e8094ed493a2
CYCLE=0 PAIR=2046 BUFFER=2 SUBPAGES=0/1 GAP_MS=64.076 HASH=01412a7d4e1f178e
CYCLE=0 PAIR=2047 BUFFER=3 SUBPAGES=0/1 GAP_MS=63.674 HASH=55c818df8dedbed4
CYCLE=0 PAIR=2048 BUFFER=0 SUBPAGES=0/1 GAP_MS=62.530 HASH=52e6afbef0460c17
CYCLE=0 PAIR=2049 BUFFER=1 SUBPAGES=0/1 GAP_MS=64.142 HASH=897256832faf9458
CYCLE=0 PAIR=2050 BUFFER=2 SUBPAGES=0/1 GAP_MS=64.485 HASH=03a382fa44192911
CYCLE=0 PAIR=2051 BUFFER=3 SUBPAGES=0/1 GAP_MS=64.504 HASH=3aad1102982c1ce7
CYCLE=0 PAIR=2052 BUFFER=0 SUBPAGES=0/1 GAP_MS=63.191 HASH=8a4db140fb3514b2
CYCLE=0 PAIR=2053 BUFFER=1 SUBPAGES=0/1 GAP_MS=64.557 HASH=5cef6219ef0f1844
CYCLE=0 PAIR=2054 BUFFER=2 SUBPAGES=0/1 GAP_MS=63.428 HASH=32de7a702234b614
CYCLE=0 PAIR=2055 BUFFER=3 SUBPAGES=0/1 GAP_MS=63.239 HASH=29b04167c686521e
CYCLE=0 PAIR=2056 BUFFER=0 SUBPAGES=0/1 GAP_MS=64.108 HASH=b206547b1be835c1
CYCLE=0 PAIR=2057 BUFFER=1 SUBPAGES=0/1 GAP_MS=64.452 HASH=b079a7f5178ed989
CYCLE=0 PAIR=2058 BUFFER=2 SUBPAGES=0/1 GAP_MS=63.889 HASH=65d75a98eccbab6a
CYCLE=0 PAIR=2059 BUFFER=3 SUBPAGES=0/1 GAP_MS=64.223 HASH=b63ca5233f4b821c
CYCLE=0 PAIR=2060 BUFFER=0 SUBPAGES=0/1 GAP_MS=63.743 HASH=f88dbde102f47abd
CYCLE=0 PAIR=2061 BUFFER=1 SUBPAGES=0/1 GAP_MS=64.101 HASH=4e17ec7f7b27106f
CYCLE=0 PAIR=2062 BUFFER=2 SUBPAGES=0/1 GAP_MS=64.478 HASH=3125b16a56e7d6a6
CYCLE=0 PAIR=2063 BUFFER=3 SUBPAGES=0/1 GAP_MS=63.412 HASH=eb35f7105b086f5a
CYCLE=0 PAIR=2064 BUFFER=0 SUBPAGES=0/1 GAP_MS=65.188 HASH=1fd43bf8c17d5bd6
CYCLE=0 PAIR=2065 BUFFER=1 SUBPAGES=0/1 GAP_MS=64.939 HASH=1ca992474d33a608
CYCLE=0 PAIR=2066 BUFFER=2 SUBPAGES=0/1 GAP_MS=63.548 HASH=9d9a87cdbda815b5
CYCLE=0 PAIR=2067 BUFFER=3 SUBPAGES=0/1 GAP_MS=64.836 HASH=f4dcb48ada490d11
CYCLE=0 PAIR=2068 BUFFER=0 SUBPAGES=0/1 GAP_MS=63.786 HASH=635c7ec4429524f6
CYCLE=0 PAIR=2069 BUFFER=1 SUBPAGES=0/1 GAP_MS=63.262 HASH=470d519457064139
CYCLE=0 PAIR=2070 BUFFER=2 SUBPAGES=0/1 GAP_MS=64.924 HASH=410862c6521cd75d
CYCLE=0 PAIR=2071 BUFFER=3 SUBPAGES=0/1 GAP_MS=63.592 HASH=fbfc3cf6dae74eea
CYCLE=0 PAIR=2072 BUFFER=0 SUBPAGES=0/1 GAP_MS=64.349 HASH=3c7e15e10ce42177
CYCLE=0 PAIR=2073 BUFFER=1 SUBPAGES=0/1 GAP_MS=64.781 HASH=9ade1f5f03c81473
CYCLE=0 PAIR=2074 BUFFER=2 SUBPAGES=0/1 GAP_MS=64.552 HASH=653049ed960c485f
CYCLE=0 PAIR=2075 BUFFER=3 SUBPAGES=0/1 GAP_MS=64.262 HASH=b437f9d11e52a037
CYCLE=0 PAIR=2076 BUFFER=0 SUBPAGES=0/1 GAP_MS=63.358 HASH=7e6bfbf2bbd7c035
CYCLE=0 PAIR=2077 BUFFER=1 SUBPAGES=0/1 GAP_MS=64.436 HASH=026f0ff93c5acae9
CYCLE=0 PAIR=2078 BUFFER=2 SUBPAGES=0/1 GAP_MS=63.234 HASH=cd39e595b164b59c
CYCLE=0 PAIR=2079 BUFFER=3 SUBPAGES=0/1 GAP_MS=63.112 HASH=2a3578cddded468f
CYCLE=0 PAIR=2080 BUFFER=0 SUBPAGES=0/1 GAP_MS=63.953 HASH=b7d5ccc0f9ea09ee
CYCLE=0 PAIR=2081 BUFFER=1 SUBPAGES=0/1 GAP_MS=64.462 HASH=b4b70a405651c220
CYCLE=0 PAIR=2082 BUFFER=2 SUBPAGES=0/1 GAP_MS=63.937 HASH=16163d59562bb3ed
CYCLE=0 PAIR=2083 BUFFER=3 SUBPAGES=0/1 GAP_MS=64.058 HASH=3984ed7b5dc3828c
CYCLE=0 PAIR=2084 BUFFER=0 SUBPAGES=0/1 GAP_MS=63.285 HASH=5e966b670416c1a0
CYCLE=0 PAIR=2085 BUFFER=1 SUBPAGES=0/1 GAP_MS=62.456 HASH=6282ed4d10c33117
CYCLE=0 PAIR=2086 BUFFER=2 SUBPAGES=0/1 GAP_MS=63.607 HASH=b8992172af958124
CYCLE=0 PAIR=2087 BUFFER=3 SUBPAGES=0/1 GAP_MS=62.759 HASH=fc64da2865f4ac1e
CYCLE=0 PAIR=2088 BUFFER=0 SUBPAGES=0/1 GAP_MS=62.945 HASH=a03c2674ead84a5f
CYCLE=0 PAIR=2089 BUFFER=1 SUBPAGES=0/1 GAP_MS=62.592 HASH=81ba2f14f9d8f2ba
CYCLE=0 PAIR=2090 BUFFER=2 SUBPAGES=0/1 GAP_MS=64.466 HASH=a5ad9025bc86844a
CYCLE=0 PAIR=2091 BUFFER=3 SUBPAGES=0/1 GAP_MS=64.309 HASH=0e3f8cdae3e32433
CYCLE=0 PAIR=2092 BUFFER=0 SUBPAGES=0/1 GAP_MS=64.425 HASH=54edab878f50fe30
CYCLE=0 PAIR=2093 BUFFER=1 SUBPAGES=0/1 GAP_MS=63.941 HASH=a0406e0bd3c24557
CYCLE=0 PAIR=2094 BUFFER=2 SUBPAGES=0/1 GAP_MS=63.417 HASH=b9fe9957d0cff8ba
CYCLE=0 PAIR=2095 BUFFER=3 SUBPAGES=0/1 GAP_MS=63.347 HASH=ca057634021e85bf
CYCLE=0 PAIR=2096 BUFFER=0 SUBPAGES=0/1 GAP_MS=63.252 HASH=eb8b31f78b9e440e
CYCLE=0 PAIR=2097 BUFFER=1 SUBPAGES=0/1 GAP_MS=64.130 HASH=c3ce78277571ad1b
CYCLE=0 PAIR=2098 BUFFER=2 SUBPAGES=0/1 GAP_MS=64.922 HASH=f203fec60e9d4870
CYCLE=0 PAIR=2099 BUFFER=3 SUBPAGES=0/1 GAP_MS=63.925 HASH=c6a60664ed56a37e
CYCLE=0 PAIR=2100 BUFFER=0 SUBPAGES=0/1 GAP_MS=63.610 HASH=72f71b532b17831b
CYCLE=0 PAIR=2101 BUFFER=1 SUBPAGES=0/1 GAP_MS=63.918 HASH=48fb76454c769a3a
CYCLE=0 PAIR=2102 BUFFER=2 SUBPAGES=0/1 GAP_MS=64.341 HASH=73cbf0fa396f3f70
CYCLE=0 PAIR=2103 BUFFER=3 SUBPAGES=0/1 GAP_MS=63.337 HASH=74729201355c81a9
CYCLE=0 PAIR=2104 BUFFER=0 SUBPAGES=0/1 GAP_MS=63.003 HASH=a8179d32bc810954
CYCLE=0 PAIR=2105 BUFFER=1 SUBPAGES=0/1 GAP_MS=63.447 HASH=af90b50b7d46809b
CYCLE=0 PAIR=2106 BUFFER=2 SUBPAGES=0/1 GAP_MS=65.055 HASH=202bddb118001e56
CYCLE=0 PAIR=2107 BUFFER=3 SUBPAGES=0/1 GAP_MS=63.223 HASH=33e0bf48653772ce
CYCLE=0 PAIR=2108 BUFFER=0 SUBPAGES=0/1 GAP_MS=63.159 HASH=d0597b5d2930836a
CYCLE=0 PAIR=2109 BUFFER=1 SUBPAGES=0/1 GAP_MS=63.837 HASH=36d6fd4018ebceb6
CYCLE=0 PAIR=2110 BUFFER=2 SUBPAGES=0/1 GAP_MS=64.501 HASH=d307f635940817d7
CYCLE=0 PAIR=2111 BUFFER=3 SUBPAGES=0/1 GAP_MS=62.987 HASH=d5a7f89056aa4241
CYCLE=0 PAIR=2112 BUFFER=0 SUBPAGES=0/1 GAP_MS=63.740 HASH=37a1ea96212ee82d
CYCLE=0 PAIR=2113 BUFFER=1 SUBPAGES=0/1 GAP_MS=64.231 HASH=53b0aca1685ab575
CYCLE=0 PAIR=2114 BUFFER=2 SUBPAGES=0/1 GAP_MS=62.891 HASH=7f801c2868fb445d
CYCLE=0 PAIR=2115 BUFFER=3 SUBPAGES=0/1 GAP_MS=64.351 HASH=48e7cb821f268c53
CYCLE=0 PAIR=2116 BUFFER=0 SUBPAGES=0/1 GAP_MS=63.432 HASH=d3cce2e014fe5f30
CYCLE=0 PAIR=2117 BUFFER=1 SUBPAGES=0/1 GAP_MS=64.628 HASH=43e84856d7efc7f1
CYCLE=0 PAIR=2118 BUFFER=2 SUBPAGES=0/1 GAP_MS=64.718 HASH=21509e1a8c8d4e11
CYCLE=0 PAIR=2119 BUFFER=3 SUBPAGES=0/1 GAP_MS=64.251 HASH=c5463080d260eb48
CYCLE=0 PAIR=2120 BUFFER=0 SUBPAGES=0/1 GAP_MS=62.729 HASH=5ffe93d7fab166d3
CYCLE=0 PAIR=2121 BUFFER=1 SUBPAGES=0/1 GAP_MS=64.148 HASH=a3e505c8229b5a32
CYCLE=0 PAIR=2122 BUFFER=2 SUBPAGES=0/1 GAP_MS=63.952 HASH=ffdb3aaaf1f7ad68
CYCLE=0 PAIR=2123 BUFFER=3 SUBPAGES=0/1 GAP_MS=63.996 HASH=6190403c5c4b9390
CYCLE=0 PAIR=2124 BUFFER=0 SUBPAGES=0/1 GAP_MS=62.515 HASH=5aae50986457ffee
CYCLE=0 PAIR=2125 BUFFER=1 SUBPAGES=0/1 GAP_MS=62.598 HASH=a7959e3d113fdc78
CYCLE=0 PAIR=2126 BUFFER=2 SUBPAGES=0/1 GAP_MS=63.376 HASH=773ada8b7a946cc9
CYCLE=0 PAIR=2127 BUFFER=3 SUBPAGES=0/1 GAP_MS=63.669 HASH=c5748c43bd86ac27
CYCLE=0 PAIR=2128 BUFFER=0 SUBPAGES=0/1 GAP_MS=63.062 HASH=a37ae3dffc62c874
CYCLE=0 PAIR=2129 BUFFER=1 SUBPAGES=0/1 GAP_MS=64.307 HASH=6d058d8f2a7ab3ce
CYCLE=0 PAIR=2130 BUFFER=2 SUBPAGES=0/1 GAP_MS=64.021 HASH=40c37c8969d94568
CYCLE=0 PAIR=2131 BUFFER=3 SUBPAGES=0/1 GAP_MS=64.131 HASH=66468be25b8bb364
CYCLE=0 PAIR=2132 BUFFER=0 SUBPAGES=0/1 GAP_MS=63.438 HASH=8a771ba5c60c34ac
CYCLE=0 PAIR=2133 BUFFER=1 SUBPAGES=0/1 GAP_MS=63.806 HASH=9a6ce31c414fb104
CYCLE=0 PAIR=2134 BUFFER=2 SUBPAGES=0/1 GAP_MS=64.355 HASH=acae6a91d34e6dc1
CYCLE=0 PAIR=2135 BUFFER=3 SUBPAGES=0/1 GAP_MS=63.060 HASH=ff3afacadde9fe6d
CYCLE=0 PAIR=2136 BUFFER=0 SUBPAGES=0/1 GAP_MS=63.179 HASH=ccc51cd74323d341
CYCLE=0 PAIR=2137 BUFFER=1 SUBPAGES=0/1 GAP_MS=64.222 HASH=a12dbba41fd45dec
CYCLE=0 PAIR=2138 BUFFER=2 SUBPAGES=0/1 GAP_MS=63.500 HASH=59b1e3ae034d59dc
CYCLE=0 PAIR=2139 BUFFER=3 SUBPAGES=0/1 GAP_MS=63.811 HASH=0a6d6758317fa44a
CYCLE=0 PAIR=2140 BUFFER=0 SUBPAGES=0/1 GAP_MS=61.728 HASH=ea50177642a6ed88
CYCLE=0 PAIR=2141 BUFFER=1 SUBPAGES=0/1 GAP_MS=63.873 HASH=a1e5134aa90dccd8
CYCLE=0 PAIR=2142 BUFFER=2 SUBPAGES=0/1 GAP_MS=63.225 HASH=03775e33de30ce56
CYCLE=0 PAIR=2143 BUFFER=3 SUBPAGES=0/1 GAP_MS=64.619 HASH=3a249f4b74c59246
CYCLE=0 PAIR=2144 BUFFER=0 SUBPAGES=0/1 GAP_MS=65.506 HASH=3e6e3d58e0d13dca
CYCLE=0 PAIR=2145 BUFFER=1 SUBPAGES=0/1 GAP_MS=64.161 HASH=e1b603f2a52bf703
CYCLE=0 PAIR=2146 BUFFER=2 SUBPAGES=0/1 GAP_MS=63.424 HASH=53412d92235fd586
CYCLE=0 PAIR=2147 BUFFER=3 SUBPAGES=0/1 GAP_MS=63.515 HASH=a2d3a45efd1213a7
CYCLE=0 PAIR=2148 BUFFER=0 SUBPAGES=0/1 GAP_MS=65.070 HASH=8ede63964a5c3990
CYCLE=0 PAIR=2149 BUFFER=1 SUBPAGES=0/1 GAP_MS=65.014 HASH=45e5573de841f060
CYCLE=0 PAIR=2150 BUFFER=2 SUBPAGES=0/1 GAP_MS=63.742 HASH=a4279caced2626f5
CYCLE=0 PAIR=2151 BUFFER=3 SUBPAGES=0/1 GAP_MS=63.433 HASH=60254778aff5bc41
CYCLE=0 PAIR=2152 BUFFER=0 SUBPAGES=0/1 GAP_MS=65.386 HASH=4f47dac4d5ed38b9
CYCLE=0 PAIR=2153 BUFFER=1 SUBPAGES=0/1 GAP_MS=62.881 HASH=4a96001773fa0f25
CYCLE=0 PAIR=2154 BUFFER=2 SUBPAGES=0/1 GAP_MS=65.240 HASH=1326b6b9b17877b8
CYCLE=0 PAIR=2155 BUFFER=3 SUBPAGES=0/1 GAP_MS=63.773 HASH=2e66f15cbea94715
CYCLE=0 PAIR=2156 BUFFER=0 SUBPAGES=0/1 GAP_MS=65.004 HASH=e103e1f87794ebc5
CYCLE=0 PAIR=2157 BUFFER=1 SUBPAGES=0/1 GAP_MS=65.407 HASH=188f64974b1ec0c9
CYCLE=0 PAIR=2158 BUFFER=2 SUBPAGES=0/1 GAP_MS=64.533 HASH=6b87cd66ba0ba474
CYCLE=0 PAIR=2159 BUFFER=3 SUBPAGES=0/1 GAP_MS=64.576 HASH=d9a123b710ca8785
CYCLE=0 PAIR=2160 BUFFER=0 SUBPAGES=0/1 GAP_MS=62.864 HASH=af53a418b4f71a53
CYCLE=0 PAIR=2161 BUFFER=1 SUBPAGES=0/1 GAP_MS=64.365 HASH=ad42787d4bed5f0c
CYCLE=0 PAIR=2162 BUFFER=2 SUBPAGES=0/1 GAP_MS=63.004 HASH=28b37bfd4c4ffc2a
CYCLE=0 PAIR=2163 BUFFER=3 SUBPAGES=0/1 GAP_MS=63.676 HASH=5e10a5488c59ce46
CYCLE=0 PAIR=2164 BUFFER=0 SUBPAGES=0/1 GAP_MS=64.502 HASH=0dab5a8cd09c8b5c
CYCLE=0 PAIR=2165 BUFFER=1 SUBPAGES=0/1 GAP_MS=63.241 HASH=8eb4dd3c90217731
CYCLE=0 PAIR=2166 BUFFER=2 SUBPAGES=0/1 GAP_MS=62.169 HASH=7e336d2c53ae2bd7
CYCLE=0 PAIR=2167 BUFFER=3 SUBPAGES=0/1 GAP_MS=65.678 HASH=4cc1bb32fa3a2de2
CYCLE=0 PAIR=2168 BUFFER=0 SUBPAGES=0/1 GAP_MS=62.910 HASH=fc6f9ff2c20dee92
CYCLE=0 PAIR=2169 BUFFER=1 SUBPAGES=0/1 GAP_MS=64.590 HASH=eab39b8267f90df3
CYCLE=0 PAIR=2170 BUFFER=2 SUBPAGES=0/1 GAP_MS=63.708 HASH=9cab029997d7fa15
CYCLE=0 PAIR=2171 BUFFER=3 SUBPAGES=0/1 GAP_MS=63.442 HASH=65d99b3f767c52e8
CYCLE=0 PAIR=2172 BUFFER=0 SUBPAGES=0/1 GAP_MS=62.823 HASH=5dd57f8f6f0bd7e5
CYCLE=0 PAIR=2173 BUFFER=1 SUBPAGES=0/1 GAP_MS=63.249 HASH=83fe5c1269f59a6e
CYCLE=0 PAIR=2174 BUFFER=2 SUBPAGES=0/1 GAP_MS=64.204 HASH=d15b79469391145d
CYCLE=0 PAIR=2175 BUFFER=3 SUBPAGES=0/1 GAP_MS=63.657 HASH=508d6629fbaf814e
CYCLE=0 PAIR=2176 BUFFER=0 SUBPAGES=0/1 GAP_MS=62.664 HASH=738844738e5b12db
CYCLE=0 PAIR=2177 BUFFER=1 SUBPAGES=0/1 GAP_MS=64.792 HASH=34876b3b3dfb08db
CYCLE=0 PAIR=2178 BUFFER=2 SUBPAGES=0/1 GAP_MS=64.131 HASH=7f8c8f31990b726e
CYCLE=0 PAIR=2179 BUFFER=3 SUBPAGES=0/1 GAP_MS=65.805 HASH=55ef023453e4a34c
CYCLE=0 PAIR=2180 BUFFER=0 SUBPAGES=0/1 GAP_MS=63.372 HASH=304eb61e9e299feb
CYCLE=0 PAIR=2181 BUFFER=1 SUBPAGES=0/1 GAP_MS=63.728 HASH=0dae1eecae02a83e
CYCLE=0 PAIR=2182 BUFFER=2 SUBPAGES=0/1 GAP_MS=63.780 HASH=ed24c0537e657175
CYCLE=0 PAIR=2183 BUFFER=3 SUBPAGES=0/1 GAP_MS=65.255 HASH=85f5eee7bc9f7beb
CYCLE=0 PAIR=2184 BUFFER=0 SUBPAGES=0/1 GAP_MS=63.909 HASH=bd3afd99f3534c4f
CYCLE=0 PAIR=2185 BUFFER=1 SUBPAGES=0/1 GAP_MS=63.163 HASH=e2ec93f01c2c5a1b
CYCLE=0 PAIR=2186 BUFFER=2 SUBPAGES=0/1 GAP_MS=63.814 HASH=237a1427cdf3de26
CYCLE=0 PAIR=2187 BUFFER=3 SUBPAGES=0/1 GAP_MS=65.246 HASH=ab0d64dbcecd90fb
CYCLE=0 PAIR=2188 BUFFER=0 SUBPAGES=0/1 GAP_MS=64.697 HASH=544c97ced8ffe80a
CYCLE=0 PAIR=2189 BUFFER=1 SUBPAGES=0/1 GAP_MS=63.384 HASH=e652c00e01af51b3
CYCLE=0 PAIR=2190 BUFFER=2 SUBPAGES=0/1 GAP_MS=63.405 HASH=9ffe9da51dad3798
CYCLE=0 PAIR=2191 BUFFER=3 SUBPAGES=0/1 GAP_MS=63.733 HASH=022b5045bb72418b
CYCLE=0 PAIR=2192 BUFFER=0 SUBPAGES=0/1 GAP_MS=63.085 HASH=6159f498b101dd2b
CYCLE=0 PAIR=2193 BUFFER=1 SUBPAGES=0/1 GAP_MS=64.583 HASH=997c515b1f081549
CYCLE=0 PAIR=2194 BUFFER=2 SUBPAGES=0/1 GAP_MS=63.976 HASH=ab0984b1a42e7671
CYCLE=0 PAIR=2195 BUFFER=3 SUBPAGES=0/1 GAP_MS=62.969 HASH=0192a02ffb15ec1e
CYCLE=0 PAIR=2196 BUFFER=0 SUBPAGES=0/1 GAP_MS=64.520 HASH=05bffbdd8408a1cc
CYCLE=0 PAIR=2197 BUFFER=1 SUBPAGES=0/1 GAP_MS=64.011 HASH=d900bfa89f0b7d52
CYCLE=0 PAIR=2198 BUFFER=2 SUBPAGES=0/1 GAP_MS=64.093 HASH=44b304076ba8cbf6
CYCLE=0 PAIR=2199 BUFFER=3 SUBPAGES=0/1 GAP_MS=64.029 HASH=1f06c5ec2080a620
CYCLE=0 PAIR=2200 BUFFER=0 SUBPAGES=0/1 GAP_MS=64.252 HASH=b4bae22ffbc17078
CYCLE=0 PAIR=2201 BUFFER=1 SUBPAGES=0/1 GAP_MS=64.663 HASH=9e08f79befbb33a7
CYCLE=0 PAIR=2202 BUFFER=2 SUBPAGES=0/1 GAP_MS=63.852 HASH=d079857f5ca07310
CYCLE=0 PAIR=2203 BUFFER=3 SUBPAGES=0/1 GAP_MS=65.526 HASH=c03ac891796305ac
CYCLE=0 PAIR=2204 BUFFER=0 SUBPAGES=0/1 GAP_MS=64.747 HASH=bdf247d9b086f4d5
CYCLE=0 PAIR=2205 BUFFER=1 SUBPAGES=0/1 GAP_MS=63.094 HASH=067412b80a230687
CYCLE=0 PAIR=2206 BUFFER=2 SUBPAGES=0/1 GAP_MS=63.526 HASH=4d52b45b9d438a95
CYCLE=0 PAIR=2207 BUFFER=3 SUBPAGES=0/1 GAP_MS=63.444 HASH=3a4571069b0e4bf7
CYCLE=0 PAIR=2208 BUFFER=0 SUBPAGES=0/1 GAP_MS=64.594 HASH=48a6806dfcd5d068
CYCLE=0 PAIR=2209 BUFFER=1 SUBPAGES=0/1 GAP_MS=62.992 HASH=70bd997e23272a31
CYCLE=0 PAIR=2210 BUFFER=2 SUBPAGES=0/1 GAP_MS=64.532 HASH=d863acb9120c9b14
CYCLE=0 PAIR=2211 BUFFER=3 SUBPAGES=0/1 GAP_MS=63.979 HASH=2ffdaceb591d8977
CYCLE=0 PAIR=2212 BUFFER=0 SUBPAGES=0/1 GAP_MS=63.243 HASH=0e958205a4c0bba1
CYCLE=0 PAIR=2213 BUFFER=1 SUBPAGES=0/1 GAP_MS=64.021 HASH=849e5eceff0595d4
CYCLE=0 PAIR=2214 BUFFER=2 SUBPAGES=0/1 GAP_MS=64.607 HASH=ef3d71576885dc44
CYCLE=0 PAIR=2215 BUFFER=3 SUBPAGES=0/1 GAP_MS=62.931 HASH=ed073003714bbbe6
CYCLE=0 PAIR=2216 BUFFER=0 SUBPAGES=0/1 GAP_MS=63.920 HASH=83949d4405e32cef
CYCLE=0 PAIR=2217 BUFFER=1 SUBPAGES=0/1 GAP_MS=64.989 HASH=df8a985df5af80e4
CYCLE=0 PAIR=2218 BUFFER=2 SUBPAGES=0/1 GAP_MS=64.352 HASH=b611bb0ea20c6674
CYCLE=0 PAIR=2219 BUFFER=3 SUBPAGES=0/1 GAP_MS=62.662 HASH=0bc2ca90793092d2
CYCLE=0 PAIR=2220 BUFFER=0 SUBPAGES=0/1 GAP_MS=63.263 HASH=3d1caa116fb0d721
CYCLE=0 PAIR=2221 BUFFER=1 SUBPAGES=0/1 GAP_MS=63.668 HASH=2417d7e3fd2a5f2f
CYCLE=0 PAIR=2222 BUFFER=2 SUBPAGES=0/1 GAP_MS=63.613 HASH=e94d16c61a52f409
CYCLE=0 PAIR=2223 BUFFER=3 SUBPAGES=0/1 GAP_MS=64.215 HASH=17e5cb096153c4ee
CYCLE=0 PAIR=2224 BUFFER=0 SUBPAGES=0/1 GAP_MS=63.692 HASH=1bf574ce18f9b426
CYCLE=0 PAIR=2225 BUFFER=1 SUBPAGES=0/1 GAP_MS=65.022 HASH=96e6b26e6da7d2e9
CYCLE=0 PAIR=2226 BUFFER=2 SUBPAGES=0/1 GAP_MS=63.746 HASH=19b4cd6aedf9ee73
CYCLE=0 PAIR=2227 BUFFER=3 SUBPAGES=0/1 GAP_MS=64.513 HASH=4b4d25c316e82fdd
CYCLE=0 PAIR=2228 BUFFER=0 SUBPAGES=0/1 GAP_MS=63.688 HASH=d35de5afa1713ea4
CYCLE=0 PAIR=2229 BUFFER=1 SUBPAGES=0/1 GAP_MS=64.331 HASH=cb2f04a9e835838c
CYCLE=0 PAIR=2230 BUFFER=2 SUBPAGES=0/1 GAP_MS=63.415 HASH=764b8c4d85f1013a
CYCLE=0 PAIR=2231 BUFFER=3 SUBPAGES=0/1 GAP_MS=63.057 HASH=cc7560938451bcfd
CYCLE=0 PAIR=2232 BUFFER=0 SUBPAGES=0/1 GAP_MS=63.701 HASH=6b469b92b7ce5e8a
CYCLE=0 PAIR=2233 BUFFER=1 SUBPAGES=0/1 GAP_MS=63.200 HASH=5b7fbd47804a2fba
CYCLE=0 PAIR=2234 BUFFER=2 SUBPAGES=0/1 GAP_MS=63.471 HASH=f7e031c3fc3d6ff4
CYCLE=0 PAIR=2235 BUFFER=3 SUBPAGES=0/1 GAP_MS=64.110 HASH=4b3e71342d4579bf
CYCLE=0 PAIR=2236 BUFFER=0 SUBPAGES=0/1 GAP_MS=63.977 HASH=b078a5859f972bef
CYCLE=0 PAIR=2237 BUFFER=1 SUBPAGES=0/1 GAP_MS=63.953 HASH=13a16d968b5a03df
CYCLE=0 PAIR=2238 BUFFER=2 SUBPAGES=0/1 GAP_MS=65.264 HASH=2990936238ac271b
CYCLE=0 PAIR=2239 BUFFER=3 SUBPAGES=0/1 GAP_MS=64.060 HASH=57dbd764890e07b2
CYCLE=0 PAIR=2240 BUFFER=0 SUBPAGES=0/1 GAP_MS=64.689 HASH=1f0c20e81147ccca
CYCLE=0 PAIR=2241 BUFFER=1 SUBPAGES=0/1 GAP_MS=63.532 HASH=c862df8162e41ecb
CYCLE=0 PAIR=2242 BUFFER=2 SUBPAGES=0/1 GAP_MS=64.555 HASH=addd575b44798209
CYCLE=0 PAIR=2243 BUFFER=3 SUBPAGES=0/1 GAP_MS=64.598 HASH=cdd17f0f580b346e
CYCLE=0 PAIR=2244 BUFFER=0 SUBPAGES=0/1 GAP_MS=64.866 HASH=2196428c750979eb
CYCLE=0 PAIR=2245 BUFFER=1 SUBPAGES=0/1 GAP_MS=64.296 HASH=58add63db3bde87c
CYCLE=0 PAIR=2246 BUFFER=2 SUBPAGES=0/1 GAP_MS=63.245 HASH=0217b1a72348b4a5
CYCLE=0 PAIR=2247 BUFFER=3 SUBPAGES=0/1 GAP_MS=64.330 HASH=1cac59c87f5f6ea9
CYCLE=0 PAIR=2248 BUFFER=0 SUBPAGES=0/1 GAP_MS=64.790 HASH=7a66c6eb3fe9511b
CYCLE=0 PAIR=2249 BUFFER=1 SUBPAGES=0/1 GAP_MS=64.623 HASH=586e4f0f0d71a44e
CYCLE=0 PAIR=2250 BUFFER=2 SUBPAGES=0/1 GAP_MS=64.647 HASH=a54c2be4e4597f17
CYCLE=0 PAIR=2251 BUFFER=3 SUBPAGES=0/1 GAP_MS=63.181 HASH=d08902835a523fc8
CYCLE=0 PAIR=2252 BUFFER=0 SUBPAGES=0/1 GAP_MS=63.089 HASH=f89344f01f88ba11
CYCLE=0 PAIR=2253 BUFFER=1 SUBPAGES=0/1 GAP_MS=63.539 HASH=2bf34160476e382b
CYCLE=0 PAIR=2254 BUFFER=2 SUBPAGES=0/1 GAP_MS=64.904 HASH=a77fc9991357fedb
CYCLE=0 PAIR=2255 BUFFER=3 SUBPAGES=0/1 GAP_MS=64.379 HASH=97de2c7bd64f92de
CYCLE=0 PAIR=2256 BUFFER=0 SUBPAGES=0/1 GAP_MS=64.907 HASH=e692de434253e4c0
CYCLE=0 PAIR=2257 BUFFER=1 SUBPAGES=0/1 GAP_MS=63.601 HASH=3c35f5c49a9d33c3
CYCLE=0 PAIR=2258 BUFFER=2 SUBPAGES=0/1 GAP_MS=64.241 HASH=58a45380e8dd71d2
CYCLE=0 PAIR=2259 BUFFER=3 SUBPAGES=0/1 GAP_MS=63.560 HASH=e6dfe5ebd30db0b7
CYCLE=0 PAIR=2260 BUFFER=0 SUBPAGES=0/1 GAP_MS=64.758 HASH=d0462c37543d393c
CYCLE=0 PAIR=2261 BUFFER=1 SUBPAGES=0/1 GAP_MS=63.072 HASH=7812688958bfb176
CYCLE=0 PAIR=2262 BUFFER=2 SUBPAGES=0/1 GAP_MS=63.617 HASH=0f2449e607f982ff
CYCLE=0 PAIR=2263 BUFFER=3 SUBPAGES=0/1 GAP_MS=64.285 HASH=9c4806a0be67cbb7
CYCLE=0 PAIR=2264 BUFFER=0 SUBPAGES=0/1 GAP_MS=64.014 HASH=d0481ac9bafe3c8b
CYCLE=0 PAIR=2265 BUFFER=1 SUBPAGES=0/1 GAP_MS=63.308 HASH=c72f6120430c683b
CYCLE=0 PAIR=2266 BUFFER=2 SUBPAGES=0/1 GAP_MS=63.757 HASH=302886e969e1afd9
CYCLE=0 PAIR=2267 BUFFER=3 SUBPAGES=0/1 GAP_MS=64.611 HASH=6d7c87a706f64edb
CYCLE=0 PAIR=2268 BUFFER=0 SUBPAGES=0/1 GAP_MS=62.480 HASH=ff2bb7cb605c6d18
CYCLE=0 PAIR=2269 BUFFER=1 SUBPAGES=0/1 GAP_MS=64.799 HASH=1d04813f462f13cf
CYCLE=0 PAIR=2270 BUFFER=2 SUBPAGES=0/1 GAP_MS=64.323 HASH=dd546fb4162affc9
CYCLE=0 PAIR=2271 BUFFER=3 SUBPAGES=0/1 GAP_MS=62.121 HASH=bae58bf0c9f5310d
CYCLE=0 PAIR=2272 BUFFER=0 SUBPAGES=0/1 GAP_MS=64.203 HASH=e1d453689263265a
CYCLE=0 PAIR=2273 BUFFER=1 SUBPAGES=0/1 GAP_MS=62.340 HASH=8364adcc86d99f8f
CYCLE=0 PAIR=2274 BUFFER=2 SUBPAGES=0/1 GAP_MS=63.601 HASH=f1ad42b9e8801d6f
CYCLE=0 PAIR=2275 BUFFER=3 SUBPAGES=0/1 GAP_MS=64.120 HASH=c425b75ca27a7152
CYCLE=0 PAIR=2276 BUFFER=0 SUBPAGES=0/1 GAP_MS=63.975 HASH=970d9439bc999d2e
CYCLE=0 PAIR=2277 BUFFER=1 SUBPAGES=0/1 GAP_MS=64.562 HASH=ef3145c92cdfb089
CYCLE=0 PAIR=2278 BUFFER=2 SUBPAGES=0/1 GAP_MS=64.708 HASH=28412e12cb4831a3
CYCLE=0 PAIR=2279 BUFFER=3 SUBPAGES=0/1 GAP_MS=63.665 HASH=e35714984f7903bd
CYCLE=0 PAIR=2280 BUFFER=0 SUBPAGES=0/1 GAP_MS=64.212 HASH=7278f6e9060c5415
CYCLE=0 PAIR=2281 BUFFER=1 SUBPAGES=0/1 GAP_MS=63.929 HASH=497004c64d3263cc
CYCLE=0 PAIR=2282 BUFFER=2 SUBPAGES=0/1 GAP_MS=62.532 HASH=748c91c3f1894a93
CYCLE=0 PAIR=2283 BUFFER=3 SUBPAGES=0/1 GAP_MS=62.814 HASH=a1cb0c447fb8538b
CYCLE=0 PAIR=2284 BUFFER=0 SUBPAGES=0/1 GAP_MS=63.692 HASH=47a7a729f80d8881
CYCLE=0 PAIR=2285 BUFFER=1 SUBPAGES=0/1 GAP_MS=63.671 HASH=508ac305ed8c0784
CYCLE=0 PAIR=2286 BUFFER=2 SUBPAGES=0/1 GAP_MS=63.660 HASH=9deb900056300844
CYCLE=0 PAIR=2287 BUFFER=3 SUBPAGES=0/1 GAP_MS=63.528 HASH=c56ea9b31e0c8f79
CYCLE=0 PAIR=2288 BUFFER=0 SUBPAGES=0/1 GAP_MS=65.324 HASH=9ea0f90bdd948e73
CYCLE=0 PAIR=2289 BUFFER=1 SUBPAGES=0/1 GAP_MS=64.084 HASH=7c9c10a232304003
CYCLE=0 PAIR=2290 BUFFER=2 SUBPAGES=0/1 GAP_MS=64.660 HASH=82ae8d043bf8171a
CYCLE=0 PAIR=2291 BUFFER=3 SUBPAGES=0/1 GAP_MS=64.172 HASH=b1f63ad813a36f74
CYCLE=0 PAIR=2292 BUFFER=0 SUBPAGES=0/1 GAP_MS=63.968 HASH=b079643d70a23d62
CYCLE=0 PAIR=2293 BUFFER=1 SUBPAGES=0/1 GAP_MS=64.679 HASH=e18ba78f55e5dffd
CYCLE=0 PAIR=2294 BUFFER=2 SUBPAGES=0/1 GAP_MS=62.656 HASH=2289c660217470dd
CYCLE=0 PAIR=2295 BUFFER=3 SUBPAGES=0/1 GAP_MS=63.389 HASH=3df52224dcfd15f7
CYCLE=0 PAIR=2296 BUFFER=0 SUBPAGES=0/1 GAP_MS=65.204 HASH=a836dbbe75e4e71b
CYCLE=0 PAIR=2297 BUFFER=1 SUBPAGES=0/1 GAP_MS=63.629 HASH=b48cc046213510f5
CYCLE=0 PAIR=2298 BUFFER=2 SUBPAGES=0/1 GAP_MS=63.440 HASH=22b1721ebff88f9d
CYCLE=0 PAIR=2299 BUFFER=3 SUBPAGES=0/1 GAP_MS=65.459 HASH=b91e408177c345ff
CYCLE=0 PAIR=2300 BUFFER=0 SUBPAGES=0/1 GAP_MS=62.840 HASH=19b338b8a6ab7b6c
CYCLE=0 PAIR=2301 BUFFER=1 SUBPAGES=0/1 GAP_MS=63.298 HASH=765923fa444a14c9
CYCLE=0 PAIR=2302 BUFFER=2 SUBPAGES=0/1 GAP_MS=64.165 HASH=eb754d796b0f2a39
CYCLE=0 PAIR=2303 BUFFER=3 SUBPAGES=0/1 GAP_MS=64.086 HASH=24fb2e2a05d16df6
CYCLE=0 PAIR=2304 BUFFER=0 SUBPAGES=0/1 GAP_MS=63.121 HASH=fc633a01576d78e3
CYCLE=0 PAIR=2305 BUFFER=1 SUBPAGES=0/1 GAP_MS=63.208 HASH=cb71c37bbdb89200
CYCLE=0 PAIR=2306 BUFFER=2 SUBPAGES=0/1 GAP_MS=64.243 HASH=d1087a291ae95a3e
CYCLE=0 PAIR=2307 BUFFER=3 SUBPAGES=0/1 GAP_MS=64.772 HASH=117e6fec1a96b200
CYCLE=0 PAIR=2308 BUFFER=0 SUBPAGES=0/1 GAP_MS=64.596 HASH=fa71dcd725b4bf76
CYCLE=0 PAIR=2309 BUFFER=1 SUBPAGES=0/1 GAP_MS=63.297 HASH=1251106e53e783f2
CYCLE=0 PAIR=2310 BUFFER=2 SUBPAGES=0/1 GAP_MS=63.407 HASH=1c6a72c776117666
CYCLE=0 PAIR=2311 BUFFER=3 SUBPAGES=0/1 GAP_MS=63.746 HASH=d4e157885fe78d68
CYCLE=0 PAIR=2312 BUFFER=0 SUBPAGES=0/1 GAP_MS=63.180 HASH=9f101cb0e3445d3a
CYCLE=0 PAIR=2313 BUFFER=1 SUBPAGES=0/1 GAP_MS=64.277 HASH=bcf35ec7c6aa7988
CYCLE=0 PAIR=2314 BUFFER=2 SUBPAGES=0/1 GAP_MS=63.094 HASH=02418cbc1da3d0f7
CYCLE=0 PAIR=2315 BUFFER=3 SUBPAGES=0/1 GAP_MS=64.479 HASH=672aef7bdf20e85e
CYCLE=0 PAIR=2316 BUFFER=0 SUBPAGES=0/1 GAP_MS=63.342 HASH=62edd40c6b7da993
CYCLE=0 PAIR=2317 BUFFER=1 SUBPAGES=0/1 GAP_MS=64.388 HASH=f16059363f1afdd2
CYCLE=0 PAIR=2318 BUFFER=2 SUBPAGES=0/1 GAP_MS=64.038 HASH=8b111fe1b262575f
CYCLE=0 PAIR=2319 BUFFER=3 SUBPAGES=0/1 GAP_MS=63.495 HASH=2907419394380c92
CYCLE=0 PAIR=2320 BUFFER=0 SUBPAGES=0/1 GAP_MS=64.362 HASH=cb6162ba59abe801
CYCLE=0 PAIR=2321 BUFFER=1 SUBPAGES=0/1 GAP_MS=64.380 HASH=20f7948c318d764a
CYCLE=0 PAIR=2322 BUFFER=2 SUBPAGES=0/1 GAP_MS=63.283 HASH=ea9bcb18240f26ab
CYCLE=0 PAIR=2323 BUFFER=3 SUBPAGES=0/1 GAP_MS=65.183 HASH=5f5bbc773b83a6e9
CYCLE=0 PAIR=2324 BUFFER=0 SUBPAGES=0/1 GAP_MS=64.525 HASH=af8003b617a503a9
CYCLE=0 PAIR=2325 BUFFER=1 SUBPAGES=0/1 GAP_MS=62.866 HASH=3d1516bd4bc10097
CYCLE=0 PAIR=2326 BUFFER=2 SUBPAGES=0/1 GAP_MS=64.086 HASH=a22c37f9743eba87
CYCLE=0 PAIR=2327 BUFFER=3 SUBPAGES=0/1 GAP_MS=64.016 HASH=f88900261a28dec6
CYCLE=0 PAIR=2328 BUFFER=0 SUBPAGES=0/1 GAP_MS=63.809 HASH=925d372b8fad57ee
CYCLE=0 PAIR=2329 BUFFER=1 SUBPAGES=0/1 GAP_MS=64.601 HASH=ff9b8c5f2e9b23ff
CYCLE=0 PAIR=2330 BUFFER=2 SUBPAGES=0/1 GAP_MS=63.603 HASH=760a9e99f8ef340c
CYCLE=0 PAIR=2331 BUFFER=3 SUBPAGES=0/1 GAP_MS=63.008 HASH=f78549d915965d6e
CYCLE=0 PAIR=2332 BUFFER=0 SUBPAGES=0/1 GAP_MS=63.347 HASH=f5497b3ffdc90a49
CYCLE=0 PAIR=2333 BUFFER=1 SUBPAGES=0/1 GAP_MS=63.775 HASH=a33ea6c988337ea5
CYCLE=0 PAIR=2334 BUFFER=2 SUBPAGES=0/1 GAP_MS=62.694 HASH=5282b1cb6f5a7ce1
CYCLE=0 PAIR=2335 BUFFER=3 SUBPAGES=0/1 GAP_MS=63.550 HASH=d2661f7e928e5d62
CYCLE=0 PAIR=2336 BUFFER=0 SUBPAGES=0/1 GAP_MS=64.049 HASH=05e15650e2b5e8e2
CYCLE=0 PAIR=2337 BUFFER=1 SUBPAGES=0/1 GAP_MS=63.017 HASH=fcc27c5b16244272
CYCLE=0 PAIR=2338 BUFFER=2 SUBPAGES=0/1 GAP_MS=65.089 HASH=e8188fd5b66d13bf
CYCLE=0 PAIR=2339 BUFFER=3 SUBPAGES=0/1 GAP_MS=63.996 HASH=42d690db177d05ff
CYCLE=0 PAIR=2340 BUFFER=0 SUBPAGES=0/1 GAP_MS=64.224 HASH=137bc62001b34fef
CYCLE=0 PAIR=2341 BUFFER=1 SUBPAGES=0/1 GAP_MS=63.662 HASH=350fefd5e1284452
CYCLE=0 PAIR=2342 BUFFER=2 SUBPAGES=0/1 GAP_MS=63.993 HASH=f3e3f70521b1ceba
CYCLE=0 PAIR=2343 BUFFER=3 SUBPAGES=0/1 GAP_MS=64.300 HASH=dd8629b99230b8cd
CYCLE=0 PAIR=2344 BUFFER=0 SUBPAGES=0/1 GAP_MS=63.071 HASH=751bbc0db533f0b0
CYCLE=0 PAIR=2345 BUFFER=1 SUBPAGES=0/1 GAP_MS=63.183 HASH=816b09a31352b4cb
CYCLE=0 PAIR=2346 BUFFER=2 SUBPAGES=0/1 GAP_MS=64.062 HASH=a687ea26078dba48
CYCLE=0 PAIR=2347 BUFFER=3 SUBPAGES=0/1 GAP_MS=63.362 HASH=7be6dd5a2614f4e4
CYCLE=0 PAIR=2348 BUFFER=0 SUBPAGES=0/1 GAP_MS=63.898 HASH=debb7f01de1a7998
CYCLE=0 PAIR=2349 BUFFER=1 SUBPAGES=0/1 GAP_MS=64.863 HASH=b1c8ce787b7b77a1
CYCLE=0 PAIR=2350 BUFFER=2 SUBPAGES=0/1 GAP_MS=64.401 HASH=a55af9146c29968e
CYCLE=0 PAIR=2351 BUFFER=3 SUBPAGES=0/1 GAP_MS=62.966 HASH=cab4557b47612cf6
CYCLE=0 PAIR=2352 BUFFER=0 SUBPAGES=0/1 GAP_MS=64.810 HASH=b32710f02f85afe2
CYCLE=0 PAIR=2353 BUFFER=1 SUBPAGES=0/1 GAP_MS=65.263 HASH=07e30e9a325042f2
CYCLE=0 PAIR=2354 BUFFER=2 SUBPAGES=0/1 GAP_MS=64.299 HASH=2f49fd3b27ea0ffe
CYCLE=0 PAIR=2355 BUFFER=3 SUBPAGES=0/1 GAP_MS=64.098 HASH=34dc5d2175016512
CYCLE=0 PAIR=2356 BUFFER=0 SUBPAGES=0/1 GAP_MS=63.916 HASH=b3f8043912b0d6cd
CYCLE=0 PAIR=2357 BUFFER=1 SUBPAGES=0/1 GAP_MS=64.135 HASH=dabfe97779372c7b
CYCLE=0 PAIR=2358 BUFFER=2 SUBPAGES=0/1 GAP_MS=64.054 HASH=f3e1b4217dcc22f5
CYCLE=0 PAIR=2359 BUFFER=3 SUBPAGES=0/1 GAP_MS=62.740 HASH=f68f09cdefb1b069
CYCLE=0 PAIR=2360 BUFFER=0 SUBPAGES=0/1 GAP_MS=65.002 HASH=d8ddc87dad0047b4
CYCLE=0 PAIR=2361 BUFFER=1 SUBPAGES=0/1 GAP_MS=63.685 HASH=12d30a6271618b9c
CYCLE=0 PAIR=2362 BUFFER=2 SUBPAGES=0/1 GAP_MS=64.408 HASH=ec52382a8d8e70c7
CYCLE=0 PAIR=2363 BUFFER=3 SUBPAGES=0/1 GAP_MS=65.257 HASH=acb874d0acbe0cae
CYCLE=0 PAIR=2364 BUFFER=0 SUBPAGES=0/1 GAP_MS=64.200 HASH=a942024b68d18485
CYCLE=0 PAIR=2365 BUFFER=1 SUBPAGES=0/1 GAP_MS=62.393 HASH=1ca83ad7407f3432
CYCLE=0 PAIR=2366 BUFFER=2 SUBPAGES=0/1 GAP_MS=63.125 HASH=11e18472fd6bb256
CYCLE=0 PAIR=2367 BUFFER=3 SUBPAGES=0/1 GAP_MS=63.081 HASH=ef7195636d05f223
CYCLE=0 PAIR=2368 BUFFER=0 SUBPAGES=0/1 GAP_MS=64.590 HASH=88b013a5b63e6d8a
CYCLE=0 PAIR=2369 BUFFER=1 SUBPAGES=0/1 GAP_MS=63.957 HASH=d8722129df3c5762
CYCLE=0 PAIR=2370 BUFFER=2 SUBPAGES=0/1 GAP_MS=65.127 HASH=cdcffb82af348580
CYCLE=0 PAIR=2371 BUFFER=3 SUBPAGES=0/1 GAP_MS=64.449 HASH=2158f69511c1fab7
CYCLE=0 PAIR=2372 BUFFER=0 SUBPAGES=0/1 GAP_MS=62.945 HASH=bb241156332274c5
CYCLE=0 PAIR=2373 BUFFER=1 SUBPAGES=0/1 GAP_MS=62.407 HASH=ae7d600dd78ea0a9
CYCLE=0 PAIR=2374 BUFFER=2 SUBPAGES=0/1 GAP_MS=62.589 HASH=ddff0f7cdcb95e36
CYCLE=0 PAIR=2375 BUFFER=3 SUBPAGES=0/1 GAP_MS=64.254 HASH=0a4da916dc3accdb
CYCLE=0 PAIR=2376 BUFFER=0 SUBPAGES=0/1 GAP_MS=65.190 HASH=235e22801af05be1
CYCLE=0 PAIR=2377 BUFFER=1 SUBPAGES=0/1 GAP_MS=63.250 HASH=476ce565d2b83616
CYCLE=0 PAIR=2378 BUFFER=2 SUBPAGES=0/1 GAP_MS=63.971 HASH=af8f62fedcda270f
CYCLE=0 PAIR=2379 BUFFER=3 SUBPAGES=0/1 GAP_MS=64.209 HASH=d50d08d0efd429e5
CYCLE=0 PAIR=2380 BUFFER=0 SUBPAGES=0/1 GAP_MS=63.189 HASH=267c69293660965c
CYCLE=0 PAIR=2381 BUFFER=1 SUBPAGES=0/1 GAP_MS=62.886 HASH=8e3fff700baeabed
CYCLE=0 PAIR=2382 BUFFER=2 SUBPAGES=0/1 GAP_MS=64.772 HASH=91c8702789224a67
CYCLE=0 PAIR=2383 BUFFER=3 SUBPAGES=0/1 GAP_MS=64.700 HASH=d54dab0923d0dcfd
CYCLE=0 PAIR=2384 BUFFER=0 SUBPAGES=0/1 GAP_MS=63.804 HASH=c064064b6e86aac2
CYCLE=0 PAIR=2385 BUFFER=1 SUBPAGES=0/1 GAP_MS=65.063 HASH=331e55576953f911
CYCLE=0 PAIR=2386 BUFFER=2 SUBPAGES=0/1 GAP_MS=62.899 HASH=8a2196efa11cf37e
CYCLE=0 PAIR=2387 BUFFER=3 SUBPAGES=0/1 GAP_MS=64.096 HASH=c2727e8e48be192e
CYCLE=0 PAIR=2388 BUFFER=0 SUBPAGES=0/1 GAP_MS=64.597 HASH=be2c7f16a8a464fd
CYCLE=0 PAIR=2389 BUFFER=1 SUBPAGES=0/1 GAP_MS=64.393 HASH=bfb4466e37f7d01f
CYCLE=0 PAIR=2390 BUFFER=2 SUBPAGES=0/1 GAP_MS=64.202 HASH=4f305a1a6b1c12bc
CYCLE=0 PAIR=2391 BUFFER=3 SUBPAGES=0/1 GAP_MS=63.938 HASH=ea97c2e12bcf1028
CYCLE=0 PAIR=2392 BUFFER=0 SUBPAGES=0/1 GAP_MS=65.027 HASH=8ac87d829a6cf447
CYCLE=0 PAIR=2393 BUFFER=1 SUBPAGES=0/1 GAP_MS=63.662 HASH=9bbf96ff0525059a
CYCLE=0 PAIR=2394 BUFFER=2 SUBPAGES=0/1 GAP_MS=64.731 HASH=072bc3c40ec55d46
CYCLE=0 PAIR=2395 BUFFER=3 SUBPAGES=0/1 GAP_MS=63.923 HASH=518551040c1c515a
CYCLE=0 PAIR=2396 BUFFER=0 SUBPAGES=0/1 GAP_MS=64.294 HASH=196d7c2c8a48846a
CYCLE=0 PAIR=2397 BUFFER=1 SUBPAGES=0/1 GAP_MS=64.983 HASH=56a0842769a7838b
CYCLE=0 PAIR=2398 BUFFER=2 SUBPAGES=0/1 GAP_MS=63.981 HASH=af9cd1b56bd2e122
CYCLE=0 PAIR=2399 BUFFER=3 SUBPAGES=0/1 GAP_MS=62.118 HASH=1481570a580ba03c
CYCLE=0 PAIR=2400 BUFFER=0 SUBPAGES=0/1 GAP_MS=63.355 HASH=676c34b2acc6e974
CYCLE=0 PAIR=2401 BUFFER=1 SUBPAGES=0/1 GAP_MS=63.254 HASH=ad49fda275f0216d
CYCLE=0 PAIR=2402 BUFFER=2 SUBPAGES=0/1 GAP_MS=63.970 HASH=1d2897649d95293f
CYCLE=0 PAIR=2403 BUFFER=3 SUBPAGES=0/1 GAP_MS=62.870 HASH=67b5b3f79aa357fc
CYCLE=0 PAIR=2404 BUFFER=0 SUBPAGES=0/1 GAP_MS=63.909 HASH=4f8c2e17aa35bbea
CYCLE=0 PAIR=2405 BUFFER=1 SUBPAGES=0/1 GAP_MS=62.590 HASH=3082e704e5360b77
CYCLE=0 PAIR=2406 BUFFER=2 SUBPAGES=0/1 GAP_MS=62.459 HASH=5c4e86a51afc921a
CYCLE=0 PAIR=2407 BUFFER=3 SUBPAGES=0/1 GAP_MS=62.295 HASH=d4ae337d39d31f58
CYCLE=0 PAIR=2408 BUFFER=0 SUBPAGES=0/1 GAP_MS=64.124 HASH=f7edc13de81c0728
CYCLE=0 PAIR=2409 BUFFER=1 SUBPAGES=0/1 GAP_MS=62.483 HASH=0aa5167de6957091
CYCLE=0 PAIR=2410 BUFFER=2 SUBPAGES=0/1 GAP_MS=64.474 HASH=cae69acefaee8954
CYCLE=0 PAIR=2411 BUFFER=3 SUBPAGES=0/1 GAP_MS=63.973 HASH=a886938847043a80
CYCLE=0 PAIR=2412 BUFFER=0 SUBPAGES=0/1 GAP_MS=63.690 HASH=88418dad25d1d0f0
CYCLE=0 PAIR=2413 BUFFER=1 SUBPAGES=0/1 GAP_MS=64.412 HASH=16195acf8c0aab18
CYCLE=0 PAIR=2414 BUFFER=2 SUBPAGES=0/1 GAP_MS=64.917 HASH=d62127bdc393307c
CYCLE=0 PAIR=2415 BUFFER=3 SUBPAGES=0/1 GAP_MS=63.868 HASH=e8d6bee7b527a9cd
CYCLE=0 PAIR=2416 BUFFER=0 SUBPAGES=0/1 GAP_MS=63.771 HASH=abf83b2db6d71e67
CYCLE=0 PAIR=2417 BUFFER=1 SUBPAGES=0/1 GAP_MS=64.656 HASH=d972457f26f2c5bb
CYCLE=0 PAIR=2418 BUFFER=2 SUBPAGES=0/1 GAP_MS=65.062 HASH=035df6645e0d7398
CYCLE=0 PAIR=2419 BUFFER=3 SUBPAGES=0/1 GAP_MS=63.058 HASH=5801a53062bd33af
CYCLE=0 PAIR=2420 BUFFER=0 SUBPAGES=0/1 GAP_MS=64.545 HASH=6d56016f9639b5a4
CYCLE=0 PAIR=2421 BUFFER=1 SUBPAGES=0/1 GAP_MS=64.415 HASH=8c1d0e2df52d4e2a
CYCLE=0 PAIR=2422 BUFFER=2 SUBPAGES=0/1 GAP_MS=62.951 HASH=ec02e732691a976a
CYCLE=0 PAIR=2423 BUFFER=3 SUBPAGES=0/1 GAP_MS=62.936 HASH=e8dec6ba88bbcd4a
CYCLE=0 PAIR=2424 BUFFER=0 SUBPAGES=0/1 GAP_MS=63.798 HASH=f389fd7b71f263ad
CYCLE=0 PAIR=2425 BUFFER=1 SUBPAGES=0/1 GAP_MS=63.806 HASH=3c224b1c3b9b90bf
CYCLE=0 PAIR=2426 BUFFER=2 SUBPAGES=0/1 GAP_MS=64.161 HASH=6eb274b7779c3d68
CYCLE=0 PAIR=2427 BUFFER=3 SUBPAGES=0/1 GAP_MS=63.977 HASH=501ac7ff5eaa30ac
CYCLE=0 PAIR=2428 BUFFER=0 SUBPAGES=0/1 GAP_MS=64.565 HASH=67b41ffea0634758
CYCLE=0 PAIR=2429 BUFFER=1 SUBPAGES=0/1 GAP_MS=64.547 HASH=66ecfe6b8e5df47e
CYCLE=0 PAIR=2430 BUFFER=2 SUBPAGES=0/1 GAP_MS=63.596 HASH=0b35c1212248da37
CYCLE=0 PAIR=2431 BUFFER=3 SUBPAGES=0/1 GAP_MS=63.978 HASH=f1f19595032cb860
CYCLE=0 PAIR=2432 BUFFER=0 SUBPAGES=0/1 GAP_MS=63.440 HASH=8dcfb5b49c8ef6b7
CYCLE=0 PAIR=2433 BUFFER=1 SUBPAGES=0/1 GAP_MS=62.465 HASH=3e7a5bda3efd732a
CYCLE=0 PAIR=2434 BUFFER=2 SUBPAGES=0/1 GAP_MS=63.685 HASH=5d88406ede672d41
CYCLE=0 PAIR=2435 BUFFER=3 SUBPAGES=0/1 GAP_MS=63.113 HASH=014d32bb5beb1500
CYCLE=0 PAIR=2436 BUFFER=0 SUBPAGES=0/1 GAP_MS=64.540 HASH=1c925a78fd8d9dea
CYCLE=0 PAIR=2437 BUFFER=1 SUBPAGES=0/1 GAP_MS=63.710 HASH=1986df342b259f24
CYCLE=0 PAIR=2438 BUFFER=2 SUBPAGES=0/1 GAP_MS=63.276 HASH=626dc727dd307dcf
CYCLE=0 PAIR=2439 BUFFER=3 SUBPAGES=0/1 GAP_MS=64.856 HASH=8bb3208309624538
CYCLE=0 PAIR=2440 BUFFER=0 SUBPAGES=0/1 GAP_MS=63.994 HASH=556d0a25c33cc76a
CYCLE=0 PAIR=2441 BUFFER=1 SUBPAGES=0/1 GAP_MS=62.815 HASH=a2dad87eb7434640
CYCLE=0 PAIR=2442 BUFFER=2 SUBPAGES=0/1 GAP_MS=65.279 HASH=e498dbaaaadb805e
CYCLE=0 PAIR=2443 BUFFER=3 SUBPAGES=0/1 GAP_MS=64.754 HASH=221a785112540372
CYCLE=0 PAIR=2444 BUFFER=0 SUBPAGES=0/1 GAP_MS=63.824 HASH=5d810a7fcff0d7bd
CYCLE=0 PAIR=2445 BUFFER=1 SUBPAGES=0/1 GAP_MS=64.303 HASH=b2f4712cac884ca7
CYCLE=0 PAIR=2446 BUFFER=2 SUBPAGES=0/1 GAP_MS=64.574 HASH=190ee216002c3467
CYCLE=0 PAIR=2447 BUFFER=3 SUBPAGES=0/1 GAP_MS=63.997 HASH=8573b910c5fdcaaf
CYCLE=0 PAIR=2448 BUFFER=0 SUBPAGES=0/1 GAP_MS=64.329 HASH=b4e0d2c3a5b35f25
CYCLE=0 PAIR=2449 BUFFER=1 SUBPAGES=0/1 GAP_MS=64.189 HASH=b5d5421952a372aa
CYCLE=0 PAIR=2450 BUFFER=2 SUBPAGES=0/1 GAP_MS=64.930 HASH=eb187323972d51cb
CYCLE=0 PAIR=2451 BUFFER=3 SUBPAGES=0/1 GAP_MS=64.384 HASH=12ba28ab5e6b0b59
CYCLE=0 PAIR=2452 BUFFER=0 SUBPAGES=0/1 GAP_MS=64.616 HASH=bae4c38aa2080359
CYCLE=0 PAIR=2453 BUFFER=1 SUBPAGES=0/1 GAP_MS=62.477 HASH=38bef22b5743f628
CYCLE=0 PAIR=2454 BUFFER=2 SUBPAGES=0/1 GAP_MS=63.262 HASH=17158a73f1868d84
CYCLE=0 PAIR=2455 BUFFER=3 SUBPAGES=0/1 GAP_MS=63.825 HASH=29d6aa37af00f2fa
CYCLE=0 PAIR=2456 BUFFER=0 SUBPAGES=0/1 GAP_MS=64.434 HASH=d980590f093341ea
CYCLE=0 PAIR=2457 BUFFER=1 SUBPAGES=0/1 GAP_MS=64.285 HASH=5fc589b81f60dcbe
CYCLE=0 PAIR=2458 BUFFER=2 SUBPAGES=0/1 GAP_MS=64.518 HASH=da8e2d715e77e6be
CYCLE=0 PAIR=2459 BUFFER=3 SUBPAGES=0/1 GAP_MS=63.739 HASH=53917a6e3b49293f
CYCLE=0 PAIR=2460 BUFFER=0 SUBPAGES=0/1 GAP_MS=64.743 HASH=6f9d517cd3c3ae31
CYCLE=0 PAIR=2461 BUFFER=1 SUBPAGES=0/1 GAP_MS=64.026 HASH=0d3f4210f6e6a85c
CYCLE=0 PAIR=2462 BUFFER=2 SUBPAGES=0/1 GAP_MS=64.051 HASH=585d18fde7f6e8e7
CYCLE=0 PAIR=2463 BUFFER=3 SUBPAGES=0/1 GAP_MS=63.533 HASH=6fc99c751d79092f
CYCLE=0 PAIR=2464 BUFFER=0 SUBPAGES=0/1 GAP_MS=63.446 HASH=cdf76765b8b6e6b0
CYCLE=0 PAIR=2465 BUFFER=1 SUBPAGES=0/1 GAP_MS=63.710 HASH=26d37c4777dad0b3
CYCLE=0 PAIR=2466 BUFFER=2 SUBPAGES=0/1 GAP_MS=63.641 HASH=ad89a306f1036b18
CYCLE=0 PAIR=2467 BUFFER=3 SUBPAGES=0/1 GAP_MS=63.786 HASH=3092bc3c7d9b7614
CYCLE=0 PAIR=2468 BUFFER=0 SUBPAGES=0/1 GAP_MS=64.352 HASH=c2d3a6fd95a0eee6
CYCLE=0 PAIR=2469 BUFFER=1 SUBPAGES=0/1 GAP_MS=65.418 HASH=f1e79d3e91f87ada
CYCLE=0 PAIR=2470 BUFFER=2 SUBPAGES=0/1 GAP_MS=63.911 HASH=0d92becf0b81896c
CYCLE=0 PAIR=2471 BUFFER=3 SUBPAGES=0/1 GAP_MS=62.724 HASH=b73bcee2501aa469
CYCLE=0 PAIR=2472 BUFFER=0 SUBPAGES=0/1 GAP_MS=64.290 HASH=0d4ff676df254d1b
CYCLE=0 PAIR=2473 BUFFER=1 SUBPAGES=0/1 GAP_MS=63.373 HASH=0c18b18ffdff1849
CYCLE=0 PAIR=2474 BUFFER=2 SUBPAGES=0/1 GAP_MS=62.669 HASH=fc41dccaee2f4771
CYCLE=0 PAIR=2475 BUFFER=3 SUBPAGES=0/1 GAP_MS=63.985 HASH=f63645697ae96711
CYCLE=0 PAIR=2476 BUFFER=0 SUBPAGES=0/1 GAP_MS=63.788 HASH=eb509907f9f6db25
CYCLE=0 PAIR=2477 BUFFER=1 SUBPAGES=0/1 GAP_MS=64.296 HASH=5bc596e818009a03
CYCLE=0 PAIR=2478 BUFFER=2 SUBPAGES=0/1 GAP_MS=63.611 HASH=d1ddc7b3a2ac07cf
CYCLE=0 PAIR=2479 BUFFER=3 SUBPAGES=0/1 GAP_MS=63.130 HASH=583dbf88b0032fc5
CYCLE=0 PAIR=2480 BUFFER=0 SUBPAGES=0/1 GAP_MS=63.433 HASH=8eda10c0c852abaf
CYCLE=0 PAIR=2481 BUFFER=1 SUBPAGES=0/1 GAP_MS=63.889 HASH=6c547ab985b9836e
CYCLE=0 PAIR=2482 BUFFER=2 SUBPAGES=0/1 GAP_MS=64.175 HASH=573dcf5b984d7355
CYCLE=0 PAIR=2483 BUFFER=3 SUBPAGES=0/1 GAP_MS=62.208 HASH=af1f089da42e5917
CYCLE=0 PAIR=2484 BUFFER=0 SUBPAGES=0/1 GAP_MS=63.814 HASH=61bf5d60fb6a438b
CYCLE=0 PAIR=2485 BUFFER=1 SUBPAGES=0/1 GAP_MS=64.850 HASH=af3f96712e83a417
CYCLE=0 PAIR=2486 BUFFER=2 SUBPAGES=0/1 GAP_MS=63.319 HASH=0b16e058f84fc748
CYCLE=0 PAIR=2487 BUFFER=3 SUBPAGES=0/1 GAP_MS=63.815 HASH=d2742791d96b7b3e
CYCLE=0 PAIR=2488 BUFFER=0 SUBPAGES=0/1 GAP_MS=65.119 HASH=daa9599b52811dbc
CYCLE=0 PAIR=2489 BUFFER=1 SUBPAGES=0/1 GAP_MS=63.839 HASH=0b9377289dad3999
CYCLE=0 PAIR=2490 BUFFER=2 SUBPAGES=0/1 GAP_MS=62.867 HASH=a98a08bc5b14e88c
CYCLE=0 PAIR=2491 BUFFER=3 SUBPAGES=0/1 GAP_MS=63.071 HASH=6b9e6827699410e2
CYCLE=0 PAIR=2492 BUFFER=0 SUBPAGES=0/1 GAP_MS=63.018 HASH=fdb77b4f8376c759
CYCLE=0 PAIR=2493 BUFFER=1 SUBPAGES=0/1 GAP_MS=63.963 HASH=f5695f914fba51e5
CYCLE=0 PAIR=2494 BUFFER=2 SUBPAGES=0/1 GAP_MS=63.291 HASH=ecefb26801ac007e
CYCLE=0 PAIR=2495 BUFFER=3 SUBPAGES=0/1 GAP_MS=65.186 HASH=7388de68d0f6cb1c
CYCLE=0 PAIR=2496 BUFFER=0 SUBPAGES=0/1 GAP_MS=62.880 HASH=2d3e716f56aa035e
CYCLE=0 PAIR=2497 BUFFER=1 SUBPAGES=0/1 GAP_MS=62.900 HASH=bdf88a294710ea79
CYCLE=0 PAIR=2498 BUFFER=2 SUBPAGES=0/1 GAP_MS=64.186 HASH=93e82ef4333d614f
CYCLE=0 PAIR=2499 BUFFER=3 SUBPAGES=0/1 GAP_MS=65.065 HASH=ab8f9acc1e18e08c
CYCLE=0 PAIR=2500 BUFFER=0 SUBPAGES=0/1 GAP_MS=65.036 HASH=8ac820f3ce57000f
CYCLE=0 PAIR=2501 BUFFER=1 SUBPAGES=0/1 GAP_MS=63.491 HASH=8b599ba4915908d5
CYCLE=0 PAIR=2502 BUFFER=2 SUBPAGES=0/1 GAP_MS=62.812 HASH=75fb1a0e8862b693
CYCLE=0 PAIR=2503 BUFFER=3 SUBPAGES=0/1 GAP_MS=63.518 HASH=b7d34d12eb415d85
CYCLE=0 PAIR=2504 BUFFER=0 SUBPAGES=0/1 GAP_MS=62.653 HASH=5bafa28ed24f9ecb
CYCLE=0 PAIR=2505 BUFFER=1 SUBPAGES=0/1 GAP_MS=63.061 HASH=f0358946df9ac429
CYCLE=0 PAIR=2506 BUFFER=2 SUBPAGES=0/1 GAP_MS=65.524 HASH=e89ea45ea817e2b9
CYCLE=0 PAIR=2507 BUFFER=3 SUBPAGES=0/1 GAP_MS=63.331 HASH=32bc7a40030fc97d
CYCLE=0 PAIR=2508 BUFFER=0 SUBPAGES=0/1 GAP_MS=63.594 HASH=dfe235a0c752ccde
CYCLE=0 PAIR=2509 BUFFER=1 SUBPAGES=0/1 GAP_MS=63.660 HASH=6d06eb73cf6c5740
CYCLE=0 PAIR=2510 BUFFER=2 SUBPAGES=0/1 GAP_MS=64.095 HASH=389d8c499287a22d
CYCLE=0 PAIR=2511 BUFFER=3 SUBPAGES=0/1 GAP_MS=65.670 HASH=dc0079f5f4b716f3
CYCLE=0 PAIR=2512 BUFFER=0 SUBPAGES=0/1 GAP_MS=64.693 HASH=bf3f267cb0844249
CYCLE=0 PAIR=2513 BUFFER=1 SUBPAGES=0/1 GAP_MS=64.945 HASH=86248b4bfb1a888c
CYCLE=0 PAIR=2514 BUFFER=2 SUBPAGES=0/1 GAP_MS=64.250 HASH=ff1c7141971017a9
CYCLE=0 PAIR=2515 BUFFER=3 SUBPAGES=0/1 GAP_MS=63.769 HASH=407100df576286b6
CYCLE=0 PAIR=2516 BUFFER=0 SUBPAGES=0/1 GAP_MS=63.457 HASH=ac605e1bef1c13ee
CYCLE=0 PAIR=2517 BUFFER=1 SUBPAGES=0/1 GAP_MS=63.794 HASH=180357b25714d2f6
CYCLE=0 PAIR=2518 BUFFER=2 SUBPAGES=0/1 GAP_MS=63.687 HASH=672eec761ba2ac6a
CYCLE=0 PAIR=2519 BUFFER=3 SUBPAGES=0/1 GAP_MS=63.476 HASH=2b2c4b2f56381602
CYCLE=0 PAIR=2520 BUFFER=0 SUBPAGES=0/1 GAP_MS=63.951 HASH=65be331374afd8e0
CYCLE=0 PAIR=2521 BUFFER=1 SUBPAGES=0/1 GAP_MS=62.684 HASH=f6338c38625da78e
CYCLE=0 PAIR=2522 BUFFER=2 SUBPAGES=0/1 GAP_MS=63.337 HASH=342d32821f7dd8df
CYCLE=0 PAIR=2523 BUFFER=3 SUBPAGES=0/1 GAP_MS=65.075 HASH=1a77557bc4e52605
CYCLE=0 PAIR=2524 BUFFER=0 SUBPAGES=0/1 GAP_MS=62.762 HASH=42e529edca16d857
CYCLE=0 PAIR=2525 BUFFER=1 SUBPAGES=0/1 GAP_MS=64.221 HASH=bea1f8413cf69b4c
CYCLE=0 PAIR=2526 BUFFER=2 SUBPAGES=0/1 GAP_MS=62.904 HASH=5e6dc604293f63a9
CYCLE=0 PAIR=2527 BUFFER=3 SUBPAGES=0/1 GAP_MS=62.915 HASH=2481424d1f61384c
CYCLE=0 PAIR=2528 BUFFER=0 SUBPAGES=0/1 GAP_MS=64.585 HASH=5afbce95119f1d6b
CYCLE=0 PAIR=2529 BUFFER=1 SUBPAGES=0/1 GAP_MS=63.108 HASH=6609396ce8aa8a06
CYCLE=0 PAIR=2530 BUFFER=2 SUBPAGES=0/1 GAP_MS=64.510 HASH=b600bf332a81776a
CYCLE=0 PAIR=2531 BUFFER=3 SUBPAGES=0/1 GAP_MS=63.522 HASH=47eb560f22f9b30f
CYCLE=0 PAIR=2532 BUFFER=0 SUBPAGES=0/1 GAP_MS=63.587 HASH=f48b328cc3782d5d
CYCLE=0 PAIR=2533 BUFFER=1 SUBPAGES=0/1 GAP_MS=64.495 HASH=ce8667b587be18cb
CYCLE=0 PAIR=2534 BUFFER=2 SUBPAGES=0/1 GAP_MS=64.526 HASH=e971aeaf2b4d307a
CYCLE=0 PAIR=2535 BUFFER=3 SUBPAGES=0/1 GAP_MS=63.180 HASH=fceedacceb9392e6
CYCLE=0 PAIR=2536 BUFFER=0 SUBPAGES=0/1 GAP_MS=63.649 HASH=06738eb257a9e1e7
CYCLE=0 PAIR=2537 BUFFER=1 SUBPAGES=0/1 GAP_MS=63.843 HASH=09faeb12acf1eb92
CYCLE=0 PAIR=2538 BUFFER=2 SUBPAGES=0/1 GAP_MS=63.634 HASH=f4fa4ceb0890ed8f
CYCLE=0 PAIR=2539 BUFFER=3 SUBPAGES=0/1 GAP_MS=63.968 HASH=12af4f52c96077e8
CYCLE=0 PAIR=2540 BUFFER=0 SUBPAGES=0/1 GAP_MS=64.148 HASH=65a61bd54f33a997
CYCLE=0 PAIR=2541 BUFFER=1 SUBPAGES=0/1 GAP_MS=63.979 HASH=6e5fcb2e7ee559b6
CYCLE=0 PAIR=2542 BUFFER=2 SUBPAGES=0/1 GAP_MS=63.711 HASH=aedb4a14a7186045
CYCLE=0 PAIR=2543 BUFFER=3 SUBPAGES=0/1 GAP_MS=63.768 HASH=2e186086866db8bc
CYCLE=0 PAIR=2544 BUFFER=0 SUBPAGES=0/1 GAP_MS=65.056 HASH=ae35db33e57e8050
CYCLE=0 PAIR=2545 BUFFER=1 SUBPAGES=0/1 GAP_MS=62.088 HASH=1c0c4ae62381036b
CYCLE=0 PAIR=2546 BUFFER=2 SUBPAGES=0/1 GAP_MS=63.806 HASH=98d293d1e1845ff6
CYCLE=0 PAIR=2547 BUFFER=3 SUBPAGES=0/1 GAP_MS=64.210 HASH=bd5fea38a2f1dc58
CYCLE=0 PAIR=2548 BUFFER=0 SUBPAGES=0/1 GAP_MS=63.507 HASH=3b7f1871900828c0
CYCLE=0 PAIR=2549 BUFFER=1 SUBPAGES=0/1 GAP_MS=64.601 HASH=6c27cae6433fa9e0
CYCLE=0 PAIR=2550 BUFFER=2 SUBPAGES=0/1 GAP_MS=63.344 HASH=f5466431a88aa2ec
CYCLE=0 PAIR=2551 BUFFER=3 SUBPAGES=0/1 GAP_MS=63.689 HASH=7691084fc2cc0070
CYCLE=0 PAIR=2552 BUFFER=0 SUBPAGES=0/1 GAP_MS=63.773 HASH=62aedad6507ffb79
CYCLE=0 PAIR=2553 BUFFER=1 SUBPAGES=0/1 GAP_MS=62.653 HASH=eafc12922562e1d6
CYCLE=0 PAIR=2554 BUFFER=2 SUBPAGES=0/1 GAP_MS=65.668 HASH=389c4dafca728d98
CYCLE=0 PAIR=2555 BUFFER=3 SUBPAGES=0/1 GAP_MS=63.561 HASH=5135da031d38d466
CYCLE=0 PAIR=2556 BUFFER=0 SUBPAGES=0/1 GAP_MS=64.113 HASH=0a1e6285f2936c38
CYCLE=0 PAIR=2557 BUFFER=1 SUBPAGES=0/1 GAP_MS=64.694 HASH=aca2a50a21731e60
CYCLE=0 PAIR=2558 BUFFER=2 SUBPAGES=0/1 GAP_MS=63.307 HASH=1a380dd5ada07b5b
CYCLE=0 PAIR=2559 BUFFER=3 SUBPAGES=0/1 GAP_MS=63.258 HASH=29079b22d4cc5a38
CYCLE=0 PAIR=2560 BUFFER=0 SUBPAGES=0/1 GAP_MS=65.210 HASH=181a73e6f4a04180
CYCLE=0 PAIR=2561 BUFFER=1 SUBPAGES=0/1 GAP_MS=65.048 HASH=491746e9234197ef
CYCLE=0 PAIR=2562 BUFFER=2 SUBPAGES=0/1 GAP_MS=64.449 HASH=0996d3a468d7bd71
CYCLE=0 PAIR=2563 BUFFER=3 SUBPAGES=0/1 GAP_MS=62.877 HASH=3aa23c2a09fbc81c
CYCLE=0 PAIR=2564 BUFFER=0 SUBPAGES=0/1 GAP_MS=64.812 HASH=af02e8faf737b48d
CYCLE=0 PAIR=2565 BUFFER=1 SUBPAGES=0/1 GAP_MS=63.224 HASH=9f9dd885c4d54881
CYCLE=0 PAIR=2566 BUFFER=2 SUBPAGES=0/1 GAP_MS=63.934 HASH=a452d9883d88c971
CYCLE=0 PAIR=2567 BUFFER=3 SUBPAGES=0/1 GAP_MS=63.706 HASH=abe8d5e3cd06b5dd
CYCLE=0 PAIR=2568 BUFFER=0 SUBPAGES=0/1 GAP_MS=62.491 HASH=07cb6d56377422d6
CYCLE=0 PAIR=2569 BUFFER=1 SUBPAGES=0/1 GAP_MS=62.364 HASH=2969ec5af2ee8a18
CYCLE=0 PAIR=2570 BUFFER=2 SUBPAGES=0/1 GAP_MS=63.781 HASH=472c9286ad0ddf02
CYCLE=0 PAIR=2571 BUFFER=3 SUBPAGES=0/1 GAP_MS=63.770 HASH=48d9b1aa0987b8b0
CYCLE=0 PAIR=2572 BUFFER=0 SUBPAGES=0/1 GAP_MS=63.000 HASH=372ac808c1b1ad92
CYCLE=0 PAIR=2573 BUFFER=1 SUBPAGES=0/1 GAP_MS=64.677 HASH=ad4802abdc6fc0b0
CYCLE=0 PAIR=2574 BUFFER=2 SUBPAGES=0/1 GAP_MS=64.654 HASH=78f1f04a347fb319
CYCLE=0 PAIR=2575 BUFFER=3 SUBPAGES=0/1 GAP_MS=64.279 HASH=7cf40404a51d7e87
CYCLE=0 PAIR=2576 BUFFER=0 SUBPAGES=0/1 GAP_MS=62.262 HASH=98c3d73f39b4789b
CYCLE=0 PAIR=2577 BUFFER=1 SUBPAGES=0/1 GAP_MS=63.671 HASH=4e03bbe8f09dbf67
CYCLE=0 PAIR=2578 BUFFER=2 SUBPAGES=0/1 GAP_MS=63.421 HASH=649a3cdb4f1b96f9
CYCLE=0 PAIR=2579 BUFFER=3 SUBPAGES=0/1 GAP_MS=64.712 HASH=1a6756aca7bbc941
CYCLE=0 PAIR=2580 BUFFER=0 SUBPAGES=0/1 GAP_MS=64.400 HASH=781714d179fa6eab
CYCLE=0 PAIR=2581 BUFFER=1 SUBPAGES=0/1 GAP_MS=63.286 HASH=9c3744b2807edb77
CYCLE=0 PAIR=2582 BUFFER=2 SUBPAGES=0/1 GAP_MS=64.397 HASH=7f9e7f75ab1e289c
CYCLE=0 PAIR=2583 BUFFER=3 SUBPAGES=0/1 GAP_MS=64.784 HASH=07beca240ba1bb4b
CYCLE=0 PAIR=2584 BUFFER=0 SUBPAGES=0/1 GAP_MS=64.831 HASH=73048333beb0d2b0
CYCLE=0 PAIR=2585 BUFFER=1 SUBPAGES=0/1 GAP_MS=62.678 HASH=89d8c113c4839532
CYCLE=0 PAIR=2586 BUFFER=2 SUBPAGES=0/1 GAP_MS=63.584 HASH=ebe8e8feb092e8a8
CYCLE=0 PAIR=2587 BUFFER=3 SUBPAGES=0/1 GAP_MS=64.073 HASH=a7853acb09dbd894
CYCLE=0 PAIR=2588 BUFFER=0 SUBPAGES=0/1 GAP_MS=63.896 HASH=c513d63b4749f49e
CYCLE=0 PAIR=2589 BUFFER=1 SUBPAGES=0/1 GAP_MS=64.637 HASH=38638e48845007be
CYCLE=0 PAIR=2590 BUFFER=2 SUBPAGES=0/1 GAP_MS=64.264 HASH=aec13318b70dc456
CYCLE=0 PAIR=2591 BUFFER=3 SUBPAGES=0/1 GAP_MS=63.934 HASH=56d56d258839cc86
CYCLE=0 PAIR=2592 BUFFER=0 SUBPAGES=0/1 GAP_MS=65.232 HASH=3714b7412092127f
CYCLE=0 PAIR=2593 BUFFER=1 SUBPAGES=0/1 GAP_MS=63.986 HASH=515aeb93f44818fc
CYCLE=0 PAIR=2594 BUFFER=2 SUBPAGES=0/1 GAP_MS=63.892 HASH=61cb876d7262ec3a
CYCLE=0 PAIR=2595 BUFFER=3 SUBPAGES=0/1 GAP_MS=63.978 HASH=7dd482458bfc9799
CYCLE=0 PAIR=2596 BUFFER=0 SUBPAGES=0/1 GAP_MS=64.184 HASH=b32aa0b4a83272b6
CYCLE=0 PAIR=2597 BUFFER=1 SUBPAGES=0/1 GAP_MS=63.826 HASH=a394f4ba8284d28a
CYCLE=0 PAIR=2598 BUFFER=2 SUBPAGES=0/1 GAP_MS=65.213 HASH=3a976772586fa389
CYCLE=0 PAIR=2599 BUFFER=3 SUBPAGES=0/1 GAP_MS=63.963 HASH=066abe2125ee7c35
CYCLE=0 PAIR=2600 BUFFER=0 SUBPAGES=0/1 GAP_MS=64.667 HASH=3aa6cce8fb2e567a
CYCLE=0 PAIR=2601 BUFFER=1 SUBPAGES=0/1 GAP_MS=64.590 HASH=bdab76a19f14da04
CYCLE=0 PAIR=2602 BUFFER=2 SUBPAGES=0/1 GAP_MS=62.977 HASH=d7beecee4fca9421
CYCLE=0 PAIR=2603 BUFFER=3 SUBPAGES=0/1 GAP_MS=63.782 HASH=bac403025862dab2
CYCLE=0 PAIR=2604 BUFFER=0 SUBPAGES=0/1 GAP_MS=64.469 HASH=15f85556bc810d75
CYCLE=0 PAIR=2605 BUFFER=1 SUBPAGES=0/1 GAP_MS=62.667 HASH=6801cd99e8ae7d30
CYCLE=0 PAIR=2606 BUFFER=2 SUBPAGES=0/1 GAP_MS=63.344 HASH=4cc617720a2c409c
CYCLE=0 PAIR=2607 BUFFER=3 SUBPAGES=0/1 GAP_MS=63.583 HASH=caa12d3fbfaf152f
CYCLE=0 PAIR=2608 BUFFER=0 SUBPAGES=0/1 GAP_MS=63.804 HASH=56c1dee74a6eaf11
CYCLE=0 PAIR=2609 BUFFER=1 SUBPAGES=0/1 GAP_MS=62.606 HASH=8ef2d7e698dbb06d
CYCLE=0 PAIR=2610 BUFFER=2 SUBPAGES=0/1 GAP_MS=64.480 HASH=2dc76855ec820f42
CYCLE=0 PAIR=2611 BUFFER=3 SUBPAGES=0/1 GAP_MS=65.949 HASH=0be4a43c9c7d574b
CYCLE=0 PAIR=2612 BUFFER=0 SUBPAGES=0/1 GAP_MS=63.209 HASH=8f534b1827cd84d5
CYCLE=0 PAIR=2613 BUFFER=1 SUBPAGES=0/1 GAP_MS=65.431 HASH=24d5b43d2769df22
CYCLE=0 PAIR=2614 BUFFER=2 SUBPAGES=0/1 GAP_MS=64.339 HASH=45527441a0c7532a
CYCLE=0 PAIR=2615 BUFFER=3 SUBPAGES=0/1 GAP_MS=64.040 HASH=ae2a27d9e734db19
CYCLE=0 PAIR=2616 BUFFER=0 SUBPAGES=0/1 GAP_MS=64.095 HASH=ea4f43198f7fc5cd
CYCLE=0 PAIR=2617 BUFFER=1 SUBPAGES=0/1 GAP_MS=64.016 HASH=f12bd43beb2f83d8
CYCLE=0 PAIR=2618 BUFFER=2 SUBPAGES=0/1 GAP_MS=63.127 HASH=021acd8c15cfd5f2
CYCLE=0 PAIR=2619 BUFFER=3 SUBPAGES=0/1 GAP_MS=63.961 HASH=3905b1cab1b482f2
CYCLE=0 PAIR=2620 BUFFER=0 SUBPAGES=0/1 GAP_MS=63.470 HASH=87bf86f4764f1a61
CYCLE=0 PAIR=2621 BUFFER=1 SUBPAGES=0/1 GAP_MS=63.987 HASH=f990847c06ddda01
CYCLE=0 PAIR=2622 BUFFER=2 SUBPAGES=0/1 GAP_MS=64.254 HASH=4797ec0e6211f755
CYCLE=0 PAIR=2623 BUFFER=3 SUBPAGES=0/1 GAP_MS=63.375 HASH=98d50cc22e25b2f5
CYCLE=0 PAIR=2624 BUFFER=0 SUBPAGES=0/1 GAP_MS=64.384 HASH=c9f0b8088ad475ee
CYCLE=0 PAIR=2625 BUFFER=1 SUBPAGES=0/1 GAP_MS=62.516 HASH=d40b7cd66804e612
CYCLE=0 PAIR=2626 BUFFER=2 SUBPAGES=0/1 GAP_MS=64.125 HASH=04e4a5d85ae5f106
CYCLE=0 PAIR=2627 BUFFER=3 SUBPAGES=0/1 GAP_MS=63.365 HASH=8ad9e4b21d08c428
CYCLE=0 PAIR=2628 BUFFER=0 SUBPAGES=0/1 GAP_MS=65.469 HASH=b71ddd4cc2108bd6
CYCLE=0 PAIR=2629 BUFFER=1 SUBPAGES=0/1 GAP_MS=65.465 HASH=cdd5d3f9ef99efe0
CYCLE=0 PAIR=2630 BUFFER=2 SUBPAGES=0/1 GAP_MS=65.365 HASH=dabafadfd1ce09df
CYCLE=0 PAIR=2631 BUFFER=3 SUBPAGES=0/1 GAP_MS=64.733 HASH=1bda230ef484c096
CYCLE=0 PAIR=2632 BUFFER=0 SUBPAGES=0/1 GAP_MS=64.968 HASH=cbfa2c4b47a6768e
CYCLE=0 PAIR=2633 BUFFER=1 SUBPAGES=0/1 GAP_MS=63.115 HASH=3eba1926bce09631
CYCLE=0 PAIR=2634 BUFFER=2 SUBPAGES=0/1 GAP_MS=63.922 HASH=a9b2fff317e919f4
CYCLE=0 PAIR=2635 BUFFER=3 SUBPAGES=0/1 GAP_MS=64.146 HASH=9fc7d1856229bc2b
CYCLE=0 PAIR=2636 BUFFER=0 SUBPAGES=0/1 GAP_MS=64.055 HASH=8852d96f3ec7f421
CYCLE=0 PAIR=2637 BUFFER=1 SUBPAGES=0/1 GAP_MS=64.003 HASH=fa5893b0aade579e
CYCLE=0 PAIR=2638 BUFFER=2 SUBPAGES=0/1 GAP_MS=63.392 HASH=cfbc944addf19f91
CYCLE=0 PAIR=2639 BUFFER=3 SUBPAGES=0/1 GAP_MS=63.680 HASH=cf45296c3e0d9a58
CYCLE=0 PAIR=2640 BUFFER=0 SUBPAGES=0/1 GAP_MS=64.819 HASH=97449c70685cc555
CYCLE=0 PAIR=2641 BUFFER=1 SUBPAGES=0/1 GAP_MS=62.792 HASH=aac8461b2711da4a
CYCLE=0 PAIR=2642 BUFFER=2 SUBPAGES=0/1 GAP_MS=63.184 HASH=6e59f6cbdf6be3f2
CYCLE=0 PAIR=2643 BUFFER=3 SUBPAGES=0/1 GAP_MS=64.074 HASH=0ac401568f431f72
CYCLE=0 PAIR=2644 BUFFER=0 SUBPAGES=0/1 GAP_MS=63.569 HASH=9d5ede9bf626d044
CYCLE=0 PAIR=2645 BUFFER=1 SUBPAGES=0/1 GAP_MS=63.315 HASH=5333ccd0d2108f0b
CYCLE=0 PAIR=2646 BUFFER=2 SUBPAGES=0/1 GAP_MS=63.136 HASH=2a33ec38770c5a0c
CYCLE=0 PAIR=2647 BUFFER=3 SUBPAGES=0/1 GAP_MS=63.870 HASH=2cff5eb5229cdc21
CYCLE=0 PAIR=2648 BUFFER=0 SUBPAGES=0/1 GAP_MS=62.660 HASH=61ef30c0d4054d52
CYCLE=0 PAIR=2649 BUFFER=1 SUBPAGES=0/1 GAP_MS=64.203 HASH=96a0d5f40ccaed11
CYCLE=0 PAIR=2650 BUFFER=2 SUBPAGES=0/1 GAP_MS=63.899 HASH=a276c5fbb7116942
CYCLE=0 PAIR=2651 BUFFER=3 SUBPAGES=0/1 GAP_MS=63.610 HASH=50a77fd1386af173
CYCLE=0 PAIR=2652 BUFFER=0 SUBPAGES=0/1 GAP_MS=64.315 HASH=bb1e22b8e4d02696
CYCLE=0 PAIR=2653 BUFFER=1 SUBPAGES=0/1 GAP_MS=63.428 HASH=756febe644890759
CYCLE=0 PAIR=2654 BUFFER=2 SUBPAGES=0/1 GAP_MS=64.243 HASH=0fa5974183ae3ae2
CYCLE=0 PAIR=2655 BUFFER=3 SUBPAGES=0/1 GAP_MS=64.295 HASH=3608a24d2c05df9d
CYCLE=0 PAIR=2656 BUFFER=0 SUBPAGES=0/1 GAP_MS=64.758 HASH=6b99c25f6b295c9a
CYCLE=0 PAIR=2657 BUFFER=1 SUBPAGES=0/1 GAP_MS=64.046 HASH=333900f693b354da
CYCLE=0 PAIR=2658 BUFFER=2 SUBPAGES=0/1 GAP_MS=64.232 HASH=9c8f5ab70ecc2b56
CYCLE=0 PAIR=2659 BUFFER=3 SUBPAGES=0/1 GAP_MS=64.491 HASH=01e1ea77ba68fa2d
CYCLE=0 PAIR=2660 BUFFER=0 SUBPAGES=0/1 GAP_MS=64.717 HASH=730d85cad71f8e7c
CYCLE=0 PAIR=2661 BUFFER=1 SUBPAGES=0/1 GAP_MS=63.794 HASH=837b8f85a3461225
CYCLE=0 PAIR=2662 BUFFER=2 SUBPAGES=0/1 GAP_MS=63.626 HASH=1a2bbc200399c5ed
CYCLE=0 PAIR=2663 BUFFER=3 SUBPAGES=0/1 GAP_MS=64.972 HASH=f9159e4ab1d6037d
CYCLE=0 PAIR=2664 BUFFER=0 SUBPAGES=0/1 GAP_MS=63.566 HASH=ee9aea234390517e
CYCLE=0 PAIR=2665 BUFFER=1 SUBPAGES=0/1 GAP_MS=64.294 HASH=917934c55c1a27d3
CYCLE=0 PAIR=2666 BUFFER=2 SUBPAGES=0/1 GAP_MS=63.108 HASH=f08ee297cbe5456f
CYCLE=0 PAIR=2667 BUFFER=3 SUBPAGES=0/1 GAP_MS=63.679 HASH=d801f0b545d37ce9
CYCLE=0 PAIR=2668 BUFFER=0 SUBPAGES=0/1 GAP_MS=64.549 HASH=f4c1524ec9306c74
CYCLE=0 PAIR=2669 BUFFER=1 SUBPAGES=0/1 GAP_MS=63.582 HASH=608cf6b1d03d2dc4
CYCLE=0 PAIR=2670 BUFFER=2 SUBPAGES=0/1 GAP_MS=63.475 HASH=0ec9d929a03004da
CYCLE=0 PAIR=2671 BUFFER=3 SUBPAGES=0/1 GAP_MS=63.629 HASH=77f0a311307091e4
CYCLE=0 PAIR=2672 BUFFER=0 SUBPAGES=0/1 GAP_MS=64.455 HASH=9f444c382638c914
CYCLE=0 PAIR=2673 BUFFER=1 SUBPAGES=0/1 GAP_MS=63.736 HASH=fa9707757b63d110
CYCLE=0 PAIR=2674 BUFFER=2 SUBPAGES=0/1 GAP_MS=64.002 HASH=d45a45a30f39dec9
CYCLE=0 PAIR=2675 BUFFER=3 SUBPAGES=0/1 GAP_MS=64.492 HASH=ae0b19fd5250e706
CYCLE=0 PAIR=2676 BUFFER=0 SUBPAGES=0/1 GAP_MS=64.902 HASH=c94b5de0cc6fb9ab
CYCLE=0 PAIR=2677 BUFFER=1 SUBPAGES=0/1 GAP_MS=63.986 HASH=8553420db94fc2a5
CYCLE=0 PAIR=2678 BUFFER=2 SUBPAGES=0/1 GAP_MS=63.942 HASH=73dc72bd5b6aa8dd
CYCLE=0 PAIR=2679 BUFFER=3 SUBPAGES=0/1 GAP_MS=63.007 HASH=ece7ea1d4f912a15
CYCLE=0 PAIR=2680 BUFFER=0 SUBPAGES=0/1 GAP_MS=65.016 HASH=d77f7f91d47c326b
CYCLE=0 PAIR=2681 BUFFER=1 SUBPAGES=0/1 GAP_MS=64.627 HASH=25e4b85a46a62ba6
CYCLE=0 PAIR=2682 BUFFER=2 SUBPAGES=0/1 GAP_MS=63.832 HASH=a3f299ba2039773f
CYCLE=0 PAIR=2683 BUFFER=3 SUBPAGES=0/1 GAP_MS=64.077 HASH=de24eae41e9d6604
CYCLE=0 PAIR=2684 BUFFER=0 SUBPAGES=0/1 GAP_MS=64.089 HASH=276bf5b0613a5b9c
CYCLE=0 PAIR=2685 BUFFER=1 SUBPAGES=0/1 GAP_MS=64.673 HASH=f4dd3ee73e008ac5
CYCLE=0 PAIR=2686 BUFFER=2 SUBPAGES=0/1 GAP_MS=64.683 HASH=413e1f69d82faa6e
CYCLE=0 PAIR=2687 BUFFER=3 SUBPAGES=0/1 GAP_MS=64.408 HASH=1aee5d2e13be0117
CYCLE=0 PAIR=2688 BUFFER=0 SUBPAGES=0/1 GAP_MS=64.216 HASH=f23cd4f76a92afc0
CYCLE=0 PAIR=2689 BUFFER=1 SUBPAGES=0/1 GAP_MS=64.322 HASH=4898a628a399857e
CYCLE=0 PAIR=2690 BUFFER=2 SUBPAGES=0/1 GAP_MS=63.539 HASH=0c2ade456ac30e62
CYCLE=0 PAIR=2691 BUFFER=3 SUBPAGES=0/1 GAP_MS=64.254 HASH=a88fd36af7dbcb0e
CYCLE=0 PAIR=2692 BUFFER=0 SUBPAGES=0/1 GAP_MS=64.871 HASH=092c248244e6d6e0
CYCLE=0 PAIR=2693 BUFFER=1 SUBPAGES=0/1 GAP_MS=63.970 HASH=10dc526076f526a9
CYCLE=0 PAIR=2694 BUFFER=2 SUBPAGES=0/1 GAP_MS=63.323 HASH=90d77a86d7f0ca8d
CYCLE=0 PAIR=2695 BUFFER=3 SUBPAGES=0/1 GAP_MS=64.306 HASH=580a4ffb5ff4f80d
CYCLE=0 PAIR=2696 BUFFER=0 SUBPAGES=0/1 GAP_MS=63.197 HASH=c38e8b0d86763be1
CYCLE=0 PAIR=2697 BUFFER=1 SUBPAGES=0/1 GAP_MS=63.281 HASH=5a9ec2a52b038a34
CYCLE=0 PAIR=2698 BUFFER=2 SUBPAGES=0/1 GAP_MS=64.610 HASH=9ab2b9e01773eb10
CYCLE=0 PAIR=2699 BUFFER=3 SUBPAGES=0/1 GAP_MS=62.799 HASH=9409bf6ce033dd56
CYCLE=0 PAIR=2700 BUFFER=0 SUBPAGES=0/1 GAP_MS=64.966 HASH=03e3418d3167ecfa
CYCLE=0 PAIR=2701 BUFFER=1 SUBPAGES=0/1 GAP_MS=62.489 HASH=505d32b16748b961
CYCLE=0 PAIR=2702 BUFFER=2 SUBPAGES=0/1 GAP_MS=64.136 HASH=b3f2ddc6e2079add
CYCLE=0 PAIR=2703 BUFFER=3 SUBPAGES=0/1 GAP_MS=64.953 HASH=af3409079ff306f1
CYCLE=0 PAIR=2704 BUFFER=0 SUBPAGES=0/1 GAP_MS=65.176 HASH=87d59b6a4a67d20f
CYCLE=0 PAIR=2705 BUFFER=1 SUBPAGES=0/1 GAP_MS=64.441 HASH=e5c4c0b87fdfcb41
CYCLE=0 PAIR=2706 BUFFER=2 SUBPAGES=0/1 GAP_MS=62.439 HASH=564ff361d838b532
CYCLE=0 PAIR=2707 BUFFER=3 SUBPAGES=0/1 GAP_MS=63.148 HASH=0f11a030ad31f680
CYCLE=0 PAIR=2708 BUFFER=0 SUBPAGES=0/1 GAP_MS=62.769 HASH=a3be3ee9992442ec
CYCLE=0 PAIR=2709 BUFFER=1 SUBPAGES=0/1 GAP_MS=64.028 HASH=40bde84e9952b7c3
CYCLE=0 PAIR=2710 BUFFER=2 SUBPAGES=0/1 GAP_MS=63.608 HASH=ee4e69b140b1bd75
CYCLE=0 PAIR=2711 BUFFER=3 SUBPAGES=0/1 GAP_MS=63.855 HASH=5b32cc495405ef78
CYCLE=0 PAIR=2712 BUFFER=0 SUBPAGES=0/1 GAP_MS=63.427 HASH=54bd4154bdb1b48a
CYCLE=0 PAIR=2713 BUFFER=1 SUBPAGES=0/1 GAP_MS=63.607 HASH=2c50446bf8194b9e
CYCLE=0 PAIR=2714 BUFFER=2 SUBPAGES=0/1 GAP_MS=64.100 HASH=be0be90fdfb7965d
CYCLE=0 PAIR=2715 BUFFER=3 SUBPAGES=0/1 GAP_MS=64.865 HASH=8743993cd69cd03d
CYCLE=0 PAIR=2716 BUFFER=0 SUBPAGES=0/1 GAP_MS=63.895 HASH=8fa87a25d4440ee5
CYCLE=0 PAIR=2717 BUFFER=1 SUBPAGES=0/1 GAP_MS=64.452 HASH=9ba4fe1c562f9b27
CYCLE=0 PAIR=2718 BUFFER=2 SUBPAGES=0/1 GAP_MS=63.884 HASH=3e88d6188851901d
CYCLE=0 PAIR=2719 BUFFER=3 SUBPAGES=0/1 GAP_MS=64.869 HASH=beccff6c482bce68
CYCLE=0 PAIR=2720 BUFFER=0 SUBPAGES=0/1 GAP_MS=62.709 HASH=8dfe7f626fb6b308
CYCLE=0 PAIR=2721 BUFFER=1 SUBPAGES=0/1 GAP_MS=64.211 HASH=8511ca0279dbfdb6
CYCLE=0 PAIR=2722 BUFFER=2 SUBPAGES=0/1 GAP_MS=64.024 HASH=1107e9774c4d3dca
CYCLE=0 PAIR=2723 BUFFER=3 SUBPAGES=0/1 GAP_MS=63.654 HASH=b1ed31c510d5d284
CYCLE=0 PAIR=2724 BUFFER=0 SUBPAGES=0/1 GAP_MS=63.558 HASH=c2b33d1912b37631
CYCLE=0 PAIR=2725 BUFFER=1 SUBPAGES=0/1 GAP_MS=64.221 HASH=cb576d0438cf8c66
CYCLE=0 PAIR=2726 BUFFER=2 SUBPAGES=0/1 GAP_MS=64.613 HASH=c42cc293ac234fe9
CYCLE=0 PAIR=2727 BUFFER=3 SUBPAGES=0/1 GAP_MS=62.928 HASH=30e0649005cfba62
CYCLE=0 PAIR=2728 BUFFER=0 SUBPAGES=0/1 GAP_MS=63.257 HASH=8d42d564b7ddb59c
CYCLE=0 PAIR=2729 BUFFER=1 SUBPAGES=0/1 GAP_MS=64.814 HASH=b994f1d13f90fdff
CYCLE=0 PAIR=2730 BUFFER=2 SUBPAGES=0/1 GAP_MS=64.369 HASH=cae754b7fc83ea6c
CYCLE=0 PAIR=2731 BUFFER=3 SUBPAGES=0/1 GAP_MS=63.540 HASH=68a2251fa85c2eb5
CYCLE=0 PAIR=2732 BUFFER=0 SUBPAGES=0/1 GAP_MS=63.457 HASH=bbfb5aebd9717759
CYCLE=0 PAIR=2733 BUFFER=1 SUBPAGES=0/1 GAP_MS=62.971 HASH=86cd0e3f192c7fe1
CYCLE=0 PAIR=2734 BUFFER=2 SUBPAGES=0/1 GAP_MS=65.247 HASH=e963a5f82fa4e92f
CYCLE=0 PAIR=2735 BUFFER=3 SUBPAGES=0/1 GAP_MS=63.835 HASH=ef402748bff5e235
CYCLE=0 PAIR=2736 BUFFER=0 SUBPAGES=0/1 GAP_MS=63.523 HASH=0caa7bb683e2f670
CYCLE=0 PAIR=2737 BUFFER=1 SUBPAGES=0/1 GAP_MS=63.590 HASH=274cf7ddb6c43de3
CYCLE=0 PAIR=2738 BUFFER=2 SUBPAGES=0/1 GAP_MS=63.505 HASH=7e5f40f61c2341e1
CYCLE=0 PAIR=2739 BUFFER=3 SUBPAGES=0/1 GAP_MS=65.095 HASH=a51638060c073777
CYCLE=0 PAIR=2740 BUFFER=0 SUBPAGES=0/1 GAP_MS=64.723 HASH=918daefe98e5eb0f
CYCLE=0 PAIR=2741 BUFFER=1 SUBPAGES=0/1 GAP_MS=62.593 HASH=01384ac444bf177e
CYCLE=0 PAIR=2742 BUFFER=2 SUBPAGES=0/1 GAP_MS=64.655 HASH=a6ab8ea0c8583849
CYCLE=0 PAIR=2743 BUFFER=3 SUBPAGES=0/1 GAP_MS=63.039 HASH=0fb212d01faee3a3
CYCLE=0 PAIR=2744 BUFFER=0 SUBPAGES=0/1 GAP_MS=64.253 HASH=e7731ec47e1b51c0
CYCLE=0 PAIR=2745 BUFFER=1 SUBPAGES=0/1 GAP_MS=63.491 HASH=b9304e87ad9c47d6
CYCLE=0 PAIR=2746 BUFFER=2 SUBPAGES=0/1 GAP_MS=64.573 HASH=8c14ca89750f6f43
CYCLE=0 PAIR=2747 BUFFER=3 SUBPAGES=0/1 GAP_MS=63.237 HASH=e4605521b22b04b1
CYCLE=0 PAIR=2748 BUFFER=0 SUBPAGES=0/1 GAP_MS=63.316 HASH=2ee932f127e62b8d
CYCLE=0 PAIR=2749 BUFFER=1 SUBPAGES=0/1 GAP_MS=63.214 HASH=3bc1d45039972fa1
CYCLE=0 PAIR=2750 BUFFER=2 SUBPAGES=0/1 GAP_MS=63.771 HASH=022b7cae6bcb776a
CYCLE=0 PAIR=2751 BUFFER=3 SUBPAGES=0/1 GAP_MS=64.804 HASH=e8bbfe15196db14b
CYCLE=0 PAIR=2752 BUFFER=0 SUBPAGES=0/1 GAP_MS=65.543 HASH=ce01614cd857379e
CYCLE=0 PAIR=2753 BUFFER=1 SUBPAGES=0/1 GAP_MS=62.990 HASH=1cefa88c4f9208aa
CYCLE=0 PAIR=2754 BUFFER=2 SUBPAGES=0/1 GAP_MS=63.538 HASH=204f792b8cfb85e0
CYCLE=0 PAIR=2755 BUFFER=3 SUBPAGES=0/1 GAP_MS=63.246 HASH=65f2baa12ea59a8a
CYCLE=0 PAIR=2756 BUFFER=0 SUBPAGES=0/1 GAP_MS=64.050 HASH=793f6c3ecf6f6cea
CYCLE=0 PAIR=2757 BUFFER=1 SUBPAGES=0/1 GAP_MS=63.216 HASH=d28ef676b71735f5
CYCLE=0 PAIR=2758 BUFFER=2 SUBPAGES=0/1 GAP_MS=63.286 HASH=791245145c715e88
CYCLE=0 PAIR=2759 BUFFER=3 SUBPAGES=0/1 GAP_MS=62.328 HASH=88fece4e864d37eb
CYCLE=0 PAIR=2760 BUFFER=0 SUBPAGES=0/1 GAP_MS=64.155 HASH=3c6d3c3aee2a5cf5
CYCLE=0 PAIR=2761 BUFFER=1 SUBPAGES=0/1 GAP_MS=62.782 HASH=3f3fa5b70554205d
CYCLE=0 PAIR=2762 BUFFER=2 SUBPAGES=0/1 GAP_MS=63.083 HASH=ea1d8f1e0fdb1009
CYCLE=0 PAIR=2763 BUFFER=3 SUBPAGES=0/1 GAP_MS=64.382 HASH=975b6342c4ce006e
CYCLE=0 PAIR=2764 BUFFER=0 SUBPAGES=0/1 GAP_MS=64.823 HASH=7c6af4a101b3bd25
CYCLE=0 PAIR=2765 BUFFER=1 SUBPAGES=0/1 GAP_MS=64.152 HASH=7533af69c5abb939
CYCLE=0 PAIR=2766 BUFFER=2 SUBPAGES=0/1 GAP_MS=62.238 HASH=b28f7f3ea142b9c7
CYCLE=0 PAIR=2767 BUFFER=3 SUBPAGES=0/1 GAP_MS=63.736 HASH=27957d8135af5d4f
CYCLE=0 PAIR=2768 BUFFER=0 SUBPAGES=0/1 GAP_MS=62.368 HASH=90ce11ba00c91f7f
CYCLE=0 PAIR=2769 BUFFER=1 SUBPAGES=0/1 GAP_MS=64.106 HASH=404e38180fa11ec7
CYCLE=0 PAIR=2770 BUFFER=2 SUBPAGES=0/1 GAP_MS=64.384 HASH=f25a0b6a7552c19d
CYCLE=0 PAIR=2771 BUFFER=3 SUBPAGES=0/1 GAP_MS=63.387 HASH=f064aa89e594b493
CYCLE=0 PAIR=2772 BUFFER=0 SUBPAGES=0/1 GAP_MS=64.164 HASH=3232e4c9351059ad
CYCLE=0 PAIR=2773 BUFFER=1 SUBPAGES=0/1 GAP_MS=64.755 HASH=4855fa87afb79c10
CYCLE=0 PAIR=2774 BUFFER=2 SUBPAGES=0/1 GAP_MS=63.984 HASH=904062e8d6e9f08e
CYCLE=0 PAIR=2775 BUFFER=3 SUBPAGES=0/1 GAP_MS=64.085 HASH=dc3da1af5d3adc9f
CYCLE=0 PAIR=2776 BUFFER=0 SUBPAGES=0/1 GAP_MS=63.958 HASH=7c30d3cf8249ab93
CYCLE=0 PAIR=2777 BUFFER=1 SUBPAGES=0/1 GAP_MS=63.649 HASH=df599afe8e1efbed
CYCLE=0 PAIR=2778 BUFFER=2 SUBPAGES=0/1 GAP_MS=64.147 HASH=a0a47bc0971da1a4
CYCLE=0 PAIR=2779 BUFFER=3 SUBPAGES=0/1 GAP_MS=63.678 HASH=a1937de548a07e9f
CYCLE=0 PAIR=2780 BUFFER=0 SUBPAGES=0/1 GAP_MS=63.355 HASH=29c028bc96889e3f
CYCLE=0 PAIR=2781 BUFFER=1 SUBPAGES=0/1 GAP_MS=65.022 HASH=902ac2341a482640
CYCLE=0 PAIR=2782 BUFFER=2 SUBPAGES=0/1 GAP_MS=65.631 HASH=fe0765f496cd66de
CYCLE=0 PAIR=2783 BUFFER=3 SUBPAGES=0/1 GAP_MS=64.691 HASH=5b260f39f4b83a12
CYCLE=0 PAIR=2784 BUFFER=0 SUBPAGES=0/1 GAP_MS=62.849 HASH=6ac60871865a0549
CYCLE=0 PAIR=2785 BUFFER=1 SUBPAGES=0/1 GAP_MS=64.566 HASH=217440ad5d0082ae
CYCLE=0 PAIR=2786 BUFFER=2 SUBPAGES=0/1 GAP_MS=63.839 HASH=21c4bcbb3612e2bb
CYCLE=0 PAIR=2787 BUFFER=3 SUBPAGES=0/1 GAP_MS=63.649 HASH=82c74d7024342869
CYCLE=0 PAIR=2788 BUFFER=0 SUBPAGES=0/1 GAP_MS=63.961 HASH=f8616db6accd9d87
CYCLE=0 PAIR=2789 BUFFER=1 SUBPAGES=0/1 GAP_MS=63.641 HASH=01a888ad0a27448b
CYCLE=0 PAIR=2790 BUFFER=2 SUBPAGES=0/1 GAP_MS=63.573 HASH=c1b7708efa775f32
CYCLE=0 PAIR=2791 BUFFER=3 SUBPAGES=0/1 GAP_MS=64.013 HASH=7bc2972a33e442e8
CYCLE=0 PAIR=2792 BUFFER=0 SUBPAGES=0/1 GAP_MS=63.739 HASH=0dfeb7465111cfc1
CYCLE=0 PAIR=2793 BUFFER=1 SUBPAGES=0/1 GAP_MS=64.783 HASH=c1a250f9e2f6a5b3
CYCLE=0 PAIR=2794 BUFFER=2 SUBPAGES=0/1 GAP_MS=63.980 HASH=b96fe2d242927cb0
CYCLE=0 PAIR=2795 BUFFER=3 SUBPAGES=0/1 GAP_MS=64.048 HASH=4ff5a946cf26f2cb
CYCLE=0 PAIR=2796 BUFFER=0 SUBPAGES=0/1 GAP_MS=64.590 HASH=e92b5b588d2cd600
CYCLE=0 PAIR=2797 BUFFER=1 SUBPAGES=0/1 GAP_MS=63.318 HASH=26d90a3aa8683a2b
CYCLE=0 PAIR=2798 BUFFER=2 SUBPAGES=0/1 GAP_MS=64.058 HASH=65e79be547f9b954
CYCLE=0 PAIR=2799 BUFFER=3 SUBPAGES=0/1 GAP_MS=64.032 HASH=8d816f39ea6293ed
CYCLE=0 PAIR=2800 BUFFER=0 SUBPAGES=0/1 GAP_MS=64.817 HASH=1f376e1e00717ce3
CYCLE=0 PAIR=2801 BUFFER=1 SUBPAGES=0/1 GAP_MS=63.849 HASH=63a47a67417b1378
CYCLE=0 PAIR=2802 BUFFER=2 SUBPAGES=0/1 GAP_MS=62.961 HASH=eea1ba4d82d393d5
CYCLE=0 PAIR=2803 BUFFER=3 SUBPAGES=0/1 GAP_MS=62.788 HASH=e2e525e948b6c846
CYCLE=0 PAIR=2804 BUFFER=0 SUBPAGES=0/1 GAP_MS=65.510 HASH=360f898e6a4dcb61
CYCLE=0 PAIR=2805 BUFFER=1 SUBPAGES=0/1 GAP_MS=63.059 HASH=760050748b342d86
CYCLE=0 PAIR=2806 BUFFER=2 SUBPAGES=0/1 GAP_MS=64.249 HASH=d7a984cfa2677f22
CYCLE=0 PAIR=2807 BUFFER=3 SUBPAGES=0/1 GAP_MS=63.555 HASH=b4e8c3fb05b9c873
CYCLE=0 PAIR=2808 BUFFER=0 SUBPAGES=0/1 GAP_MS=63.361 HASH=023dee40597b25ed
CYCLE=0 PAIR=2809 BUFFER=1 SUBPAGES=0/1 GAP_MS=64.843 HASH=84b389e5d40d216b
CYCLE=0 PAIR=2810 BUFFER=2 SUBPAGES=0/1 GAP_MS=63.620 HASH=7d9580cca3dee791
CYCLE=0 PAIR=2811 BUFFER=3 SUBPAGES=0/1 GAP_MS=64.965 HASH=deaf33ad6e054632
CYCLE=0 PAIR=2812 BUFFER=0 SUBPAGES=0/1 GAP_MS=64.129 HASH=88070b253dd8fa23
CYCLE=0 PAIR=2813 BUFFER=1 SUBPAGES=0/1 GAP_MS=63.980 HASH=7c405fd470d6dcbd
CYCLE=0 PAIR=2814 BUFFER=2 SUBPAGES=0/1 GAP_MS=64.206 HASH=f79f29679260d56d
CYCLE=0 PAIR=2815 BUFFER=3 SUBPAGES=0/1 GAP_MS=63.307 HASH=08ff472cc78c55b5
CYCLE=0 PAIR=2816 BUFFER=0 SUBPAGES=0/1 GAP_MS=62.871 HASH=cef3c43e83b762d9
CYCLE=0 PAIR=2817 BUFFER=1 SUBPAGES=0/1 GAP_MS=64.820 HASH=de368e69dcbd261b
CYCLE=0 PAIR=2818 BUFFER=2 SUBPAGES=0/1 GAP_MS=64.762 HASH=030f676dce6eb644
CYCLE=0 PAIR=2819 BUFFER=3 SUBPAGES=0/1 GAP_MS=62.945 HASH=a3c717bc9833b3c6
CYCLE=0 PAIR=2820 BUFFER=0 SUBPAGES=0/1 GAP_MS=64.343 HASH=ea75439cf32cdab5
CYCLE=0 PAIR=2821 BUFFER=1 SUBPAGES=0/1 GAP_MS=65.173 HASH=b6c084e6bb68eee6
CYCLE=0 PAIR=2822 BUFFER=2 SUBPAGES=0/1 GAP_MS=64.113 HASH=389b77b764367645
CYCLE=0 PAIR=2823 BUFFER=3 SUBPAGES=0/1 GAP_MS=64.106 HASH=b6b0ae234acd9777
CYCLE=0 PAIR=2824 BUFFER=0 SUBPAGES=0/1 GAP_MS=63.641 HASH=534436ae8f21a424
CYCLE=0 PAIR=2825 BUFFER=1 SUBPAGES=0/1 GAP_MS=63.112 HASH=95f4d85d3f4040be
CYCLE=0 PAIR=2826 BUFFER=2 SUBPAGES=0/1 GAP_MS=65.220 HASH=a5ce2a582fca5b97
CYCLE=0 PAIR=2827 BUFFER=3 SUBPAGES=0/1 GAP_MS=64.505 HASH=3fb0e46c6eb236c7
CYCLE=0 PAIR=2828 BUFFER=0 SUBPAGES=0/1 GAP_MS=64.884 HASH=00f70e6c5dde965a
CYCLE=0 PAIR=2829 BUFFER=1 SUBPAGES=0/1 GAP_MS=64.416 HASH=328aac0e8153f13a
CYCLE=0 PAIR=2830 BUFFER=2 SUBPAGES=0/1 GAP_MS=63.839 HASH=e613ebcb5aaccc1e
CYCLE=0 PAIR=2831 BUFFER=3 SUBPAGES=0/1 GAP_MS=65.030 HASH=e414848b69bc1411
CYCLE=0 PAIR=2832 BUFFER=0 SUBPAGES=0/1 GAP_MS=64.215 HASH=22a3ad881054e0e2
CYCLE=0 PAIR=2833 BUFFER=1 SUBPAGES=0/1 GAP_MS=64.845 HASH=9dd685333f8809ef
CYCLE=0 PAIR=2834 BUFFER=2 SUBPAGES=0/1 GAP_MS=64.310 HASH=e40bc7f78c0124e0
CYCLE=0 PAIR=2835 BUFFER=3 SUBPAGES=0/1 GAP_MS=63.806 HASH=03f47e25dea794cf
CYCLE=0 PAIR=2836 BUFFER=0 SUBPAGES=0/1 GAP_MS=62.990 HASH=9f8ae9f0786f7d6e
CYCLE=0 PAIR=2837 BUFFER=1 SUBPAGES=0/1 GAP_MS=64.165 HASH=00266d3758afea9c
CYCLE=0 PAIR=2838 BUFFER=2 SUBPAGES=0/1 GAP_MS=64.453 HASH=219054fd6f8e9230
CYCLE=0 PAIR=2839 BUFFER=3 SUBPAGES=0/1 GAP_MS=63.619 HASH=9553dadad8fd76a7
CYCLE=0 PAIR=2840 BUFFER=0 SUBPAGES=0/1 GAP_MS=62.931 HASH=0db6b7702299c33d
CYCLE=0 PAIR=2841 BUFFER=1 SUBPAGES=0/1 GAP_MS=64.292 HASH=acded1c46aa17bf4
CYCLE=0 PAIR=2842 BUFFER=2 SUBPAGES=0/1 GAP_MS=64.018 HASH=657c96be618457dc
CYCLE=0 PAIR=2843 BUFFER=3 SUBPAGES=0/1 GAP_MS=62.889 HASH=34d3b8091b5fd64a
CYCLE=0 PAIR=2844 BUFFER=0 SUBPAGES=0/1 GAP_MS=62.065 HASH=ddbbd97d4f0e9b8c
CYCLE=0 PAIR=2845 BUFFER=1 SUBPAGES=0/1 GAP_MS=63.458 HASH=1ae75d87e17dfc37
CYCLE=0 PAIR=2846 BUFFER=2 SUBPAGES=0/1 GAP_MS=64.606 HASH=5c55c25b599e36e7
CYCLE=0 PAIR=2847 BUFFER=3 SUBPAGES=0/1 GAP_MS=64.299 HASH=d1c383654872e368
CYCLE=0 PAIR=2848 BUFFER=0 SUBPAGES=0/1 GAP_MS=64.506 HASH=45b41033a3a1af43
CYCLE=0 PAIR=2849 BUFFER=1 SUBPAGES=0/1 GAP_MS=65.536 HASH=783b6edcbfc51b8a
CYCLE=0 PAIR=2850 BUFFER=2 SUBPAGES=0/1 GAP_MS=63.052 HASH=3f7bc7cfeec0b615
CYCLE=0 PAIR=2851 BUFFER=3 SUBPAGES=0/1 GAP_MS=63.363 HASH=ba59c0ad28d2b21a
CYCLE=0 PAIR=2852 BUFFER=0 SUBPAGES=0/1 GAP_MS=63.487 HASH=9e9c3f5a09fe30f7
CYCLE=0 PAIR=2853 BUFFER=1 SUBPAGES=0/1 GAP_MS=62.623 HASH=9c8a72dc8dd337a4
CYCLE=0 PAIR=2854 BUFFER=2 SUBPAGES=0/1 GAP_MS=63.162 HASH=fb9a4e6d51b6b283
CYCLE=0 PAIR=2855 BUFFER=3 SUBPAGES=0/1 GAP_MS=65.243 HASH=6e457d3f3e8ba0e6
CYCLE=0 PAIR=2856 BUFFER=0 SUBPAGES=0/1 GAP_MS=64.084 HASH=910e85a5948c6a1f
CYCLE=0 PAIR=2857 BUFFER=1 SUBPAGES=0/1 GAP_MS=64.712 HASH=fb8cb4926cd0abb3
CYCLE=0 PAIR=2858 BUFFER=2 SUBPAGES=0/1 GAP_MS=62.509 HASH=6f657833c8afa026
CYCLE=0 PAIR=2859 BUFFER=3 SUBPAGES=0/1 GAP_MS=62.912 HASH=13021556e08cef1f
CYCLE=0 PAIR=2860 BUFFER=0 SUBPAGES=0/1 GAP_MS=63.098 HASH=7e82296aa1a420a2
CYCLE=0 PAIR=2861 BUFFER=1 SUBPAGES=0/1 GAP_MS=63.554 HASH=e1911bd60b511f41
CYCLE=0 PAIR=2862 BUFFER=2 SUBPAGES=0/1 GAP_MS=64.644 HASH=393cd376c2c0eaa5
CYCLE=0 PAIR=2863 BUFFER=3 SUBPAGES=0/1 GAP_MS=62.932 HASH=23efb96f3d0ffe6d
CYCLE=0 PAIR=2864 BUFFER=0 SUBPAGES=0/1 GAP_MS=63.727 HASH=bfa9e19ca73b9faa
CYCLE=0 PAIR=2865 BUFFER=1 SUBPAGES=0/1 GAP_MS=62.847 HASH=f29572c2305ea95b
CYCLE=0 PAIR=2866 BUFFER=2 SUBPAGES=0/1 GAP_MS=64.325 HASH=88b97e5bdfb0dbbb
CYCLE=0 PAIR=2867 BUFFER=3 SUBPAGES=0/1 GAP_MS=64.017 HASH=3c16d2d583005d47
CYCLE=0 PAIR=2868 BUFFER=0 SUBPAGES=0/1 GAP_MS=63.559 HASH=393f3690d6ee0f5a
CYCLE=0 PAIR=2869 BUFFER=1 SUBPAGES=0/1 GAP_MS=63.537 HASH=0aa09a6de37d3d03
CYCLE=0 PAIR=2870 BUFFER=2 SUBPAGES=0/1 GAP_MS=62.552 HASH=7cb53e5ffcc8662f
CYCLE=0 PAIR=2871 BUFFER=3 SUBPAGES=0/1 GAP_MS=63.859 HASH=d52d7c8f7339e3da
CYCLE=0 PAIR=2872 BUFFER=0 SUBPAGES=0/1 GAP_MS=63.879 HASH=5847471a100af23b
CYCLE=0 PAIR=2873 BUFFER=1 SUBPAGES=0/1 GAP_MS=62.617 HASH=bd17df4e6219d7c4
CYCLE=0 PAIR=2874 BUFFER=2 SUBPAGES=0/1 GAP_MS=63.816 HASH=ac676581ff154df2
CYCLE=0 PAIR=2875 BUFFER=3 SUBPAGES=0/1 GAP_MS=66.110 HASH=d263c34fff15d3e4
CYCLE=0 PAIR=2876 BUFFER=0 SUBPAGES=0/1 GAP_MS=63.409 HASH=0d3fc8416b825a4d
CYCLE=0 PAIR=2877 BUFFER=1 SUBPAGES=0/1 GAP_MS=62.553 HASH=5eea531c82ab55da
CYCLE=0 PAIR=2878 BUFFER=2 SUBPAGES=0/1 GAP_MS=64.651 HASH=2012e9a4935d7bd3
CYCLE=0 PAIR=2879 BUFFER=3 SUBPAGES=0/1 GAP_MS=63.925 HASH=3b3616f792d96e5f
CYCLE=0 PAIR=2880 BUFFER=0 SUBPAGES=0/1 GAP_MS=64.385 HASH=7d3e56c481b734f7
CYCLE=0 PAIR=2881 BUFFER=1 SUBPAGES=0/1 GAP_MS=64.923 HASH=22b6b5fffe2be1f9
CYCLE=0 PAIR=2882 BUFFER=2 SUBPAGES=0/1 GAP_MS=64.214 HASH=b8c326854b69f01f
CYCLE=0 PAIR=2883 BUFFER=3 SUBPAGES=0/1 GAP_MS=65.165 HASH=415245884624fe14
CYCLE=0 PAIR=2884 BUFFER=0 SUBPAGES=0/1 GAP_MS=62.363 HASH=30684ec8c394ae38
CYCLE=0 PAIR=2885 BUFFER=1 SUBPAGES=0/1 GAP_MS=64.409 HASH=c844b03c8cd34ef1
CYCLE=0 PAIR=2886 BUFFER=2 SUBPAGES=0/1 GAP_MS=63.780 HASH=f225c060ca985092
CYCLE=0 PAIR=2887 BUFFER=3 SUBPAGES=0/1 GAP_MS=64.001 HASH=80d3190c3b242761
CYCLE=0 PAIR=2888 BUFFER=0 SUBPAGES=0/1 GAP_MS=65.187 HASH=d85bb9d1948d8c88
CYCLE=0 PAIR=2889 BUFFER=1 SUBPAGES=0/1 GAP_MS=64.770 HASH=9e44a65f32dd1406
CYCLE=0 PAIR=2890 BUFFER=2 SUBPAGES=0/1 GAP_MS=64.714 HASH=da0367b9cb90ab00
CYCLE=0 PAIR=2891 BUFFER=3 SUBPAGES=0/1 GAP_MS=64.348 HASH=d362da1c11add469
CYCLE=0 PAIR=2892 BUFFER=0 SUBPAGES=0/1 GAP_MS=63.157 HASH=ac82bb92f9578d13
CYCLE=0 PAIR=2893 BUFFER=1 SUBPAGES=0/1 GAP_MS=63.799 HASH=07d97199fb73e965
CYCLE=0 PAIR=2894 BUFFER=2 SUBPAGES=0/1 GAP_MS=63.660 HASH=3b94c188760d22ab
CYCLE=0 PAIR=2895 BUFFER=3 SUBPAGES=0/1 GAP_MS=63.807 HASH=6eb1838963e80d14
CYCLE=0 PAIR=2896 BUFFER=0 SUBPAGES=0/1 GAP_MS=64.411 HASH=cf627f4d8244fdeb
CYCLE=0 PAIR=2897 BUFFER=1 SUBPAGES=0/1 GAP_MS=65.377 HASH=8a269879ef220ee8
CYCLE=0 PAIR=2898 BUFFER=2 SUBPAGES=0/1 GAP_MS=64.881 HASH=83a1139498782377
CYCLE=0 PAIR=2899 BUFFER=3 SUBPAGES=0/1 GAP_MS=64.765 HASH=f2403eb7a013a1a2
CYCLE=0 PAIR=2900 BUFFER=0 SUBPAGES=0/1 GAP_MS=64.363 HASH=2014fc874cf8458d
CYCLE=0 PAIR=2901 BUFFER=1 SUBPAGES=0/1 GAP_MS=64.640 HASH=61cbdaac4067a81a
CYCLE=0 PAIR=2902 BUFFER=2 SUBPAGES=0/1 GAP_MS=64.056 HASH=cc217f2a48ddb765
CYCLE=0 PAIR=2903 BUFFER=3 SUBPAGES=0/1 GAP_MS=63.632 HASH=b9d5833b115c5dc1
CYCLE=0 PAIR=2904 BUFFER=0 SUBPAGES=0/1 GAP_MS=64.264 HASH=8e730910998c05f9
CYCLE=0 PAIR=2905 BUFFER=1 SUBPAGES=0/1 GAP_MS=63.361 HASH=e837b59692f0eb11
CYCLE=0 PAIR=2906 BUFFER=2 SUBPAGES=0/1 GAP_MS=65.244 HASH=f1499c985288aa50
CYCLE=0 PAIR=2907 BUFFER=3 SUBPAGES=0/1 GAP_MS=63.896 HASH=15796028128ef41b
CYCLE=0 PAIR=2908 BUFFER=0 SUBPAGES=0/1 GAP_MS=63.214 HASH=e7f6cefe6161e6af
CYCLE=0 PAIR=2909 BUFFER=1 SUBPAGES=0/1 GAP_MS=62.756 HASH=9c0430a2e629b678
CYCLE=0 PAIR=2910 BUFFER=2 SUBPAGES=0/1 GAP_MS=64.429 HASH=1437e466e815a5c9
CYCLE=0 PAIR=2911 BUFFER=3 SUBPAGES=0/1 GAP_MS=65.145 HASH=10a6487d93f381fd
CYCLE=0 PAIR=2912 BUFFER=0 SUBPAGES=0/1 GAP_MS=65.553 HASH=9994b752679b937c
CYCLE=0 PAIR=2913 BUFFER=1 SUBPAGES=0/1 GAP_MS=64.033 HASH=110af8087ab474f8
CYCLE=0 PAIR=2914 BUFFER=2 SUBPAGES=0/1 GAP_MS=64.769 HASH=0d50ee10d2c7c8bc
CYCLE=0 PAIR=2915 BUFFER=3 SUBPAGES=0/1 GAP_MS=63.891 HASH=3adff5eab406b4c0
CYCLE=0 PAIR=2916 BUFFER=0 SUBPAGES=0/1 GAP_MS=64.688 HASH=3a341c55e18ca9d0
CYCLE=0 PAIR=2917 BUFFER=1 SUBPAGES=0/1 GAP_MS=62.970 HASH=5d023ceb1f2dd96e
CYCLE=0 PAIR=2918 BUFFER=2 SUBPAGES=0/1 GAP_MS=63.157 HASH=f532a0d2ac3d2d91
CYCLE=0 PAIR=2919 BUFFER=3 SUBPAGES=0/1 GAP_MS=64.420 HASH=66ded88835b2f7c2
CYCLE=0 PAIR=2920 BUFFER=0 SUBPAGES=0/1 GAP_MS=63.997 HASH=ba2f95920e78d4a7
CYCLE=0 PAIR=2921 BUFFER=1 SUBPAGES=0/1 GAP_MS=64.495 HASH=29422b8d0330e812
CYCLE=0 PAIR=2922 BUFFER=2 SUBPAGES=0/1 GAP_MS=63.725 HASH=c1f3e0a16b3c77e2
CYCLE=0 PAIR=2923 BUFFER=3 SUBPAGES=0/1 GAP_MS=65.330 HASH=887afc4d361e2bbb
CYCLE=0 PAIR=2924 BUFFER=0 SUBPAGES=0/1 GAP_MS=62.222 HASH=2a361d140cc733e2
CYCLE=0 PAIR=2925 BUFFER=1 SUBPAGES=0/1 GAP_MS=63.562 HASH=9bab2649eeb22bb4
CYCLE=0 PAIR=2926 BUFFER=2 SUBPAGES=0/1 GAP_MS=62.572 HASH=9b8c109b75795e5a
CYCLE=0 PAIR=2927 BUFFER=3 SUBPAGES=0/1 GAP_MS=63.736 HASH=dbc5de37a75a5dc5
CYCLE=0 PAIR=2928 BUFFER=0 SUBPAGES=0/1 GAP_MS=63.015 HASH=924ff682d55cc4a4
CYCLE=0 PAIR=2929 BUFFER=1 SUBPAGES=0/1 GAP_MS=63.549 HASH=7b7b88d3bce8eaa9
CYCLE=0 PAIR=2930 BUFFER=2 SUBPAGES=0/1 GAP_MS=64.147 HASH=54bd98da35cf8ffb
CYCLE=0 PAIR=2931 BUFFER=3 SUBPAGES=0/1 GAP_MS=63.356 HASH=12714beee3b9691d
CYCLE=0 PAIR=2932 BUFFER=0 SUBPAGES=0/1 GAP_MS=64.101 HASH=6fa8c47c57fedd28
CYCLE=0 PAIR=2933 BUFFER=1 SUBPAGES=0/1 GAP_MS=63.754 HASH=750d040c5bdcc8f1
CYCLE=0 PAIR=2934 BUFFER=2 SUBPAGES=0/1 GAP_MS=64.130 HASH=fea0a029ce92f7b7
CYCLE=0 PAIR=2935 BUFFER=3 SUBPAGES=0/1 GAP_MS=66.062 HASH=a4bf7b4730963462
CYCLE=0 PAIR=2936 BUFFER=0 SUBPAGES=0/1 GAP_MS=63.095 HASH=19ec8cc2f88f29a8
CYCLE=0 PAIR=2937 BUFFER=1 SUBPAGES=0/1 GAP_MS=63.361 HASH=780c083b145909dc
CYCLE=0 PAIR=2938 BUFFER=2 SUBPAGES=0/1 GAP_MS=63.466 HASH=d5350c4ad5a250ae
CYCLE=0 PAIR=2939 BUFFER=3 SUBPAGES=0/1 GAP_MS=63.070 HASH=4b0444c9d5194598
CYCLE=0 PAIR=2940 BUFFER=0 SUBPAGES=0/1 GAP_MS=62.757 HASH=65540847d48ee896
CYCLE=0 PAIR=2941 BUFFER=1 SUBPAGES=0/1 GAP_MS=62.651 HASH=fbefd87cc22e7c64
CYCLE=0 PAIR=2942 BUFFER=2 SUBPAGES=0/1 GAP_MS=62.302 HASH=f71f867b6901e31a
CYCLE=0 PAIR=2943 BUFFER=3 SUBPAGES=0/1 GAP_MS=63.706 HASH=df24799651a5466d
CYCLE=0 PAIR=2944 BUFFER=0 SUBPAGES=0/1 GAP_MS=62.623 HASH=c56b7892007167e6
CYCLE=0 PAIR=2945 BUFFER=1 SUBPAGES=0/1 GAP_MS=63.533 HASH=16f35f0223386804
CYCLE=0 PAIR=2946 BUFFER=2 SUBPAGES=0/1 GAP_MS=65.401 HASH=305ef763e6dfd7f3
CYCLE=0 PAIR=2947 BUFFER=3 SUBPAGES=0/1 GAP_MS=63.580 HASH=d9385bd1dd38ba83
CYCLE=0 PAIR=2948 BUFFER=0 SUBPAGES=0/1 GAP_MS=64.828 HASH=ec835c83baab7b28
CYCLE=0 PAIR=2949 BUFFER=1 SUBPAGES=0/1 GAP_MS=63.181 HASH=da605eca1a612bb0
CYCLE=0 PAIR=2950 BUFFER=2 SUBPAGES=0/1 GAP_MS=62.831 HASH=f94eaf2b51713c9d
CYCLE=0 PAIR=2951 BUFFER=3 SUBPAGES=0/1 GAP_MS=64.684 HASH=78b9a7ad43ade904
CYCLE=0 PAIR=2952 BUFFER=0 SUBPAGES=0/1 GAP_MS=64.487 HASH=bd0ef614308ee42f
CYCLE=0 PAIR=2953 BUFFER=1 SUBPAGES=0/1 GAP_MS=64.816 HASH=7d63154debc65278
CYCLE=0 PAIR=2954 BUFFER=2 SUBPAGES=0/1 GAP_MS=62.347 HASH=2f8c983931d4baa8
CYCLE=0 PAIR=2955 BUFFER=3 SUBPAGES=0/1 GAP_MS=64.185 HASH=ebe4cb32c1e4433b
CYCLE=0 PAIR=2956 BUFFER=0 SUBPAGES=0/1 GAP_MS=63.677 HASH=b055d7bec1c3a35e
CYCLE=0 PAIR=2957 BUFFER=1 SUBPAGES=0/1 GAP_MS=63.905 HASH=a7189f0ae30c36e6
CYCLE=0 PAIR=2958 BUFFER=2 SUBPAGES=0/1 GAP_MS=64.437 HASH=29bcd998ae324b4e
CYCLE=0 PAIR=2959 BUFFER=3 SUBPAGES=0/1 GAP_MS=64.444 HASH=c39096e9be538864
CYCLE=0 PAIR=2960 BUFFER=0 SUBPAGES=0/1 GAP_MS=63.951 HASH=5bd4c06cd1bb1e71
CYCLE=0 PAIR=2961 BUFFER=1 SUBPAGES=0/1 GAP_MS=63.073 HASH=5343cf90d51295a3
CYCLE=0 PAIR=2962 BUFFER=2 SUBPAGES=0/1 GAP_MS=62.564 HASH=573064082d18794c
CYCLE=0 PAIR=2963 BUFFER=3 SUBPAGES=0/1 GAP_MS=63.923 HASH=a8689b79c92feb57
CYCLE=0 PAIR=2964 BUFFER=0 SUBPAGES=0/1 GAP_MS=63.278 HASH=1a802ff14c91743f
CYCLE=0 PAIR=2965 BUFFER=1 SUBPAGES=0/1 GAP_MS=64.238 HASH=63fcba8ee18fc36f
CYCLE=0 PAIR=2966 BUFFER=2 SUBPAGES=0/1 GAP_MS=63.078 HASH=12292882f1a6e275
CYCLE=0 PAIR=2967 BUFFER=3 SUBPAGES=0/1 GAP_MS=62.767 HASH=66191e4d0dd89e8d
CYCLE=0 PAIR=2968 BUFFER=0 SUBPAGES=0/1 GAP_MS=63.946 HASH=08a7a97da9cd95fb
CYCLE=0 PAIR=2969 BUFFER=1 SUBPAGES=0/1 GAP_MS=62.644 HASH=c1a5c256a8cfadcd
CYCLE=0 PAIR=2970 BUFFER=2 SUBPAGES=0/1 GAP_MS=64.044 HASH=580921ad70651210
CYCLE=0 PAIR=2971 BUFFER=3 SUBPAGES=0/1 GAP_MS=64.156 HASH=0748c3f6e831eccd
CYCLE=0 PAIR=2972 BUFFER=0 SUBPAGES=0/1 GAP_MS=64.126 HASH=ce512118e4e7b672
CYCLE=0 PAIR=2973 BUFFER=1 SUBPAGES=0/1 GAP_MS=64.745 HASH=3b27e8d07aea2409
CYCLE=0 PAIR=2974 BUFFER=2 SUBPAGES=0/1 GAP_MS=63.883 HASH=f9a819819cf848bc
CYCLE=0 PAIR=2975 BUFFER=3 SUBPAGES=0/1 GAP_MS=62.058 HASH=d968a7d8b5ddfb82
CYCLE=0 PAIR=2976 BUFFER=0 SUBPAGES=0/1 GAP_MS=63.626 HASH=3c9ef1f2fdffe3e4
CYCLE=0 PAIR=2977 BUFFER=1 SUBPAGES=0/1 GAP_MS=63.783 HASH=d81c7dd467e263ce
CYCLE=0 PAIR=2978 BUFFER=2 SUBPAGES=0/1 GAP_MS=64.926 HASH=e1234572338401a6
CYCLE=0 PAIR=2979 BUFFER=3 SUBPAGES=0/1 GAP_MS=62.738 HASH=8847a2f28946317e
CYCLE=0 PAIR=2980 BUFFER=0 SUBPAGES=0/1 GAP_MS=62.854 HASH=6f868703f0b451ca
CYCLE=0 PAIR=2981 BUFFER=1 SUBPAGES=0/1 GAP_MS=63.015 HASH=03d27bdccef9dcdf
CYCLE=0 PAIR=2982 BUFFER=2 SUBPAGES=0/1 GAP_MS=64.898 HASH=151cca46626e5162
CYCLE=0 PAIR=2983 BUFFER=3 SUBPAGES=0/1 GAP_MS=63.535 HASH=746bb8cacc9431cf
CYCLE=0 PAIR=2984 BUFFER=0 SUBPAGES=0/1 GAP_MS=64.140 HASH=abec297dedf9cc2b
CYCLE=0 PAIR=2985 BUFFER=1 SUBPAGES=0/1 GAP_MS=62.689 HASH=ac3b65b5f2ef97d2
CYCLE=0 PAIR=2986 BUFFER=2 SUBPAGES=0/1 GAP_MS=63.143 HASH=5c5af6d48f8c897e
CYCLE=0 PAIR=2987 BUFFER=3 SUBPAGES=0/1 GAP_MS=63.154 HASH=41f3501a6e057c4e
CYCLE=0 PAIR=2988 BUFFER=0 SUBPAGES=0/1 GAP_MS=62.405 HASH=a48bf04a2fa5483d
CYCLE=0 PAIR=2989 BUFFER=1 SUBPAGES=0/1 GAP_MS=64.797 HASH=15d73ff305469423
CYCLE=0 PAIR=2990 BUFFER=2 SUBPAGES=0/1 GAP_MS=62.445 HASH=acec093376281f9b
CYCLE=0 PAIR=2991 BUFFER=3 SUBPAGES=0/1 GAP_MS=64.483 HASH=2f035b840e4fe046
CYCLE=0 PAIR=2992 BUFFER=0 SUBPAGES=0/1 GAP_MS=63.002 HASH=c52206100a7212f7
CYCLE=0 PAIR=2993 BUFFER=1 SUBPAGES=0/1 GAP_MS=64.905 HASH=eba4db3a3da27c3a
CYCLE=0 PAIR=2994 BUFFER=2 SUBPAGES=0/1 GAP_MS=64.812 HASH=54b6d878ed364c26
CYCLE=0 PAIR=2995 BUFFER=3 SUBPAGES=0/1 GAP_MS=64.356 HASH=4ae79b546f494dc3
CYCLE=0 PAIR=2996 BUFFER=0 SUBPAGES=0/1 GAP_MS=62.276 HASH=95f97ba38919df5b
CYCLE=0 PAIR=2997 BUFFER=1 SUBPAGES=0/1 GAP_MS=64.430 HASH=382c3c68a5bfccda
CYCLE=0 PAIR=2998 BUFFER=2 SUBPAGES=0/1 GAP_MS=63.006 HASH=92a6b1fa9e3e8eb1
CYCLE=0 PAIR=2999 BUFFER=3 SUBPAGES=0/1 GAP_MS=63.479 HASH=eb08490cb10e31cb
CYCLE=0 PAIR=3000 BUFFER=0 SUBPAGES=0/1 GAP_MS=64.947 HASH=7433db83fa56edb7
CYCLE=0 PAIR=3001 BUFFER=1 SUBPAGES=0/1 GAP_MS=64.425 HASH=f2b819f6ee8bf137
CYCLE=0 PAIR=3002 BUFFER=2 SUBPAGES=0/1 GAP_MS=63.030 HASH=7c5b9687c2353a5d
CYCLE=0 PAIR=3003 BUFFER=3 SUBPAGES=0/1 GAP_MS=63.540 HASH=7cd87999f3559624
CYCLE=0 PAIR=3004 BUFFER=0 SUBPAGES=0/1 GAP_MS=64.922 HASH=048d9b1abd285ead
CYCLE=0 PAIR=3005 BUFFER=1 SUBPAGES=0/1 GAP_MS=62.322 HASH=03c3326eedb3ec4f
CYCLE=0 PAIR=3006 BUFFER=2 SUBPAGES=0/1 GAP_MS=63.803 HASH=791845b1305c51c6
CYCLE=0 PAIR=3007 BUFFER=3 SUBPAGES=0/1 GAP_MS=64.833 HASH=dec814f1b35f0a00
CYCLE=0 PAIR=3008 BUFFER=0 SUBPAGES=0/1 GAP_MS=64.066 HASH=eec8edb5d4c2aa53
CYCLE=0 PAIR=3009 BUFFER=1 SUBPAGES=0/1 GAP_MS=63.700 HASH=10011947663eaa3e
CYCLE=0 PAIR=3010 BUFFER=2 SUBPAGES=0/1 GAP_MS=63.362 HASH=b961752e11a7b92d
CYCLE=0 PAIR=3011 BUFFER=3 SUBPAGES=0/1 GAP_MS=62.918 HASH=3d960e043a0240f6
CYCLE=0 PAIR=3012 BUFFER=0 SUBPAGES=0/1 GAP_MS=64.226 HASH=d336fb3a45d44701
CYCLE=0 PAIR=3013 BUFFER=1 SUBPAGES=0/1 GAP_MS=63.337 HASH=4e8ec73bfff0d5e0
CYCLE=0 PAIR=3014 BUFFER=2 SUBPAGES=0/1 GAP_MS=64.603 HASH=eda4a775f523f5f1
CYCLE=0 PAIR=3015 BUFFER=3 SUBPAGES=0/1 GAP_MS=63.160 HASH=eddc93ed5e60a176
CYCLE=0 PAIR=3016 BUFFER=0 SUBPAGES=0/1 GAP_MS=63.802 HASH=1ff59aab5c955c38
CYCLE=0 PAIR=3017 BUFFER=1 SUBPAGES=0/1 GAP_MS=63.994 HASH=8410a9c32ba08116
CYCLE=0 PAIR=3018 BUFFER=2 SUBPAGES=0/1 GAP_MS=63.294 HASH=e42a4ed5c73c9f15
CYCLE=0 PAIR=3019 BUFFER=3 SUBPAGES=0/1 GAP_MS=65.252 HASH=7c5a9372600754b0
CYCLE=0 PAIR=3020 BUFFER=0 SUBPAGES=0/1 GAP_MS=64.954 HASH=44c935ada5119135
CYCLE=0 PAIR=3021 BUFFER=1 SUBPAGES=0/1 GAP_MS=65.417 HASH=81de2d83809cbf85
CYCLE=0 PAIR=3022 BUFFER=2 SUBPAGES=0/1 GAP_MS=65.155 HASH=13c7482b5208e170
CYCLE=0 PAIR=3023 BUFFER=3 SUBPAGES=0/1 GAP_MS=64.349 HASH=65cb4962c1ecf758
CYCLE=0 PAIR=3024 BUFFER=0 SUBPAGES=0/1 GAP_MS=63.222 HASH=382611d9b72b242a
CYCLE=0 PAIR=3025 BUFFER=1 SUBPAGES=0/1 GAP_MS=65.256 HASH=3af318c16287b663
CYCLE=0 PAIR=3026 BUFFER=2 SUBPAGES=0/1 GAP_MS=62.660 HASH=799697f493004e06
CYCLE=0 PAIR=3027 BUFFER=3 SUBPAGES=0/1 GAP_MS=64.668 HASH=65506115db565b69
CYCLE=0 PAIR=3028 BUFFER=0 SUBPAGES=0/1 GAP_MS=65.003 HASH=131f22d97e876eef
CYCLE=0 PAIR=3029 BUFFER=1 SUBPAGES=0/1 GAP_MS=64.236 HASH=f7876c9bc1cfa076
CYCLE=0 PAIR=3030 BUFFER=2 SUBPAGES=0/1 GAP_MS=63.369 HASH=b9f50960066adc0d
CYCLE=0 PAIR=3031 BUFFER=3 SUBPAGES=0/1 GAP_MS=63.411 HASH=f92d82c67932ee85
CYCLE=0 PAIR=3032 BUFFER=0 SUBPAGES=0/1 GAP_MS=63.417 HASH=a6e8290f50e2cffd
CYCLE=0 PAIR=3033 BUFFER=1 SUBPAGES=0/1 GAP_MS=65.279 HASH=46518e5043688c3c
CYCLE=0 PAIR=3034 BUFFER=2 SUBPAGES=0/1 GAP_MS=63.475 HASH=308955eaf1872842
CYCLE=0 PAIR=3035 BUFFER=3 SUBPAGES=0/1 GAP_MS=62.355 HASH=92f2eda248fdce60
CYCLE=0 PAIR=3036 BUFFER=0 SUBPAGES=0/1 GAP_MS=63.178 HASH=bc2fa4883b85ca22
CYCLE=0 PAIR=3037 BUFFER=1 SUBPAGES=0/1 GAP_MS=64.492 HASH=a283ef5841d088cf
CYCLE=0 PAIR=3038 BUFFER=2 SUBPAGES=0/1 GAP_MS=62.249 HASH=62fa8fb4804ed325
CYCLE=0 PAIR=3039 BUFFER=3 SUBPAGES=0/1 GAP_MS=64.652 HASH=cb9ae2ad20630c85
CYCLE=0 PAIR=3040 BUFFER=0 SUBPAGES=0/1 GAP_MS=62.743 HASH=2cb22221e1915a2c
CYCLE=0 PAIR=3041 BUFFER=1 SUBPAGES=0/1 GAP_MS=64.252 HASH=aee37cdeea0d2b87
CYCLE=0 PAIR=3042 BUFFER=2 SUBPAGES=0/1 GAP_MS=64.953 HASH=7d97ec7afe5142ec
CYCLE=0 PAIR=3043 BUFFER=3 SUBPAGES=0/1 GAP_MS=62.122 HASH=62fb7686778c1de0
CYCLE=0 PAIR=3044 BUFFER=0 SUBPAGES=0/1 GAP_MS=63.151 HASH=1bc83083c8945deb
CYCLE=0 PAIR=3045 BUFFER=1 SUBPAGES=0/1 GAP_MS=64.516 HASH=2f512d4ea8e81da2
CYCLE=0 PAIR=3046 BUFFER=2 SUBPAGES=0/1 GAP_MS=64.771 HASH=b681cb9b2ff86a56
CYCLE=0 PAIR=3047 BUFFER=3 SUBPAGES=0/1 GAP_MS=63.068 HASH=d1870ba029beb796
CYCLE=0 PAIR=3048 BUFFER=0 SUBPAGES=0/1 GAP_MS=64.019 HASH=73fb419089d5a787
CYCLE=0 PAIR=3049 BUFFER=1 SUBPAGES=0/1 GAP_MS=64.717 HASH=7769940c06737590
CYCLE=0 PAIR=3050 BUFFER=2 SUBPAGES=0/1 GAP_MS=64.191 HASH=9a08e93be45d70e6
CYCLE=0 PAIR=3051 BUFFER=3 SUBPAGES=0/1 GAP_MS=63.732 HASH=c6db3361884d51a7
CYCLE=0 PAIR=3052 BUFFER=0 SUBPAGES=0/1 GAP_MS=63.517 HASH=964233d1aeb85e7d
CYCLE=0 PAIR=3053 BUFFER=1 SUBPAGES=0/1 GAP_MS=62.804 HASH=8d66024d49d8f533
CYCLE=0 PAIR=3054 BUFFER=2 SUBPAGES=0/1 GAP_MS=62.390 HASH=b4d70f8067d340a4
CYCLE=0 PAIR=3055 BUFFER=3 SUBPAGES=0/1 GAP_MS=64.299 HASH=180c4aeb6d6a2071
CYCLE=0 PAIR=3056 BUFFER=0 SUBPAGES=0/1 GAP_MS=63.864 HASH=abe0e6d91e71da0e
CYCLE=0 PAIR=3057 BUFFER=1 SUBPAGES=0/1 GAP_MS=63.643 HASH=473857c9ec33079e
CYCLE=0 PAIR=3058 BUFFER=2 SUBPAGES=0/1 GAP_MS=63.151 HASH=148159d0e8000577
CYCLE=0 PAIR=3059 BUFFER=3 SUBPAGES=0/1 GAP_MS=63.892 HASH=e2e430974857abbb
CYCLE=0 PAIR=3060 BUFFER=0 SUBPAGES=0/1 GAP_MS=63.728 HASH=eaf7f67b1e83afda
CYCLE=0 PAIR=3061 BUFFER=1 SUBPAGES=0/1 GAP_MS=64.124 HASH=72c2beb98cd9c8fa
CYCLE=0 PAIR=3062 BUFFER=2 SUBPAGES=0/1 GAP_MS=64.756 HASH=011e9eaac9e82434
CYCLE=0 PAIR=3063 BUFFER=3 SUBPAGES=0/1 GAP_MS=65.071 HASH=c0bfc4f2a395e528
CYCLE=0 PAIR=3064 BUFFER=0 SUBPAGES=0/1 GAP_MS=64.751 HASH=11b85b4e0308719b
CYCLE=0 PAIR=3065 BUFFER=1 SUBPAGES=0/1 GAP_MS=64.348 HASH=d099b295e6ffe532
CYCLE=0 PAIR=3066 BUFFER=2 SUBPAGES=0/1 GAP_MS=63.829 HASH=179ef76e15bef40b
CYCLE=0 PAIR=3067 BUFFER=3 SUBPAGES=0/1 GAP_MS=64.136 HASH=8ba0e157cd5ba453
CYCLE=0 PAIR=3068 BUFFER=0 SUBPAGES=0/1 GAP_MS=63.885 HASH=5e4685c7b372ee5c
CYCLE=0 PAIR=3069 BUFFER=1 SUBPAGES=0/1 GAP_MS=65.113 HASH=59c6aaf1cc52a0d7
CYCLE=0 PAIR=3070 BUFFER=2 SUBPAGES=0/1 GAP_MS=63.333 HASH=ed5cbd801eb2528b
CYCLE=0 PAIR=3071 BUFFER=3 SUBPAGES=0/1 GAP_MS=64.988 HASH=955daa8670be1087
CYCLE=0 PAIR=3072 BUFFER=0 SUBPAGES=0/1 GAP_MS=62.885 HASH=6bcd1ccac312c824
CYCLE=0 PAIR=3073 BUFFER=1 SUBPAGES=0/1 GAP_MS=63.295 HASH=9752076a9082b90e
CYCLE=0 PAIR=3074 BUFFER=2 SUBPAGES=0/1 GAP_MS=64.114 HASH=c7d4e53b346fbe21
CYCLE=0 PAIR=3075 BUFFER=3 SUBPAGES=0/1 GAP_MS=64.883 HASH=751a2108fa93d72a
CYCLE=0 PAIR=3076 BUFFER=0 SUBPAGES=0/1 GAP_MS=64.085 HASH=4fd6aca20a6ffcd6
CYCLE=0 PAIR=3077 BUFFER=1 SUBPAGES=0/1 GAP_MS=64.181 HASH=59b2050aeda899ab
CYCLE=0 PAIR=3078 BUFFER=2 SUBPAGES=0/1 GAP_MS=63.922 HASH=4d4dd2626208c908
CYCLE=0 PAIR=3079 BUFFER=3 SUBPAGES=0/1 GAP_MS=63.595 HASH=908a12f13b12afe2
CYCLE=0 PAIR=3080 BUFFER=0 SUBPAGES=0/1 GAP_MS=63.559 HASH=43c9f8264ff669a7
CYCLE=0 PAIR=3081 BUFFER=1 SUBPAGES=0/1 GAP_MS=63.170 HASH=c7611d889f5e1f50
CYCLE=0 PAIR=3082 BUFFER=2 SUBPAGES=0/1 GAP_MS=63.944 HASH=84eed1214d315f60
CYCLE=0 PAIR=3083 BUFFER=3 SUBPAGES=0/1 GAP_MS=62.936 HASH=76324b88f97451e1
CYCLE=0 PAIR=3084 BUFFER=0 SUBPAGES=0/1 GAP_MS=64.039 HASH=a92216ae15908ac0
CYCLE=0 PAIR=3085 BUFFER=1 SUBPAGES=0/1 GAP_MS=64.187 HASH=4fb275ad71dcddd3
CYCLE=0 PAIR=3086 BUFFER=2 SUBPAGES=0/1 GAP_MS=63.426 HASH=deb28262c8525144
CYCLE=0 PAIR=3087 BUFFER=3 SUBPAGES=0/1 GAP_MS=63.788 HASH=1e0b7d3636ccbbee
CYCLE=0 PAIR=3088 BUFFER=0 SUBPAGES=0/1 GAP_MS=65.874 HASH=a76fc851291fa84e
CYCLE=0 PAIR=3089 BUFFER=1 SUBPAGES=0/1 GAP_MS=62.538 HASH=5eba3b996c459939
CYCLE=0 PAIR=3090 BUFFER=2 SUBPAGES=0/1 GAP_MS=64.789 HASH=9b553282836da04c
CYCLE=0 PAIR=3091 BUFFER=3 SUBPAGES=0/1 GAP_MS=64.756 HASH=98e93545bbc418dd
CYCLE=0 PAIR=3092 BUFFER=0 SUBPAGES=0/1 GAP_MS=63.427 HASH=609d2f625a918337
CYCLE=0 PAIR=3093 BUFFER=1 SUBPAGES=0/1 GAP_MS=63.253 HASH=5d78c862b25f5df7
CYCLE=0 PAIR=3094 BUFFER=2 SUBPAGES=0/1 GAP_MS=63.640 HASH=84f596350c21852d
CYCLE=0 PAIR=3095 BUFFER=3 SUBPAGES=0/1 GAP_MS=62.759 HASH=7bbf8a9ee9ad594d
CYCLE=0 PAIR=3096 BUFFER=0 SUBPAGES=0/1 GAP_MS=64.148 HASH=3e719da4ef9e970f
CYCLE=0 PAIR=3097 BUFFER=1 SUBPAGES=0/1 GAP_MS=62.880 HASH=93f029e165f8f314
CYCLE=0 PAIR=3098 BUFFER=2 SUBPAGES=0/1 GAP_MS=65.320 HASH=0790a1b401cca119
CYCLE=0 PAIR=3099 BUFFER=3 SUBPAGES=0/1 GAP_MS=65.234 HASH=e2dbd7f2602a2088
CYCLE=0 PAIR=3100 BUFFER=0 SUBPAGES=0/1 GAP_MS=63.267 HASH=6dd444008bcd7a68
CYCLE=0 PAIR=3101 BUFFER=1 SUBPAGES=0/1 GAP_MS=64.553 HASH=756fe834696e6202
CYCLE=0 PAIR=3102 BUFFER=2 SUBPAGES=0/1 GAP_MS=64.484 HASH=3677aa7a2f7f004b
CYCLE=0 PAIR=3103 BUFFER=3 SUBPAGES=0/1 GAP_MS=63.224 HASH=d813dfa66658527a
CYCLE=0 PAIR=3104 BUFFER=0 SUBPAGES=0/1 GAP_MS=64.170 HASH=4cf746bc9472d9f9
CYCLE=0 PAIR=3105 BUFFER=1 SUBPAGES=0/1 GAP_MS=63.413 HASH=831063ac8c71af24
CYCLE=0 PAIR=3106 BUFFER=2 SUBPAGES=0/1 GAP_MS=62.745 HASH=95b8c6f32b58974d
CYCLE=0 PAIR=3107 BUFFER=3 SUBPAGES=0/1 GAP_MS=64.664 HASH=0fb11a233a06a00c
CYCLE=0 PAIR=3108 BUFFER=0 SUBPAGES=0/1 GAP_MS=64.465 HASH=68f54970d3bedd34
CYCLE=0 PAIR=3109 BUFFER=1 SUBPAGES=0/1 GAP_MS=63.695 HASH=3e40202671f585da
CYCLE=0 PAIR=3110 BUFFER=2 SUBPAGES=0/1 GAP_MS=63.426 HASH=6589883e39c0520f
CYCLE=0 PAIR=3111 BUFFER=3 SUBPAGES=0/1 GAP_MS=64.502 HASH=26dd81f9f4b99b32
CYCLE=0 PAIR=3112 BUFFER=0 SUBPAGES=0/1 GAP_MS=64.178 HASH=1b82974ef6e9b102
CYCLE=0 PAIR=3113 BUFFER=1 SUBPAGES=0/1 GAP_MS=63.923 HASH=c8c09c09a0e7ccdd
CYCLE=0 PAIR=3114 BUFFER=2 SUBPAGES=0/1 GAP_MS=63.368 HASH=06f66936fca62509
CYCLE=0 PAIR=3115 BUFFER=3 SUBPAGES=0/1 GAP_MS=62.057 HASH=e034e04cb0e4bf88
CYCLE=0 PAIR=3116 BUFFER=0 SUBPAGES=0/1 GAP_MS=66.509 HASH=767c6d5867326c45
CYCLE=0 PAIR=3117 BUFFER=1 SUBPAGES=0/1 GAP_MS=63.756 HASH=222ac2f0b29131e0
CYCLE=0 PAIR=3118 BUFFER=2 SUBPAGES=0/1 GAP_MS=64.150 HASH=6ce5f7c5f283232a
CYCLE=0 PAIR=3119 BUFFER=3 SUBPAGES=0/1 GAP_MS=63.725 HASH=74a1517223efa5cb
CYCLE=0 PAIR=3120 BUFFER=0 SUBPAGES=0/1 GAP_MS=63.593 HASH=8aae45b4b4e0a8ed
CYCLE=0 PAIR=3121 BUFFER=1 SUBPAGES=0/1 GAP_MS=64.067 HASH=492f184071524cbf
CYCLE=0 PAIR=3122 BUFFER=2 SUBPAGES=0/1 GAP_MS=63.688 HASH=696e888e55d0b323
CYCLE=0 PAIR=3123 BUFFER=3 SUBPAGES=0/1 GAP_MS=64.502 HASH=2295a78483565051
CYCLE=0 PAIR=3124 BUFFER=0 SUBPAGES=0/1 GAP_MS=63.794 HASH=309d7f1f84b397dd
CYCLE=0 PAIR=3125 BUFFER=1 SUBPAGES=0/1 GAP_MS=64.115 HASH=38d04f7fcc81d70e
CYCLE=0 PAIR=3126 BUFFER=2 SUBPAGES=0/1 GAP_MS=63.162 HASH=4a105e12e692d89a
CYCLE=0 PAIR=3127 BUFFER=3 SUBPAGES=0/1 GAP_MS=64.014 HASH=3154a30eedf2da6b
CYCLE=0 PAIR=3128 BUFFER=0 SUBPAGES=0/1 GAP_MS=63.372 HASH=38cdb122096fa949
CYCLE=0 PAIR=3129 BUFFER=1 SUBPAGES=0/1 GAP_MS=63.408 HASH=583f28cc5a1ab0b5
CYCLE=0 PAIR=3130 BUFFER=2 SUBPAGES=0/1 GAP_MS=63.221 HASH=a89e88b7a0e53826
CYCLE=0 PAIR=3131 BUFFER=3 SUBPAGES=0/1 GAP_MS=64.581 HASH=1d25e925bdbd1ee1
CYCLE=0 PAIR=3132 BUFFER=0 SUBPAGES=0/1 GAP_MS=65.474 HASH=8189f265cc9ac40b
CYCLE=0 PAIR=3133 BUFFER=1 SUBPAGES=0/1 GAP_MS=64.835 HASH=70af537362f4253a
CYCLE=0 PAIR=3134 BUFFER=2 SUBPAGES=0/1 GAP_MS=63.968 HASH=78c0be3243744846
CYCLE=0 PAIR=3135 BUFFER=3 SUBPAGES=0/1 GAP_MS=62.766 HASH=6d36415a99720859
CYCLE=0 PAIR=3136 BUFFER=0 SUBPAGES=0/1 GAP_MS=63.816 HASH=6da03ea8879dc31f
CYCLE=0 PAIR=3137 BUFFER=1 SUBPAGES=0/1 GAP_MS=63.556 HASH=d9e3038326b7612a
CYCLE=0 PAIR=3138 BUFFER=2 SUBPAGES=0/1 GAP_MS=63.918 HASH=28b9da3dd05bc8b8
CYCLE=0 PAIR=3139 BUFFER=3 SUBPAGES=0/1 GAP_MS=63.795 HASH=f7e7ce6b95987f88
CYCLE=0 PAIR=3140 BUFFER=0 SUBPAGES=0/1 GAP_MS=64.734 HASH=eeb6150456c6691b
CYCLE=0 PAIR=3141 BUFFER=1 SUBPAGES=0/1 GAP_MS=63.110 HASH=26c882c4cc86ebbc
CYCLE=0 PAIR=3142 BUFFER=2 SUBPAGES=0/1 GAP_MS=64.359 HASH=e06acaa53fbd425b
CYCLE=0 PAIR=3143 BUFFER=3 SUBPAGES=0/1 GAP_MS=65.409 HASH=20db2b4c11db83c2
CYCLE=0 PAIR=3144 BUFFER=0 SUBPAGES=0/1 GAP_MS=63.747 HASH=d497ea9b740704d4
CYCLE=0 PAIR=3145 BUFFER=1 SUBPAGES=0/1 GAP_MS=64.521 HASH=ca30f102d550e305
CYCLE=0 PAIR=3146 BUFFER=2 SUBPAGES=0/1 GAP_MS=64.277 HASH=6f541ceecd62c548
CYCLE=0 PAIR=3147 BUFFER=3 SUBPAGES=0/1 GAP_MS=65.383 HASH=123a367e5a846847
CYCLE=0 PAIR=3148 BUFFER=0 SUBPAGES=0/1 GAP_MS=64.775 HASH=5f1cd39932db7d6d
CYCLE=0 PAIR=3149 BUFFER=1 SUBPAGES=0/1 GAP_MS=64.207 HASH=78f157d1f0f2a246
CYCLE=0 PAIR=3150 BUFFER=2 SUBPAGES=0/1 GAP_MS=64.192 HASH=f8a701e37b0a6368
CYCLE=0 PAIR=3151 BUFFER=3 SUBPAGES=0/1 GAP_MS=63.778 HASH=2f1d2f49850f32e9
CYCLE=0 PAIR=3152 BUFFER=0 SUBPAGES=0/1 GAP_MS=63.362 HASH=97d9bef98aeb26e6
CYCLE=0 PAIR=3153 BUFFER=1 SUBPAGES=0/1 GAP_MS=65.279 HASH=b874a0c3c48ea294
CYCLE=0 PAIR=3154 BUFFER=2 SUBPAGES=0/1 GAP_MS=63.464 HASH=13c1a9e13c69f002
CYCLE=0 PAIR=3155 BUFFER=3 SUBPAGES=0/1 GAP_MS=63.796 HASH=6d07a0c626f65b6a
CYCLE=0 PAIR=3156 BUFFER=0 SUBPAGES=0/1 GAP_MS=63.653 HASH=e30e10e2fb1dd3c3
CYCLE=0 PAIR=3157 BUFFER=1 SUBPAGES=0/1 GAP_MS=64.096 HASH=7769a2595337c5fb
CYCLE=0 PAIR=3158 BUFFER=2 SUBPAGES=0/1 GAP_MS=64.262 HASH=97f7ec88b6e0016e
CYCLE=0 PAIR=3159 BUFFER=3 SUBPAGES=0/1 GAP_MS=63.941 HASH=c2d4fc84288bd312
CYCLE=0 PAIR=3160 BUFFER=0 SUBPAGES=0/1 GAP_MS=63.866 HASH=c1b3fe98fbe83e97
CYCLE=0 PAIR=3161 BUFFER=1 SUBPAGES=0/1 GAP_MS=63.640 HASH=1f1043de735ced04
CYCLE=0 PAIR=3162 BUFFER=2 SUBPAGES=0/1 GAP_MS=63.935 HASH=88bd3773607341ad
CYCLE=0 PAIR=3163 BUFFER=3 SUBPAGES=0/1 GAP_MS=62.340 HASH=f78d899b551c7121
CYCLE=0 PAIR=3164 BUFFER=0 SUBPAGES=0/1 GAP_MS=63.589 HASH=2cf460de55118373
CYCLE=0 PAIR=3165 BUFFER=1 SUBPAGES=0/1 GAP_MS=63.905 HASH=79c3aeaed5bf1996
CYCLE=0 PAIR=3166 BUFFER=2 SUBPAGES=0/1 GAP_MS=64.133 HASH=30bf2d28b64cd352
CYCLE=0 PAIR=3167 BUFFER=3 SUBPAGES=0/1 GAP_MS=64.850 HASH=289385de32a4a5fd
CYCLE=0 PAIR=3168 BUFFER=0 SUBPAGES=0/1 GAP_MS=64.734 HASH=66cd96a3dde4225e
CYCLE=0 PAIR=3169 BUFFER=1 SUBPAGES=0/1 GAP_MS=65.634 HASH=b9209c8c3fa99ad9
CYCLE=0 PAIR=3170 BUFFER=2 SUBPAGES=0/1 GAP_MS=63.563 HASH=c5cda1852da9fdd4
CYCLE=0 PAIR=3171 BUFFER=3 SUBPAGES=0/1 GAP_MS=63.766 HASH=f2fe28780b5e6efd
CYCLE=0 PAIR=3172 BUFFER=0 SUBPAGES=0/1 GAP_MS=63.125 HASH=38a0db0eebfe8b23
CYCLE=0 PAIR=3173 BUFFER=1 SUBPAGES=0/1 GAP_MS=63.921 HASH=c34a6dc5301f910b
CYCLE=0 PAIR=3174 BUFFER=2 SUBPAGES=0/1 GAP_MS=64.322 HASH=5d84378994149e71
CYCLE=0 PAIR=3175 BUFFER=3 SUBPAGES=0/1 GAP_MS=64.217 HASH=16a647e96457410f
CYCLE=0 PAIR=3176 BUFFER=0 SUBPAGES=0/1 GAP_MS=65.312 HASH=6c09ab38415ef641
CYCLE=0 PAIR=3177 BUFFER=1 SUBPAGES=0/1 GAP_MS=63.768 HASH=4b606e3d9d6378ba
CYCLE=0 PAIR=3178 BUFFER=2 SUBPAGES=0/1 GAP_MS=63.032 HASH=1ac9ce124b124333
CYCLE=0 PAIR=3179 BUFFER=3 SUBPAGES=0/1 GAP_MS=63.944 HASH=ac8be03750608439
CYCLE=0 PAIR=3180 BUFFER=0 SUBPAGES=0/1 GAP_MS=63.466 HASH=b9409dcb31d67d18
CYCLE=0 PAIR=3181 BUFFER=1 SUBPAGES=0/1 GAP_MS=63.980 HASH=0a31f97207fc1670
CYCLE=0 PAIR=3182 BUFFER=2 SUBPAGES=0/1 GAP_MS=63.601 HASH=f4f2212804b19da0
CYCLE=0 PAIR=3183 BUFFER=3 SUBPAGES=0/1 GAP_MS=65.130 HASH=f038de8388ae6d7d
CYCLE=0 PAIR=3184 BUFFER=0 SUBPAGES=0/1 GAP_MS=64.500 HASH=6a5478c77dfa863a
CYCLE=0 PAIR=3185 BUFFER=1 SUBPAGES=0/1 GAP_MS=63.224 HASH=41452b89293cbd2c
CYCLE=0 PAIR=3186 BUFFER=2 SUBPAGES=0/1 GAP_MS=64.302 HASH=d0c309024a83a582
CYCLE=0 PAIR=3187 BUFFER=3 SUBPAGES=0/1 GAP_MS=64.333 HASH=358d802c3eb462d4
CYCLE=0 PAIR=3188 BUFFER=0 SUBPAGES=0/1 GAP_MS=63.366 HASH=e4040d360a774af5
CYCLE=0 PAIR=3189 BUFFER=1 SUBPAGES=0/1 GAP_MS=63.294 HASH=b508e8d70d0d3b4b
CYCLE=0 PAIR=3190 BUFFER=2 SUBPAGES=0/1 GAP_MS=62.702 HASH=45502159e65e390b
CYCLE=0 PAIR=3191 BUFFER=3 SUBPAGES=0/1 GAP_MS=63.266 HASH=d9e1a0df0d04b06a
CYCLE=0 PAIR=3192 BUFFER=0 SUBPAGES=0/1 GAP_MS=64.313 HASH=4c8f60b011fda8a9
CYCLE=0 PAIR=3193 BUFFER=1 SUBPAGES=0/1 GAP_MS=63.269 HASH=38d20b4f42dae5f4
CYCLE=0 PAIR=3194 BUFFER=2 SUBPAGES=0/1 GAP_MS=64.394 HASH=bb7c6727400473c1
CYCLE=0 PAIR=3195 BUFFER=3 SUBPAGES=0/1 GAP_MS=63.006 HASH=de8ede22f8496706
CYCLE=0 PAIR=3196 BUFFER=0 SUBPAGES=0/1 GAP_MS=64.006 HASH=0ca647a151f53892
CYCLE=0 PAIR=3197 BUFFER=1 SUBPAGES=0/1 GAP_MS=64.586 HASH=63a42713315864a6
CYCLE=0 PAIR=3198 BUFFER=2 SUBPAGES=0/1 GAP_MS=62.384 HASH=067d0e07924c5a32
CYCLE=0 PAIR=3199 BUFFER=3 SUBPAGES=0/1 GAP_MS=63.596 HASH=5084556318209090
CYCLE=0 PAIR=3200 BUFFER=0 SUBPAGES=0/1 GAP_MS=64.453 HASH=397b908acafb7a75
CYCLE=0 PAIR=3201 BUFFER=1 SUBPAGES=0/1 GAP_MS=62.624 HASH=53b6ff0b2aa1695a
CYCLE=0 PAIR=3202 BUFFER=2 SUBPAGES=0/1 GAP_MS=63.191 HASH=f85ea3996fa6c6d3
CYCLE=0 PAIR=3203 BUFFER=3 SUBPAGES=0/1 GAP_MS=64.447 HASH=19ad0f502d5ab674
CYCLE=0 PAIR=3204 BUFFER=0 SUBPAGES=0/1 GAP_MS=62.861 HASH=2eb789966fe69e90
CYCLE=0 PAIR=3205 BUFFER=1 SUBPAGES=0/1 GAP_MS=63.441 HASH=183713b4b4c7e639
CYCLE=0 PAIR=3206 BUFFER=2 SUBPAGES=0/1 GAP_MS=63.175 HASH=be82d59b9828daac
CYCLE=0 PAIR=3207 BUFFER=3 SUBPAGES=0/1 GAP_MS=63.952 HASH=03529f5823694281
CYCLE=0 PAIR=3208 BUFFER=0 SUBPAGES=0/1 GAP_MS=64.874 HASH=94a99e37e2e17df1
CYCLE=0 PAIR=3209 BUFFER=1 SUBPAGES=0/1 GAP_MS=64.722 HASH=eca3668fdbfecbfd
CYCLE=0 PAIR=3210 BUFFER=2 SUBPAGES=0/1 GAP_MS=63.825 HASH=ceb4895fa716dbda
CYCLE=0 PAIR=3211 BUFFER=3 SUBPAGES=0/1 GAP_MS=64.521 HASH=6af241c34071902e
CYCLE=0 PAIR=3212 BUFFER=0 SUBPAGES=0/1 GAP_MS=62.369 HASH=b63f654c4229509b
CYCLE=0 PAIR=3213 BUFFER=1 SUBPAGES=0/1 GAP_MS=63.818 HASH=3b68469123f76218
CYCLE=0 PAIR=3214 BUFFER=2 SUBPAGES=0/1 GAP_MS=63.145 HASH=06f31171c82e8e57
CYCLE=0 PAIR=3215 BUFFER=3 SUBPAGES=0/1 GAP_MS=63.195 HASH=01537b0bdf80753a
CYCLE=0 PAIR=3216 BUFFER=0 SUBPAGES=0/1 GAP_MS=65.234 HASH=dbf846df561a3a96
CYCLE=0 PAIR=3217 BUFFER=1 SUBPAGES=0/1 GAP_MS=63.407 HASH=8445bf15e29703d8
CYCLE=0 PAIR=3218 BUFFER=2 SUBPAGES=0/1 GAP_MS=63.137 HASH=08e4e10575f4fc04
CYCLE=0 PAIR=3219 BUFFER=3 SUBPAGES=0/1 GAP_MS=63.062 HASH=050a079359cc7456
CYCLE=0 PAIR=3220 BUFFER=0 SUBPAGES=0/1 GAP_MS=63.850 HASH=7fd6e9555bf6039e
CYCLE=0 PAIR=3221 BUFFER=1 SUBPAGES=0/1 GAP_MS=63.013 HASH=94ff2238a409d939
CYCLE=0 PAIR=3222 BUFFER=2 SUBPAGES=0/1 GAP_MS=62.478 HASH=6bf97cc2dfcb6b89
CYCLE=0 PAIR=3223 BUFFER=3 SUBPAGES=0/1 GAP_MS=63.760 HASH=2ee8a6325595c081
CYCLE=0 PAIR=3224 BUFFER=0 SUBPAGES=0/1 GAP_MS=63.985 HASH=187c15f4eae21f6c
CYCLE=0 PAIR=3225 BUFFER=1 SUBPAGES=0/1 GAP_MS=61.364 HASH=8d2ec06a27187260
CYCLE=0 PAIR=3226 BUFFER=2 SUBPAGES=0/1 GAP_MS=63.676 HASH=010132f8bfdd6ab5
CYCLE=0 PAIR=3227 BUFFER=3 SUBPAGES=0/1 GAP_MS=63.160 HASH=8a6b43fba6e5e347
CYCLE=0 PAIR=3228 BUFFER=0 SUBPAGES=0/1 GAP_MS=64.058 HASH=c5912076a601bee2
CYCLE=0 PAIR=3229 BUFFER=1 SUBPAGES=0/1 GAP_MS=64.696 HASH=5b758624c95d9d72
CYCLE=0 PAIR=3230 BUFFER=2 SUBPAGES=0/1 GAP_MS=64.216 HASH=a7126425cff89c5b
CYCLE=0 PAIR=3231 BUFFER=3 SUBPAGES=0/1 GAP_MS=63.537 HASH=a52dab3321d2211f
CYCLE=0 PAIR=3232 BUFFER=0 SUBPAGES=0/1 GAP_MS=64.251 HASH=fcd75e126c73894e
CYCLE=0 PAIR=3233 BUFFER=1 SUBPAGES=0/1 GAP_MS=65.425 HASH=b1ef548515b52b85
CYCLE=0 PAIR=3234 BUFFER=2 SUBPAGES=0/1 GAP_MS=64.583 HASH=1baab59d1eb6adf5
CYCLE=0 PAIR=3235 BUFFER=3 SUBPAGES=0/1 GAP_MS=63.701 HASH=65daab3a6921bf6d
CYCLE=0 PAIR=3236 BUFFER=0 SUBPAGES=0/1 GAP_MS=64.162 HASH=e3bca6e3b90bef65
CYCLE=0 PAIR=3237 BUFFER=1 SUBPAGES=0/1 GAP_MS=63.701 HASH=4a50e3b3629f1988
CYCLE=0 PAIR=3238 BUFFER=2 SUBPAGES=0/1 GAP_MS=64.183 HASH=beb3245a6ffc4e05
CYCLE=0 PAIR=3239 BUFFER=3 SUBPAGES=0/1 GAP_MS=64.137 HASH=a0d4e72ac1fabe96
CYCLE=0 PAIR=3240 BUFFER=0 SUBPAGES=0/1 GAP_MS=64.189 HASH=04184645150f0c7a
CYCLE=0 PAIR=3241 BUFFER=1 SUBPAGES=0/1 GAP_MS=64.103 HASH=7d60efc24070d5ab
CYCLE=0 PAIR=3242 BUFFER=2 SUBPAGES=0/1 GAP_MS=64.490 HASH=27b5ebb92eba3744
CYCLE=0 PAIR=3243 BUFFER=3 SUBPAGES=0/1 GAP_MS=63.934 HASH=f9d9e50070b7feb8
CYCLE=0 PAIR=3244 BUFFER=0 SUBPAGES=0/1 GAP_MS=62.056 HASH=1760d44881540fa9
CYCLE=0 PAIR=3245 BUFFER=1 SUBPAGES=0/1 GAP_MS=64.484 HASH=c33f35b8192cf963
CYCLE=0 PAIR=3246 BUFFER=2 SUBPAGES=0/1 GAP_MS=63.118 HASH=7e82cbf57e985fa8
CYCLE=0 PAIR=3247 BUFFER=3 SUBPAGES=0/1 GAP_MS=64.972 HASH=ef1e3a8bf8b7dd2b
CYCLE=0 PAIR=3248 BUFFER=0 SUBPAGES=0/1 GAP_MS=64.615 HASH=3fb98af191553c9f
CYCLE=0 PAIR=3249 BUFFER=1 SUBPAGES=0/1 GAP_MS=64.081 HASH=04cb836c8b6ac6b5
CYCLE=0 PAIR=3250 BUFFER=2 SUBPAGES=0/1 GAP_MS=63.955 HASH=8206998bd462d782
CYCLE=0 PAIR=3251 BUFFER=3 SUBPAGES=0/1 GAP_MS=64.224 HASH=8c21f130cb8a947b
CYCLE=0 PAIR=3252 BUFFER=0 SUBPAGES=0/1 GAP_MS=64.214 HASH=f63d5281405fae45
CYCLE=0 PAIR=3253 BUFFER=1 SUBPAGES=0/1 GAP_MS=63.322 HASH=04a45a8ebdefafd2
CYCLE=0 PAIR=3254 BUFFER=2 SUBPAGES=0/1 GAP_MS=64.898 HASH=a611f667bfe1f245
CYCLE=0 PAIR=3255 BUFFER=3 SUBPAGES=0/1 GAP_MS=63.809 HASH=a3231542c2b148ae
CYCLE=0 PAIR=3256 BUFFER=0 SUBPAGES=0/1 GAP_MS=64.428 HASH=f6124a5b955f4948
CYCLE=0 PAIR=3257 BUFFER=1 SUBPAGES=0/1 GAP_MS=63.368 HASH=9e5e5ef87d1c2b26
CYCLE=0 PAIR=3258 BUFFER=2 SUBPAGES=0/1 GAP_MS=63.252 HASH=0aee60e774bd7d1a
CYCLE=0 PAIR=3259 BUFFER=3 SUBPAGES=0/1 GAP_MS=64.023 HASH=e37fe5426e9165ee
CYCLE=0 PAIR=3260 BUFFER=0 SUBPAGES=0/1 GAP_MS=64.131 HASH=12826709bf0628d6
CYCLE=0 PAIR=3261 BUFFER=1 SUBPAGES=0/1 GAP_MS=64.081 HASH=b76d76911d18fc4c
CYCLE=0 PAIR=3262 BUFFER=2 SUBPAGES=0/1 GAP_MS=64.065 HASH=d118972fdddbc34e
CYCLE=0 PAIR=3263 BUFFER=3 SUBPAGES=0/1 GAP_MS=64.732 HASH=1558c209920a56c7
CYCLE=0 PAIR=3264 BUFFER=0 SUBPAGES=0/1 GAP_MS=64.160 HASH=715aed6b80b5afe2
CYCLE=0 PAIR=3265 BUFFER=1 SUBPAGES=0/1 GAP_MS=64.162 HASH=7acd143a6d0b728b
CYCLE=0 PAIR=3266 BUFFER=2 SUBPAGES=0/1 GAP_MS=64.758 HASH=35d384d55cc77106
CYCLE=0 PAIR=3267 BUFFER=3 SUBPAGES=0/1 GAP_MS=63.674 HASH=9ee07692e08d7a60
CYCLE=0 PAIR=3268 BUFFER=0 SUBPAGES=0/1 GAP_MS=62.815 HASH=cea9251c8a5a18c4
CYCLE=0 PAIR=3269 BUFFER=1 SUBPAGES=0/1 GAP_MS=64.535 HASH=10f19d23e10c5526
CYCLE=0 PAIR=3270 BUFFER=2 SUBPAGES=0/1 GAP_MS=62.951 HASH=f67c119c2b8cd597
CYCLE=0 PAIR=3271 BUFFER=3 SUBPAGES=0/1 GAP_MS=64.303 HASH=23ef02789d58375f
CYCLE=0 PAIR=3272 BUFFER=0 SUBPAGES=0/1 GAP_MS=63.044 HASH=828ab0825bd363a2
CYCLE=0 PAIR=3273 BUFFER=1 SUBPAGES=0/1 GAP_MS=63.346 HASH=8c857b540a42c514
CYCLE=0 PAIR=3274 BUFFER=2 SUBPAGES=0/1 GAP_MS=64.267 HASH=2e1802341d729b31
CYCLE=0 PAIR=3275 BUFFER=3 SUBPAGES=0/1 GAP_MS=64.052 HASH=8278c1e86903bf4a
CYCLE=0 PAIR=3276 BUFFER=0 SUBPAGES=0/1 GAP_MS=63.959 HASH=aa227fd104a7dcad
CYCLE=0 PAIR=3277 BUFFER=1 SUBPAGES=0/1 GAP_MS=65.109 HASH=c3105e96cb2921b2
CYCLE=0 PAIR=3278 BUFFER=2 SUBPAGES=0/1 GAP_MS=63.199 HASH=75df39e76797bcd2
CYCLE=0 PAIR=3279 BUFFER=3 SUBPAGES=0/1 GAP_MS=64.160 HASH=742a3a1386981f48
CYCLE=0 PAIR=3280 BUFFER=0 SUBPAGES=0/1 GAP_MS=64.803 HASH=39021255cee91661
CYCLE=0 PAIR=3281 BUFFER=1 SUBPAGES=0/1 GAP_MS=63.127 HASH=a71be9e2dcb83c4b
CYCLE=0 PAIR=3282 BUFFER=2 SUBPAGES=0/1 GAP_MS=64.022 HASH=5810c240d2c5f72c
CYCLE=0 PAIR=3283 BUFFER=3 SUBPAGES=0/1 GAP_MS=64.117 HASH=db3a7c9d536b9c36
CYCLE=0 PAIR=3284 BUFFER=0 SUBPAGES=0/1 GAP_MS=63.368 HASH=e05bb30b0a126400
CYCLE=0 PAIR=3285 BUFFER=1 SUBPAGES=0/1 GAP_MS=62.871 HASH=f7f36177f37b04da
CYCLE=0 PAIR=3286 BUFFER=2 SUBPAGES=0/1 GAP_MS=63.817 HASH=64a06511992a12a7
CYCLE=0 PAIR=3287 BUFFER=3 SUBPAGES=0/1 GAP_MS=64.215 HASH=82944dc2cb66049b
CYCLE=0 PAIR=3288 BUFFER=0 SUBPAGES=0/1 GAP_MS=62.757 HASH=1614687a68834a80
CYCLE=0 PAIR=3289 BUFFER=1 SUBPAGES=0/1 GAP_MS=64.058 HASH=dd3d1180c4b652ac
CYCLE=0 PAIR=3290 BUFFER=2 SUBPAGES=0/1 GAP_MS=64.447 HASH=3468a04d995d4f40
CYCLE=0 PAIR=3291 BUFFER=3 SUBPAGES=0/1 GAP_MS=63.249 HASH=5f395f8186eb8638
CYCLE=0 PAIR=3292 BUFFER=0 SUBPAGES=0/1 GAP_MS=64.012 HASH=bd495f614469cf13
CYCLE=0 PAIR=3293 BUFFER=1 SUBPAGES=0/1 GAP_MS=62.157 HASH=f0ad58b80be630fc
CYCLE=0 PAIR=3294 BUFFER=2 SUBPAGES=0/1 GAP_MS=64.665 HASH=97767e2b6f5e3e9c
CYCLE=0 PAIR=3295 BUFFER=3 SUBPAGES=0/1 GAP_MS=65.256 HASH=a6f5b54597976ad2
CYCLE=0 PAIR=3296 BUFFER=0 SUBPAGES=0/1 GAP_MS=63.520 HASH=8892633b2e9ea1fd
CYCLE=0 PAIR=3297 BUFFER=1 SUBPAGES=0/1 GAP_MS=64.046 HASH=957232606c868b20
CYCLE=0 PAIR=3298 BUFFER=2 SUBPAGES=0/1 GAP_MS=63.979 HASH=d737e2158922dacd
CYCLE=0 PAIR=3299 BUFFER=3 SUBPAGES=0/1 GAP_MS=64.668 HASH=10068058d9c78de0
CYCLE=0 PAIR=3300 BUFFER=0 SUBPAGES=0/1 GAP_MS=63.723 HASH=17d6cf6b3ad328fd
CYCLE=0 PAIR=3301 BUFFER=1 SUBPAGES=0/1 GAP_MS=63.703 HASH=48786f37ae72a4be
CYCLE=0 PAIR=3302 BUFFER=2 SUBPAGES=0/1 GAP_MS=64.281 HASH=a931689739afe4ab
CYCLE=0 PAIR=3303 BUFFER=3 SUBPAGES=0/1 GAP_MS=64.296 HASH=04f3444799e19242
CYCLE=0 PAIR=3304 BUFFER=0 SUBPAGES=0/1 GAP_MS=63.781 HASH=f2dc756653fb8a71
CYCLE=0 PAIR=3305 BUFFER=1 SUBPAGES=0/1 GAP_MS=63.657 HASH=6a436363f113276d
CYCLE=0 PAIR=3306 BUFFER=2 SUBPAGES=0/1 GAP_MS=62.924 HASH=e72864d645f11f81
CYCLE=0 PAIR=3307 BUFFER=3 SUBPAGES=0/1 GAP_MS=62.803 HASH=1f6490f750f6ac6c
CYCLE=0 PAIR=3308 BUFFER=0 SUBPAGES=0/1 GAP_MS=64.024 HASH=f2ab4914a2d19c6c
CYCLE=0 PAIR=3309 BUFFER=1 SUBPAGES=0/1 GAP_MS=64.522 HASH=10e8a22c5dd421f1
CYCLE=0 PAIR=3310 BUFFER=2 SUBPAGES=0/1 GAP_MS=63.680 HASH=dce25812dd5e765e
CYCLE=0 PAIR=3311 BUFFER=3 SUBPAGES=0/1 GAP_MS=63.489 HASH=e7c24fe66f596043
CYCLE=0 PAIR=3312 BUFFER=0 SUBPAGES=0/1 GAP_MS=64.197 HASH=89e167dcaacd7beb
CYCLE=0 PAIR=3313 BUFFER=1 SUBPAGES=0/1 GAP_MS=65.047 HASH=05021e1ac5b09f22
CYCLE=0 PAIR=3314 BUFFER=2 SUBPAGES=0/1 GAP_MS=65.301 HASH=bbe736ef156dde58
CYCLE=0 PAIR=3315 BUFFER=3 SUBPAGES=0/1 GAP_MS=64.180 HASH=cbddac8b51670b7d
CYCLE=0 PAIR=3316 BUFFER=0 SUBPAGES=0/1 GAP_MS=64.145 HASH=000896f416da2b7e
CYCLE=0 PAIR=3317 BUFFER=1 SUBPAGES=0/1 GAP_MS=64.651 HASH=d38625f7c5bedf2f
CYCLE=0 PAIR=3318 BUFFER=2 SUBPAGES=0/1 GAP_MS=63.631 HASH=9e6fb4392e0d642b
CYCLE=0 PAIR=3319 BUFFER=3 SUBPAGES=0/1 GAP_MS=64.831 HASH=71e89a1a320ea7f1
CYCLE=0 PAIR=3320 BUFFER=0 SUBPAGES=0/1 GAP_MS=64.171 HASH=a3450b16d16a0f4d
CYCLE=0 PAIR=3321 BUFFER=1 SUBPAGES=0/1 GAP_MS=65.797 HASH=5228cf0804cff95a
CYCLE=0 PAIR=3322 BUFFER=2 SUBPAGES=0/1 GAP_MS=63.085 HASH=887a66cc963ae825
CYCLE=0 PAIR=3323 BUFFER=3 SUBPAGES=0/1 GAP_MS=63.979 HASH=5dd19cd8fa8fa321
CYCLE=0 PAIR=3324 BUFFER=0 SUBPAGES=0/1 GAP_MS=64.803 HASH=f3e0a30f1628a798
CYCLE=0 PAIR=3325 BUFFER=1 SUBPAGES=0/1 GAP_MS=63.556 HASH=664d16dc39d898cb
CYCLE=0 PAIR=3326 BUFFER=2 SUBPAGES=0/1 GAP_MS=63.785 HASH=0de3d44ad1c4c413
CYCLE=0 PAIR=3327 BUFFER=3 SUBPAGES=0/1 GAP_MS=63.214 HASH=34673f7815a23101
CYCLE=0 PAIR=3328 BUFFER=0 SUBPAGES=0/1 GAP_MS=63.492 HASH=dcc6e3e76913d5ec
CYCLE=0 PAIR=3329 BUFFER=1 SUBPAGES=0/1 GAP_MS=62.997 HASH=67ec3e31e7c040b3
CYCLE=0 PAIR=3330 BUFFER=2 SUBPAGES=0/1 GAP_MS=62.451 HASH=163877f550789867
CYCLE=0 PAIR=3331 BUFFER=3 SUBPAGES=0/1 GAP_MS=64.133 HASH=301eed6441bd76f5
CYCLE=0 PAIR=3332 BUFFER=0 SUBPAGES=0/1 GAP_MS=62.762 HASH=c1d9ad385c4bf77c
CYCLE=0 PAIR=3333 BUFFER=1 SUBPAGES=0/1 GAP_MS=65.046 HASH=9caf50559be154f5
CYCLE=0 PAIR=3334 BUFFER=2 SUBPAGES=0/1 GAP_MS=64.876 HASH=eba4e908266218a2
CYCLE=0 PAIR=3335 BUFFER=3 SUBPAGES=0/1 GAP_MS=62.813 HASH=38772971e8a06423
CYCLE=0 PAIR=3336 BUFFER=0 SUBPAGES=0/1 GAP_MS=63.358 HASH=16e50d7e61b89df4
CYCLE=0 PAIR=3337 BUFFER=1 SUBPAGES=0/1 GAP_MS=63.872 HASH=3559480b93592564
CYCLE=0 PAIR=3338 BUFFER=2 SUBPAGES=0/1 GAP_MS=64.896 HASH=76d076afa2e3c047
CYCLE=0 PAIR=3339 BUFFER=3 SUBPAGES=0/1 GAP_MS=63.828 HASH=fb7da733efa27f32
CYCLE=0 PAIR=3340 BUFFER=0 SUBPAGES=0/1 GAP_MS=63.211 HASH=b885b5b90cacaee2
CYCLE=0 PAIR=3341 BUFFER=1 SUBPAGES=0/1 GAP_MS=64.188 HASH=e98cfe893ca3e0de
CYCLE=0 PAIR=3342 BUFFER=2 SUBPAGES=0/1 GAP_MS=65.394 HASH=75836603bf381f1b
CYCLE=0 PAIR=3343 BUFFER=3 SUBPAGES=0/1 GAP_MS=62.527 HASH=2314b81dae422776
CYCLE=0 PAIR=3344 BUFFER=0 SUBPAGES=0/1 GAP_MS=65.063 HASH=e171dcc2496b47aa
CYCLE=0 PAIR=3345 BUFFER=1 SUBPAGES=0/1 GAP_MS=64.990 HASH=396ddc84a50e9d13
CYCLE=0 PAIR=3346 BUFFER=2 SUBPAGES=0/1 GAP_MS=63.991 HASH=ae9670ba870049e0
CYCLE=0 PAIR=3347 BUFFER=3 SUBPAGES=0/1 GAP_MS=62.661 HASH=467545f51ac28540
CYCLE=0 PAIR=3348 BUFFER=0 SUBPAGES=0/1 GAP_MS=65.353 HASH=1c23fbb2f9f2990a
CYCLE=0 PAIR=3349 BUFFER=1 SUBPAGES=0/1 GAP_MS=64.037 HASH=87bb062b33f8a1e8
CYCLE=0 PAIR=3350 BUFFER=2 SUBPAGES=0/1 GAP_MS=64.686 HASH=561125b85ad8a5c4
CYCLE=0 PAIR=3351 BUFFER=3 SUBPAGES=0/1 GAP_MS=64.397 HASH=abb5fddfebb0a3f4
CYCLE=0 PAIR=3352 BUFFER=0 SUBPAGES=0/1 GAP_MS=63.140 HASH=1748837a2e374d1d
CYCLE=0 PAIR=3353 BUFFER=1 SUBPAGES=0/1 GAP_MS=63.745 HASH=9182ee43e3d1fc69
CYCLE=0 PAIR=3354 BUFFER=2 SUBPAGES=0/1 GAP_MS=63.881 HASH=bae80ae2b51aaf49
CYCLE=0 PAIR=3355 BUFFER=3 SUBPAGES=0/1 GAP_MS=64.315 HASH=fc2082cfa02169f6
CYCLE=0 PAIR=3356 BUFFER=0 SUBPAGES=0/1 GAP_MS=62.927 HASH=6210b34d12fa9153
CYCLE=0 PAIR=3357 BUFFER=1 SUBPAGES=0/1 GAP_MS=62.772 HASH=2115230f93255ebd
CYCLE=0 PAIR=3358 BUFFER=2 SUBPAGES=0/1 GAP_MS=64.346 HASH=3b78492df66be605
CYCLE=0 PAIR=3359 BUFFER=3 SUBPAGES=0/1 GAP_MS=64.559 HASH=ad596e5f0a5f2e4b
CYCLE=0 PAIR=3360 BUFFER=0 SUBPAGES=0/1 GAP_MS=64.111 HASH=4b8aff16ce89aace
CYCLE=0 PAIR=3361 BUFFER=1 SUBPAGES=0/1 GAP_MS=63.137 HASH=8063711e811e3355
CYCLE=0 PAIR=3362 BUFFER=2 SUBPAGES=0/1 GAP_MS=64.870 HASH=1eebd5676a6f273d
CYCLE=0 PAIR=3363 BUFFER=3 SUBPAGES=0/1 GAP_MS=62.775 HASH=f15879edb6370279
CYCLE=0 PAIR=3364 BUFFER=0 SUBPAGES=0/1 GAP_MS=63.972 HASH=7c2c15a5521ff51e
CYCLE=0 PAIR=3365 BUFFER=1 SUBPAGES=0/1 GAP_MS=64.089 HASH=6ea2b44e899e4282
CYCLE=0 PAIR=3366 BUFFER=2 SUBPAGES=0/1 GAP_MS=64.047 HASH=1cf723839669f779
CYCLE=0 PAIR=3367 BUFFER=3 SUBPAGES=0/1 GAP_MS=63.578 HASH=8b18820bcdaf1dfa
CYCLE=0 PAIR=3368 BUFFER=0 SUBPAGES=0/1 GAP_MS=64.096 HASH=268962e3acc368ae
CYCLE=0 PAIR=3369 BUFFER=1 SUBPAGES=0/1 GAP_MS=65.060 HASH=4178806f3773ccad
CYCLE=0 PAIR=3370 BUFFER=2 SUBPAGES=0/1 GAP_MS=64.648 HASH=2c35e29e47c74a69
CYCLE=0 PAIR=3371 BUFFER=3 SUBPAGES=0/1 GAP_MS=63.619 HASH=da2e81522be684c0
CYCLE=0 PAIR=3372 BUFFER=0 SUBPAGES=0/1 GAP_MS=64.570 HASH=ff7259902b328ba5
CYCLE=0 PAIR=3373 BUFFER=1 SUBPAGES=0/1 GAP_MS=64.119 HASH=df758fc23255eb1f
CYCLE=0 PAIR=3374 BUFFER=2 SUBPAGES=0/1 GAP_MS=63.710 HASH=21cc08f278937b46
CYCLE=0 PAIR=3375 BUFFER=3 SUBPAGES=0/1 GAP_MS=63.455 HASH=c81c67dca13ee193
CYCLE=0 PAIR=3376 BUFFER=0 SUBPAGES=0/1 GAP_MS=64.627 HASH=f8e6288973ed83c2
CYCLE=0 PAIR=3377 BUFFER=1 SUBPAGES=0/1 GAP_MS=63.301 HASH=92e09b0da4af6c8b
CYCLE=0 PAIR=3378 BUFFER=2 SUBPAGES=0/1 GAP_MS=63.373 HASH=7fa541688e419067
CYCLE=0 PAIR=3379 BUFFER=3 SUBPAGES=0/1 GAP_MS=62.718 HASH=91f27573349525ff
CYCLE=0 PAIR=3380 BUFFER=0 SUBPAGES=0/1 GAP_MS=62.618 HASH=e636ddcb7f2b2ab0
CYCLE=0 PAIR=3381 BUFFER=1 SUBPAGES=0/1 GAP_MS=63.739 HASH=6c72e58603465b19
CYCLE=0 PAIR=3382 BUFFER=2 SUBPAGES=0/1 GAP_MS=64.415 HASH=d4052c5a2ba87f56
CYCLE=0 PAIR=3383 BUFFER=3 SUBPAGES=0/1 GAP_MS=64.547 HASH=e4e9ea9c1798aa6a
CYCLE=0 PAIR=3384 BUFFER=0 SUBPAGES=0/1 GAP_MS=63.527 HASH=ef9f9755bb7ddf0f
CYCLE=0 PAIR=3385 BUFFER=1 SUBPAGES=0/1 GAP_MS=64.255 HASH=2edcffe3e1b58216
CYCLE=0 PAIR=3386 BUFFER=2 SUBPAGES=0/1 GAP_MS=64.548 HASH=ed135295cc2dda03
CYCLE=0 PAIR=3387 BUFFER=3 SUBPAGES=0/1 GAP_MS=63.891 HASH=63632ae30e3e5e30
CYCLE=0 PAIR=3388 BUFFER=0 SUBPAGES=0/1 GAP_MS=64.110 HASH=03c18be664cdb0dd
CYCLE=0 PAIR=3389 BUFFER=1 SUBPAGES=0/1 GAP_MS=63.423 HASH=98197011ef0bd283
CYCLE=0 PAIR=3390 BUFFER=2 SUBPAGES=0/1 GAP_MS=64.389 HASH=33c92dfd3fc7f713
CYCLE=0 PAIR=3391 BUFFER=3 SUBPAGES=0/1 GAP_MS=63.233 HASH=bc3db86021363263
CYCLE=0 PAIR=3392 BUFFER=0 SUBPAGES=0/1 GAP_MS=63.605 HASH=973419ff56c2e13d
CYCLE=0 PAIR=3393 BUFFER=1 SUBPAGES=0/1 GAP_MS=63.107 HASH=1d03fcb4635f5c37
CYCLE=0 PAIR=3394 BUFFER=2 SUBPAGES=0/1 GAP_MS=63.528 HASH=0d405ccaf6beb334
CYCLE=0 PAIR=3395 BUFFER=3 SUBPAGES=0/1 GAP_MS=63.778 HASH=7ae5231d01ef99a4
CYCLE=0 PAIR=3396 BUFFER=0 SUBPAGES=0/1 GAP_MS=63.275 HASH=22057cf281c95f5d
CYCLE=0 PAIR=3397 BUFFER=1 SUBPAGES=0/1 GAP_MS=64.894 HASH=4b6b37b3e895f8f5
CYCLE=0 PAIR=3398 BUFFER=2 SUBPAGES=0/1 GAP_MS=63.460 HASH=d1ef1db3362510b8
CYCLE=0 PAIR=3399 BUFFER=3 SUBPAGES=0/1 GAP_MS=63.952 HASH=1dff37f63105005f
CYCLE=0 PAIR=3400 BUFFER=0 SUBPAGES=0/1 GAP_MS=63.625 HASH=2ef9806b32a2d343
CYCLE=0 PAIR=3401 BUFFER=1 SUBPAGES=0/1 GAP_MS=64.869 HASH=3c69f20487850371
CYCLE=0 PAIR=3402 BUFFER=2 SUBPAGES=0/1 GAP_MS=63.864 HASH=b71e5ac03044ac61
CYCLE=0 PAIR=3403 BUFFER=3 SUBPAGES=0/1 GAP_MS=63.135 HASH=6f1cc0b4f8740587
CYCLE=0 PAIR=3404 BUFFER=0 SUBPAGES=0/1 GAP_MS=62.308 HASH=ca7820dc0d202af2
CYCLE=0 PAIR=3405 BUFFER=1 SUBPAGES=0/1 GAP_MS=64.449 HASH=8792ea7e5d16c1cb
CYCLE=0 PAIR=3406 BUFFER=2 SUBPAGES=0/1 GAP_MS=64.431 HASH=e8814a02867aaed0
CYCLE=0 PAIR=3407 BUFFER=3 SUBPAGES=0/1 GAP_MS=62.896 HASH=90d0fc9923a8dac1
CYCLE=0 PAIR=3408 BUFFER=0 SUBPAGES=0/1 GAP_MS=63.924 HASH=72f404a2f3541f83
CYCLE=0 PAIR=3409 BUFFER=1 SUBPAGES=0/1 GAP_MS=64.040 HASH=ebafff50988de649
CYCLE=0 PAIR=3410 BUFFER=2 SUBPAGES=0/1 GAP_MS=63.620 HASH=9fcd6fe5cee12e02
CYCLE=0 PAIR=3411 BUFFER=3 SUBPAGES=0/1 GAP_MS=64.522 HASH=db6e750110e56506
CYCLE=0 PAIR=3412 BUFFER=0 SUBPAGES=0/1 GAP_MS=63.590 HASH=6984914475d2f621
CYCLE=0 PAIR=3413 BUFFER=1 SUBPAGES=0/1 GAP_MS=65.034 HASH=a84f74d9b5675cce
CYCLE=0 PAIR=3414 BUFFER=2 SUBPAGES=0/1 GAP_MS=63.538 HASH=5fa0cb817c0be7ab
CYCLE=0 PAIR=3415 BUFFER=3 SUBPAGES=0/1 GAP_MS=62.956 HASH=63d5902d9c712dea
CYCLE=0 PAIR=3416 BUFFER=0 SUBPAGES=0/1 GAP_MS=64.119 HASH=3de28a2653efa432
CYCLE=0 PAIR=3417 BUFFER=1 SUBPAGES=0/1 GAP_MS=62.734 HASH=34c12f5477ec4be8
CYCLE=0 PAIR=3418 BUFFER=2 SUBPAGES=0/1 GAP_MS=64.583 HASH=fc060057f47fd13e
CYCLE=0 PAIR=3419 BUFFER=3 SUBPAGES=0/1 GAP_MS=63.983 HASH=99db479c05c853ff
CYCLE=0 PAIR=3420 BUFFER=0 SUBPAGES=0/1 GAP_MS=64.292 HASH=047ff4bde1fe8978
CYCLE=0 PAIR=3421 BUFFER=1 SUBPAGES=0/1 GAP_MS=63.850 HASH=94085eb121d88b28
CYCLE=0 PAIR=3422 BUFFER=2 SUBPAGES=0/1 GAP_MS=63.132 HASH=983112ea6a192988
CYCLE=0 PAIR=3423 BUFFER=3 SUBPAGES=0/1 GAP_MS=65.035 HASH=db17a5f7a5452766
CYCLE=0 PAIR=3424 BUFFER=0 SUBPAGES=0/1 GAP_MS=63.540 HASH=a278a0041ced4ba6
CYCLE=0 PAIR=3425 BUFFER=1 SUBPAGES=0/1 GAP_MS=63.684 HASH=c1cded21e3bec534
CYCLE=0 PAIR=3426 BUFFER=2 SUBPAGES=0/1 GAP_MS=63.658 HASH=cdde103acb5ad9a3
CYCLE=0 PAIR=3427 BUFFER=3 SUBPAGES=0/1 GAP_MS=65.407 HASH=a1064258c8a1ac55
CYCLE=0 PAIR=3428 BUFFER=0 SUBPAGES=0/1 GAP_MS=63.643 HASH=9c828b15d9c30db3
CYCLE=0 PAIR=3429 BUFFER=1 SUBPAGES=0/1 GAP_MS=64.471 HASH=9b9f130d32a5b72c
CYCLE=0 PAIR=3430 BUFFER=2 SUBPAGES=0/1 GAP_MS=64.753 HASH=1e397f4412ceae4f
CYCLE=0 PAIR=3431 BUFFER=3 SUBPAGES=0/1 GAP_MS=64.094 HASH=39089152ddbc4c49
CYCLE=0 PAIR=3432 BUFFER=0 SUBPAGES=0/1 GAP_MS=62.583 HASH=b3ad10e0a43fe306
CYCLE=0 PAIR=3433 BUFFER=1 SUBPAGES=0/1 GAP_MS=64.885 HASH=a9c2d236d3bd57f1
CYCLE=0 PAIR=3434 BUFFER=2 SUBPAGES=0/1 GAP_MS=62.909 HASH=2051b3085f9e1e88
CYCLE=0 PAIR=3435 BUFFER=3 SUBPAGES=0/1 GAP_MS=64.758 HASH=d36710943bf20be9
CYCLE=0 PAIR=3436 BUFFER=0 SUBPAGES=0/1 GAP_MS=63.732 HASH=81dc96a776494319
CYCLE=0 PAIR=3437 BUFFER=1 SUBPAGES=0/1 GAP_MS=63.937 HASH=a65d25d3127ae46c
CYCLE=0 PAIR=3438 BUFFER=2 SUBPAGES=0/1 GAP_MS=63.957 HASH=a80d0621477112d0
CYCLE=0 PAIR=3439 BUFFER=3 SUBPAGES=0/1 GAP_MS=64.082 HASH=4a05aa33a519d941
CYCLE=0 PAIR=3440 BUFFER=0 SUBPAGES=0/1 GAP_MS=63.025 HASH=f027ca1c160618e6
CYCLE=0 PAIR=3441 BUFFER=1 SUBPAGES=0/1 GAP_MS=62.299 HASH=138508c01724f9b1
CYCLE=0 PAIR=3442 BUFFER=2 SUBPAGES=0/1 GAP_MS=64.798 HASH=75f6c2b0afbe013c
CYCLE=0 PAIR=3443 BUFFER=3 SUBPAGES=0/1 GAP_MS=63.925 HASH=7cc292685d26ba86
CYCLE=0 PAIR=3444 BUFFER=0 SUBPAGES=0/1 GAP_MS=64.638 HASH=debcf808a8ff818f
CYCLE=0 PAIR=3445 BUFFER=1 SUBPAGES=0/1 GAP_MS=63.783 HASH=83ea5667e4aa962b
CYCLE=0 PAIR=3446 BUFFER=2 SUBPAGES=0/1 GAP_MS=63.444 HASH=407b33cf9c463a16
CYCLE=0 PAIR=3447 BUFFER=3 SUBPAGES=0/1 GAP_MS=63.340 HASH=7510583d3a5df3ce
CYCLE=0 PAIR=3448 BUFFER=0 SUBPAGES=0/1 GAP_MS=64.141 HASH=82d8c7d0bc55db21
CYCLE=0 PAIR=3449 BUFFER=1 SUBPAGES=0/1 GAP_MS=64.151 HASH=4b7fb3fc67c9eb82
CYCLE=0 PAIR=3450 BUFFER=2 SUBPAGES=0/1 GAP_MS=64.060 HASH=9134f81010d4cfe4
CYCLE=0 PAIR=3451 BUFFER=3 SUBPAGES=0/1 GAP_MS=64.995 HASH=5e065edbc5905156
CYCLE=0 PAIR=3452 BUFFER=0 SUBPAGES=0/1 GAP_MS=63.363 HASH=88dd0a0e8aae5ede
CYCLE=0 PAIR=3453 BUFFER=1 SUBPAGES=0/1 GAP_MS=64.721 HASH=2ed822dcd3cfcd44
CYCLE=0 PAIR=3454 BUFFER=2 SUBPAGES=0/1 GAP_MS=64.219 HASH=b02880d4abac86e9
CYCLE=0 PAIR=3455 BUFFER=3 SUBPAGES=0/1 GAP_MS=64.904 HASH=ded472c1f5a9f154
CYCLE=0 PAIR=3456 BUFFER=0 SUBPAGES=0/1 GAP_MS=63.993 HASH=b403ee7e0c20d55e
CYCLE=0 PAIR=3457 BUFFER=1 SUBPAGES=0/1 GAP_MS=62.973 HASH=b9de7ea297e832b7
CYCLE=0 PAIR=3458 BUFFER=2 SUBPAGES=0/1 GAP_MS=65.325 HASH=a867f5ea2393e9cc
CYCLE=0 PAIR=3459 BUFFER=3 SUBPAGES=0/1 GAP_MS=63.686 HASH=b4bbd310928ba4f1
CYCLE=0 PAIR=3460 BUFFER=0 SUBPAGES=0/1 GAP_MS=63.187 HASH=84a67ae44b5107f8
CYCLE=0 PAIR=3461 BUFFER=1 SUBPAGES=0/1 GAP_MS=61.840 HASH=f06779465bcddae5
CYCLE=0 PAIR=3462 BUFFER=2 SUBPAGES=0/1 GAP_MS=64.160 HASH=3dbb08abfd990ee2
CYCLE=0 PAIR=3463 BUFFER=3 SUBPAGES=0/1 GAP_MS=64.269 HASH=5a4c8092353562a9
CYCLE=0 PAIR=3464 BUFFER=0 SUBPAGES=0/1 GAP_MS=64.021 HASH=3b757297c4bf44cf
CYCLE=0 PAIR=3465 BUFFER=1 SUBPAGES=0/1 GAP_MS=63.786 HASH=54316aca0ec532e7
CYCLE=0 PAIR=3466 BUFFER=2 SUBPAGES=0/1 GAP_MS=64.209 HASH=61d9be63c988dffe
CYCLE=0 PAIR=3467 BUFFER=3 SUBPAGES=0/1 GAP_MS=64.074 HASH=66a15f66b6b3a464
CYCLE=0 PAIR=3468 BUFFER=0 SUBPAGES=0/1 GAP_MS=64.764 HASH=684d3c9d1c019515
CYCLE=0 PAIR=3469 BUFFER=1 SUBPAGES=0/1 GAP_MS=64.249 HASH=45ca8391684bedd6
CYCLE=0 PAIR=3470 BUFFER=2 SUBPAGES=0/1 GAP_MS=64.436 HASH=2a0268202753efd4
CYCLE=0 PAIR=3471 BUFFER=3 SUBPAGES=0/1 GAP_MS=64.233 HASH=56c8abcd87004149
CYCLE=0 PAIR=3472 BUFFER=0 SUBPAGES=0/1 GAP_MS=64.502 HASH=c536228da3018673
CYCLE=0 PAIR=3473 BUFFER=1 SUBPAGES=0/1 GAP_MS=63.955 HASH=a5a8c40c57655c47
CYCLE=0 PAIR=3474 BUFFER=2 SUBPAGES=0/1 GAP_MS=64.101 HASH=8ba870758fb69e2a
CYCLE=0 PAIR=3475 BUFFER=3 SUBPAGES=0/1 GAP_MS=63.228 HASH=8a1da50603ee1001
CYCLE=0 PAIR=3476 BUFFER=0 SUBPAGES=0/1 GAP_MS=64.428 HASH=e9d471885cab26eb
CYCLE=0 PAIR=3477 BUFFER=1 SUBPAGES=0/1 GAP_MS=63.229 HASH=b3a5c4bf84c96fb5
CYCLE=0 PAIR=3478 BUFFER=2 SUBPAGES=0/1 GAP_MS=64.859 HASH=7ed1ccfea1f6d07c
CYCLE=0 PAIR=3479 BUFFER=3 SUBPAGES=0/1 GAP_MS=64.257 HASH=32be06ce186dcaa8
CYCLE=0 PAIR=3480 BUFFER=0 SUBPAGES=0/1 GAP_MS=63.286 HASH=572673d3e5879c8e
CYCLE=0 PAIR=3481 BUFFER=1 SUBPAGES=0/1 GAP_MS=63.987 HASH=c4ca4c49bec14ea2
CYCLE=0 PAIR=3482 BUFFER=2 SUBPAGES=0/1 GAP_MS=63.326 HASH=e4e4720b81e3f6be
CYCLE=0 PAIR=3483 BUFFER=3 SUBPAGES=0/1 GAP_MS=64.651 HASH=f99fb61c45e072a4
CYCLE=0 PAIR=3484 BUFFER=0 SUBPAGES=0/1 GAP_MS=63.998 HASH=9e97b790f65e7c8b
CYCLE=0 PAIR=3485 BUFFER=1 SUBPAGES=0/1 GAP_MS=63.036 HASH=3e5e085de15b2cff
CYCLE=0 PAIR=3486 BUFFER=2 SUBPAGES=0/1 GAP_MS=63.424 HASH=5a6ee59090cae14e
CYCLE=0 PAIR=3487 BUFFER=3 SUBPAGES=0/1 GAP_MS=62.714 HASH=03559ae8ed3bf91a
CYCLE=0 PAIR=3488 BUFFER=0 SUBPAGES=0/1 GAP_MS=64.264 HASH=4ead0803f6db6c93
CYCLE=0 PAIR=3489 BUFFER=1 SUBPAGES=0/1 GAP_MS=65.009 HASH=076fc14ed33be91f
CYCLE=0 PAIR=3490 BUFFER=2 SUBPAGES=0/1 GAP_MS=63.232 HASH=b302fa6e2fab19c0
CYCLE=0 PAIR=3491 BUFFER=3 SUBPAGES=0/1 GAP_MS=64.210 HASH=8061f18cbe2a09af
CYCLE=0 PAIR=3492 BUFFER=0 SUBPAGES=0/1 GAP_MS=64.337 HASH=57a1d99d86024260
CYCLE=0 PAIR=3493 BUFFER=1 SUBPAGES=0/1 GAP_MS=63.328 HASH=f1a703f783b714b7
CYCLE=0 PAIR=3494 BUFFER=2 SUBPAGES=0/1 GAP_MS=63.576 HASH=c3527c59738e23b9
CYCLE=0 PAIR=3495 BUFFER=3 SUBPAGES=0/1 GAP_MS=63.778 HASH=de11cb2b9c776662
CYCLE=0 PAIR=3496 BUFFER=0 SUBPAGES=0/1 GAP_MS=63.522 HASH=8c0550dbd2e9691f
CYCLE=0 PAIR=3497 BUFFER=1 SUBPAGES=0/1 GAP_MS=62.627 HASH=4d7bcbf625d7565c
CYCLE=0 PAIR=3498 BUFFER=2 SUBPAGES=0/1 GAP_MS=64.416 HASH=de105f549c156ab7
CYCLE=0 PAIR=3499 BUFFER=3 SUBPAGES=0/1 GAP_MS=62.497 HASH=736706ab3291d61c
CYCLE=0 PAIR=3500 BUFFER=0 SUBPAGES=0/1 GAP_MS=63.857 HASH=50dd09e184981ceb
CYCLE=0 PAIR=3501 BUFFER=1 SUBPAGES=0/1 GAP_MS=63.916 HASH=d9aba9981980cd32
CYCLE=0 PAIR=3502 BUFFER=2 SUBPAGES=0/1 GAP_MS=64.280 HASH=37208dd1069a8289
CYCLE=0 PAIR=3503 BUFFER=3 SUBPAGES=0/1 GAP_MS=63.818 HASH=0bb8ecc8149126f4
CYCLE=0 PAIR=3504 BUFFER=0 SUBPAGES=0/1 GAP_MS=63.848 HASH=dfdab0550da87458
CYCLE=0 PAIR=3505 BUFFER=1 SUBPAGES=0/1 GAP_MS=64.848 HASH=d4257c0d13ae06f8
CYCLE=0 PAIR=3506 BUFFER=2 SUBPAGES=0/1 GAP_MS=64.368 HASH=d76f2674cad549f4
CYCLE=0 PAIR=3507 BUFFER=3 SUBPAGES=0/1 GAP_MS=64.382 HASH=cd1fcb2999a89ae2
CYCLE=0 PAIR=3508 BUFFER=0 SUBPAGES=0/1 GAP_MS=64.572 HASH=2f50d8a2b93077ab
CYCLE=0 PAIR=3509 BUFFER=1 SUBPAGES=0/1 GAP_MS=64.418 HASH=0230e5a31623be53
CYCLE=0 PAIR=3510 BUFFER=2 SUBPAGES=0/1 GAP_MS=64.161 HASH=3e121fbdbb8f6bfb
CYCLE=0 PAIR=3511 BUFFER=3 SUBPAGES=0/1 GAP_MS=64.553 HASH=51dbe0a8e4248582
CYCLE=0 PAIR=3512 BUFFER=0 SUBPAGES=0/1 GAP_MS=63.750 HASH=3c0bede76977bc81
CYCLE=0 PAIR=3513 BUFFER=1 SUBPAGES=0/1 GAP_MS=63.512 HASH=af260c2e41c9297f
CYCLE=0 PAIR=3514 BUFFER=2 SUBPAGES=0/1 GAP_MS=62.533 HASH=a75f242f733910b7
CYCLE=0 PAIR=3515 BUFFER=3 SUBPAGES=0/1 GAP_MS=63.278 HASH=d74506915c8fe480
CYCLE=0 PAIR=3516 BUFFER=0 SUBPAGES=0/1 GAP_MS=64.163 HASH=fe3552283dc834ae
CYCLE=0 PAIR=3517 BUFFER=1 SUBPAGES=0/1 GAP_MS=63.755 HASH=f2d838369674fae7
CYCLE=0 PAIR=3518 BUFFER=2 SUBPAGES=0/1 GAP_MS=62.412 HASH=28d8a1944f53d0fb
CYCLE=0 PAIR=3519 BUFFER=3 SUBPAGES=0/1 GAP_MS=63.717 HASH=3b00fc3fd94f7167
CYCLE=0 PAIR=3520 BUFFER=0 SUBPAGES=0/1 GAP_MS=62.984 HASH=e76ce0193830038c
CYCLE=0 PAIR=3521 BUFFER=1 SUBPAGES=0/1 GAP_MS=64.890 HASH=8c0a0b92d6876679
CYCLE=0 PAIR=3522 BUFFER=2 SUBPAGES=0/1 GAP_MS=64.516 HASH=7c95b367e23dde69
CYCLE=0 PAIR=3523 BUFFER=3 SUBPAGES=0/1 GAP_MS=63.580 HASH=4f711d21e67a9bc6
CYCLE=0 PAIR=3524 BUFFER=0 SUBPAGES=0/1 GAP_MS=64.410 HASH=9a8041d260846102
CYCLE=0 PAIR=3525 BUFFER=1 SUBPAGES=0/1 GAP_MS=64.453 HASH=45b5947b1099c47c
CYCLE=0 PAIR=3526 BUFFER=2 SUBPAGES=0/1 GAP_MS=63.106 HASH=b7d3cc9191422fee
CYCLE=0 PAIR=3527 BUFFER=3 SUBPAGES=0/1 GAP_MS=63.015 HASH=c8949652c7a9dba6
CYCLE=0 PAIR=3528 BUFFER=0 SUBPAGES=0/1 GAP_MS=65.038 HASH=591c6b70cdb7c25c
CYCLE=0 PAIR=3529 BUFFER=1 SUBPAGES=0/1 GAP_MS=64.255 HASH=d5586e1d26ab4980
CYCLE=0 PAIR=3530 BUFFER=2 SUBPAGES=0/1 GAP_MS=64.177 HASH=0405c13cf205886f
CYCLE=0 PAIR=3531 BUFFER=3 SUBPAGES=0/1 GAP_MS=64.088 HASH=75e7319bb7df06b6
CYCLE=0 PAIR=3532 BUFFER=0 SUBPAGES=0/1 GAP_MS=63.650 HASH=77aef316b0873d89
CYCLE=0 PAIR=3533 BUFFER=1 SUBPAGES=0/1 GAP_MS=64.095 HASH=3517bf3b2a688697
CYCLE=0 PAIR=3534 BUFFER=2 SUBPAGES=0/1 GAP_MS=63.981 HASH=013e2ecd72f5985e
CYCLE=0 PAIR=3535 BUFFER=3 SUBPAGES=0/1 GAP_MS=62.679 HASH=db2b604a0569d7cd
CYCLE=0 PAIR=3536 BUFFER=0 SUBPAGES=0/1 GAP_MS=62.036 HASH=23de0bf4aacebd88
CYCLE=0 PAIR=3537 BUFFER=1 SUBPAGES=0/1 GAP_MS=62.494 HASH=0aa403199bd1e703
CYCLE=0 PAIR=3538 BUFFER=2 SUBPAGES=0/1 GAP_MS=64.445 HASH=bb9a955371ec1ca5
CYCLE=0 PAIR=3539 BUFFER=3 SUBPAGES=0/1 GAP_MS=64.114 HASH=2e305635669daf48
CYCLE=0 PAIR=3540 BUFFER=0 SUBPAGES=0/1 GAP_MS=63.692 HASH=1ed936f9c6e5e2ab
CYCLE=0 PAIR=3541 BUFFER=1 SUBPAGES=0/1 GAP_MS=64.141 HASH=89658fda621febbb
CYCLE=0 PAIR=3542 BUFFER=2 SUBPAGES=0/1 GAP_MS=64.618 HASH=e8b404e155565bba
CYCLE=0 PAIR=3543 BUFFER=3 SUBPAGES=0/1 GAP_MS=64.102 HASH=34345ebd5d30f700
CYCLE=0 PAIR=3544 BUFFER=0 SUBPAGES=0/1 GAP_MS=64.834 HASH=117b0e0203333ce2
CYCLE=0 PAIR=3545 BUFFER=1 SUBPAGES=0/1 GAP_MS=64.076 HASH=a5cb76bfe692b682
CYCLE=0 PAIR=3546 BUFFER=2 SUBPAGES=0/1 GAP_MS=63.829 HASH=3149cca6e3fd53dc
CYCLE=0 PAIR=3547 BUFFER=3 SUBPAGES=0/1 GAP_MS=64.014 HASH=01bc70649f5f0fda
CYCLE=0 PAIR=3548 BUFFER=0 SUBPAGES=0/1 GAP_MS=64.994 HASH=5c1031b572203584
CYCLE=0 PAIR=3549 BUFFER=1 SUBPAGES=0/1 GAP_MS=62.767 HASH=057f850a3a007575
CYCLE=0 PAIR=3550 BUFFER=2 SUBPAGES=0/1 GAP_MS=63.131 HASH=8799ce239ea91985
CYCLE=0 PAIR=3551 BUFFER=3 SUBPAGES=0/1 GAP_MS=62.967 HASH=eadd38e8d74ba31b
CYCLE=0 PAIR=3552 BUFFER=0 SUBPAGES=0/1 GAP_MS=63.787 HASH=9945bc311b4d748b
CYCLE=0 PAIR=3553 BUFFER=1 SUBPAGES=0/1 GAP_MS=62.926 HASH=644beeb70396b3a1
CYCLE=0 PAIR=3554 BUFFER=2 SUBPAGES=0/1 GAP_MS=64.219 HASH=83183af910769a4c
CYCLE=0 PAIR=3555 BUFFER=3 SUBPAGES=0/1 GAP_MS=63.823 HASH=395def22f8de9c7e
CYCLE=0 PAIR=3556 BUFFER=0 SUBPAGES=0/1 GAP_MS=64.459 HASH=a097dfe46dfe6107
CYCLE=0 PAIR=3557 BUFFER=1 SUBPAGES=0/1 GAP_MS=63.504 HASH=a843522060b53fe4
CYCLE=0 PAIR=3558 BUFFER=2 SUBPAGES=0/1 GAP_MS=65.234 HASH=48bb83a63368f405
CYCLE=0 PAIR=3559 BUFFER=3 SUBPAGES=0/1 GAP_MS=63.437 HASH=08e91713292b91b0
CYCLE=0 PAIR=3560 BUFFER=0 SUBPAGES=0/1 GAP_MS=63.230 HASH=74d66abeb61353bb
CYCLE=0 PAIR=3561 BUFFER=1 SUBPAGES=0/1 GAP_MS=62.132 HASH=2a3706530a98d15e
CYCLE=0 PAIR=3562 BUFFER=2 SUBPAGES=0/1 GAP_MS=64.360 HASH=861f20efffbceb98
CYCLE=0 PAIR=3563 BUFFER=3 SUBPAGES=0/1 GAP_MS=65.223 HASH=bee1fa7dc2c13b3e
CYCLE=0 PAIR=3564 BUFFER=0 SUBPAGES=0/1 GAP_MS=63.692 HASH=768e85e4c940b0c5
CYCLE=0 PAIR=3565 BUFFER=1 SUBPAGES=0/1 GAP_MS=64.120 HASH=f2d59c58b9d5c73b
CYCLE=0 PAIR=3566 BUFFER=2 SUBPAGES=0/1 GAP_MS=63.589 HASH=e1dc3171f26b1f5c
CYCLE=0 PAIR=3567 BUFFER=3 SUBPAGES=0/1 GAP_MS=63.930 HASH=2c4165768f858a5b
CYCLE=0 PAIR=3568 BUFFER=0 SUBPAGES=0/1 GAP_MS=64.019 HASH=266a9acf178ad121
CYCLE=0 PAIR=3569 BUFFER=1 SUBPAGES=0/1 GAP_MS=63.270 HASH=c39d74943cd4ea08
CYCLE=0 PAIR=3570 BUFFER=2 SUBPAGES=0/1 GAP_MS=63.869 HASH=c0a9d7e087fce2aa
CYCLE=0 PAIR=3571 BUFFER=3 SUBPAGES=0/1 GAP_MS=63.125 HASH=6458b8cb4c844056
CYCLE=0 PAIR=3572 BUFFER=0 SUBPAGES=0/1 GAP_MS=65.404 HASH=5c54a0bcd6cf9b94
CYCLE=0 PAIR=3573 BUFFER=1 SUBPAGES=0/1 GAP_MS=64.333 HASH=1ffae064f398076c
CYCLE=0 PAIR=3574 BUFFER=2 SUBPAGES=0/1 GAP_MS=64.529 HASH=7c33d7321445ab1f
CYCLE=0 PAIR=3575 BUFFER=3 SUBPAGES=0/1 GAP_MS=63.734 HASH=c714a6603ff12721
CYCLE=0 PAIR=3576 BUFFER=0 SUBPAGES=0/1 GAP_MS=63.567 HASH=081c40a4b75e4009
CYCLE=0 PAIR=3577 BUFFER=1 SUBPAGES=0/1 GAP_MS=64.420 HASH=06469d9c1bc3e9cc
CYCLE=0 PAIR=3578 BUFFER=2 SUBPAGES=0/1 GAP_MS=62.943 HASH=4b830f81fca79831
CYCLE=0 PAIR=3579 BUFFER=3 SUBPAGES=0/1 GAP_MS=64.712 HASH=5290e55ef0faa3d0
CYCLE=0 PAIR=3580 BUFFER=0 SUBPAGES=0/1 GAP_MS=63.794 HASH=7c2f6cabc529650d
CYCLE=0 PAIR=3581 BUFFER=1 SUBPAGES=0/1 GAP_MS=61.493 HASH=299e4ec8ab46a272
CYCLE=0 PAIR=3582 BUFFER=2 SUBPAGES=0/1 GAP_MS=62.954 HASH=92800165902ab511
CYCLE=0 PAIR=3583 BUFFER=3 SUBPAGES=0/1 GAP_MS=63.880 HASH=4d2aaae9d4ec83a8
CYCLE=0 PAIR=3584 BUFFER=0 SUBPAGES=0/1 GAP_MS=64.623 HASH=79b8afdeb9962cdf
CYCLE=0 PAIR=3585 BUFFER=1 SUBPAGES=0/1 GAP_MS=63.235 HASH=0cfca39016714c96
CYCLE=0 PAIR=3586 BUFFER=2 SUBPAGES=0/1 GAP_MS=64.908 HASH=1e5ba45113b1454d
CYCLE=0 PAIR=3587 BUFFER=3 SUBPAGES=0/1 GAP_MS=64.173 HASH=97db62bd05a7c7d1
CYCLE=0 PAIR=3588 BUFFER=0 SUBPAGES=0/1 GAP_MS=64.019 HASH=2cab251d5677869b
CYCLE=0 PAIR=3589 BUFFER=1 SUBPAGES=0/1 GAP_MS=63.072 HASH=3543d1f9eb98e0c1
CYCLE=0 PAIR=3590 BUFFER=2 SUBPAGES=0/1 GAP_MS=63.950 HASH=5d66b3d3a5d464ae
CYCLE=0 PAIR=3591 BUFFER=3 SUBPAGES=0/1 GAP_MS=64.423 HASH=13b9dd35ebab7a25
CYCLE=0 PAIR=3592 BUFFER=0 SUBPAGES=0/1 GAP_MS=64.529 HASH=ee69b2678167101b
CYCLE=0 PAIR=3593 BUFFER=1 SUBPAGES=0/1 GAP_MS=64.240 HASH=770731bd7727ae63
CYCLE=0 PAIR=3594 BUFFER=2 SUBPAGES=0/1 GAP_MS=63.342 HASH=e001fee7c05fd96f
CYCLE=0 PAIR=3595 BUFFER=3 SUBPAGES=0/1 GAP_MS=63.819 HASH=bb0ef10730db9e65
CYCLE=0 PAIR=3596 BUFFER=0 SUBPAGES=0/1 GAP_MS=63.208 HASH=6d05f52e75517c3a
CYCLE=0 PAIR=3597 BUFFER=1 SUBPAGES=0/1 GAP_MS=64.209 HASH=889ea5926d9bf42e
CYCLE=0 PAIR=3598 BUFFER=2 SUBPAGES=0/1 GAP_MS=62.788 HASH=0b0cd066e407c3b7
CYCLE=0 PAIR=3599 BUFFER=3 SUBPAGES=0/1 GAP_MS=64.435 HASH=716ceed188d6ac42
CYCLE=0 PAIR=3600 BUFFER=0 SUBPAGES=0/1 GAP_MS=62.660 HASH=f5c7b7c9e56dadb3
CYCLE=0 PAIR=3601 BUFFER=1 SUBPAGES=0/1 GAP_MS=63.225 HASH=62f3e36c963f8054
CYCLE=0 PAIR=3602 BUFFER=2 SUBPAGES=0/1 GAP_MS=64.740 HASH=ca6c425f95a0d08a
CYCLE=0 PAIR=3603 BUFFER=3 SUBPAGES=0/1 GAP_MS=63.150 HASH=0812822536379778
CYCLE=0 PAIR=3604 BUFFER=0 SUBPAGES=0/1 GAP_MS=63.146 HASH=2acfe9f1c54474da
CYCLE=0 PAIR=3605 BUFFER=1 SUBPAGES=0/1 GAP_MS=64.601 HASH=819c5383ef6162b3
CYCLE=0 PAIR=3606 BUFFER=2 SUBPAGES=0/1 GAP_MS=63.832 HASH=2a899b9ada448598
CYCLE=0 PAIR=3607 BUFFER=3 SUBPAGES=0/1 GAP_MS=63.807 HASH=a3f9c6fce2b4851b
CYCLE=0 PAIR=3608 BUFFER=0 SUBPAGES=0/1 GAP_MS=64.206 HASH=437d4fe2f40e4d8d
CYCLE=0 PAIR=3609 BUFFER=1 SUBPAGES=0/1 GAP_MS=64.577 HASH=7b6b8e91123ba59a
CYCLE=0 PAIR=3610 BUFFER=2 SUBPAGES=0/1 GAP_MS=63.142 HASH=865f27a9bafbb777
CYCLE=0 PAIR=3611 BUFFER=3 SUBPAGES=0/1 GAP_MS=64.380 HASH=521fa19e5b64f225
CYCLE=0 PAIR=3612 BUFFER=0 SUBPAGES=0/1 GAP_MS=63.735 HASH=09bf5adf110e2930
CYCLE=0 PAIR=3613 BUFFER=1 SUBPAGES=0/1 GAP_MS=63.900 HASH=ffe2eaf32225515b
CYCLE=0 PAIR=3614 BUFFER=2 SUBPAGES=0/1 GAP_MS=64.532 HASH=6e52348f3306e970
CYCLE=0 PAIR=3615 BUFFER=3 SUBPAGES=0/1 GAP_MS=63.965 HASH=27223e17efbd3882
CYCLE=0 PAIR=3616 BUFFER=0 SUBPAGES=0/1 GAP_MS=65.012 HASH=afe53f3ebef5b1c4
CYCLE=0 PAIR=3617 BUFFER=1 SUBPAGES=0/1 GAP_MS=63.327 HASH=12f76ed07f637c53
CYCLE=0 PAIR=3618 BUFFER=2 SUBPAGES=0/1 GAP_MS=62.067 HASH=efbd4af6fc249398
CYCLE=0 PAIR=3619 BUFFER=3 SUBPAGES=0/1 GAP_MS=64.243 HASH=b71ab966d4acc650
CYCLE=0 PAIR=3620 BUFFER=0 SUBPAGES=0/1 GAP_MS=63.993 HASH=4298f3292dd3d086
CYCLE=0 PAIR=3621 BUFFER=1 SUBPAGES=0/1 GAP_MS=64.484 HASH=395fc7bd7115a791
CYCLE=0 PAIR=3622 BUFFER=2 SUBPAGES=0/1 GAP_MS=63.821 HASH=959c6545868f9294
CYCLE=0 PAIR=3623 BUFFER=3 SUBPAGES=0/1 GAP_MS=63.051 HASH=d7ff884d1f75f8e4
CYCLE=0 PAIR=3624 BUFFER=0 SUBPAGES=0/1 GAP_MS=65.493 HASH=be3cec2585ee0885
CYCLE=0 PAIR=3625 BUFFER=1 SUBPAGES=0/1 GAP_MS=63.386 HASH=762395fca0590b6e
CYCLE=0 PAIR=3626 BUFFER=2 SUBPAGES=0/1 GAP_MS=63.340 HASH=022f3d2cd6935ad8
CYCLE=0 PAIR=3627 BUFFER=3 SUBPAGES=0/1 GAP_MS=62.272 HASH=c5a99808c0b2ee94
CYCLE=0 PAIR=3628 BUFFER=0 SUBPAGES=0/1 GAP_MS=63.718 HASH=1ffb5607d5342ccc
CYCLE=0 PAIR=3629 BUFFER=1 SUBPAGES=0/1 GAP_MS=64.335 HASH=56d7e0c138a55caa
CYCLE=0 PAIR=3630 BUFFER=2 SUBPAGES=0/1 GAP_MS=65.260 HASH=3298f554f41e04d2
CYCLE=0 PAIR=3631 BUFFER=3 SUBPAGES=0/1 GAP_MS=62.274 HASH=ba639f5aa1b250d5
CYCLE=0 PAIR=3632 BUFFER=0 SUBPAGES=0/1 GAP_MS=63.268 HASH=5b0c04d5ee3914a6
CYCLE=0 PAIR=3633 BUFFER=1 SUBPAGES=0/1 GAP_MS=63.787 HASH=583110435b4407e3
CYCLE=0 PAIR=3634 BUFFER=2 SUBPAGES=0/1 GAP_MS=62.640 HASH=a7da9fb1ef66432d
CYCLE=0 PAIR=3635 BUFFER=3 SUBPAGES=0/1 GAP_MS=63.445 HASH=48c889e8dc905b4f
CYCLE=0 PAIR=3636 BUFFER=0 SUBPAGES=0/1 GAP_MS=62.609 HASH=a9b29377afe28157
CYCLE=0 PAIR=3637 BUFFER=1 SUBPAGES=0/1 GAP_MS=63.475 HASH=dd69705fa7f2360e
CYCLE=0 PAIR=3638 BUFFER=2 SUBPAGES=0/1 GAP_MS=62.951 HASH=9ffc3946419e2f89
CYCLE=0 PAIR=3639 BUFFER=3 SUBPAGES=0/1 GAP_MS=64.455 HASH=b12d6aa4a1058b7b
CYCLE=0 PAIR=3640 BUFFER=0 SUBPAGES=0/1 GAP_MS=63.266 HASH=5a71550eea4a26fc
CYCLE=0 PAIR=3641 BUFFER=1 SUBPAGES=0/1 GAP_MS=64.642 HASH=977eaf92a72b5c2d
CYCLE=0 PAIR=3642 BUFFER=2 SUBPAGES=0/1 GAP_MS=64.607 HASH=bba442bbd4310581
CYCLE=0 PAIR=3643 BUFFER=3 SUBPAGES=0/1 GAP_MS=64.817 HASH=a8b64b7466236987
CYCLE=0 PAIR=3644 BUFFER=0 SUBPAGES=0/1 GAP_MS=63.689 HASH=ad28d45526b3d73c
CYCLE=0 PAIR=3645 BUFFER=1 SUBPAGES=0/1 GAP_MS=62.187 HASH=54b907f855abe516
CYCLE=0 PAIR=3646 BUFFER=2 SUBPAGES=0/1 GAP_MS=63.536 HASH=be81099de00f509b
CYCLE=0 PAIR=3647 BUFFER=3 SUBPAGES=0/1 GAP_MS=64.537 HASH=285700f55827eb22
CYCLE=0 PAIR=3648 BUFFER=0 SUBPAGES=0/1 GAP_MS=65.417 HASH=6d840ea6a6b4b4d6
CYCLE=0 PAIR=3649 BUFFER=1 SUBPAGES=0/1 GAP_MS=63.818 HASH=6ca7fd534b976ef6
CYCLE=0 PAIR=3650 BUFFER=2 SUBPAGES=0/1 GAP_MS=65.200 HASH=a1a19f322b90cdee
CYCLE=0 PAIR=3651 BUFFER=3 SUBPAGES=0/1 GAP_MS=62.985 HASH=b2f6f73cc51a28b6
CYCLE=0 PAIR=3652 BUFFER=0 SUBPAGES=0/1 GAP_MS=63.833 HASH=e7a0c673dac5bb81
CYCLE=0 PAIR=3653 BUFFER=1 SUBPAGES=0/1 GAP_MS=64.373 HASH=9881d00ba2fd358c
CYCLE=0 PAIR=3654 BUFFER=2 SUBPAGES=0/1 GAP_MS=62.413 HASH=55a0adb3d48f3cbf
CYCLE=0 PAIR=3655 BUFFER=3 SUBPAGES=0/1 GAP_MS=65.100 HASH=0c80aee213c75188
CYCLE=0 PAIR=3656 BUFFER=0 SUBPAGES=0/1 GAP_MS=63.023 HASH=15192eec7d5b0a00
CYCLE=0 PAIR=3657 BUFFER=1 SUBPAGES=0/1 GAP_MS=63.224 HASH=b78329cd5d2320f5
CYCLE=0 PAIR=3658 BUFFER=2 SUBPAGES=0/1 GAP_MS=64.145 HASH=fbc8c81afc23ff1c
CYCLE=0 PAIR=3659 BUFFER=3 SUBPAGES=0/1 GAP_MS=63.337 HASH=25a2aa1b329b1bf0
CYCLE=0 PAIR=3660 BUFFER=0 SUBPAGES=0/1 GAP_MS=64.860 HASH=94653b244a783641
CYCLE=0 PAIR=3661 BUFFER=1 SUBPAGES=0/1 GAP_MS=64.582 HASH=7222fb12133a11d0
CYCLE=0 PAIR=3662 BUFFER=2 SUBPAGES=0/1 GAP_MS=64.226 HASH=5e7e835f8dbbfa34
CYCLE=0 PAIR=3663 BUFFER=3 SUBPAGES=0/1 GAP_MS=64.227 HASH=9dbe7906b774dfae
CYCLE=0 PAIR=3664 BUFFER=0 SUBPAGES=0/1 GAP_MS=64.064 HASH=7bc0e1146a364781
CYCLE=0 PAIR=3665 BUFFER=1 SUBPAGES=0/1 GAP_MS=63.539 HASH=ea98cc7f52430ccc
CYCLE=0 PAIR=3666 BUFFER=2 SUBPAGES=0/1 GAP_MS=63.594 HASH=b5ac9f943bbf92a1
CYCLE=0 PAIR=3667 BUFFER=3 SUBPAGES=0/1 GAP_MS=63.599 HASH=1acdcb08822fb41d
CYCLE=0 PAIR=3668 BUFFER=0 SUBPAGES=0/1 GAP_MS=64.709 HASH=006498279adfff52
CYCLE=0 PAIR=3669 BUFFER=1 SUBPAGES=0/1 GAP_MS=63.798 HASH=5c1c6a4d0a816eea
CYCLE=0 PAIR=3670 BUFFER=2 SUBPAGES=0/1 GAP_MS=64.006 HASH=396d76dab46e7324
CYCLE=0 PAIR=3671 BUFFER=3 SUBPAGES=0/1 GAP_MS=64.169 HASH=14f63b227a18a9f0
CYCLE=0 PAIR=3672 BUFFER=0 SUBPAGES=0/1 GAP_MS=64.500 HASH=65a45a898ac08353
CYCLE=0 PAIR=3673 BUFFER=1 SUBPAGES=0/1 GAP_MS=63.657 HASH=7c8b99260b3365d6
CYCLE=0 PAIR=3674 BUFFER=2 SUBPAGES=0/1 GAP_MS=63.088 HASH=b548b7863400468f
CYCLE=0 PAIR=3675 BUFFER=3 SUBPAGES=0/1 GAP_MS=63.969 HASH=d031a942a273840e
CYCLE=0 PAIR=3676 BUFFER=0 SUBPAGES=0/1 GAP_MS=63.807 HASH=6b6e4ff782a62a9f
CYCLE=0 PAIR=3677 BUFFER=1 SUBPAGES=0/1 GAP_MS=64.800 HASH=512fa151cc7ec6d2
CYCLE=0 PAIR=3678 BUFFER=2 SUBPAGES=0/1 GAP_MS=64.452 HASH=bcd91a5a822299ba
CYCLE=0 PAIR=3679 BUFFER=3 SUBPAGES=0/1 GAP_MS=62.258 HASH=dfe0c46c158d8900
CYCLE=0 PAIR=3680 BUFFER=0 SUBPAGES=0/1 GAP_MS=62.978 HASH=242d989cebd00fe3
CYCLE=0 PAIR=3681 BUFFER=1 SUBPAGES=0/1 GAP_MS=64.762 HASH=5afc7de8c8218e6b
CYCLE=0 PAIR=3682 BUFFER=2 SUBPAGES=0/1 GAP_MS=64.716 HASH=09bf87665a9fd88a
CYCLE=0 PAIR=3683 BUFFER=3 SUBPAGES=0/1 GAP_MS=64.586 HASH=5acddafb2d7502dd
CYCLE=0 PAIR=3684 BUFFER=0 SUBPAGES=0/1 GAP_MS=62.613 HASH=1e0466a0ba0d100c
CYCLE=0 PAIR=3685 BUFFER=1 SUBPAGES=0/1 GAP_MS=63.683 HASH=be82b814a3a9c7f0
CYCLE=0 PAIR=3686 BUFFER=2 SUBPAGES=0/1 GAP_MS=63.495 HASH=d602a5894e02178c
CYCLE=0 PAIR=3687 BUFFER=3 SUBPAGES=0/1 GAP_MS=63.998 HASH=1b4292971a7371a8
CYCLE=0 PAIR=3688 BUFFER=0 SUBPAGES=0/1 GAP_MS=64.082 HASH=0c273d9886d871b8
CYCLE=0 PAIR=3689 BUFFER=1 SUBPAGES=0/1 GAP_MS=62.892 HASH=b86d785ea67ff0e4
CYCLE=0 PAIR=3690 BUFFER=2 SUBPAGES=0/1 GAP_MS=64.246 HASH=d8adbcdc55747301
CYCLE=0 PAIR=3691 BUFFER=3 SUBPAGES=0/1 GAP_MS=63.502 HASH=af6046c0e7d4792b
CYCLE=0 PAIR=3692 BUFFER=0 SUBPAGES=0/1 GAP_MS=63.678 HASH=dec0bf0efac7d412
CYCLE=0 PAIR=3693 BUFFER=1 SUBPAGES=0/1 GAP_MS=64.645 HASH=bc9c38da77fb776d
CYCLE=0 PAIR=3694 BUFFER=2 SUBPAGES=0/1 GAP_MS=63.591 HASH=15c0f8519a217ed5
CYCLE=0 PAIR=3695 BUFFER=3 SUBPAGES=0/1 GAP_MS=64.245 HASH=821a95117a692e98
CYCLE=0 PAIR=3696 BUFFER=0 SUBPAGES=0/1 GAP_MS=64.443 HASH=ed788c42c12a1dc2
CYCLE=0 PAIR=3697 BUFFER=1 SUBPAGES=0/1 GAP_MS=62.570 HASH=fb9f93cf7a25cfc6
CYCLE=0 PAIR=3698 BUFFER=2 SUBPAGES=0/1 GAP_MS=62.983 HASH=5e64e0d413b4b161
CYCLE=0 PAIR=3699 BUFFER=3 SUBPAGES=0/1 GAP_MS=63.722 HASH=47a71f5cd7c838b7
CYCLE=0 PAIR=3700 BUFFER=0 SUBPAGES=0/1 GAP_MS=63.455 HASH=dfc65ea497432fd4
CYCLE=0 PAIR=3701 BUFFER=1 SUBPAGES=0/1 GAP_MS=64.360 HASH=4fb0ce26c92d9647
CYCLE=0 PAIR=3702 BUFFER=2 SUBPAGES=0/1 GAP_MS=65.222 HASH=62a9e9e8229d6265
CYCLE=0 PAIR=3703 BUFFER=3 SUBPAGES=0/1 GAP_MS=64.322 HASH=bd3bb2d4444e30d2
CYCLE=0 PAIR=3704 BUFFER=0 SUBPAGES=0/1 GAP_MS=64.133 HASH=bc74886b91fee475
CYCLE=0 PAIR=3705 BUFFER=1 SUBPAGES=0/1 GAP_MS=63.618 HASH=fac8aa99a3c42d56
CYCLE=0 PAIR=3706 BUFFER=2 SUBPAGES=0/1 GAP_MS=65.296 HASH=cfd55ce318263955
CYCLE=0 PAIR=3707 BUFFER=3 SUBPAGES=0/1 GAP_MS=64.896 HASH=d2d9e41dcbdc41f1
CYCLE=0 PAIR=3708 BUFFER=0 SUBPAGES=0/1 GAP_MS=64.751 HASH=b746f7eb1ee07afd
CYCLE=0 PAIR=3709 BUFFER=1 SUBPAGES=0/1 GAP_MS=63.270 HASH=f056b1f6a7ee9677
CYCLE=0 PAIR=3710 BUFFER=2 SUBPAGES=0/1 GAP_MS=62.960 HASH=7e188c211b66b586
CYCLE=0 PAIR=3711 BUFFER=3 SUBPAGES=0/1 GAP_MS=63.187 HASH=043b976c1648aa83
CYCLE=0 PAIR=3712 BUFFER=0 SUBPAGES=0/1 GAP_MS=64.363 HASH=8a8594ce62e1a2f3
CYCLE=0 PAIR=3713 BUFFER=1 SUBPAGES=0/1 GAP_MS=63.770 HASH=b926d25834c0e0ed
CYCLE=0 PAIR=3714 BUFFER=2 SUBPAGES=0/1 GAP_MS=63.974 HASH=385b851852279a1c
CYCLE=0 PAIR=3715 BUFFER=3 SUBPAGES=0/1 GAP_MS=63.250 HASH=e7c5fda0356b1bcf
CYCLE=0 PAIR=3716 BUFFER=0 SUBPAGES=0/1 GAP_MS=63.627 HASH=b182891402543621
CYCLE=0 PAIR=3717 BUFFER=1 SUBPAGES=0/1 GAP_MS=64.733 HASH=16ef4d5c831f7b02
CYCLE=0 PAIR=3718 BUFFER=2 SUBPAGES=0/1 GAP_MS=63.359 HASH=da9f906599063c5c
CYCLE=0 PAIR=3719 BUFFER=3 SUBPAGES=0/1 GAP_MS=64.638 HASH=5596ac4dd678701d
CYCLE=0 PAIR=3720 BUFFER=0 SUBPAGES=0/1 GAP_MS=64.373 HASH=edb618123096017a
CYCLE=0 PAIR=3721 BUFFER=1 SUBPAGES=0/1 GAP_MS=63.290 HASH=da4c6b1ecbd3faf7
CYCLE=0 PAIR=3722 BUFFER=2 SUBPAGES=0/1 GAP_MS=64.419 HASH=b24e10e2ff75f14c
CYCLE=0 PAIR=3723 BUFFER=3 SUBPAGES=0/1 GAP_MS=65.204 HASH=c247b1f814aa9b0e
CYCLE=0 PAIR=3724 BUFFER=0 SUBPAGES=0/1 GAP_MS=63.825 HASH=14a73cef4e3c2a55
CYCLE=0 PAIR=3725 BUFFER=1 SUBPAGES=0/1 GAP_MS=63.013 HASH=3b6fdbd8a46966fc
CYCLE=0 PAIR=3726 BUFFER=2 SUBPAGES=0/1 GAP_MS=64.027 HASH=ca702a0023bf9cc3
CYCLE=0 PAIR=3727 BUFFER=3 SUBPAGES=0/1 GAP_MS=63.146 HASH=150483f9560f8f9f
CYCLE=0 PAIR=3728 BUFFER=0 SUBPAGES=0/1 GAP_MS=63.836 HASH=95717c094d607af7
CYCLE=0 PAIR=3729 BUFFER=1 SUBPAGES=0/1 GAP_MS=64.747 HASH=7057e55672a34475
CYCLE=0 PAIR=3730 BUFFER=2 SUBPAGES=0/1 GAP_MS=63.735 HASH=60f0019fe00dca6b
CYCLE=0 PAIR=3731 BUFFER=3 SUBPAGES=0/1 GAP_MS=65.161 HASH=d2d958e6e8ceb868
CYCLE=0 PAIR=3732 BUFFER=0 SUBPAGES=0/1 GAP_MS=63.945 HASH=6b3b4ce09e102ff6
CYCLE=0 PAIR=3733 BUFFER=1 SUBPAGES=0/1 GAP_MS=64.269 HASH=a2afed7fd39e0a7f
CYCLE=0 PAIR=3734 BUFFER=2 SUBPAGES=0/1 GAP_MS=65.176 HASH=5aeebff64a600ca5
CYCLE=0 PAIR=3735 BUFFER=3 SUBPAGES=0/1 GAP_MS=63.441 HASH=fcc00d78eb8cadeb
CYCLE=0 PAIR=3736 BUFFER=0 SUBPAGES=0/1 GAP_MS=63.614 HASH=f312f681f9cfdd73
CYCLE=0 PAIR=3737 BUFFER=1 SUBPAGES=0/1 GAP_MS=64.571 HASH=9405deb050bc96ae
CYCLE=0 PAIR=3738 BUFFER=2 SUBPAGES=0/1 GAP_MS=63.727 HASH=321d9652bbc3fd0b
CYCLE=0 PAIR=3739 BUFFER=3 SUBPAGES=0/1 GAP_MS=65.135 HASH=69cef2c32a743fde
CYCLE=0 PAIR=3740 BUFFER=0 SUBPAGES=0/1 GAP_MS=64.544 HASH=98f72fb098364b26
CYCLE=0 PAIR=3741 BUFFER=1 SUBPAGES=0/1 GAP_MS=64.239 HASH=942cd33dc736ff7b
CYCLE=0 PAIR=3742 BUFFER=2 SUBPAGES=0/1 GAP_MS=64.592 HASH=bf10a798541dc59a
CYCLE=0 PAIR=3743 BUFFER=3 SUBPAGES=0/1 GAP_MS=63.989 HASH=57482d3e3375cbb1
CYCLE=0 PAIR=3744 BUFFER=0 SUBPAGES=0/1 GAP_MS=64.545 HASH=1b7b436924461181
CYCLE=0 PAIR=3745 BUFFER=1 SUBPAGES=0/1 GAP_MS=63.222 HASH=e48ade4cd19921d8
CYCLE=0 PAIR=3746 BUFFER=2 SUBPAGES=0/1 GAP_MS=63.811 HASH=fd4dbae83c9d2b12
CYCLE=0 PAIR=3747 BUFFER=3 SUBPAGES=0/1 GAP_MS=64.517 HASH=bafe056d663c2bed
CYCLE=0 PAIR=3748 BUFFER=0 SUBPAGES=0/1 GAP_MS=62.587 HASH=5091ddc798b71be2
CYCLE=0 PAIR=3749 BUFFER=1 SUBPAGES=0/1 GAP_MS=64.136 HASH=4db3fafc756f8819
CYCLE=0 PAIR=3750 BUFFER=2 SUBPAGES=0/1 GAP_MS=64.348 HASH=c71c7e96cbbb2202
CYCLE=0 PAIR=3751 BUFFER=3 SUBPAGES=0/1 GAP_MS=64.674 HASH=9619eb2eaf5cd4bf
CYCLE=0 PAIR=3752 BUFFER=0 SUBPAGES=0/1 GAP_MS=64.246 HASH=6c1a3e448e12557a
CYCLE=0 PAIR=3753 BUFFER=1 SUBPAGES=0/1 GAP_MS=64.404 HASH=ad6f00c8290a8c9d
CYCLE=0 PAIR=3754 BUFFER=2 SUBPAGES=0/1 GAP_MS=63.752 HASH=cfa2b16696573d28
CYCLE=0 PAIR=3755 BUFFER=3 SUBPAGES=0/1 GAP_MS=63.749 HASH=ac6555ea45b23c22
CYCLE=0 PAIR=3756 BUFFER=0 SUBPAGES=0/1 GAP_MS=64.385 HASH=4687b2fef77853ec
CYCLE=0 PAIR=3757 BUFFER=1 SUBPAGES=0/1 GAP_MS=62.431 HASH=4923d8ab29e107ca
CYCLE=0 PAIR=3758 BUFFER=2 SUBPAGES=0/1 GAP_MS=63.902 HASH=49263089cdcbe7cd
CYCLE=0 PAIR=3759 BUFFER=3 SUBPAGES=0/1 GAP_MS=64.537 HASH=2e9a58f8efc299db
CYCLE=0 PAIR=3760 BUFFER=0 SUBPAGES=0/1 GAP_MS=63.449 HASH=d65a65e71d5497ff
CYCLE=0 PAIR=3761 BUFFER=1 SUBPAGES=0/1 GAP_MS=63.290 HASH=84aeb52258a45503
CYCLE=0 PAIR=3762 BUFFER=2 SUBPAGES=0/1 GAP_MS=63.978 HASH=9df81a1acf955b62
CYCLE=0 PAIR=3763 BUFFER=3 SUBPAGES=0/1 GAP_MS=63.076 HASH=07fed545a2c2983f
CYCLE=0 PAIR=3764 BUFFER=0 SUBPAGES=0/1 GAP_MS=64.504 HASH=2680dc259a7dbe90
CYCLE=0 PAIR=3765 BUFFER=1 SUBPAGES=0/1 GAP_MS=63.956 HASH=3640be151b015963
CYCLE=0 PAIR=3766 BUFFER=2 SUBPAGES=0/1 GAP_MS=62.618 HASH=c6b4143cb144e9f3
CYCLE=0 PAIR=3767 BUFFER=3 SUBPAGES=0/1 GAP_MS=63.205 HASH=1ff58f8c1a99ff08
CYCLE=0 PAIR=3768 BUFFER=0 SUBPAGES=0/1 GAP_MS=65.062 HASH=7e536ccd57197392
CYCLE=0 PAIR=3769 BUFFER=1 SUBPAGES=0/1 GAP_MS=64.697 HASH=9628bd1cc7c763b2
CYCLE=0 PAIR=3770 BUFFER=2 SUBPAGES=0/1 GAP_MS=63.008 HASH=82242b90403efce9
CYCLE=0 PAIR=3771 BUFFER=3 SUBPAGES=0/1 GAP_MS=64.400 HASH=3c6a6e749565c12b
CYCLE=0 PAIR=3772 BUFFER=0 SUBPAGES=0/1 GAP_MS=65.030 HASH=be0bb5336934b446
CYCLE=0 PAIR=3773 BUFFER=1 SUBPAGES=0/1 GAP_MS=63.627 HASH=2f33eb3307fb1f08
CYCLE=0 PAIR=3774 BUFFER=2 SUBPAGES=0/1 GAP_MS=63.575 HASH=c0a5823a4ef98815
CYCLE=0 PAIR=3775 BUFFER=3 SUBPAGES=0/1 GAP_MS=63.881 HASH=ee91c0722c5fc14f
CYCLE=0 PAIR=3776 BUFFER=0 SUBPAGES=0/1 GAP_MS=65.076 HASH=39c99f7e1e7b1276
CYCLE=0 PAIR=3777 BUFFER=1 SUBPAGES=0/1 GAP_MS=64.514 HASH=f2076bfb851728cd
CYCLE=0 PAIR=3778 BUFFER=2 SUBPAGES=0/1 GAP_MS=62.489 HASH=719cefbda1321c34
CYCLE=0 PAIR=3779 BUFFER=3 SUBPAGES=0/1 GAP_MS=63.897 HASH=f79488a09042b920
CYCLE=0 PAIR=3780 BUFFER=0 SUBPAGES=0/1 GAP_MS=63.963 HASH=7c04287e29e0c629
CYCLE=0 PAIR=3781 BUFFER=1 SUBPAGES=0/1 GAP_MS=62.552 HASH=fa1b17a701c4ae10
CYCLE=0 PAIR=3782 BUFFER=2 SUBPAGES=0/1 GAP_MS=64.084 HASH=b05960d218fc7c23
CYCLE=0 PAIR=3783 BUFFER=3 SUBPAGES=0/1 GAP_MS=64.719 HASH=5dffa375660e754b
CYCLE=0 PAIR=3784 BUFFER=0 SUBPAGES=0/1 GAP_MS=63.508 HASH=d8c2f571a2439e69
CYCLE=0 PAIR=3785 BUFFER=1 SUBPAGES=0/1 GAP_MS=63.913 HASH=493c25071b7fbd5d
CYCLE=0 PAIR=3786 BUFFER=2 SUBPAGES=0/1 GAP_MS=64.372 HASH=dc2a4a43ba719b02
CYCLE=0 PAIR=3787 BUFFER=3 SUBPAGES=0/1 GAP_MS=66.237 HASH=110cf27e93e3ad94
CYCLE=0 PAIR=3788 BUFFER=0 SUBPAGES=0/1 GAP_MS=64.034 HASH=cef6726d4a1be157
CYCLE=0 PAIR=3789 BUFFER=1 SUBPAGES=0/1 GAP_MS=63.858 HASH=b1bbb09279e1d696
CYCLE=0 PAIR=3790 BUFFER=2 SUBPAGES=0/1 GAP_MS=62.707 HASH=994ca528476aed18
CYCLE=0 PAIR=3791 BUFFER=3 SUBPAGES=0/1 GAP_MS=64.333 HASH=419bf53570daa502
CYCLE=0 PAIR=3792 BUFFER=0 SUBPAGES=0/1 GAP_MS=64.158 HASH=c064b4ac4e006c1a
CYCLE=0 PAIR=3793 BUFFER=1 SUBPAGES=0/1 GAP_MS=64.539 HASH=e819384b1ef70b4f
CYCLE=0 PAIR=3794 BUFFER=2 SUBPAGES=0/1 GAP_MS=64.291 HASH=0e5af6746a2fb115
CYCLE=0 PAIR=3795 BUFFER=3 SUBPAGES=0/1 GAP_MS=66.030 HASH=048bb70d9e71332e
CYCLE=0 PAIR=3796 BUFFER=0 SUBPAGES=0/1 GAP_MS=63.300 HASH=744f8637fc288dc3
CYCLE=0 PAIR=3797 BUFFER=1 SUBPAGES=0/1 GAP_MS=65.082 HASH=f05ab6aaaa248529
CYCLE=0 PAIR=3798 BUFFER=2 SUBPAGES=0/1 GAP_MS=63.247 HASH=8d15a1e1bf853428
CYCLE=0 PAIR=3799 BUFFER=3 SUBPAGES=0/1 GAP_MS=63.026 HASH=91b8af3eed52c839
CYCLE=0 PAIR=3800 BUFFER=0 SUBPAGES=0/1 GAP_MS=64.637 HASH=8a7f938eb28e972c
CYCLE=0 PAIR=3801 BUFFER=1 SUBPAGES=0/1 GAP_MS=63.765 HASH=c3461c19e7927924
CYCLE=0 PAIR=3802 BUFFER=2 SUBPAGES=0/1 GAP_MS=64.192 HASH=055355412a6e2668
CYCLE=0 PAIR=3803 BUFFER=3 SUBPAGES=0/1 GAP_MS=63.674 HASH=cfbb025cfab310c7
CYCLE=0 PAIR=3804 BUFFER=0 SUBPAGES=0/1 GAP_MS=63.724 HASH=7344c5f62e6269b1
CYCLE=0 PAIR=3805 BUFFER=1 SUBPAGES=0/1 GAP_MS=64.818 HASH=1c69b66aa1785ed8
CYCLE=0 PAIR=3806 BUFFER=2 SUBPAGES=0/1 GAP_MS=63.659 HASH=4bfbb151d92b2cd6
CYCLE=0 PAIR=3807 BUFFER=3 SUBPAGES=0/1 GAP_MS=62.521 HASH=cbfba42fff145215
CYCLE=0 PAIR=3808 BUFFER=0 SUBPAGES=0/1 GAP_MS=64.187 HASH=ccc2f2866af26ef1
CYCLE=0 PAIR=3809 BUFFER=1 SUBPAGES=0/1 GAP_MS=63.866 HASH=c413dfa7e0c615bd
CYCLE=0 PAIR=3810 BUFFER=2 SUBPAGES=0/1 GAP_MS=60.984 HASH=fa948b2e3a0765e6
CYCLE=0 PAIR=3811 BUFFER=3 SUBPAGES=0/1 GAP_MS=63.878 HASH=0033519c7df65b75
CYCLE=0 PAIR=3812 BUFFER=0 SUBPAGES=0/1 GAP_MS=62.963 HASH=9fc081a83e3d2836
CYCLE=0 PAIR=3813 BUFFER=1 SUBPAGES=0/1 GAP_MS=63.561 HASH=97e021b0b01172cc
CYCLE=0 PAIR=3814 BUFFER=2 SUBPAGES=0/1 GAP_MS=62.632 HASH=1b56cdbea31c2b15
CYCLE=0 PAIR=3815 BUFFER=3 SUBPAGES=0/1 GAP_MS=63.903 HASH=2fbee30372e72290
CYCLE=0 PAIR=3816 BUFFER=0 SUBPAGES=0/1 GAP_MS=63.626 HASH=c8a2ad2916c7a54e
CYCLE=0 PAIR=3817 BUFFER=1 SUBPAGES=0/1 GAP_MS=63.677 HASH=c0f72f715207c33f
CYCLE=0 PAIR=3818 BUFFER=2 SUBPAGES=0/1 GAP_MS=64.761 HASH=0010c885e965865d
CYCLE=0 PAIR=3819 BUFFER=3 SUBPAGES=0/1 GAP_MS=64.102 HASH=3c37e1399db1fe5b
CYCLE=0 PAIR=3820 BUFFER=0 SUBPAGES=0/1 GAP_MS=63.432 HASH=f3d11c624735c991
CYCLE=0 PAIR=3821 BUFFER=1 SUBPAGES=0/1 GAP_MS=64.233 HASH=6dd27b4a54bfa9ba
CYCLE=0 PAIR=3822 BUFFER=2 SUBPAGES=0/1 GAP_MS=64.924 HASH=70962cc5ecb5836a
CYCLE=0 PAIR=3823 BUFFER=3 SUBPAGES=0/1 GAP_MS=63.379 HASH=dafaa7024f6f7129
CYCLE=0 PAIR=3824 BUFFER=0 SUBPAGES=0/1 GAP_MS=64.920 HASH=98406e1ed17d1a2f
CYCLE=0 PAIR=3825 BUFFER=1 SUBPAGES=0/1 GAP_MS=64.314 HASH=5fedc54a832f99e4
CYCLE=0 PAIR=3826 BUFFER=2 SUBPAGES=0/1 GAP_MS=63.227 HASH=297c9d26a291b5c3
CYCLE=0 PAIR=3827 BUFFER=3 SUBPAGES=0/1 GAP_MS=62.999 HASH=ad39f044f29c9a10
CYCLE=0 PAIR=3828 BUFFER=0 SUBPAGES=0/1 GAP_MS=64.773 HASH=ef70a096302dffc1
CYCLE=0 PAIR=3829 BUFFER=1 SUBPAGES=0/1 GAP_MS=64.486 HASH=fe803eb648f8b70d
CYCLE=0 PAIR=3830 BUFFER=2 SUBPAGES=0/1 GAP_MS=63.367 HASH=24abbd619669be80
CYCLE=0 PAIR=3831 BUFFER=3 SUBPAGES=0/1 GAP_MS=63.491 HASH=6353913e84d7363a
CYCLE=0 PAIR=3832 BUFFER=0 SUBPAGES=0/1 GAP_MS=63.230 HASH=3c0f744e05b7d1df
CYCLE=0 PAIR=3833 BUFFER=1 SUBPAGES=0/1 GAP_MS=65.149 HASH=31742b5a286f9f9c
CYCLE=0 PAIR=3834 BUFFER=2 SUBPAGES=0/1 GAP_MS=64.879 HASH=343287984d7faab8
CYCLE=0 PAIR=3835 BUFFER=3 SUBPAGES=0/1 GAP_MS=65.208 HASH=3bac5e1a7ed58d52
CYCLE=0 PAIR=3836 BUFFER=0 SUBPAGES=0/1 GAP_MS=65.211 HASH=e187825ce33da094
CYCLE=0 PAIR=3837 BUFFER=1 SUBPAGES=0/1 GAP_MS=63.974 HASH=b6ebf9b6ce606808
CYCLE=0 PAIR=3838 BUFFER=2 SUBPAGES=0/1 GAP_MS=64.115 HASH=34462300e4ef333f
CYCLE=0 PAIR=3839 BUFFER=3 SUBPAGES=0/1 GAP_MS=64.090 HASH=968efccc8df8cde2
CYCLE=0 PAIR=3840 BUFFER=0 SUBPAGES=0/1 GAP_MS=64.735 HASH=eeb4e7aa553d43ec
CYCLE=0 PAIR=3841 BUFFER=1 SUBPAGES=0/1 GAP_MS=64.589 HASH=d4f92c3731bde837
CYCLE=0 PAIR=3842 BUFFER=2 SUBPAGES=0/1 GAP_MS=63.181 HASH=2ed45bcb2e1af2b6
CYCLE=0 PAIR=3843 BUFFER=3 SUBPAGES=0/1 GAP_MS=62.621 HASH=d82114b26915e4ee
CYCLE=0 PAIR=3844 BUFFER=0 SUBPAGES=0/1 GAP_MS=62.938 HASH=b22326ae0da237e3
CYCLE=0 PAIR=3845 BUFFER=1 SUBPAGES=0/1 GAP_MS=63.453 HASH=6f15872e40b120fa
CYCLE=0 PAIR=3846 BUFFER=2 SUBPAGES=0/1 GAP_MS=62.898 HASH=3d488fe84d816e90
CYCLE=0 PAIR=3847 BUFFER=3 SUBPAGES=0/1 GAP_MS=64.030 HASH=afa3127084ff1daf
CYCLE=0 PAIR=3848 BUFFER=0 SUBPAGES=0/1 GAP_MS=63.668 HASH=edb083ae0b070a57
CYCLE=0 PAIR=3849 BUFFER=1 SUBPAGES=0/1 GAP_MS=62.453 HASH=831641ae56630336
CYCLE=0 PAIR=3850 BUFFER=2 SUBPAGES=0/1 GAP_MS=64.826 HASH=792c59456bb0692d
CYCLE=0 PAIR=3851 BUFFER=3 SUBPAGES=0/1 GAP_MS=64.225 HASH=d1317012827db50e
CYCLE=0 PAIR=3852 BUFFER=0 SUBPAGES=0/1 GAP_MS=64.250 HASH=81f45d91400b557d
CYCLE=0 PAIR=3853 BUFFER=1 SUBPAGES=0/1 GAP_MS=64.072 HASH=06d41fa3a245edc9
CYCLE=0 PAIR=3854 BUFFER=2 SUBPAGES=0/1 GAP_MS=65.200 HASH=574113c2bc1eafcb
CYCLE=0 PAIR=3855 BUFFER=3 SUBPAGES=0/1 GAP_MS=63.512 HASH=07e2bb934ef1ae4d
CYCLE=0 PAIR=3856 BUFFER=0 SUBPAGES=0/1 GAP_MS=64.105 HASH=a6fb3ea9d36a81e2
CYCLE=0 PAIR=3857 BUFFER=1 SUBPAGES=0/1 GAP_MS=63.370 HASH=120f00ff2cf9a149
CYCLE=0 PAIR=3858 BUFFER=2 SUBPAGES=0/1 GAP_MS=62.567 HASH=c83a8fe69aa60937
CYCLE=0 PAIR=3859 BUFFER=3 SUBPAGES=0/1 GAP_MS=63.626 HASH=6e920f58a16250df
CYCLE=0 PAIR=3860 BUFFER=0 SUBPAGES=0/1 GAP_MS=64.895 HASH=8359aebb61e94061
CYCLE=0 PAIR=3861 BUFFER=1 SUBPAGES=0/1 GAP_MS=63.544 HASH=333f3b142b3141e5
CYCLE=0 PAIR=3862 BUFFER=2 SUBPAGES=0/1 GAP_MS=63.790 HASH=3f23f0781c24fdaf
CYCLE=0 PAIR=3863 BUFFER=3 SUBPAGES=0/1 GAP_MS=63.950 HASH=6cdd388581ee9b83
CYCLE=0 PAIR=3864 BUFFER=0 SUBPAGES=0/1 GAP_MS=64.289 HASH=cac59c7bd3a91979
CYCLE=0 PAIR=3865 BUFFER=1 SUBPAGES=0/1 GAP_MS=62.769 HASH=a89c0d63fbee8188
CYCLE=0 PAIR=3866 BUFFER=2 SUBPAGES=0/1 GAP_MS=62.963 HASH=4dae995ee7756cde
CYCLE=0 PAIR=3867 BUFFER=3 SUBPAGES=0/1 GAP_MS=63.964 HASH=1832744c2babeb62
CYCLE=0 PAIR=3868 BUFFER=0 SUBPAGES=0/1 GAP_MS=64.003 HASH=bda13ce7b69ef383
CYCLE=0 PAIR=3869 BUFFER=1 SUBPAGES=0/1 GAP_MS=63.350 HASH=634956d4c7864585
CYCLE=0 PAIR=3870 BUFFER=2 SUBPAGES=0/1 GAP_MS=65.335 HASH=1c545bd02c11fb2a
CYCLE=0 PAIR=3871 BUFFER=3 SUBPAGES=0/1 GAP_MS=63.116 HASH=f818937d1529b478
CYCLE=0 PAIR=3872 BUFFER=0 SUBPAGES=0/1 GAP_MS=63.433 HASH=7fd432d1bf361a5c
CYCLE=0 PAIR=3873 BUFFER=1 SUBPAGES=0/1 GAP_MS=64.196 HASH=08423a82877419c6
CYCLE=0 PAIR=3874 BUFFER=2 SUBPAGES=0/1 GAP_MS=64.645 HASH=95292a8821c4c6cd
CYCLE=0 PAIR=3875 BUFFER=3 SUBPAGES=0/1 GAP_MS=63.192 HASH=9f3747a6f5ed1cc0
CYCLE=0 PAIR=3876 BUFFER=0 SUBPAGES=0/1 GAP_MS=64.367 HASH=002dde3d2fadc270
CYCLE=0 PAIR=3877 BUFFER=1 SUBPAGES=0/1 GAP_MS=64.380 HASH=9ff71b3dfb4f51a8
CYCLE=0 PAIR=3878 BUFFER=2 SUBPAGES=0/1 GAP_MS=64.350 HASH=d00ef10152474c0d
CYCLE=0 PAIR=3879 BUFFER=3 SUBPAGES=0/1 GAP_MS=63.504 HASH=0c17400ca4f0709f
CYCLE=0 PAIR=3880 BUFFER=0 SUBPAGES=0/1 GAP_MS=62.795 HASH=22c63acf78978579
CYCLE=0 PAIR=3881 BUFFER=1 SUBPAGES=0/1 GAP_MS=63.306 HASH=49eb86fa2a07573e
CYCLE=0 PAIR=3882 BUFFER=2 SUBPAGES=0/1 GAP_MS=64.495 HASH=fd84dd22ed3da841
CYCLE=0 PAIR=3883 BUFFER=3 SUBPAGES=0/1 GAP_MS=64.577 HASH=23a343a11271c56d
CYCLE=0 PAIR=3884 BUFFER=0 SUBPAGES=0/1 GAP_MS=64.364 HASH=82a0b0e39374ac22
CYCLE=0 PAIR=3885 BUFFER=1 SUBPAGES=0/1 GAP_MS=63.928 HASH=de3e87c3b5de8244
CYCLE=0 PAIR=3886 BUFFER=2 SUBPAGES=0/1 GAP_MS=63.157 HASH=04f93592223e3334
CYCLE=0 PAIR=3887 BUFFER=3 SUBPAGES=0/1 GAP_MS=62.617 HASH=f5d4ea4c403128d4
CYCLE=0 PAIR=3888 BUFFER=0 SUBPAGES=0/1 GAP_MS=63.307 HASH=964482c7b86dd146
CYCLE=0 PAIR=3889 BUFFER=1 SUBPAGES=0/1 GAP_MS=64.929 HASH=da1295dd87b15412
CYCLE=0 PAIR=3890 BUFFER=2 SUBPAGES=0/1 GAP_MS=63.937 HASH=8af2aacbce20d82b
CYCLE=0 PAIR=3891 BUFFER=3 SUBPAGES=0/1 GAP_MS=64.422 HASH=4eb8a19367286dfa
CYCLE=0 PAIR=3892 BUFFER=0 SUBPAGES=0/1 GAP_MS=63.458 HASH=77544ef4d8a7d737
CYCLE=0 PAIR=3893 BUFFER=1 SUBPAGES=0/1 GAP_MS=63.105 HASH=1276e441d1eadf77
CYCLE=0 PAIR=3894 BUFFER=2 SUBPAGES=0/1 GAP_MS=64.846 HASH=d98bd941d479ed12
CYCLE=0 PAIR=3895 BUFFER=3 SUBPAGES=0/1 GAP_MS=62.985 HASH=e2df027efb5758ea
CYCLE=0 PAIR=3896 BUFFER=0 SUBPAGES=0/1 GAP_MS=63.845 HASH=42c5ece3ad9ed7f5
CYCLE=0 PAIR=3897 BUFFER=1 SUBPAGES=0/1 GAP_MS=62.840 HASH=8fb89c50ea28013e
CYCLE=0 PAIR=3898 BUFFER=2 SUBPAGES=0/1 GAP_MS=63.997 HASH=15c743430fea9659
CYCLE=0 PAIR=3899 BUFFER=3 SUBPAGES=0/1 GAP_MS=62.481 HASH=4dc223d21862d678
CYCLE=0 PAIR=3900 BUFFER=0 SUBPAGES=0/1 GAP_MS=63.914 HASH=c40b98554de2dd6a
CYCLE=0 PAIR=3901 BUFFER=1 SUBPAGES=0/1 GAP_MS=64.444 HASH=dd134be4a8d78444
CYCLE=0 PAIR=3902 BUFFER=2 SUBPAGES=0/1 GAP_MS=64.358 HASH=99f81be4c0109658
CYCLE=0 PAIR=3903 BUFFER=3 SUBPAGES=0/1 GAP_MS=64.226 HASH=35a78f74520c74f7
CYCLE=0 PAIR=3904 BUFFER=0 SUBPAGES=0/1 GAP_MS=64.859 HASH=187b2a28235d4412
CYCLE=0 PAIR=3905 BUFFER=1 SUBPAGES=0/1 GAP_MS=64.042 HASH=79da4e317585dd90
CYCLE=0 PAIR=3906 BUFFER=2 SUBPAGES=0/1 GAP_MS=64.173 HASH=a6a2150ec565ccc4
CYCLE=0 PAIR=3907 BUFFER=3 SUBPAGES=0/1 GAP_MS=64.981 HASH=ee7e0e7f174f8b1e
CYCLE=0 PAIR=3908 BUFFER=0 SUBPAGES=0/1 GAP_MS=63.869 HASH=2772d79508475ba9
CYCLE=0 PAIR=3909 BUFFER=1 SUBPAGES=0/1 GAP_MS=63.261 HASH=a550f0ecda5f72ea
CYCLE=0 PAIR=3910 BUFFER=2 SUBPAGES=0/1 GAP_MS=64.287 HASH=811dc8c40385c49a
CYCLE=0 PAIR=3911 BUFFER=3 SUBPAGES=0/1 GAP_MS=63.760 HASH=bd00f3375a6f711f
CYCLE=0 PAIR=3912 BUFFER=0 SUBPAGES=0/1 GAP_MS=63.483 HASH=6e174a013ee00a4e
CYCLE=0 PAIR=3913 BUFFER=1 SUBPAGES=0/1 GAP_MS=63.572 HASH=a1b0841528bc9cd0
CYCLE=0 PAIR=3914 BUFFER=2 SUBPAGES=0/1 GAP_MS=63.075 HASH=17d8f74cfa42fb90
CYCLE=0 PAIR=3915 BUFFER=3 SUBPAGES=0/1 GAP_MS=64.638 HASH=af7853a01df7120c
CYCLE=0 PAIR=3916 BUFFER=0 SUBPAGES=0/1 GAP_MS=63.494 HASH=6d991d5cce37cfa8
CYCLE=0 PAIR=3917 BUFFER=1 SUBPAGES=0/1 GAP_MS=62.628 HASH=225f1181aaff46f9
CYCLE=0 PAIR=3918 BUFFER=2 SUBPAGES=0/1 GAP_MS=65.127 HASH=39f2b3a6991a0f4b
CYCLE=0 PAIR=3919 BUFFER=3 SUBPAGES=0/1 GAP_MS=64.786 HASH=3d1e9fdd1ff1966f
CYCLE=0 PAIR=3920 BUFFER=0 SUBPAGES=0/1 GAP_MS=65.535 HASH=89406458f9711ec6
CYCLE=0 PAIR=3921 BUFFER=1 SUBPAGES=0/1 GAP_MS=64.553 HASH=bfb4c27fb7210381
CYCLE=0 PAIR=3922 BUFFER=2 SUBPAGES=0/1 GAP_MS=63.441 HASH=24eb4ee617a3e873
CYCLE=0 PAIR=3923 BUFFER=3 SUBPAGES=0/1 GAP_MS=65.528 HASH=ed2a39faca986a3c
CYCLE=0 PAIR=3924 BUFFER=0 SUBPAGES=0/1 GAP_MS=63.151 HASH=fb6ef9c45189c0d9
CYCLE=0 PAIR=3925 BUFFER=1 SUBPAGES=0/1 GAP_MS=63.688 HASH=807e1fbcb0346b4c
CYCLE=0 PAIR=3926 BUFFER=2 SUBPAGES=0/1 GAP_MS=63.819 HASH=e6709f62c3782b17
CYCLE=0 PAIR=3927 BUFFER=3 SUBPAGES=0/1 GAP_MS=63.704 HASH=749be72e246beda9
CYCLE=0 PAIR=3928 BUFFER=0 SUBPAGES=0/1 GAP_MS=63.733 HASH=2fe62a0c19499af6
CYCLE=0 PAIR=3929 BUFFER=1 SUBPAGES=0/1 GAP_MS=62.746 HASH=0bf7999da0a8983e
CYCLE=0 PAIR=3930 BUFFER=2 SUBPAGES=0/1 GAP_MS=64.585 HASH=6d407643c5f56833
CYCLE=0 PAIR=3931 BUFFER=3 SUBPAGES=0/1 GAP_MS=63.760 HASH=a753275f8c09f5ce
CYCLE=0 PAIR=3932 BUFFER=0 SUBPAGES=0/1 GAP_MS=64.984 HASH=e572afe6015dbb1e
CYCLE=0 PAIR=3933 BUFFER=1 SUBPAGES=0/1 GAP_MS=64.340 HASH=7cac064c9ecf9240
CYCLE=0 PAIR=3934 BUFFER=2 SUBPAGES=0/1 GAP_MS=63.069 HASH=88940e3629788055
CYCLE=0 PAIR=3935 BUFFER=3 SUBPAGES=0/1 GAP_MS=62.674 HASH=669b4af3d8beee24
CYCLE=0 PAIR=3936 BUFFER=0 SUBPAGES=0/1 GAP_MS=64.565 HASH=b4e4546f96bd54d6
CYCLE=0 PAIR=3937 BUFFER=1 SUBPAGES=0/1 GAP_MS=62.736 HASH=300284ce024b90fa
CYCLE=0 PAIR=3938 BUFFER=2 SUBPAGES=0/1 GAP_MS=63.760 HASH=27bba4e7794559ef
CYCLE=0 PAIR=3939 BUFFER=3 SUBPAGES=0/1 GAP_MS=64.751 HASH=c1ca56c00d1ab098
CYCLE=0 PAIR=3940 BUFFER=0 SUBPAGES=0/1 GAP_MS=65.219 HASH=3feda678511d366c
CYCLE=0 PAIR=3941 BUFFER=1 SUBPAGES=0/1 GAP_MS=64.635 HASH=d7d93a2c6b8a7a8b
CYCLE=0 PAIR=3942 BUFFER=2 SUBPAGES=0/1 GAP_MS=63.159 HASH=8593857b6ba87754
CYCLE=0 PAIR=3943 BUFFER=3 SUBPAGES=0/1 GAP_MS=63.257 HASH=22f5c0eea81e2923
CYCLE=0 PAIR=3944 BUFFER=0 SUBPAGES=0/1 GAP_MS=63.851 HASH=2454df9b132f98e7
CYCLE=0 PAIR=3945 BUFFER=1 SUBPAGES=0/1 GAP_MS=62.745 HASH=257e34cd814f0e14
CYCLE=0 PAIR=3946 BUFFER=2 SUBPAGES=0/1 GAP_MS=64.778 HASH=bba47e8350190727
CYCLE=0 PAIR=3947 BUFFER=3 SUBPAGES=0/1 GAP_MS=64.995 HASH=64837ce88a31c763
CYCLE=0 PAIR=3948 BUFFER=0 SUBPAGES=0/1 GAP_MS=62.786 HASH=a4c31a04221ca285
CYCLE=0 PAIR=3949 BUFFER=1 SUBPAGES=0/1 GAP_MS=64.252 HASH=8b7cb8f4c4dccb91
CYCLE=0 PAIR=3950 BUFFER=2 SUBPAGES=0/1 GAP_MS=64.387 HASH=a2c329ed9093d62b
CYCLE=0 PAIR=3951 BUFFER=3 SUBPAGES=0/1 GAP_MS=62.743 HASH=b89bf467129f8a14
CYCLE=0 PAIR=3952 BUFFER=0 SUBPAGES=0/1 GAP_MS=63.645 HASH=39a5c754b96f3ac4
CYCLE=0 PAIR=3953 BUFFER=1 SUBPAGES=0/1 GAP_MS=62.950 HASH=13dddebba40a9a16
CYCLE=0 PAIR=3954 BUFFER=2 SUBPAGES=0/1 GAP_MS=65.724 HASH=b92234c4c48e06c4
CYCLE=0 PAIR=3955 BUFFER=3 SUBPAGES=0/1 GAP_MS=62.405 HASH=167bec137d23e46f
CYCLE=0 PAIR=3956 BUFFER=0 SUBPAGES=0/1 GAP_MS=63.399 HASH=ad86d29e9a70def3
CYCLE=0 PAIR=3957 BUFFER=1 SUBPAGES=0/1 GAP_MS=62.960 HASH=65ba4b44015cfb66
CYCLE=0 PAIR=3958 BUFFER=2 SUBPAGES=0/1 GAP_MS=63.344 HASH=84b5554aa8024469
CYCLE=0 PAIR=3959 BUFFER=3 SUBPAGES=0/1 GAP_MS=62.562 HASH=61b4c779bce54198
CYCLE=0 PAIR=3960 BUFFER=0 SUBPAGES=0/1 GAP_MS=62.696 HASH=8016d4b96c6a0973
CYCLE=0 PAIR=3961 BUFFER=1 SUBPAGES=0/1 GAP_MS=63.480 HASH=d195e272da7c2142
CYCLE=0 PAIR=3962 BUFFER=2 SUBPAGES=0/1 GAP_MS=63.719 HASH=c1fbfc672abcbbd8
CYCLE=0 PAIR=3963 BUFFER=3 SUBPAGES=0/1 GAP_MS=63.119 HASH=96f3783208196c8f
CYCLE=0 PAIR=3964 BUFFER=0 SUBPAGES=0/1 GAP_MS=63.093 HASH=8ca781bcc738c7f1
CYCLE=0 PAIR=3965 BUFFER=1 SUBPAGES=0/1 GAP_MS=62.557 HASH=1a43321fee6c76e2
CYCLE=0 PAIR=3966 BUFFER=2 SUBPAGES=0/1 GAP_MS=63.921 HASH=6f6b1255ea4c9b6e
CYCLE=0 PAIR=3967 BUFFER=3 SUBPAGES=0/1 GAP_MS=62.462 HASH=e0ca29a78842e0ea
CYCLE=0 PAIR=3968 BUFFER=0 SUBPAGES=0/1 GAP_MS=63.842 HASH=613840b52815d3c9
CYCLE=0 PAIR=3969 BUFFER=1 SUBPAGES=0/1 GAP_MS=63.378 HASH=8032127a2df9d719
CYCLE=0 PAIR=3970 BUFFER=2 SUBPAGES=0/1 GAP_MS=63.835 HASH=84c883d6a9209626
CYCLE=0 PAIR=3971 BUFFER=3 SUBPAGES=0/1 GAP_MS=64.201 HASH=e5b345de735cfab4
CYCLE=0 PAIR=3972 BUFFER=0 SUBPAGES=0/1 GAP_MS=64.212 HASH=c2648436986aaf31
CYCLE=0 PAIR=3973 BUFFER=1 SUBPAGES=0/1 GAP_MS=63.839 HASH=867564c295d70fe5
CYCLE=0 PAIR=3974 BUFFER=2 SUBPAGES=0/1 GAP_MS=64.059 HASH=e83609291cc52ef0
CYCLE=0 PAIR=3975 BUFFER=3 SUBPAGES=0/1 GAP_MS=62.656 HASH=b7408b2bf458c5c6
CYCLE=0 PAIR=3976 BUFFER=0 SUBPAGES=0/1 GAP_MS=62.553 HASH=87d1f79164607913
CYCLE=0 PAIR=3977 BUFFER=1 SUBPAGES=0/1 GAP_MS=63.493 HASH=f33b63a06354afab
CYCLE=0 PAIR=3978 BUFFER=2 SUBPAGES=0/1 GAP_MS=63.700 HASH=a9edcdac4404fc0e
CYCLE=0 PAIR=3979 BUFFER=3 SUBPAGES=0/1 GAP_MS=62.171 HASH=722b3317fc7a8c7e
CYCLE=0 PAIR=3980 BUFFER=0 SUBPAGES=0/1 GAP_MS=63.299 HASH=00e70576eddaafc5
CYCLE=0 PAIR=3981 BUFFER=1 SUBPAGES=0/1 GAP_MS=64.197 HASH=4dd623d021fbb584
CYCLE=0 PAIR=3982 BUFFER=2 SUBPAGES=0/1 GAP_MS=63.843 HASH=d63701d63c203df0
CYCLE=0 PAIR=3983 BUFFER=3 SUBPAGES=0/1 GAP_MS=64.878 HASH=a4aeed8874f0ebc5
CYCLE=0 PAIR=3984 BUFFER=0 SUBPAGES=0/1 GAP_MS=64.646 HASH=957f863373da9d41
CYCLE=0 PAIR=3985 BUFFER=1 SUBPAGES=0/1 GAP_MS=65.590 HASH=c6836d8351fcc8ff
CYCLE=0 PAIR=3986 BUFFER=2 SUBPAGES=0/1 GAP_MS=63.827 HASH=31f84dab99d06ff0
CYCLE=0 PAIR=3987 BUFFER=3 SUBPAGES=0/1 GAP_MS=64.452 HASH=4d3513d366ed7487
CYCLE=0 PAIR=3988 BUFFER=0 SUBPAGES=0/1 GAP_MS=63.953 HASH=5ba0b98d5a73c65d
CYCLE=0 PAIR=3989 BUFFER=1 SUBPAGES=0/1 GAP_MS=65.260 HASH=0ddf7bdb69339bfa
CYCLE=0 PAIR=3990 BUFFER=2 SUBPAGES=0/1 GAP_MS=63.341 HASH=58b90325675566f3
CYCLE=0 PAIR=3991 BUFFER=3 SUBPAGES=0/1 GAP_MS=63.600 HASH=9ca20dc1cd315ace
CYCLE=0 PAIR=3992 BUFFER=0 SUBPAGES=0/1 GAP_MS=63.888 HASH=7115821119eff2ea
CYCLE=0 PAIR=3993 BUFFER=1 SUBPAGES=0/1 GAP_MS=63.659 HASH=daacb894208848a3
CYCLE=0 PAIR=3994 BUFFER=2 SUBPAGES=0/1 GAP_MS=64.404 HASH=be7aa0e94692ffed
CYCLE=0 PAIR=3995 BUFFER=3 SUBPAGES=0/1 GAP_MS=63.715 HASH=2cef44b23c3c5dd9
CYCLE=0 PAIR=3996 BUFFER=0 SUBPAGES=0/1 GAP_MS=62.933 HASH=5dc0ad2de96c41fe
CYCLE=0 PAIR=3997 BUFFER=1 SUBPAGES=0/1 GAP_MS=62.761 HASH=3999140daf210fde
CYCLE=0 PAIR=3998 BUFFER=2 SUBPAGES=0/1 GAP_MS=62.647 HASH=2b327e9ed2e3114c
CYCLE=0 PAIR=3999 BUFFER=3 SUBPAGES=0/1 GAP_MS=62.021 HASH=dca978b6cc5f4e52
CYCLE=0 PAIR=4000 BUFFER=0 SUBPAGES=0/1 GAP_MS=64.252 HASH=d81b12cdefae02b2
CYCLE=0 PAIR=4001 BUFFER=1 SUBPAGES=0/1 GAP_MS=64.266 HASH=91f1ac8343a7d16b
CYCLE=0 PAIR=4002 BUFFER=2 SUBPAGES=0/1 GAP_MS=64.316 HASH=6a15de6ed0c1c192
CYCLE=0 PAIR=4003 BUFFER=3 SUBPAGES=0/1 GAP_MS=63.762 HASH=084564220cc481cd
CYCLE=0 PAIR=4004 BUFFER=0 SUBPAGES=0/1 GAP_MS=64.781 HASH=d285c1df7ab22e14
CYCLE=0 PAIR=4005 BUFFER=1 SUBPAGES=0/1 GAP_MS=63.001 HASH=cbf938d1d0199f41
CYCLE=0 PAIR=4006 BUFFER=2 SUBPAGES=0/1 GAP_MS=64.259 HASH=91df775eb24c3480
CYCLE=0 PAIR=4007 BUFFER=3 SUBPAGES=0/1 GAP_MS=64.389 HASH=e0233eb866d764c7
CYCLE=0 PAIR=4008 BUFFER=0 SUBPAGES=0/1 GAP_MS=64.199 HASH=257cc5292795ff17
CYCLE=0 PAIR=4009 BUFFER=1 SUBPAGES=0/1 GAP_MS=63.858 HASH=e5f4dda44ec9091c
CYCLE=0 PAIR=4010 BUFFER=2 SUBPAGES=0/1 GAP_MS=64.379 HASH=bb7f5d1bb77893ef
CYCLE=0 PAIR=4011 BUFFER=3 SUBPAGES=0/1 GAP_MS=63.908 HASH=35b589749d67b561
CYCLE=0 PAIR=4012 BUFFER=0 SUBPAGES=0/1 GAP_MS=63.662 HASH=8a7d0f60511ae222
CYCLE=0 PAIR=4013 BUFFER=1 SUBPAGES=0/1 GAP_MS=64.090 HASH=901f8c1b4f343a4e
CYCLE=0 PAIR=4014 BUFFER=2 SUBPAGES=0/1 GAP_MS=63.370 HASH=92e8a60536e8d00f
CYCLE=0 PAIR=4015 BUFFER=3 SUBPAGES=0/1 GAP_MS=63.708 HASH=b45b9cc206e64c9d
CYCLE=0 PAIR=4016 BUFFER=0 SUBPAGES=0/1 GAP_MS=65.367 HASH=9f275adaf0604273
CYCLE=0 PAIR=4017 BUFFER=1 SUBPAGES=0/1 GAP_MS=62.877 HASH=66d6fdca901c3b8e
CYCLE=0 PAIR=4018 BUFFER=2 SUBPAGES=0/1 GAP_MS=64.040 HASH=a199a62c7258e178
CYCLE=0 PAIR=4019 BUFFER=3 SUBPAGES=0/1 GAP_MS=64.320 HASH=c745a4be9759b383
CYCLE=0 PAIR=4020 BUFFER=0 SUBPAGES=0/1 GAP_MS=63.693 HASH=e573dadd60716999
CYCLE=0 PAIR=4021 BUFFER=1 SUBPAGES=0/1 GAP_MS=63.358 HASH=395c382341e84e4e
CYCLE=0 PAIR=4022 BUFFER=2 SUBPAGES=0/1 GAP_MS=64.424 HASH=7d124e8a9196bae5
CYCLE=0 PAIR=4023 BUFFER=3 SUBPAGES=0/1 GAP_MS=64.009 HASH=855dd7f607cfd8b7
CYCLE=0 PAIR=4024 BUFFER=0 SUBPAGES=0/1 GAP_MS=63.679 HASH=0cf4cb9a502c445c
CYCLE=0 PAIR=4025 BUFFER=1 SUBPAGES=0/1 GAP_MS=62.491 HASH=941cf75a1cdce4f3
CYCLE=0 PAIR=4026 BUFFER=2 SUBPAGES=0/1 GAP_MS=62.424 HASH=ad253ec7078a4e67
CYCLE=0 PAIR=4027 BUFFER=3 SUBPAGES=0/1 GAP_MS=64.195 HASH=4e90308e3eb0797b
CYCLE=0 PAIR=4028 BUFFER=0 SUBPAGES=0/1 GAP_MS=63.350 HASH=94728ea403c0d263
CYCLE=0 PAIR=4029 BUFFER=1 SUBPAGES=0/1 GAP_MS=63.312 HASH=e26647ccce03bba4
CYCLE=0 PAIR=4030 BUFFER=2 SUBPAGES=0/1 GAP_MS=65.113 HASH=7e029f72c34d0b5f
CYCLE=0 PAIR=4031 BUFFER=3 SUBPAGES=0/1 GAP_MS=64.496 HASH=d8094780d0877db6
CYCLE=0 PAIR=4032 BUFFER=0 SUBPAGES=0/1 GAP_MS=64.564 HASH=f4fa894034c79f6b
CYCLE=0 PAIR=4033 BUFFER=1 SUBPAGES=0/1 GAP_MS=62.427 HASH=4539ca011adf3991
CYCLE=0 PAIR=4034 BUFFER=2 SUBPAGES=0/1 GAP_MS=63.933 HASH=e94ce2a8d2d118d3
CYCLE=0 PAIR=4035 BUFFER=3 SUBPAGES=0/1 GAP_MS=63.916 HASH=15d026737a78bcb2
CYCLE=0 PAIR=4036 BUFFER=0 SUBPAGES=0/1 GAP_MS=63.988 HASH=e8e172ea749e238f
CYCLE=0 PAIR=4037 BUFFER=1 SUBPAGES=0/1 GAP_MS=63.911 HASH=d3eeb717f5115d63
CYCLE=0 PAIR=4038 BUFFER=2 SUBPAGES=0/1 GAP_MS=63.905 HASH=ce37a9473bd3a9d9
CYCLE=0 PAIR=4039 BUFFER=3 SUBPAGES=0/1 GAP_MS=63.587 HASH=a4b1a2427910c717
CYCLE=0 PAIR=4040 BUFFER=0 SUBPAGES=0/1 GAP_MS=63.375 HASH=66af152d59d99567
CYCLE=0 PAIR=4041 BUFFER=1 SUBPAGES=0/1 GAP_MS=62.858 HASH=ba218e6cbbd50a09
CYCLE=0 PAIR=4042 BUFFER=2 SUBPAGES=0/1 GAP_MS=63.851 HASH=397c38ea34c79383
CYCLE=0 PAIR=4043 BUFFER=3 SUBPAGES=0/1 GAP_MS=64.293 HASH=8116e1d320a3d2ae
CYCLE=0 PAIR=4044 BUFFER=0 SUBPAGES=0/1 GAP_MS=63.971 HASH=8eb8095504e917b3
CYCLE=0 PAIR=4045 BUFFER=1 SUBPAGES=0/1 GAP_MS=64.271 HASH=8ecd1000abaf9c46
CYCLE=0 PAIR=4046 BUFFER=2 SUBPAGES=0/1 GAP_MS=64.763 HASH=dbce8e413186df81
CYCLE=0 PAIR=4047 BUFFER=3 SUBPAGES=0/1 GAP_MS=63.979 HASH=c3391d6c36296147
CYCLE=0 PAIR=4048 BUFFER=0 SUBPAGES=0/1 GAP_MS=63.957 HASH=aee981e96d53e9cc
CYCLE=0 PAIR=4049 BUFFER=1 SUBPAGES=0/1 GAP_MS=62.615 HASH=a1b3e9185ca0b69f
CYCLE=0 PAIR=4050 BUFFER=2 SUBPAGES=0/1 GAP_MS=64.788 HASH=43202700a124c44c
CYCLE=0 PAIR=4051 BUFFER=3 SUBPAGES=0/1 GAP_MS=63.470 HASH=1cd14e5c352a8105
CYCLE=0 PAIR=4052 BUFFER=0 SUBPAGES=0/1 GAP_MS=63.404 HASH=d0778c5fe278ad1d
CYCLE=0 PAIR=4053 BUFFER=1 SUBPAGES=0/1 GAP_MS=64.472 HASH=a681a5981ab0b2b2
CYCLE=0 PAIR=4054 BUFFER=2 SUBPAGES=0/1 GAP_MS=63.767 HASH=a5e4117dabcdd8c3
CYCLE=0 PAIR=4055 BUFFER=3 SUBPAGES=0/1 GAP_MS=63.061 HASH=f53ed4cca22e304b
CYCLE=0 PAIR=4056 BUFFER=0 SUBPAGES=0/1 GAP_MS=62.687 HASH=3ba7390368706e51
CYCLE=0 PAIR=4057 BUFFER=1 SUBPAGES=0/1 GAP_MS=64.451 HASH=d56b69b6bf4b99a8
CYCLE=0 PAIR=4058 BUFFER=2 SUBPAGES=0/1 GAP_MS=63.563 HASH=ec58d0845223c4db
CYCLE=0 PAIR=4059 BUFFER=3 SUBPAGES=0/1 GAP_MS=63.430 HASH=7d36d83f332f135c
CYCLE=0 PAIR=4060 BUFFER=0 SUBPAGES=0/1 GAP_MS=64.590 HASH=f805cc00f8f29da7
CYCLE=0 PAIR=4061 BUFFER=1 SUBPAGES=0/1 GAP_MS=62.224 HASH=33103a6182adb892
CYCLE=0 PAIR=4062 BUFFER=2 SUBPAGES=0/1 GAP_MS=63.713 HASH=d76b6f26c7fc4067
CYCLE=0 PAIR=4063 BUFFER=3 SUBPAGES=0/1 GAP_MS=63.343 HASH=3fa8c73340464456
CYCLE=0 PAIR=4064 BUFFER=0 SUBPAGES=0/1 GAP_MS=63.821 HASH=a3f5cc38aa359ae5
CYCLE=0 PAIR=4065 BUFFER=1 SUBPAGES=0/1 GAP_MS=63.063 HASH=7a756498b90075f2
CYCLE=0 PAIR=4066 BUFFER=2 SUBPAGES=0/1 GAP_MS=64.673 HASH=efe3cc22bfeab9a2
CYCLE=0 PAIR=4067 BUFFER=3 SUBPAGES=0/1 GAP_MS=64.233 HASH=615a5bd28c64a656
CYCLE=0 PAIR=4068 BUFFER=0 SUBPAGES=0/1 GAP_MS=65.430 HASH=3d5a921ef3f7a291
CYCLE=0 PAIR=4069 BUFFER=1 SUBPAGES=0/1 GAP_MS=64.021 HASH=a18d9a0437ae8892
CYCLE=0 PAIR=4070 BUFFER=2 SUBPAGES=0/1 GAP_MS=63.830 HASH=58c1c6069fbd092f
CYCLE=0 PAIR=4071 BUFFER=3 SUBPAGES=0/1 GAP_MS=64.659 HASH=47d5cf08d685c673
CYCLE=0 PAIR=4072 BUFFER=0 SUBPAGES=0/1 GAP_MS=62.193 HASH=bb4f1b21bd86afc4
CYCLE=0 PAIR=4073 BUFFER=1 SUBPAGES=0/1 GAP_MS=64.167 HASH=75f47d8436576cfc
CYCLE=0 PAIR=4074 BUFFER=2 SUBPAGES=0/1 GAP_MS=64.390 HASH=5d1a2870bb9bf575
CYCLE=0 PAIR=4075 BUFFER=3 SUBPAGES=0/1 GAP_MS=65.051 HASH=ab16f06b77781caf
CYCLE=0 PAIR=4076 BUFFER=0 SUBPAGES=0/1 GAP_MS=63.344 HASH=c630dc645ef17ebc
CYCLE=0 PAIR=4077 BUFFER=1 SUBPAGES=0/1 GAP_MS=63.983 HASH=2500a79006205a83
CYCLE=0 PAIR=4078 BUFFER=2 SUBPAGES=0/1 GAP_MS=64.291 HASH=89b070f760860e80
CYCLE=0 PAIR=4079 BUFFER=3 SUBPAGES=0/1 GAP_MS=64.056 HASH=f459fc4f060533a6
CYCLE=0 PAIR=4080 BUFFER=0 SUBPAGES=0/1 GAP_MS=63.286 HASH=1be8d1899545e3e1
CYCLE=0 PAIR=4081 BUFFER=1 SUBPAGES=0/1 GAP_MS=64.242 HASH=0cdfc4a72ab46038
CYCLE=0 PAIR=4082 BUFFER=2 SUBPAGES=0/1 GAP_MS=64.208 HASH=1b8992fa31b98d67
CYCLE=0 PAIR=4083 BUFFER=3 SUBPAGES=0/1 GAP_MS=64.110 HASH=9ef308a57b4d0619
CYCLE=0 PAIR=4084 BUFFER=0 SUBPAGES=0/1 GAP_MS=62.864 HASH=c245c2a39267463e
CYCLE=0 PAIR=4085 BUFFER=1 SUBPAGES=0/1 GAP_MS=63.811 HASH=4960aad94ebba15c
CYCLE=0 PAIR=4086 BUFFER=2 SUBPAGES=0/1 GAP_MS=63.409 HASH=2c9be59f4c241523
CYCLE=0 PAIR=4087 BUFFER=3 SUBPAGES=0/1 GAP_MS=64.946 HASH=c76867cdd1f398f9
CYCLE=0 PAIR=4088 BUFFER=0 SUBPAGES=0/1 GAP_MS=64.651 HASH=08d9eb78aa02e78a
CYCLE=0 PAIR=4089 BUFFER=1 SUBPAGES=0/1 GAP_MS=63.595 HASH=45634cc061b0040f
CYCLE=0 PAIR=4090 BUFFER=2 SUBPAGES=0/1 GAP_MS=64.735 HASH=ca15da9055db8615
CYCLE=0 PAIR=4091 BUFFER=3 SUBPAGES=0/1 GAP_MS=64.114 HASH=968d9eafa9a56504
CYCLE=0 PAIR=4092 BUFFER=0 SUBPAGES=0/1 GAP_MS=63.608 HASH=4d1b606543d286d3
CYCLE=0 PAIR=4093 BUFFER=1 SUBPAGES=0/1 GAP_MS=64.325 HASH=62d28dceae858888
CYCLE=0 PAIR=4094 BUFFER=2 SUBPAGES=0/1 GAP_MS=63.665 HASH=578584778ab41887
CYCLE=0 PAIR=4095 BUFFER=3 SUBPAGES=0/1 GAP_MS=64.562 HASH=e39f9f8520b0bda8
CYCLE=0 PAIR=4096 BUFFER=0 SUBPAGES=0/1 GAP_MS=62.786 HASH=9bc345fa20a0b892
CYCLE=0 PAIR=4097 BUFFER=1 SUBPAGES=0/1 GAP_MS=63.085 HASH=6b2e5ec88bf8268f
CYCLE=0 PAIR=4098 BUFFER=2 SUBPAGES=0/1 GAP_MS=63.239 HASH=d4e24995c33440d3
CYCLE=0 PAIR=4099 BUFFER=3 SUBPAGES=0/1 GAP_MS=64.034 HASH=9a8f7015cb8c313b
CYCLE=0 PAIR=4100 BUFFER=0 SUBPAGES=0/1 GAP_MS=63.838 HASH=c2d0abd230ae2716
CYCLE=0 PAIR=4101 BUFFER=1 SUBPAGES=0/1 GAP_MS=63.362 HASH=a2417159eda99d86
CYCLE=0 PAIR=4102 BUFFER=2 SUBPAGES=0/1 GAP_MS=62.420 HASH=74bb729e7e1ac357
CYCLE=0 PAIR=4103 BUFFER=3 SUBPAGES=0/1 GAP_MS=64.747 HASH=c6f92b9243df6766
CYCLE=0 PAIR=4104 BUFFER=0 SUBPAGES=0/1 GAP_MS=63.406 HASH=9f3a91eaca7288d6
CYCLE=0 PAIR=4105 BUFFER=1 SUBPAGES=0/1 GAP_MS=64.292 HASH=d76f04223b20e6fb
CYCLE=0 PAIR=4106 BUFFER=2 SUBPAGES=0/1 GAP_MS=63.747 HASH=455f8ddb80a0904c
CYCLE=0 PAIR=4107 BUFFER=3 SUBPAGES=0/1 GAP_MS=62.621 HASH=1e7f0da957c375c8
CYCLE=0 PAIR=4108 BUFFER=0 SUBPAGES=0/1 GAP_MS=64.275 HASH=617527d5c7006219
CYCLE=0 PAIR=4109 BUFFER=1 SUBPAGES=0/1 GAP_MS=62.705 HASH=7dfb488574be0bea
CYCLE=0 PAIR=4110 BUFFER=2 SUBPAGES=0/1 GAP_MS=64.190 HASH=39c76666d071a921
CYCLE=0 PAIR=4111 BUFFER=3 SUBPAGES=0/1 GAP_MS=63.742 HASH=a7a32ff2ea0f2669
CYCLE=0 PAIR=4112 BUFFER=0 SUBPAGES=0/1 GAP_MS=64.102 HASH=483e16c3bb06f5bc
CYCLE=0 PAIR=4113 BUFFER=1 SUBPAGES=0/1 GAP_MS=65.220 HASH=44ecd2079c470cc9
CYCLE=0 PAIR=4114 BUFFER=2 SUBPAGES=0/1 GAP_MS=63.184 HASH=0ff00d347a68a2a9
CYCLE=0 PAIR=4115 BUFFER=3 SUBPAGES=0/1 GAP_MS=63.088 HASH=f31ad15d1155328c
CYCLE=0 PAIR=4116 BUFFER=0 SUBPAGES=0/1 GAP_MS=62.972 HASH=bf841b325e0f784c
CYCLE=0 PAIR=4117 BUFFER=1 SUBPAGES=0/1 GAP_MS=64.283 HASH=21955bdf72ca6d4b
CYCLE=0 PAIR=4118 BUFFER=2 SUBPAGES=0/1 GAP_MS=63.320 HASH=12e3a2376a38f2a7
CYCLE=0 PAIR=4119 BUFFER=3 SUBPAGES=0/1 GAP_MS=63.510 HASH=f4894fd8f88c6cbd
CYCLE=0 PAIR=4120 BUFFER=0 SUBPAGES=0/1 GAP_MS=63.847 HASH=099e1a55c0e47949
CYCLE=0 PAIR=4121 BUFFER=1 SUBPAGES=0/1 GAP_MS=63.515 HASH=306b17cd1a243f16
CYCLE=0 PAIR=4122 BUFFER=2 SUBPAGES=0/1 GAP_MS=63.323 HASH=b4b356b9e5981913
CYCLE=0 PAIR=4123 BUFFER=3 SUBPAGES=0/1 GAP_MS=64.251 HASH=0e1574c383434c94
CYCLE=0 PAIR=4124 BUFFER=0 SUBPAGES=0/1 GAP_MS=64.513 HASH=7aea6970ca6d2b0a
CYCLE=0 PAIR=4125 BUFFER=1 SUBPAGES=0/1 GAP_MS=63.458 HASH=1be1906d2aaf2cc4
CYCLE=0 PAIR=4126 BUFFER=2 SUBPAGES=0/1 GAP_MS=63.923 HASH=11608dd3bbda4ce9
CYCLE=0 PAIR=4127 BUFFER=3 SUBPAGES=0/1 GAP_MS=63.813 HASH=ec8d06f27c93a586
CYCLE=0 PAIR=4128 BUFFER=0 SUBPAGES=0/1 GAP_MS=65.417 HASH=467b9b2559ad5ea5
CYCLE=0 PAIR=4129 BUFFER=1 SUBPAGES=0/1 GAP_MS=61.932 HASH=bf417b80ff8d1c05
CYCLE=0 PAIR=4130 BUFFER=2 SUBPAGES=0/1 GAP_MS=63.467 HASH=7e825c903b859de1
CYCLE=0 PAIR=4131 BUFFER=3 SUBPAGES=0/1 GAP_MS=65.371 HASH=e1280f2cf1fc7e50
CYCLE=0 PAIR=4132 BUFFER=0 SUBPAGES=0/1 GAP_MS=63.822 HASH=c38607a25febcbb8
CYCLE=0 PAIR=4133 BUFFER=1 SUBPAGES=0/1 GAP_MS=64.500 HASH=a4695d596014a51b
CYCLE=0 PAIR=4134 BUFFER=2 SUBPAGES=0/1 GAP_MS=63.478 HASH=fa005d11a45c0b49
CYCLE=0 PAIR=4135 BUFFER=3 SUBPAGES=0/1 GAP_MS=64.199 HASH=8e41628aeb59a315
CYCLE=0 PAIR=4136 BUFFER=0 SUBPAGES=0/1 GAP_MS=64.893 HASH=0a43c31c45752842
CYCLE=0 PAIR=4137 BUFFER=1 SUBPAGES=0/1 GAP_MS=64.007 HASH=4a7d80c9cdc09934
CYCLE=0 PAIR=4138 BUFFER=2 SUBPAGES=0/1 GAP_MS=64.841 HASH=cce5067d861cda52
CYCLE=0 PAIR=4139 BUFFER=3 SUBPAGES=0/1 GAP_MS=62.369 HASH=0d67a74c4950fafe
CYCLE=0 PAIR=4140 BUFFER=0 SUBPAGES=0/1 GAP_MS=63.811 HASH=3049af2a01815851
CYCLE=0 PAIR=4141 BUFFER=1 SUBPAGES=0/1 GAP_MS=63.802 HASH=60b03ed33efa7c10
CYCLE=0 PAIR=4142 BUFFER=2 SUBPAGES=0/1 GAP_MS=63.990 HASH=9b67673ba87063e8
CYCLE=0 PAIR=4143 BUFFER=3 SUBPAGES=0/1 GAP_MS=64.729 HASH=4b9953efc37aadf7
CYCLE=0 PAIR=4144 BUFFER=0 SUBPAGES=0/1 GAP_MS=64.040 HASH=1db9a945211370ab
CYCLE=0 PAIR=4145 BUFFER=1 SUBPAGES=0/1 GAP_MS=64.450 HASH=42a0c0237f9d5bbc
CYCLE=0 PAIR=4146 BUFFER=2 SUBPAGES=0/1 GAP_MS=64.733 HASH=026585a697033dba
CYCLE=0 PAIR=4147 BUFFER=3 SUBPAGES=0/1 GAP_MS=64.203 HASH=031f1b7a695c16d2
CYCLE=0 PAIR=4148 BUFFER=0 SUBPAGES=0/1 GAP_MS=63.566 HASH=14d6b7faef547f84
CYCLE=0 PAIR=4149 BUFFER=1 SUBPAGES=0/1 GAP_MS=63.370 HASH=944c64536c818060
CYCLE=0 PAIR=4150 BUFFER=2 SUBPAGES=0/1 GAP_MS=63.646 HASH=1ab050b365d5c31b
CYCLE=0 PAIR=4151 BUFFER=3 SUBPAGES=0/1 GAP_MS=63.349 HASH=38ba3db51ab3130a
CYCLE=0 PAIR=4152 BUFFER=0 SUBPAGES=0/1 GAP_MS=65.354 HASH=517908a55092e2a3
CYCLE=0 PAIR=4153 BUFFER=1 SUBPAGES=0/1 GAP_MS=64.334 HASH=9e99bd11268488a5
CYCLE=0 PAIR=4154 BUFFER=2 SUBPAGES=0/1 GAP_MS=63.816 HASH=3238ebdc9cd6ac03
CYCLE=0 PAIR=4155 BUFFER=3 SUBPAGES=0/1 GAP_MS=64.774 HASH=499de479db4de3ab
CYCLE=0 PAIR=4156 BUFFER=0 SUBPAGES=0/1 GAP_MS=65.394 HASH=f775f5312903883e
CYCLE=0 PAIR=4157 BUFFER=1 SUBPAGES=0/1 GAP_MS=63.536 HASH=503db4d27fabfc8d
CYCLE=0 PAIR=4158 BUFFER=2 SUBPAGES=0/1 GAP_MS=63.830 HASH=93c3e4b5c3d59224
CYCLE=0 PAIR=4159 BUFFER=3 SUBPAGES=0/1 GAP_MS=64.774 HASH=afdff2afff811e0e
CYCLE=0 PAIR=4160 BUFFER=0 SUBPAGES=0/1 GAP_MS=65.086 HASH=bc676e5878ceeb5c
CYCLE=0 PAIR=4161 BUFFER=1 SUBPAGES=0/1 GAP_MS=64.381 HASH=a042d1286409ff5f
CYCLE=0 PAIR=4162 BUFFER=2 SUBPAGES=0/1 GAP_MS=62.522 HASH=4d58bad685a3c26e
CYCLE=0 PAIR=4163 BUFFER=3 SUBPAGES=0/1 GAP_MS=63.211 HASH=763ec62a19092420
CYCLE=0 PAIR=4164 BUFFER=0 SUBPAGES=0/1 GAP_MS=64.985 HASH=6047c2c8ee095172
CYCLE=0 PAIR=4165 BUFFER=1 SUBPAGES=0/1 GAP_MS=63.947 HASH=e7896888faa816d2
CYCLE=0 PAIR=4166 BUFFER=2 SUBPAGES=0/1 GAP_MS=63.981 HASH=f8951bed8601aea9
CYCLE=0 PAIR=4167 BUFFER=3 SUBPAGES=0/1 GAP_MS=64.063 HASH=3ec5ba41d47cfb3c
CYCLE=0 PAIR=4168 BUFFER=0 SUBPAGES=0/1 GAP_MS=62.523 HASH=1a6f83e53cf0f6f9
CYCLE=0 PAIR=4169 BUFFER=1 SUBPAGES=0/1 GAP_MS=63.741 HASH=13ce6741df3850cf
CYCLE=0 PAIR=4170 BUFFER=2 SUBPAGES=0/1 GAP_MS=64.381 HASH=bcc0d3252a8c5adf
CYCLE=0 PAIR=4171 BUFFER=3 SUBPAGES=0/1 GAP_MS=63.212 HASH=31a14a2ba4ef5019
CYCLE=0 PAIR=4172 BUFFER=0 SUBPAGES=0/1 GAP_MS=63.607 HASH=72a4cff4a47c68b8
CYCLE=0 PAIR=4173 BUFFER=1 SUBPAGES=0/1 GAP_MS=63.639 HASH=a4f002b2fb4ecd0d
CYCLE=0 PAIR=4174 BUFFER=2 SUBPAGES=0/1 GAP_MS=64.317 HASH=ddc4f8e1355c5ac3
CYCLE=0 PAIR=4175 BUFFER=3 SUBPAGES=0/1 GAP_MS=63.829 HASH=ca184c40e4b146a2
CYCLE=0 PAIR=4176 BUFFER=0 SUBPAGES=0/1 GAP_MS=64.760 HASH=415b03c67e103ce0
CYCLE=0 PAIR=4177 BUFFER=1 SUBPAGES=0/1 GAP_MS=65.089 HASH=799727439caa5597
CYCLE=0 PAIR=4178 BUFFER=2 SUBPAGES=0/1 GAP_MS=67.348 HASH=8a16610df08d2aba
CYCLE=0 PAIR=4179 BUFFER=3 SUBPAGES=0/1 GAP_MS=64.013 HASH=f7ebde1e38f0a619
CYCLE=0 PAIR=4180 BUFFER=0 SUBPAGES=0/1 GAP_MS=63.325 HASH=096fa0f0e2bea8c7
CYCLE=0 PAIR=4181 BUFFER=1 SUBPAGES=0/1 GAP_MS=65.225 HASH=ff2aefa872fc837d
CYCLE=0 PAIR=4182 BUFFER=2 SUBPAGES=0/1 GAP_MS=63.102 HASH=8a4981c6d022db20
CYCLE=0 PAIR=4183 BUFFER=3 SUBPAGES=0/1 GAP_MS=64.334 HASH=4b96b77cd25b8f8a
CYCLE=0 PAIR=4184 BUFFER=0 SUBPAGES=0/1 GAP_MS=62.967 HASH=55f3bf845deb7576
CYCLE=0 PAIR=4185 BUFFER=1 SUBPAGES=0/1 GAP_MS=64.042 HASH=d5840c7a021be590
CYCLE=0 PAIR=4186 BUFFER=2 SUBPAGES=0/1 GAP_MS=64.074 HASH=deab1d3144b269f2
CYCLE=0 PAIR=4187 BUFFER=3 SUBPAGES=0/1 GAP_MS=63.674 HASH=46dac5768c9454e4
CYCLE=0 PAIR=4188 BUFFER=0 SUBPAGES=0/1 GAP_MS=63.767 HASH=7cd43b664c44d163
CYCLE=0 PAIR=4189 BUFFER=1 SUBPAGES=0/1 GAP_MS=64.214 HASH=842d63b1861ea8ab
CYCLE=0 PAIR=4190 BUFFER=2 SUBPAGES=0/1 GAP_MS=63.768 HASH=dd78ae52b9734baa
CYCLE=0 PAIR=4191 BUFFER=3 SUBPAGES=0/1 GAP_MS=62.447 HASH=f698c4d083d14073
CYCLE=0 PAIR=4192 BUFFER=0 SUBPAGES=0/1 GAP_MS=64.488 HASH=47a70b30322c0df8
CYCLE=0 PAIR=4193 BUFFER=1 SUBPAGES=0/1 GAP_MS=64.956 HASH=fff55de3faeb2c03
CYCLE=0 PAIR=4194 BUFFER=2 SUBPAGES=0/1 GAP_MS=64.138 HASH=4c88f3cd78611ae9
CYCLE=0 PAIR=4195 BUFFER=3 SUBPAGES=0/1 GAP_MS=62.821 HASH=0313c02ba9410b63
CYCLE=0 PAIR=4196 BUFFER=0 SUBPAGES=0/1 GAP_MS=62.941 HASH=6b95df92624a48ff
CYCLE=0 PAIR=4197 BUFFER=1 SUBPAGES=0/1 GAP_MS=63.671 HASH=3c83426434cdfd26
CYCLE=0 PAIR=4198 BUFFER=2 SUBPAGES=0/1 GAP_MS=62.350 HASH=ab6e8f71bc68392d
CYCLE=0 PAIR=4199 BUFFER=3 SUBPAGES=0/1 GAP_MS=65.097 HASH=4c1f6ab60cac7ba2
CYCLE=0 PAIR=4200 BUFFER=0 SUBPAGES=0/1 GAP_MS=63.375 HASH=e0e23890f11d5a7f
CYCLE=0 PAIR=4201 BUFFER=1 SUBPAGES=0/1 GAP_MS=64.221 HASH=0e82f354549887bc
CYCLE=0 PAIR=4202 BUFFER=2 SUBPAGES=0/1 GAP_MS=64.252 HASH=28ce4e1fc97914b9
CYCLE=0 PAIR=4203 BUFFER=3 SUBPAGES=0/1 GAP_MS=62.519 HASH=16156ee7eb8a18a8
CYCLE=0 PAIR=4204 BUFFER=0 SUBPAGES=0/1 GAP_MS=64.084 HASH=d4bbb1ec21b4d82a
CYCLE=0 PAIR=4205 BUFFER=1 SUBPAGES=0/1 GAP_MS=62.896 HASH=3921ee9fc05b27ac
CYCLE=0 PAIR=4206 BUFFER=2 SUBPAGES=0/1 GAP_MS=65.059 HASH=5f5a7e7e5ebf2fae
CYCLE=0 PAIR=4207 BUFFER=3 SUBPAGES=0/1 GAP_MS=63.713 HASH=a5f980c34f5e5767
CYCLE=0 PAIR=4208 BUFFER=0 SUBPAGES=0/1 GAP_MS=66.380 HASH=85493615b04c8b2c
CYCLE=0 PAIR=4209 BUFFER=1 SUBPAGES=0/1 GAP_MS=64.360 HASH=b6ece1e7e5c1c877
CYCLE=0 PAIR=4210 BUFFER=2 SUBPAGES=0/1 GAP_MS=63.909 HASH=eca686b0a7c6772c
CYCLE=0 PAIR=4211 BUFFER=3 SUBPAGES=0/1 GAP_MS=63.352 HASH=a56418f35232937b
CYCLE=0 PAIR=4212 BUFFER=0 SUBPAGES=0/1 GAP_MS=64.067 HASH=7d1b143855eb1a4a
CYCLE=0 PAIR=4213 BUFFER=1 SUBPAGES=0/1 GAP_MS=64.954 HASH=9cc563b50170031a
CYCLE=0 PAIR=4214 BUFFER=2 SUBPAGES=0/1 GAP_MS=63.779 HASH=d0539b13a1f30105
CYCLE=0 PAIR=4215 BUFFER=3 SUBPAGES=0/1 GAP_MS=63.687 HASH=8af23208fd7c0055
CYCLE=0 PAIR=4216 BUFFER=0 SUBPAGES=0/1 GAP_MS=63.801 HASH=551fb96ba3e00fca
CYCLE=0 PAIR=4217 BUFFER=1 SUBPAGES=0/1 GAP_MS=63.772 HASH=983897858afb7fa7
CYCLE=0 PAIR=4218 BUFFER=2 SUBPAGES=0/1 GAP_MS=63.335 HASH=ce39415ec9027ba7
CYCLE=0 PAIR=4219 BUFFER=3 SUBPAGES=0/1 GAP_MS=63.902 HASH=37b6277065b90306
CYCLE=0 PAIR=4220 BUFFER=0 SUBPAGES=0/1 GAP_MS=63.425 HASH=645269d5c60f5ff3
CYCLE=0 PAIR=4221 BUFFER=1 SUBPAGES=0/1 GAP_MS=63.330 HASH=348f1c4286ea9221
CYCLE=0 PAIR=4222 BUFFER=2 SUBPAGES=0/1 GAP_MS=63.494 HASH=718d4870ae7c45ae
CYCLE=0 PAIR=4223 BUFFER=3 SUBPAGES=0/1 GAP_MS=62.903 HASH=d63a550038ce9a31
CYCLE=0 PAIR=4224 BUFFER=0 SUBPAGES=0/1 GAP_MS=62.915 HASH=684c0b6269e3a1f5
CYCLE=0 PAIR=4225 BUFFER=1 SUBPAGES=0/1 GAP_MS=65.334 HASH=79cc104b0c5bdd16
CYCLE=0 PAIR=4226 BUFFER=2 SUBPAGES=0/1 GAP_MS=63.057 HASH=d685263dccc6bdb7
CYCLE=0 PAIR=4227 BUFFER=3 SUBPAGES=0/1 GAP_MS=63.882 HASH=48396f305417e25b
CYCLE=0 PAIR=4228 BUFFER=0 SUBPAGES=0/1 GAP_MS=62.880 HASH=a88915bc50cc1235
CYCLE=0 PAIR=4229 BUFFER=1 SUBPAGES=0/1 GAP_MS=63.879 HASH=b2584c262bb3db4b
CYCLE=0 PAIR=4230 BUFFER=2 SUBPAGES=0/1 GAP_MS=64.446 HASH=b397317a9653f2d4
CYCLE=0 PAIR=4231 BUFFER=3 SUBPAGES=0/1 GAP_MS=64.301 HASH=c4f7614b1087ed79
CYCLE=0 PAIR=4232 BUFFER=0 SUBPAGES=0/1 GAP_MS=64.747 HASH=254fb009523e7ca9
CYCLE=0 PAIR=4233 BUFFER=1 SUBPAGES=0/1 GAP_MS=64.260 HASH=3d82735fecd494cf
CYCLE=0 PAIR=4234 BUFFER=2 SUBPAGES=0/1 GAP_MS=63.998 HASH=29f37e9876824b73
CYCLE=0 PAIR=4235 BUFFER=3 SUBPAGES=0/1 GAP_MS=64.780 HASH=3809cde2c89bda63
CYCLE=0 PAIR=4236 BUFFER=0 SUBPAGES=0/1 GAP_MS=64.348 HASH=6fee92f4dda8b293
CYCLE=0 PAIR=4237 BUFFER=1 SUBPAGES=0/1 GAP_MS=63.811 HASH=7f1a74e6a009a74d
CYCLE=0 PAIR=4238 BUFFER=2 SUBPAGES=0/1 GAP_MS=63.486 HASH=6662bb452ab3fcf0
CYCLE=0 PAIR=4239 BUFFER=3 SUBPAGES=0/1 GAP_MS=65.187 HASH=f6688171fea9e6f0
CYCLE=0 PAIR=4240 BUFFER=0 SUBPAGES=0/1 GAP_MS=63.086 HASH=e956a7e9c6825c53
CYCLE=0 PAIR=4241 BUFFER=1 SUBPAGES=0/1 GAP_MS=65.020 HASH=0072c6c995966ee3
CYCLE=0 PAIR=4242 BUFFER=2 SUBPAGES=0/1 GAP_MS=64.205 HASH=18966a370ca9c587
CYCLE=0 PAIR=4243 BUFFER=3 SUBPAGES=0/1 GAP_MS=63.916 HASH=0d728e0be3945384
CYCLE=0 PAIR=4244 BUFFER=0 SUBPAGES=0/1 GAP_MS=63.459 HASH=6adfd609d26b4e93
CYCLE=0 PAIR=4245 BUFFER=1 SUBPAGES=0/1 GAP_MS=64.248 HASH=17afc56ba9575f4d
CYCLE=0 PAIR=4246 BUFFER=2 SUBPAGES=0/1 GAP_MS=64.767 HASH=8157119a8f991a72
CYCLE=0 PAIR=4247 BUFFER=3 SUBPAGES=0/1 GAP_MS=63.249 HASH=192514ba04c4b41a
CYCLE=0 PAIR=4248 BUFFER=0 SUBPAGES=0/1 GAP_MS=63.017 HASH=f7321a0982d672fe
CYCLE=0 PAIR=4249 BUFFER=1 SUBPAGES=0/1 GAP_MS=63.423 HASH=259d2c0185549d1e
CYCLE=0 PAIR=4250 BUFFER=2 SUBPAGES=0/1 GAP_MS=63.963 HASH=4fca0429435da9cb
CYCLE=0 PAIR=4251 BUFFER=3 SUBPAGES=0/1 GAP_MS=64.136 HASH=94b2e467064f0367
CYCLE=0 PAIR=4252 BUFFER=0 SUBPAGES=0/1 GAP_MS=63.882 HASH=ff84c2f3ec907ac7
CYCLE=0 PAIR=4253 BUFFER=1 SUBPAGES=0/1 GAP_MS=63.965 HASH=ef1063bec7348067
CYCLE=0 PAIR=4254 BUFFER=2 SUBPAGES=0/1 GAP_MS=64.083 HASH=0d3f2b575f592d9e
CYCLE=0 PAIR=4255 BUFFER=3 SUBPAGES=0/1 GAP_MS=64.301 HASH=0f85b3af83c2ebbc
CYCLE=0 PAIR=4256 BUFFER=0 SUBPAGES=0/1 GAP_MS=63.463 HASH=cddf2c76f2d95558
CYCLE=0 PAIR=4257 BUFFER=1 SUBPAGES=0/1 GAP_MS=62.114 HASH=f76720b556cb1f92
CYCLE=0 PAIR=4258 BUFFER=2 SUBPAGES=0/1 GAP_MS=64.215 HASH=1f63e456c65f32f1
CYCLE=0 PAIR=4259 BUFFER=3 SUBPAGES=0/1 GAP_MS=63.965 HASH=5cf063387633f450
CYCLE=0 PAIR=4260 BUFFER=0 SUBPAGES=0/1 GAP_MS=63.814 HASH=3e6a8a8ab659a7b7
CYCLE=0 PAIR=4261 BUFFER=1 SUBPAGES=0/1 GAP_MS=63.483 HASH=3b1e8879a24728ad
CYCLE=0 PAIR=4262 BUFFER=2 SUBPAGES=0/1 GAP_MS=65.561 HASH=bab4fa5d33fd9c3c
CYCLE=0 PAIR=4263 BUFFER=3 SUBPAGES=0/1 GAP_MS=62.261 HASH=6baac71b438005db
CYCLE=0 PAIR=4264 BUFFER=0 SUBPAGES=0/1 GAP_MS=64.018 HASH=64fc17bedcecfa02
CYCLE=0 PAIR=4265 BUFFER=1 SUBPAGES=0/1 GAP_MS=64.364 HASH=8bc10e224cc91dc1
CYCLE=0 PAIR=4266 BUFFER=2 SUBPAGES=0/1 GAP_MS=63.732 HASH=808f92b1c99701ce
CYCLE=0 PAIR=4267 BUFFER=3 SUBPAGES=0/1 GAP_MS=64.006 HASH=d090381f8ae455ae
CYCLE=0 PAIR=4268 BUFFER=0 SUBPAGES=0/1 GAP_MS=63.321 HASH=223de2d5f1854c64
CYCLE=0 PAIR=4269 BUFFER=1 SUBPAGES=0/1 GAP_MS=63.357 HASH=bb3c57c60dc232ad
CYCLE=0 PAIR=4270 BUFFER=2 SUBPAGES=0/1 GAP_MS=64.330 HASH=0c46c839a652a4be
CYCLE=0 PAIR=4271 BUFFER=3 SUBPAGES=0/1 GAP_MS=64.231 HASH=80fb393a27178bf5
CYCLE=0 PAIR=4272 BUFFER=0 SUBPAGES=0/1 GAP_MS=64.297 HASH=b25118988838bede
CYCLE=0 PAIR=4273 BUFFER=1 SUBPAGES=0/1 GAP_MS=62.949 HASH=a8502b945046dc9f
CYCLE=0 PAIR=4274 BUFFER=2 SUBPAGES=0/1 GAP_MS=63.722 HASH=b109468fd752db08
CYCLE=0 PAIR=4275 BUFFER=3 SUBPAGES=0/1 GAP_MS=64.358 HASH=4d4f816ada760c5e
CYCLE=0 PAIR=4276 BUFFER=0 SUBPAGES=0/1 GAP_MS=63.828 HASH=a3defee7037a44c7
CYCLE=0 PAIR=4277 BUFFER=1 SUBPAGES=0/1 GAP_MS=62.901 HASH=b5b75f2e7f3ba4b2
CYCLE=0 PAIR=4278 BUFFER=2 SUBPAGES=0/1 GAP_MS=63.270 HASH=be135d054dba918a
CYCLE=0 PAIR=4279 BUFFER=3 SUBPAGES=0/1 GAP_MS=63.459 HASH=72fa6093a848c79a
CYCLE=0 PAIR=4280 BUFFER=0 SUBPAGES=0/1 GAP_MS=63.408 HASH=2e278210744e15d9
CYCLE=0 PAIR=4281 BUFFER=1 SUBPAGES=0/1 GAP_MS=64.640 HASH=edb838b3d126ad55
CYCLE=0 PAIR=4282 BUFFER=2 SUBPAGES=0/1 GAP_MS=63.949 HASH=fce5a7570f89ac8a
CYCLE=0 PAIR=4283 BUFFER=3 SUBPAGES=0/1 GAP_MS=63.727 HASH=89ad2fee28a39f96
CYCLE=0 PAIR=4284 BUFFER=0 SUBPAGES=0/1 GAP_MS=64.440 HASH=0493e9d0b83cb755
CYCLE=0 PAIR=4285 BUFFER=1 SUBPAGES=0/1 GAP_MS=65.300 HASH=5511785991f674d3
CYCLE=0 PAIR=4286 BUFFER=2 SUBPAGES=0/1 GAP_MS=63.104 HASH=b28deef11f41b2cf
CYCLE=0 PAIR=4287 BUFFER=3 SUBPAGES=0/1 GAP_MS=64.202 HASH=093fd3bec131564f
CYCLE=0 PAIR=4288 BUFFER=0 SUBPAGES=0/1 GAP_MS=62.469 HASH=f4bffdfa10dcc119
CYCLE=0 PAIR=4289 BUFFER=1 SUBPAGES=0/1 GAP_MS=63.650 HASH=79448a83b3c3475b
CYCLE=0 PAIR=4290 BUFFER=2 SUBPAGES=0/1 GAP_MS=65.265 HASH=d65a18344dc0af26
CYCLE=0 PAIR=4291 BUFFER=3 SUBPAGES=0/1 GAP_MS=63.138 HASH=60f2734968b47415
CYCLE=0 PAIR=4292 BUFFER=0 SUBPAGES=0/1 GAP_MS=63.772 HASH=3970f15f9c02220e
CYCLE=0 PAIR=4293 BUFFER=1 SUBPAGES=0/1 GAP_MS=64.519 HASH=6ab14b27060ec4f2
CYCLE=0 PAIR=4294 BUFFER=2 SUBPAGES=0/1 GAP_MS=63.245 HASH=51066221c6968a0e
CYCLE=0 PAIR=4295 BUFFER=3 SUBPAGES=0/1 GAP_MS=64.811 HASH=1ba348163c3157bd
CYCLE=0 PAIR=4296 BUFFER=0 SUBPAGES=0/1 GAP_MS=64.971 HASH=d7eb69db4a3907eb
CYCLE=0 PAIR=4297 BUFFER=1 SUBPAGES=0/1 GAP_MS=62.974 HASH=3c8856104b6558da
CYCLE=0 PAIR=4298 BUFFER=2 SUBPAGES=0/1 GAP_MS=64.924 HASH=38ec9aefc84813d5
CYCLE=0 PAIR=4299 BUFFER=3 SUBPAGES=0/1 GAP_MS=62.757 HASH=d1765baebc86e35b
CYCLE=0 PAIR=4300 BUFFER=0 SUBPAGES=0/1 GAP_MS=64.510 HASH=e08d2ccd59fbdee2
CYCLE=0 PAIR=4301 BUFFER=1 SUBPAGES=0/1 GAP_MS=63.991 HASH=5196b5daefab5f1b
CYCLE=0 PAIR=4302 BUFFER=2 SUBPAGES=0/1 GAP_MS=64.909 HASH=4b11c9ae6928453e
CYCLE=0 PAIR=4303 BUFFER=3 SUBPAGES=0/1 GAP_MS=62.686 HASH=ebf002f85e5fb723
CYCLE=0 PAIR=4304 BUFFER=0 SUBPAGES=0/1 GAP_MS=63.897 HASH=eef5379496e14f9d
CYCLE=0 PAIR=4305 BUFFER=1 SUBPAGES=0/1 GAP_MS=64.537 HASH=1b902f07eb2c718f
CYCLE=0 PAIR=4306 BUFFER=2 SUBPAGES=0/1 GAP_MS=63.260 HASH=4d3eb76fd68e3a37
CYCLE=0 PAIR=4307 BUFFER=3 SUBPAGES=0/1 GAP_MS=63.449 HASH=7079fc5ab0f32e1a
CYCLE=0 PAIR=4308 BUFFER=0 SUBPAGES=0/1 GAP_MS=63.708 HASH=19200b96114ed997
CYCLE=0 PAIR=4309 BUFFER=1 SUBPAGES=0/1 GAP_MS=63.411 HASH=c7dcfb697b25377f
CYCLE=0 PAIR=4310 BUFFER=2 SUBPAGES=0/1 GAP_MS=64.147 HASH=a51d558efbf818d0
CYCLE=0 PAIR=4311 BUFFER=3 SUBPAGES=0/1 GAP_MS=63.632 HASH=e7969ec6222f8a35
CYCLE=0 PAIR=4312 BUFFER=0 SUBPAGES=0/1 GAP_MS=63.695 HASH=a04ea40f5562b7d1
CYCLE=0 PAIR=4313 BUFFER=1 SUBPAGES=0/1 GAP_MS=63.990 HASH=6c18c534ea4bddaa
CYCLE=0 PAIR=4314 BUFFER=2 SUBPAGES=0/1 GAP_MS=63.622 HASH=34c10562b867cfaa
CYCLE=0 PAIR=4315 BUFFER=3 SUBPAGES=0/1 GAP_MS=63.411 HASH=b0b88c16cc47bd74
CYCLE=0 PAIR=4316 BUFFER=0 SUBPAGES=0/1 GAP_MS=63.708 HASH=e667eb78b1d02c7c
CYCLE=0 PAIR=4317 BUFFER=1 SUBPAGES=0/1 GAP_MS=64.489 HASH=b2f1843226bbddd1
CYCLE=0 PAIR=4318 BUFFER=2 SUBPAGES=0/1 GAP_MS=62.393 HASH=3621de5d944f09cb
CYCLE=0 PAIR=4319 BUFFER=3 SUBPAGES=0/1 GAP_MS=64.202 HASH=d9dad4d96723c55d
CYCLE=0 PAIR=4320 BUFFER=0 SUBPAGES=0/1 GAP_MS=62.516 HASH=ebb78706143796a1
CYCLE=0 PAIR=4321 BUFFER=1 SUBPAGES=0/1 GAP_MS=64.529 HASH=56b50ab55270fd15
CYCLE=0 PAIR=4322 BUFFER=2 SUBPAGES=0/1 GAP_MS=63.923 HASH=733b948723596139
CYCLE=0 PAIR=4323 BUFFER=3 SUBPAGES=0/1 GAP_MS=63.412 HASH=45383c287d62169f
CYCLE=0 PAIR=4324 BUFFER=0 SUBPAGES=0/1 GAP_MS=63.524 HASH=53caac1c182b958a
CYCLE=0 PAIR=4325 BUFFER=1 SUBPAGES=0/1 GAP_MS=63.092 HASH=1e70121fcbd384bf
CYCLE=0 PAIR=4326 BUFFER=2 SUBPAGES=0/1 GAP_MS=64.099 HASH=24655322e3722e59
CYCLE=0 PAIR=4327 BUFFER=3 SUBPAGES=0/1 GAP_MS=64.042 HASH=8594d12fa012c04e
CYCLE=0 PAIR=4328 BUFFER=0 SUBPAGES=0/1 GAP_MS=65.237 HASH=5318ded5742dbdc5
CYCLE=0 PAIR=4329 BUFFER=1 SUBPAGES=0/1 GAP_MS=64.344 HASH=8488fc364514f67b
CYCLE=0 PAIR=4330 BUFFER=2 SUBPAGES=0/1 GAP_MS=64.924 HASH=c1450247c01a322e
CYCLE=0 PAIR=4331 BUFFER=3 SUBPAGES=0/1 GAP_MS=64.021 HASH=d7cda7580c50f6b2
CYCLE=0 PAIR=4332 BUFFER=0 SUBPAGES=0/1 GAP_MS=63.813 HASH=b09d6eea40f21020
CYCLE=0 PAIR=4333 BUFFER=1 SUBPAGES=0/1 GAP_MS=63.935 HASH=089eab586b80811d
CYCLE=0 PAIR=4334 BUFFER=2 SUBPAGES=0/1 GAP_MS=63.426 HASH=1a5d996ad6570101
CYCLE=0 PAIR=4335 BUFFER=3 SUBPAGES=0/1 GAP_MS=64.177 HASH=8329e11be50c17c6
CYCLE=0 PAIR=4336 BUFFER=0 SUBPAGES=0/1 GAP_MS=64.452 HASH=cf652dfc9624604f
CYCLE=0 PAIR=4337 BUFFER=1 SUBPAGES=0/1 GAP_MS=64.362 HASH=18e365992e4b1de3
CYCLE=0 PAIR=4338 BUFFER=2 SUBPAGES=0/1 GAP_MS=64.851 HASH=b58d84fe72dbaeb2
CYCLE=0 PAIR=4339 BUFFER=3 SUBPAGES=0/1 GAP_MS=65.132 HASH=e6366982b5a6c0bd
CYCLE=0 PAIR=4340 BUFFER=0 SUBPAGES=0/1 GAP_MS=64.300 HASH=a4552a28f97bb65f
CYCLE=0 PAIR=4341 BUFFER=1 SUBPAGES=0/1 GAP_MS=63.540 HASH=ffef859954c6da0c
CYCLE=0 PAIR=4342 BUFFER=2 SUBPAGES=0/1 GAP_MS=63.885 HASH=9373311eb8b8a8c5
CYCLE=0 PAIR=4343 BUFFER=3 SUBPAGES=0/1 GAP_MS=65.693 HASH=c3adecc4b725e88a
CYCLE=0 PAIR=4344 BUFFER=0 SUBPAGES=0/1 GAP_MS=63.476 HASH=02068ae152db622f
CYCLE=0 PAIR=4345 BUFFER=1 SUBPAGES=0/1 GAP_MS=64.947 HASH=0efda919b1c53932
CYCLE=0 PAIR=4346 BUFFER=2 SUBPAGES=0/1 GAP_MS=62.790 HASH=ab3cc0a18af97bf4
CYCLE=0 PAIR=4347 BUFFER=3 SUBPAGES=0/1 GAP_MS=64.486 HASH=03aaad7d6b5f39b1
CYCLE=0 PAIR=4348 BUFFER=0 SUBPAGES=0/1 GAP_MS=64.899 HASH=2e3e67d2cd49d2f9
CYCLE=0 PAIR=4349 BUFFER=1 SUBPAGES=0/1 GAP_MS=65.071 HASH=a9fe3cfd3832a73e
CYCLE=0 PAIR=4350 BUFFER=2 SUBPAGES=0/1 GAP_MS=64.169 HASH=de43cce102accad0
CYCLE=0 PAIR=4351 BUFFER=3 SUBPAGES=0/1 GAP_MS=64.056 HASH=722c7b480abc7cad
CYCLE=0 PAIR=4352 BUFFER=0 SUBPAGES=0/1 GAP_MS=64.126 HASH=da80f28728542191
CYCLE=0 PAIR=4353 BUFFER=1 SUBPAGES=0/1 GAP_MS=63.597 HASH=f964e35b3decc0c7
CYCLE=0 PAIR=4354 BUFFER=2 SUBPAGES=0/1 GAP_MS=62.692 HASH=635b594f0d2fd48f
CYCLE=0 PAIR=4355 BUFFER=3 SUBPAGES=0/1 GAP_MS=63.645 HASH=a5a7524ef74ac227
CYCLE=0 PAIR=4356 BUFFER=0 SUBPAGES=0/1 GAP_MS=64.075 HASH=2fe642d16d411cd5
CYCLE=0 PAIR=4357 BUFFER=1 SUBPAGES=0/1 GAP_MS=63.004 HASH=01675f139203a918
CYCLE=0 PAIR=4358 BUFFER=2 SUBPAGES=0/1 GAP_MS=65.210 HASH=2033ba3b8f0c13f6
CYCLE=0 PAIR=4359 BUFFER=3 SUBPAGES=0/1 GAP_MS=62.859 HASH=15278665722edfb7
CYCLE=0 PAIR=4360 BUFFER=0 SUBPAGES=0/1 GAP_MS=64.003 HASH=558b50a4ff8ded54
CYCLE=0 PAIR=4361 BUFFER=1 SUBPAGES=0/1 GAP_MS=63.407 HASH=1d72d227172480a9
CYCLE=0 PAIR=4362 BUFFER=2 SUBPAGES=0/1 GAP_MS=65.379 HASH=d7165ece941bd589
CYCLE=0 PAIR=4363 BUFFER=3 SUBPAGES=0/1 GAP_MS=64.568 HASH=be6c8c70450eef69
CYCLE=0 PAIR=4364 BUFFER=0 SUBPAGES=0/1 GAP_MS=65.305 HASH=1dd3b7aaabc83238
CYCLE=0 PAIR=4365 BUFFER=1 SUBPAGES=0/1 GAP_MS=64.216 HASH=e7ee952e0d93c84e
CYCLE=0 PAIR=4366 BUFFER=2 SUBPAGES=0/1 GAP_MS=63.691 HASH=1db8b67c2feef1a7
CYCLE=0 PAIR=4367 BUFFER=3 SUBPAGES=0/1 GAP_MS=63.928 HASH=edccf31afca228af
CYCLE=0 PAIR=4368 BUFFER=0 SUBPAGES=0/1 GAP_MS=64.434 HASH=23e7a03e6736563a
CYCLE=0 PAIR=4369 BUFFER=1 SUBPAGES=0/1 GAP_MS=63.851 HASH=ffe9d7fdfd36b717
CYCLE=0 PAIR=4370 BUFFER=2 SUBPAGES=0/1 GAP_MS=64.990 HASH=62de39e1b458bd12
CYCLE=0 PAIR=4371 BUFFER=3 SUBPAGES=0/1 GAP_MS=63.686 HASH=b5dc0dfd29ec3af3
CYCLE=0 PAIR=4372 BUFFER=0 SUBPAGES=0/1 GAP_MS=64.536 HASH=3caf4a14929d710d
CYCLE=0 PAIR=4373 BUFFER=1 SUBPAGES=0/1 GAP_MS=62.939 HASH=9821e80ccd432894
CYCLE=0 PAIR=4374 BUFFER=2 SUBPAGES=0/1 GAP_MS=64.404 HASH=e73d7896dc6744bf
CYCLE=0 PAIR=4375 BUFFER=3 SUBPAGES=0/1 GAP_MS=64.195 HASH=26ed845db3f9a333
CYCLE=0 PAIR=4376 BUFFER=0 SUBPAGES=0/1 GAP_MS=64.916 HASH=1fa302d2a6ffc8d2
CYCLE=0 PAIR=4377 BUFFER=1 SUBPAGES=0/1 GAP_MS=64.251 HASH=ae17700f78b55e15
CYCLE=0 PAIR=4378 BUFFER=2 SUBPAGES=0/1 GAP_MS=64.684 HASH=db8b6dd667bf7765
CYCLE=0 PAIR=4379 BUFFER=3 SUBPAGES=0/1 GAP_MS=63.843 HASH=913612d87078764c
CYCLE=0 PAIR=4380 BUFFER=0 SUBPAGES=0/1 GAP_MS=64.455 HASH=36559a420a22a8b9
CYCLE=0 PAIR=4381 BUFFER=1 SUBPAGES=0/1 GAP_MS=63.543 HASH=e84ecfe96cb4774e
CYCLE=0 PAIR=4382 BUFFER=2 SUBPAGES=0/1 GAP_MS=63.191 HASH=fcf6961e596d699b
CYCLE=0 PAIR=4383 BUFFER=3 SUBPAGES=0/1 GAP_MS=63.444 HASH=c428b42d156ea8e2
CYCLE=0 PAIR=4384 BUFFER=0 SUBPAGES=0/1 GAP_MS=63.298 HASH=f89ec499534e2de5
CYCLE=0 PAIR=4385 BUFFER=1 SUBPAGES=0/1 GAP_MS=63.382 HASH=869828472c6ff52f
CYCLE=0 PAIR=4386 BUFFER=2 SUBPAGES=0/1 GAP_MS=63.817 HASH=6c7d9ab5fe65c0a1
CYCLE=0 PAIR=4387 BUFFER=3 SUBPAGES=0/1 GAP_MS=62.801 HASH=d4f5737b0d373cfb
CYCLE=0 PAIR=4388 BUFFER=0 SUBPAGES=0/1 GAP_MS=63.942 HASH=d21c52b2b156cb23
CYCLE=0 PAIR=4389 BUFFER=1 SUBPAGES=0/1 GAP_MS=63.271 HASH=2163bdb64b87200b
CYCLE=0 PAIR=4390 BUFFER=2 SUBPAGES=0/1 GAP_MS=63.556 HASH=dbdfde2611a42fee
CYCLE=0 PAIR=4391 BUFFER=3 SUBPAGES=0/1 GAP_MS=62.915 HASH=3ba5e3a59a1363dc
CYCLE=0 PAIR=4392 BUFFER=0 SUBPAGES=0/1 GAP_MS=65.686 HASH=4d6075aa2851679a
CYCLE=0 PAIR=4393 BUFFER=1 SUBPAGES=0/1 GAP_MS=64.042 HASH=f1fcfe4c24e0e377
CYCLE=0 PAIR=4394 BUFFER=2 SUBPAGES=0/1 GAP_MS=64.553 HASH=d75f76e8cbdbdb1a
CYCLE=0 PAIR=4395 BUFFER=3 SUBPAGES=0/1 GAP_MS=65.071 HASH=7b40674b6650d664
CYCLE=0 PAIR=4396 BUFFER=0 SUBPAGES=0/1 GAP_MS=64.429 HASH=3a6f752413488aa7
CYCLE=0 PAIR=4397 BUFFER=1 SUBPAGES=0/1 GAP_MS=64.068 HASH=484909e7a74de2b2
CYCLE=0 PAIR=4398 BUFFER=2 SUBPAGES=0/1 GAP_MS=63.581 HASH=b87544e5dae1bb42
CYCLE=0 PAIR=4399 BUFFER=3 SUBPAGES=0/1 GAP_MS=64.597 HASH=93e7357875a2251a
CYCLE=0 PAIR=4400 BUFFER=0 SUBPAGES=0/1 GAP_MS=62.605 HASH=644ced28cb5183a1
CYCLE=0 PAIR=4401 BUFFER=1 SUBPAGES=0/1 GAP_MS=65.075 HASH=e614762e6747ee0a
CYCLE=0 PAIR=4402 BUFFER=2 SUBPAGES=0/1 GAP_MS=64.740 HASH=0ad1a056ffbc1c80
CYCLE=0 PAIR=4403 BUFFER=3 SUBPAGES=0/1 GAP_MS=63.664 HASH=3d86614d6c9320bd
CYCLE=0 PAIR=4404 BUFFER=0 SUBPAGES=0/1 GAP_MS=65.373 HASH=1c2c6bd0c8286ab0
CYCLE=0 PAIR=4405 BUFFER=1 SUBPAGES=0/1 GAP_MS=63.541 HASH=6aabfbc54afb843e
CYCLE=0 PAIR=4406 BUFFER=2 SUBPAGES=0/1 GAP_MS=64.366 HASH=3099756416bb9187
CYCLE=0 PAIR=4407 BUFFER=3 SUBPAGES=0/1 GAP_MS=63.041 HASH=4814c3e5a90c9dec
CYCLE=0 PAIR=4408 BUFFER=0 SUBPAGES=0/1 GAP_MS=62.784 HASH=ca1907e08fa31fd0
CYCLE=0 PAIR=4409 BUFFER=1 SUBPAGES=0/1 GAP_MS=64.632 HASH=969dea3b670ef595
CYCLE=0 PAIR=4410 BUFFER=2 SUBPAGES=0/1 GAP_MS=63.802 HASH=50eb3d7b066a7a35
CYCLE=0 PAIR=4411 BUFFER=3 SUBPAGES=0/1 GAP_MS=64.754 HASH=c6d7f23b2106458f
CYCLE=0 PAIR=4412 BUFFER=0 SUBPAGES=0/1 GAP_MS=63.965 HASH=b41506e906628d79
CYCLE=0 PAIR=4413 BUFFER=1 SUBPAGES=0/1 GAP_MS=65.996 HASH=226424a1d060fced
CYCLE=0 PAIR=4414 BUFFER=2 SUBPAGES=0/1 GAP_MS=64.298 HASH=dd9fbd49e54e809a
CYCLE=0 PAIR=4415 BUFFER=3 SUBPAGES=0/1 GAP_MS=63.200 HASH=5cf11684796318ee
CYCLE=0 PAIR=4416 BUFFER=0 SUBPAGES=0/1 GAP_MS=64.033 HASH=2a637382b548a288
CYCLE=0 PAIR=4417 BUFFER=1 SUBPAGES=0/1 GAP_MS=65.460 HASH=15fa77d18ed4e23b
CYCLE=0 PAIR=4418 BUFFER=2 SUBPAGES=0/1 GAP_MS=64.723 HASH=67fb28a7632d57a7
CYCLE=0 PAIR=4419 BUFFER=3 SUBPAGES=0/1 GAP_MS=64.027 HASH=ef68f25d79d2b9ad
CYCLE=0 PAIR=4420 BUFFER=0 SUBPAGES=0/1 GAP_MS=63.557 HASH=33c4806d0f337e38
CYCLE=0 PAIR=4421 BUFFER=1 SUBPAGES=0/1 GAP_MS=64.322 HASH=f1c9a0910310c243
CYCLE=0 PAIR=4422 BUFFER=2 SUBPAGES=0/1 GAP_MS=64.693 HASH=fe98fce13163bae8
CYCLE=0 PAIR=4423 BUFFER=3 SUBPAGES=0/1 GAP_MS=63.412 HASH=c1c14e28744239fc
CYCLE=0 PAIR=4424 BUFFER=0 SUBPAGES=0/1 GAP_MS=62.806 HASH=075fc83cbd182671
CYCLE=0 PAIR=4425 BUFFER=1 SUBPAGES=0/1 GAP_MS=63.658 HASH=158f4220951b2d33
CYCLE=0 PAIR=4426 BUFFER=2 SUBPAGES=0/1 GAP_MS=63.563 HASH=7f5d1a26c7152e48
CYCLE=0 PAIR=4427 BUFFER=3 SUBPAGES=0/1 GAP_MS=62.062 HASH=7107d987a7c792c8
CYCLE=0 PAIR=4428 BUFFER=0 SUBPAGES=0/1 GAP_MS=64.828 HASH=3ab1abd27609633a
CYCLE=0 PAIR=4429 BUFFER=1 SUBPAGES=0/1 GAP_MS=62.706 HASH=d0b3b4e5129d3333
CYCLE=0 PAIR=4430 BUFFER=2 SUBPAGES=0/1 GAP_MS=63.808 HASH=165693ba2de3c183
CYCLE=0 PAIR=4431 BUFFER=3 SUBPAGES=0/1 GAP_MS=64.058 HASH=422ea8c42c33b081
CYCLE=0 PAIR=4432 BUFFER=0 SUBPAGES=0/1 GAP_MS=62.691 HASH=4757fd64a4bf5f17
CYCLE=0 PAIR=4433 BUFFER=1 SUBPAGES=0/1 GAP_MS=63.932 HASH=1096981769f579da
CYCLE=0 PAIR=4434 BUFFER=2 SUBPAGES=0/1 GAP_MS=65.040 HASH=43f0cbc03b791f68
CYCLE=0 PAIR=4435 BUFFER=3 SUBPAGES=0/1 GAP_MS=64.030 HASH=b194b2f692aa771b
CYCLE=0 PAIR=4436 BUFFER=0 SUBPAGES=0/1 GAP_MS=63.817 HASH=0640c9a7c619df12
CYCLE=0 PAIR=4437 BUFFER=1 SUBPAGES=0/1 GAP_MS=63.747 HASH=62a3e6b72a4708d9
CYCLE=0 PAIR=4438 BUFFER=2 SUBPAGES=0/1 GAP_MS=63.054 HASH=f1e953c134ea5329
CYCLE=0 PAIR=4439 BUFFER=3 SUBPAGES=0/1 GAP_MS=64.515 HASH=6eebbdb889d3b8d3
CYCLE=0 PAIR=4440 BUFFER=0 SUBPAGES=0/1 GAP_MS=64.227 HASH=8a84f43262471df7
CYCLE=0 PAIR=4441 BUFFER=1 SUBPAGES=0/1 GAP_MS=65.247 HASH=177fded55a536b67
CYCLE=0 PAIR=4442 BUFFER=2 SUBPAGES=0/1 GAP_MS=63.531 HASH=360b8e7a3ea31791
CYCLE=0 PAIR=4443 BUFFER=3 SUBPAGES=0/1 GAP_MS=63.066 HASH=48f9da0fcb2f7369
CYCLE=0 PAIR=4444 BUFFER=0 SUBPAGES=0/1 GAP_MS=63.952 HASH=833b64fbf5688c3d
CYCLE=0 PAIR=4445 BUFFER=1 SUBPAGES=0/1 GAP_MS=64.989 HASH=07e89104113a4ec8
CYCLE=0 PAIR=4446 BUFFER=2 SUBPAGES=0/1 GAP_MS=65.330 HASH=54d81e0b6f98e484
CYCLE=0 PAIR=4447 BUFFER=3 SUBPAGES=0/1 GAP_MS=63.197 HASH=21958deffb82b8f0
CYCLE=0 PAIR=4448 BUFFER=0 SUBPAGES=0/1 GAP_MS=65.122 HASH=a96495b25f89e109
CYCLE=0 PAIR=4449 BUFFER=1 SUBPAGES=0/1 GAP_MS=63.235 HASH=552494004486f722
CYCLE=0 PAIR=4450 BUFFER=2 SUBPAGES=0/1 GAP_MS=64.865 HASH=0005dabda048086a
CYCLE=0 PAIR=4451 BUFFER=3 SUBPAGES=0/1 GAP_MS=63.667 HASH=45de909a54aadf94
CYCLE=0 PAIR=4452 BUFFER=0 SUBPAGES=0/1 GAP_MS=62.888 HASH=ad0236297c7df97f
CYCLE=0 PAIR=4453 BUFFER=1 SUBPAGES=0/1 GAP_MS=63.631 HASH=e1ac83b2b6ef71f7
CYCLE=0 PAIR=4454 BUFFER=2 SUBPAGES=0/1 GAP_MS=64.006 HASH=74c9d701671b0226
CYCLE=0 PAIR=4455 BUFFER=3 SUBPAGES=0/1 GAP_MS=63.757 HASH=c342e17fed54aebf
CYCLE=0 PAIR=4456 BUFFER=0 SUBPAGES=0/1 GAP_MS=64.570 HASH=d49a99d342dca796
CYCLE=0 PAIR=4457 BUFFER=1 SUBPAGES=0/1 GAP_MS=63.215 HASH=5edb3ec67e0ca573
CYCLE=0 PAIR=4458 BUFFER=2 SUBPAGES=0/1 GAP_MS=63.181 HASH=0034d48d551690b8
CYCLE=0 PAIR=4459 BUFFER=3 SUBPAGES=0/1 GAP_MS=63.465 HASH=2d7580f3cd77de18
CYCLE=0 PAIR=4460 BUFFER=0 SUBPAGES=0/1 GAP_MS=63.389 HASH=fc2283aa01037c7e
CYCLE=0 PAIR=4461 BUFFER=1 SUBPAGES=0/1 GAP_MS=65.158 HASH=f28b6de6f68a7505
CYCLE=0 PAIR=4462 BUFFER=2 SUBPAGES=0/1 GAP_MS=64.582 HASH=fecb3b25c93ed9dd
CYCLE=0 PAIR=4463 BUFFER=3 SUBPAGES=0/1 GAP_MS=64.153 HASH=9d004e3b23c96a81
CYCLE=0 PAIR=4464 BUFFER=0 SUBPAGES=0/1 GAP_MS=62.721 HASH=88bb8b6d33c52c63
CYCLE=0 PAIR=4465 BUFFER=1 SUBPAGES=0/1 GAP_MS=64.657 HASH=01e678b6f829e126
CYCLE=0 PAIR=4466 BUFFER=2 SUBPAGES=0/1 GAP_MS=63.389 HASH=45de7b2bf1990fae
CYCLE=0 PAIR=4467 BUFFER=3 SUBPAGES=0/1 GAP_MS=64.546 HASH=1c6b50ec5a447dc1
CYCLE=0 PAIR=4468 BUFFER=0 SUBPAGES=0/1 GAP_MS=62.409 HASH=e9688d2fab55dc0b
CYCLE=0 PAIR=4469 BUFFER=1 SUBPAGES=0/1 GAP_MS=64.172 HASH=360ff51e46acf729
CYCLE=0 PAIR=4470 BUFFER=2 SUBPAGES=0/1 GAP_MS=63.191 HASH=025e2992818b56bd
CYCLE=0 PAIR=4471 BUFFER=3 SUBPAGES=0/1 GAP_MS=62.424 HASH=0246b14c642ed7a8
CYCLE=0 PAIR=4472 BUFFER=0 SUBPAGES=0/1 GAP_MS=63.123 HASH=194473414fe95cbf
CYCLE=0 PAIR=4473 BUFFER=1 SUBPAGES=0/1 GAP_MS=63.947 HASH=e0b2244de788b48f
CYCLE=0 PAIR=4474 BUFFER=2 SUBPAGES=0/1 GAP_MS=64.242 HASH=14c215b47f1035ce
CYCLE=0 PAIR=4475 BUFFER=3 SUBPAGES=0/1 GAP_MS=62.723 HASH=6348471ebc21c5ca
CYCLE=0 PAIR=4476 BUFFER=0 SUBPAGES=0/1 GAP_MS=63.864 HASH=a5e8d536b01badc6
CYCLE=0 PAIR=4477 BUFFER=1 SUBPAGES=0/1 GAP_MS=63.953 HASH=c1ab9f87e98f3645
CYCLE=0 PAIR=4478 BUFFER=2 SUBPAGES=0/1 GAP_MS=64.980 HASH=796e7fe8ec6a73c4
CYCLE=0 PAIR=4479 BUFFER=3 SUBPAGES=0/1 GAP_MS=65.199 HASH=17cd08d203eb9ed2
CYCLE=0 PAIR=4480 BUFFER=0 SUBPAGES=0/1 GAP_MS=63.882 HASH=874c8c95599aa147
CYCLE=0 PAIR=4481 BUFFER=1 SUBPAGES=0/1 GAP_MS=63.416 HASH=c209d0266573cc31
CYCLE=0 PAIR=4482 BUFFER=2 SUBPAGES=0/1 GAP_MS=63.204 HASH=200bd9c5215a59d1
CYCLE=0 PAIR=4483 BUFFER=3 SUBPAGES=0/1 GAP_MS=65.195 HASH=f1fd85b21b1f3061
CYCLE=0 PAIR=4484 BUFFER=0 SUBPAGES=0/1 GAP_MS=63.165 HASH=b4ea65689c9bbbde
CYCLE=0 PAIR=4485 BUFFER=1 SUBPAGES=0/1 GAP_MS=64.373 HASH=7523a9462b11cf15
CYCLE=0 PAIR=4486 BUFFER=2 SUBPAGES=0/1 GAP_MS=63.075 HASH=c8166d51a8c74c95
CYCLE=0 PAIR=4487 BUFFER=3 SUBPAGES=0/1 GAP_MS=63.137 HASH=a55532fae1f62e18
CYCLE=0 PAIR=4488 BUFFER=0 SUBPAGES=0/1 GAP_MS=63.231 HASH=cc4c64d7516cc333
CYCLE=0 PAIR=4489 BUFFER=1 SUBPAGES=0/1 GAP_MS=64.261 HASH=b78d3f243bfe7806
CYCLE=0 PAIR=4490 BUFFER=2 SUBPAGES=0/1 GAP_MS=64.526 HASH=f7c9108b457dad4d
CYCLE=0 PAIR=4491 BUFFER=3 SUBPAGES=0/1 GAP_MS=64.430 HASH=ad2ec7126f24574c
CYCLE=0 PAIR=4492 BUFFER=0 SUBPAGES=0/1 GAP_MS=65.620 HASH=173c6b1e6495d6ae
CYCLE=0 PAIR=4493 BUFFER=1 SUBPAGES=0/1 GAP_MS=62.903 HASH=2c5dadd602a5c06d
CYCLE=0 PAIR=4494 BUFFER=2 SUBPAGES=0/1 GAP_MS=62.822 HASH=fccb1554ead5217f
CYCLE=0 PAIR=4495 BUFFER=3 SUBPAGES=0/1 GAP_MS=64.667 HASH=57028af36c5b0141
CYCLE=0 PAIR=4496 BUFFER=0 SUBPAGES=0/1 GAP_MS=62.763 HASH=5d7fa8cfe4c712a3
CYCLE=0 PAIR=4497 BUFFER=1 SUBPAGES=0/1 GAP_MS=64.400 HASH=696fd192b60ac545
CYCLE=0 PAIR=4498 BUFFER=2 SUBPAGES=0/1 GAP_MS=64.140 HASH=90e437ac49603d77
CYCLE=0 PAIR=4499 BUFFER=3 SUBPAGES=0/1 GAP_MS=62.293 HASH=1b21412ba1816b11
CYCLE=0 PAIR=4500 BUFFER=0 SUBPAGES=0/1 GAP_MS=65.061 HASH=a44c970883327bad
CYCLE=0 PAIR=4501 BUFFER=1 SUBPAGES=0/1 GAP_MS=64.872 HASH=d009847a328a16a9
CYCLE=0 PAIR=4502 BUFFER=2 SUBPAGES=0/1 GAP_MS=62.801 HASH=32124844e12f3455
CYCLE=0 PAIR=4503 BUFFER=3 SUBPAGES=0/1 GAP_MS=63.366 HASH=c08b30def5415e8e
CYCLE=0 PAIR=4504 BUFFER=0 SUBPAGES=0/1 GAP_MS=63.971 HASH=25fb02c375d88b6a
CYCLE=0 PAIR=4505 BUFFER=1 SUBPAGES=0/1 GAP_MS=63.611 HASH=b22e946aa6a74b1d
CYCLE=0 PAIR=4506 BUFFER=2 SUBPAGES=0/1 GAP_MS=62.682 HASH=0b595bf939589f58
CYCLE=0 PAIR=4507 BUFFER=3 SUBPAGES=0/1 GAP_MS=64.275 HASH=6c35199fc0fc0adc
CYCLE=0 PAIR=4508 BUFFER=0 SUBPAGES=0/1 GAP_MS=63.626 HASH=efe733fdf51289a4
CYCLE=0 PAIR=4509 BUFFER=1 SUBPAGES=0/1 GAP_MS=63.013 HASH=82138aef15b2a696
CYCLE=0 PAIR=4510 BUFFER=2 SUBPAGES=0/1 GAP_MS=63.468 HASH=8a1a75ecb6e3660d
CYCLE=0 PAIR=4511 BUFFER=3 SUBPAGES=0/1 GAP_MS=63.187 HASH=be20a80fca52e5a4
CYCLE=0 PAIR=4512 BUFFER=0 SUBPAGES=0/1 GAP_MS=63.268 HASH=80e5ae727d868a62
CYCLE=0 PAIR=4513 BUFFER=1 SUBPAGES=0/1 GAP_MS=65.140 HASH=0fe37d5d8c17efdc
CYCLE=0 PAIR=4514 BUFFER=2 SUBPAGES=0/1 GAP_MS=63.966 HASH=1fccc124b569e200
CYCLE=0 PAIR=4515 BUFFER=3 SUBPAGES=0/1 GAP_MS=62.418 HASH=6fbe413f15a9c84a
CYCLE=0 PAIR=4516 BUFFER=0 SUBPAGES=0/1 GAP_MS=64.926 HASH=c58c22801be0ce44
CYCLE=0 PAIR=4517 BUFFER=1 SUBPAGES=0/1 GAP_MS=63.414 HASH=c7d8345d2d3942f2
CYCLE=0 PAIR=4518 BUFFER=2 SUBPAGES=0/1 GAP_MS=64.302 HASH=25b9ce3ccb2e400d
CYCLE=0 PAIR=4519 BUFFER=3 SUBPAGES=0/1 GAP_MS=62.928 HASH=d9675d5e8adb31d0
CYCLE=0 PAIR=4520 BUFFER=0 SUBPAGES=0/1 GAP_MS=63.519 HASH=1fd07ec74b8c9142
CYCLE=0 PAIR=4521 BUFFER=1 SUBPAGES=0/1 GAP_MS=63.917 HASH=a175926a459033d3
CYCLE=0 PAIR=4522 BUFFER=2 SUBPAGES=0/1 GAP_MS=64.862 HASH=1f2c0d4fd4ef4906
CYCLE=0 PAIR=4523 BUFFER=3 SUBPAGES=0/1 GAP_MS=65.393 HASH=5d0766074078e185
CYCLE=0 PAIR=4524 BUFFER=0 SUBPAGES=0/1 GAP_MS=64.996 HASH=6d61332e3778c197
CYCLE=0 PAIR=4525 BUFFER=1 SUBPAGES=0/1 GAP_MS=64.965 HASH=ac7b2f28c0733948
CYCLE=0 PAIR=4526 BUFFER=2 SUBPAGES=0/1 GAP_MS=64.631 HASH=3c3c75d4f562860c
CYCLE=0 PAIR=4527 BUFFER=3 SUBPAGES=0/1 GAP_MS=64.523 HASH=f9c02632db4557a5
CYCLE=0 PAIR=4528 BUFFER=0 SUBPAGES=0/1 GAP_MS=63.735 HASH=8444c9c814f0f777
CYCLE=0 PAIR=4529 BUFFER=1 SUBPAGES=0/1 GAP_MS=64.519 HASH=07a17151c030ef35
CYCLE=0 PAIR=4530 BUFFER=2 SUBPAGES=0/1 GAP_MS=63.151 HASH=e2cf363c23177cda
CYCLE=0 PAIR=4531 BUFFER=3 SUBPAGES=0/1 GAP_MS=63.386 HASH=43ab3bbcc88eb50e
CYCLE=0 PAIR=4532 BUFFER=0 SUBPAGES=0/1 GAP_MS=62.562 HASH=574e08dba0df8151
CYCLE=0 PAIR=4533 BUFFER=1 SUBPAGES=0/1 GAP_MS=64.624 HASH=fbf893ff33f18c31
CYCLE=0 PAIR=4534 BUFFER=2 SUBPAGES=0/1 GAP_MS=63.633 HASH=80509a543030ff5f
CYCLE=0 PAIR=4535 BUFFER=3 SUBPAGES=0/1 GAP_MS=64.874 HASH=ef7346b41b718868
CYCLE=0 PAIR=4536 BUFFER=0 SUBPAGES=0/1 GAP_MS=64.845 HASH=eb5998e519ddec61
CYCLE=0 PAIR=4537 BUFFER=1 SUBPAGES=0/1 GAP_MS=63.958 HASH=e80e718ac463d641
CYCLE=0 PAIR=4538 BUFFER=2 SUBPAGES=0/1 GAP_MS=63.783 HASH=2a413b4dc639ff3f
CYCLE=0 PAIR=4539 BUFFER=3 SUBPAGES=0/1 GAP_MS=64.880 HASH=3e644672220054c3
CYCLE=0 PAIR=4540 BUFFER=0 SUBPAGES=0/1 GAP_MS=65.173 HASH=d40c036aa58ec6b0
CYCLE=0 PAIR=4541 BUFFER=1 SUBPAGES=0/1 GAP_MS=63.884 HASH=98eb2c33792e7fc7
CYCLE=0 PAIR=4542 BUFFER=2 SUBPAGES=0/1 GAP_MS=64.160 HASH=54d81dec21d4c841
CYCLE=0 PAIR=4543 BUFFER=3 SUBPAGES=0/1 GAP_MS=63.916 HASH=44639996c83a01a8
CYCLE=0 PAIR=4544 BUFFER=0 SUBPAGES=0/1 GAP_MS=63.816 HASH=75e1ef7a8a8bcf03
CYCLE=0 PAIR=4545 BUFFER=1 SUBPAGES=0/1 GAP_MS=64.047 HASH=5b479868f03583eb
CYCLE=0 PAIR=4546 BUFFER=2 SUBPAGES=0/1 GAP_MS=64.913 HASH=19e0b17c5b523657
CYCLE=0 PAIR=4547 BUFFER=3 SUBPAGES=0/1 GAP_MS=63.587 HASH=1213333fc8d82715
CYCLE=0 PAIR=4548 BUFFER=0 SUBPAGES=0/1 GAP_MS=63.836 HASH=1bc97d7a3b1e5910
CYCLE=0 PAIR=4549 BUFFER=1 SUBPAGES=0/1 GAP_MS=62.614 HASH=51c4b983d7fd98c4
CYCLE=0 PAIR=4550 BUFFER=2 SUBPAGES=0/1 GAP_MS=63.427 HASH=6ec2fc118d436172
CYCLE=0 PAIR=4551 BUFFER=3 SUBPAGES=0/1 GAP_MS=65.555 HASH=00627cbb967dc5be
CYCLE=0 PAIR=4552 BUFFER=0 SUBPAGES=0/1 GAP_MS=64.952 HASH=7a16c33f0a5db469
CYCLE=0 PAIR=4553 BUFFER=1 SUBPAGES=0/1 GAP_MS=63.277 HASH=808bd0c508a1797c
CYCLE=0 PAIR=4554 BUFFER=2 SUBPAGES=0/1 GAP_MS=63.939 HASH=c2672e5f75254f60
CYCLE=0 PAIR=4555 BUFFER=3 SUBPAGES=0/1 GAP_MS=63.246 HASH=2ccfe38f3a8d755a
CYCLE=0 PAIR=4556 BUFFER=0 SUBPAGES=0/1 GAP_MS=63.414 HASH=07e1ab5af5e1d50b
CYCLE=0 PAIR=4557 BUFFER=1 SUBPAGES=0/1 GAP_MS=63.898 HASH=8eb202e986085b69
CYCLE=0 PAIR=4558 BUFFER=2 SUBPAGES=0/1 GAP_MS=63.317 HASH=75ea717c2f81d23f
CYCLE=0 PAIR=4559 BUFFER=3 SUBPAGES=0/1 GAP_MS=65.410 HASH=7ac185db8876c9b2
CYCLE=0 PAIR=4560 BUFFER=0 SUBPAGES=0/1 GAP_MS=64.826 HASH=909c7478a618e302
CYCLE=0 PAIR=4561 BUFFER=1 SUBPAGES=0/1 GAP_MS=64.983 HASH=63e56eab597c529f
CYCLE=0 PAIR=4562 BUFFER=2 SUBPAGES=0/1 GAP_MS=63.565 HASH=82af40ea7014273e
CYCLE=0 PAIR=4563 BUFFER=3 SUBPAGES=0/1 GAP_MS=63.103 HASH=0cb2a2cfd90e317e
CYCLE=0 PAIR=4564 BUFFER=0 SUBPAGES=0/1 GAP_MS=65.181 HASH=06e0843c14f6e85d
CYCLE=0 PAIR=4565 BUFFER=1 SUBPAGES=0/1 GAP_MS=64.648 HASH=a19c4a8d8878d4af
CYCLE=0 PAIR=4566 BUFFER=2 SUBPAGES=0/1 GAP_MS=62.912 HASH=f84bf33fb05f3b9d
CYCLE=0 PAIR=4567 BUFFER=3 SUBPAGES=0/1 GAP_MS=64.182 HASH=ce588a2d306e0024
CYCLE=0 PAIR=4568 BUFFER=0 SUBPAGES=0/1 GAP_MS=63.473 HASH=83729d23fefa0b81
CYCLE=0 PAIR=4569 BUFFER=1 SUBPAGES=0/1 GAP_MS=65.063 HASH=19dfc87d13597961
CYCLE=0 PAIR=4570 BUFFER=2 SUBPAGES=0/1 GAP_MS=64.132 HASH=ba730c0c74680373
CYCLE=0 PAIR=4571 BUFFER=3 SUBPAGES=0/1 GAP_MS=63.064 HASH=9be0fd66f8f59601
CYCLE=0 PAIR=4572 BUFFER=0 SUBPAGES=0/1 GAP_MS=64.903 HASH=9184008a24cabacc
CYCLE=0 PAIR=4573 BUFFER=1 SUBPAGES=0/1 GAP_MS=63.345 HASH=65074fdfbd3580fc
CYCLE=0 PAIR=4574 BUFFER=2 SUBPAGES=0/1 GAP_MS=62.499 HASH=fde2aef84582bfe9
CYCLE=0 PAIR=4575 BUFFER=3 SUBPAGES=0/1 GAP_MS=64.116 HASH=093c7737ab7c1ed1
CYCLE=0 PAIR=4576 BUFFER=0 SUBPAGES=0/1 GAP_MS=64.184 HASH=31ad9f9ee84e36bf
CYCLE=0 PAIR=4577 BUFFER=1 SUBPAGES=0/1 GAP_MS=63.746 HASH=53be73535f7aede3
CYCLE=0 PAIR=4578 BUFFER=2 SUBPAGES=0/1 GAP_MS=63.774 HASH=eaaa97bf5b790f6a
CYCLE=0 PAIR=4579 BUFFER=3 SUBPAGES=0/1 GAP_MS=64.771 HASH=1f5f9cbcbb09f656
CYCLE=0 PAIR=4580 BUFFER=0 SUBPAGES=0/1 GAP_MS=65.044 HASH=f9ef0e53c5c2281f
CYCLE=0 PAIR=4581 BUFFER=1 SUBPAGES=0/1 GAP_MS=63.879 HASH=fea9afd74fab8a15
CYCLE=0 PAIR=4582 BUFFER=2 SUBPAGES=0/1 GAP_MS=63.570 HASH=a3d94796a0a5af38
CYCLE=0 PAIR=4583 BUFFER=3 SUBPAGES=0/1 GAP_MS=63.216 HASH=77adc4bc34291936
CYCLE=0 PAIR=4584 BUFFER=0 SUBPAGES=0/1 GAP_MS=63.641 HASH=80a95f9192278942
CYCLE=0 PAIR=4585 BUFFER=1 SUBPAGES=0/1 GAP_MS=64.925 HASH=dcb8803c2ce4818a
CYCLE=0 PAIR=4586 BUFFER=2 SUBPAGES=0/1 GAP_MS=65.315 HASH=30d670648d078288
CYCLE=0 PAIR=4587 BUFFER=3 SUBPAGES=0/1 GAP_MS=63.690 HASH=0be4ae70f509f56e
CYCLE=0 PAIR=4588 BUFFER=0 SUBPAGES=0/1 GAP_MS=64.107 HASH=d85647172f848888
CYCLE=0 PAIR=4589 BUFFER=1 SUBPAGES=0/1 GAP_MS=63.965 HASH=464f847892b9c481
CYCLE=0 PAIR=4590 BUFFER=2 SUBPAGES=0/1 GAP_MS=62.910 HASH=b998629880d61137
CYCLE=0 PAIR=4591 BUFFER=3 SUBPAGES=0/1 GAP_MS=63.163 HASH=706ff21cfe996b4b
CYCLE=0 PAIR=4592 BUFFER=0 SUBPAGES=0/1 GAP_MS=63.738 HASH=35facaa8ab3e8af8
CYCLE=0 PAIR=4593 BUFFER=1 SUBPAGES=0/1 GAP_MS=62.337 HASH=d79d74e2327ab128
CYCLE=0 PAIR=4594 BUFFER=2 SUBPAGES=0/1 GAP_MS=63.204 HASH=b6958f06007f9705
CYCLE=0 PAIR=4595 BUFFER=3 SUBPAGES=0/1 GAP_MS=62.474 HASH=d4eb31a768ef1c31
CYCLE=0 PAIR=4596 BUFFER=0 SUBPAGES=0/1 GAP_MS=64.013 HASH=cc8ffd10a22d1664
CYCLE=0 PAIR=4597 BUFFER=1 SUBPAGES=0/1 GAP_MS=64.527 HASH=2b4261029fb3cc7b
CYCLE=0 PAIR=4598 BUFFER=2 SUBPAGES=0/1 GAP_MS=64.084 HASH=50b2077e8ca8957e
CYCLE=0 PAIR=4599 BUFFER=3 SUBPAGES=0/1 GAP_MS=64.125 HASH=95f8d988077b3946
CYCLE=0 PAIR=4600 BUFFER=0 SUBPAGES=0/1 GAP_MS=63.415 HASH=7dbcc4a6a7640c0d
CYCLE=0 PAIR=4601 BUFFER=1 SUBPAGES=0/1 GAP_MS=64.060 HASH=ef1e616cce9fcaee
CYCLE=0 PAIR=4602 BUFFER=2 SUBPAGES=0/1 GAP_MS=64.613 HASH=ac83a0abe7c4e294
CYCLE=0 PAIR=4603 BUFFER=3 SUBPAGES=0/1 GAP_MS=64.148 HASH=11fc03efe546675e
CYCLE=0 PAIR=4604 BUFFER=0 SUBPAGES=0/1 GAP_MS=64.187 HASH=52fce2c2158ac698
CYCLE=0 PAIR=4605 BUFFER=1 SUBPAGES=0/1 GAP_MS=64.411 HASH=503b6dbf45686ced
CYCLE=0 PAIR=4606 BUFFER=2 SUBPAGES=0/1 GAP_MS=64.523 HASH=68058454227e1391
CYCLE=0 PAIR=4607 BUFFER=3 SUBPAGES=0/1 GAP_MS=65.639 HASH=cee08766bb2b7d01
CYCLE=0 PAIR=4608 BUFFER=0 SUBPAGES=0/1 GAP_MS=63.342 HASH=0e746a8030136db7
CYCLE=0 PAIR=4609 BUFFER=1 SUBPAGES=0/1 GAP_MS=65.322 HASH=cf0d34319e4ad0b0
CYCLE=0 PAIR=4610 BUFFER=2 SUBPAGES=0/1 GAP_MS=64.067 HASH=92136b824cd77215
CYCLE=0 PAIR=4611 BUFFER=3 SUBPAGES=0/1 GAP_MS=63.747 HASH=de884e4b935f3061
CYCLE=0 PAIR=4612 BUFFER=0 SUBPAGES=0/1 GAP_MS=63.571 HASH=8494b87acd3cba08
CYCLE=0 PAIR=4613 BUFFER=1 SUBPAGES=0/1 GAP_MS=65.213 HASH=8c075b9638163630
CYCLE=0 PAIR=4614 BUFFER=2 SUBPAGES=0/1 GAP_MS=64.699 HASH=a18444446f7d298f
CYCLE=0 PAIR=4615 BUFFER=3 SUBPAGES=0/1 GAP_MS=64.162 HASH=6cd727dacfba9865
CYCLE=0 PAIR=4616 BUFFER=0 SUBPAGES=0/1 GAP_MS=64.365 HASH=71ef5cfb1824d0a8
CYCLE=0 PAIR=4617 BUFFER=1 SUBPAGES=0/1 GAP_MS=62.561 HASH=f62a76f7bae6b017
CYCLE=0 PAIR=4618 BUFFER=2 SUBPAGES=0/1 GAP_MS=62.748 HASH=40ec3c8e5154a916
CYCLE=0 PAIR=4619 BUFFER=3 SUBPAGES=0/1 GAP_MS=64.848 HASH=240c919de8b4c72a
CYCLE=0 PAIR=4620 BUFFER=0 SUBPAGES=0/1 GAP_MS=63.947 HASH=99b4d157c2d3efcc
CYCLE=0 PAIR=4621 BUFFER=1 SUBPAGES=0/1 GAP_MS=64.234 HASH=cf19abe0f5b288b8
CYCLE=0 PAIR=4622 BUFFER=2 SUBPAGES=0/1 GAP_MS=63.304 HASH=e228d00a7868fd48
CYCLE=0 PAIR=4623 BUFFER=3 SUBPAGES=0/1 GAP_MS=63.614 HASH=9c5bd3f4b463787e
CYCLE=0 PAIR=4624 BUFFER=0 SUBPAGES=0/1 GAP_MS=64.548 HASH=a417fa6f214d7b36
CYCLE=0 PAIR=4625 BUFFER=1 SUBPAGES=0/1 GAP_MS=63.630 HASH=4afe0418587a07cf
CYCLE=0 PAIR=4626 BUFFER=2 SUBPAGES=0/1 GAP_MS=63.458 HASH=b5d5de785294ccc4
CYCLE=0 PAIR=4627 BUFFER=3 SUBPAGES=0/1 GAP_MS=63.934 HASH=c510ca0f93105078
CYCLE=0 PAIR=4628 BUFFER=0 SUBPAGES=0/1 GAP_MS=64.484 HASH=650b932d689cdfcc
CYCLE=0 PAIR=4629 BUFFER=1 SUBPAGES=0/1 GAP_MS=64.732 HASH=e470a9c5cba2fea4
CYCLE=0 PAIR=4630 BUFFER=2 SUBPAGES=0/1 GAP_MS=65.171 HASH=0cd312af5d2cdf52
CYCLE=0 PAIR=4631 BUFFER=3 SUBPAGES=0/1 GAP_MS=62.640 HASH=903a9cd6185992b2
CYCLE=0 PAIR=4632 BUFFER=0 SUBPAGES=0/1 GAP_MS=63.941 HASH=cad3b18b3c0f7320
CYCLE=0 PAIR=4633 BUFFER=1 SUBPAGES=0/1 GAP_MS=64.067 HASH=2d898daa8e2ac9d8
CYCLE=0 PAIR=4634 BUFFER=2 SUBPAGES=0/1 GAP_MS=64.025 HASH=3b392250144b3b07
CYCLE=0 PAIR=4635 BUFFER=3 SUBPAGES=0/1 GAP_MS=65.214 HASH=1aebee67355cad36
CYCLE=0 PAIR=4636 BUFFER=0 SUBPAGES=0/1 GAP_MS=64.884 HASH=1a020d141497e9ff
CYCLE=0 PAIR=4637 BUFFER=1 SUBPAGES=0/1 GAP_MS=64.636 HASH=0fe023a3b096a1d9
CYCLE=0 PAIR=4638 BUFFER=2 SUBPAGES=0/1 GAP_MS=64.478 HASH=7a4d0211e9d3921b
CYCLE=0 PAIR=4639 BUFFER=3 SUBPAGES=0/1 GAP_MS=63.721 HASH=0a8c22d6022f7682
CYCLE=0 PAIR=4640 BUFFER=0 SUBPAGES=0/1 GAP_MS=63.078 HASH=0f11a0ffa041da1c
CYCLE=0 PAIR=4641 BUFFER=1 SUBPAGES=0/1 GAP_MS=65.252 HASH=d502e5d78b7bbab5
CYCLE=0 PAIR=4642 BUFFER=2 SUBPAGES=0/1 GAP_MS=64.410 HASH=b1c622f3bf276733
CYCLE=0 PAIR=4643 BUFFER=3 SUBPAGES=0/1 GAP_MS=63.830 HASH=c03a12b61b84a93c
CYCLE=0 PAIR=4644 BUFFER=0 SUBPAGES=0/1 GAP_MS=64.230 HASH=8807d8be825dd1f7
CYCLE=0 PAIR=4645 BUFFER=1 SUBPAGES=0/1 GAP_MS=63.009 HASH=b79a478f32aa926f
CYCLE=0 PAIR=4646 BUFFER=2 SUBPAGES=0/1 GAP_MS=64.178 HASH=6aace5969ef37ccf
CYCLE=0 PAIR=4647 BUFFER=3 SUBPAGES=0/1 GAP_MS=64.569 HASH=8ad19e31e1da793f
CYCLE=0 PAIR=4648 BUFFER=0 SUBPAGES=0/1 GAP_MS=64.228 HASH=733613c336f137c0
CYCLE=0 PAIR=4649 BUFFER=1 SUBPAGES=0/1 GAP_MS=63.541 HASH=e52690631a89efc1
CYCLE=0 PAIR=4650 BUFFER=2 SUBPAGES=0/1 GAP_MS=65.061 HASH=c6778358a417580e
CYCLE=0 PAIR=4651 BUFFER=3 SUBPAGES=0/1 GAP_MS=62.998 HASH=b1bfaa077e6b3a60
CYCLE=0 PAIR=4652 BUFFER=0 SUBPAGES=0/1 GAP_MS=63.650 HASH=2a690ec2cea5be20
CYCLE=0 PAIR=4653 BUFFER=1 SUBPAGES=0/1 GAP_MS=64.884 HASH=d8670b0bbe81077c
CYCLE=0 PAIR=4654 BUFFER=2 SUBPAGES=0/1 GAP_MS=64.499 HASH=f3b49b0832424cca
CYCLE=0 PAIR=4655 BUFFER=3 SUBPAGES=0/1 GAP_MS=64.608 HASH=209e09ba2b9de5ba
CYCLE=0 PAIR=4656 BUFFER=0 SUBPAGES=0/1 GAP_MS=63.554 HASH=a346e6f358f1b2aa
CYCLE=0 PAIR=4657 BUFFER=1 SUBPAGES=0/1 GAP_MS=63.223 HASH=7480aab7ac6ec1e2
CYCLE=0 PAIR=4658 BUFFER=2 SUBPAGES=0/1 GAP_MS=63.314 HASH=4960edda37d549b7
CYCLE=0 PAIR=4659 BUFFER=3 SUBPAGES=0/1 GAP_MS=62.749 HASH=4ef5f40a6f85f6a2
CYCLE=0 PAIR=4660 BUFFER=0 SUBPAGES=0/1 GAP_MS=64.118 HASH=97d1f420ceaefe18
CYCLE=0 PAIR=4661 BUFFER=1 SUBPAGES=0/1 GAP_MS=63.730 HASH=2a33e05ad904da6c
CYCLE=0 PAIR=4662 BUFFER=2 SUBPAGES=0/1 GAP_MS=62.614 HASH=2745d1832fb41d45
CYCLE=0 PAIR=4663 BUFFER=3 SUBPAGES=0/1 GAP_MS=64.450 HASH=b9088e67f4d949c8
CYCLE=0 PAIR=4664 BUFFER=0 SUBPAGES=0/1 GAP_MS=64.119 HASH=e4493ad9773634a2
CYCLE=0 PAIR=4665 BUFFER=1 SUBPAGES=0/1 GAP_MS=64.267 HASH=84aafb49337c9327
CYCLE=0 PAIR=4666 BUFFER=2 SUBPAGES=0/1 GAP_MS=62.749 HASH=4abe74549bd339c9
CYCLE=0 PAIR=4667 BUFFER=3 SUBPAGES=0/1 GAP_MS=62.260 HASH=84b4e552abd9d5ca
CYCLE=0 PAIR=4668 BUFFER=0 SUBPAGES=0/1 GAP_MS=63.566 HASH=12d4229ffdee275c
CYCLE=0 PAIR=4669 BUFFER=1 SUBPAGES=0/1 GAP_MS=62.481 HASH=7ffdbe82ce837a2e
CYCLE=0 PAIR=4670 BUFFER=2 SUBPAGES=0/1 GAP_MS=63.139 HASH=dff1a7aa0dbd13b2
CYCLE=0 PAIR=4671 BUFFER=3 SUBPAGES=0/1 GAP_MS=63.051 HASH=9c9e11c6cc91a948
CYCLE=0 PAIR=4672 BUFFER=0 SUBPAGES=0/1 GAP_MS=62.828 HASH=fd8dfa996c147635
CYCLE=0 PAIR=4673 BUFFER=1 SUBPAGES=0/1 GAP_MS=62.862 HASH=39cb4226e9869cd7
CYCLE=0 PAIR=4674 BUFFER=2 SUBPAGES=0/1 GAP_MS=63.357 HASH=5b3fc28c8acd2ae6
CYCLE=0 PAIR=4675 BUFFER=3 SUBPAGES=0/1 GAP_MS=63.573 HASH=1d7b32ad22f6073c
CYCLE=0 PAIR=4676 BUFFER=0 SUBPAGES=0/1 GAP_MS=63.270 HASH=2a4fc2653771f77a
CYCLE=0 PAIR=4677 BUFFER=1 SUBPAGES=0/1 GAP_MS=63.770 HASH=db750c7a9b8e4c57
CYCLE=0 PAIR=4678 BUFFER=2 SUBPAGES=0/1 GAP_MS=62.984 HASH=f77bf3b3541872a0
CYCLE=0 PAIR=4679 BUFFER=3 SUBPAGES=0/1 GAP_MS=63.708 HASH=c654e687c1502846
CYCLE=0 PAIR=4680 BUFFER=0 SUBPAGES=0/1 GAP_MS=63.065 HASH=24963a9ac4465298
CYCLE=0 PAIR=4681 BUFFER=1 SUBPAGES=0/1 GAP_MS=63.749 HASH=29168378f52a5a50
CYCLE=0 PAIR=4682 BUFFER=2 SUBPAGES=0/1 GAP_MS=65.687 HASH=d88bd1c42ff3edbe
CYCLE=0 PAIR=4683 BUFFER=3 SUBPAGES=0/1 GAP_MS=63.748 HASH=16370ebc197b6942
CYCLE=0 PAIR=4684 BUFFER=0 SUBPAGES=0/1 GAP_MS=64.032 HASH=c5bfd716617ccab7
CYCLE=0 PAIR=4685 BUFFER=1 SUBPAGES=0/1 GAP_MS=63.504 HASH=dae946111bbc8b3e
CYCLE=0 PAIR=4686 BUFFER=2 SUBPAGES=0/1 GAP_MS=63.732 HASH=0945600073c36f13
CYCLE=0 PAIR=4687 BUFFER=3 SUBPAGES=0/1 GAP_MS=64.402 HASH=06675865a2b5f252
CYCLE=0 PAIR=4688 BUFFER=0 SUBPAGES=0/1 GAP_MS=65.342 HASH=2ef0d8d983e3764b
CYCLE=0 PAIR=4689 BUFFER=1 SUBPAGES=0/1 GAP_MS=63.815 HASH=85656dbe8eaee906
CYCLE=0 PAIR=4690 BUFFER=2 SUBPAGES=0/1 GAP_MS=64.399 HASH=a731cfdff56fb3fb
CYCLE=0 PAIR=4691 BUFFER=3 SUBPAGES=0/1 GAP_MS=63.122 HASH=ff0f6b2bee61b400
CYCLE=0 PAIR=4692 BUFFER=0 SUBPAGES=0/1 GAP_MS=64.002 HASH=4f24d52e18d5ae9b
CYCLE=0 PAIR=4693 BUFFER=1 SUBPAGES=0/1 GAP_MS=62.980 HASH=ad3998e6a7189412
CYCLE=0 PAIR=4694 BUFFER=2 SUBPAGES=0/1 GAP_MS=63.183 HASH=0bf04121afcae66e
CYCLE=0 PAIR=4695 BUFFER=3 SUBPAGES=0/1 GAP_MS=64.161 HASH=f3080ea01171d4f0
CYCLE=0 PAIR=4696 BUFFER=0 SUBPAGES=0/1 GAP_MS=62.998 HASH=a4e565764708bdc8
CYCLE=0 PAIR=4697 BUFFER=1 SUBPAGES=0/1 GAP_MS=62.706 HASH=8cfc8cdf80136246
CYCLE=0 PAIR=4698 BUFFER=2 SUBPAGES=0/1 GAP_MS=63.641 HASH=828ab3e7ce357a33
CYCLE=0 PAIR=4699 BUFFER=3 SUBPAGES=0/1 GAP_MS=65.071 HASH=0c0577a2af7b8c18
CYCLE=0 PAIR=4700 BUFFER=0 SUBPAGES=0/1 GAP_MS=64.506 HASH=b94fc17614dec231
CYCLE=0 PAIR=4701 BUFFER=1 SUBPAGES=0/1 GAP_MS=64.424 HASH=b9bab16d628fa841
CYCLE=0 PAIR=4702 BUFFER=2 SUBPAGES=0/1 GAP_MS=64.036 HASH=68d2f7374f5e8320
CYCLE=0 PAIR=4703 BUFFER=3 SUBPAGES=0/1 GAP_MS=65.311 HASH=5874ce6f111be6bb
CYCLE=0 PAIR=4704 BUFFER=0 SUBPAGES=0/1 GAP_MS=63.488 HASH=e5fa745249c125fd
CYCLE=0 PAIR=4705 BUFFER=1 SUBPAGES=0/1 GAP_MS=64.070 HASH=b983db2c628f82cf
CYCLE=0 PAIR=4706 BUFFER=2 SUBPAGES=0/1 GAP_MS=64.077 HASH=c219f7826107d9a1
CYCLE=0 PAIR=4707 BUFFER=3 SUBPAGES=0/1 GAP_MS=63.453 HASH=c5e1378950854019
CYCLE=0 PAIR=4708 BUFFER=0 SUBPAGES=0/1 GAP_MS=62.376 HASH=2f6d6e6ead3d8933
CYCLE=0 PAIR=4709 BUFFER=1 SUBPAGES=0/1 GAP_MS=63.552 HASH=eec70d25bfdc780e
CYCLE=0 PAIR=4710 BUFFER=2 SUBPAGES=0/1 GAP_MS=64.292 HASH=8b1038a8c1b40518
CYCLE=0 PAIR=4711 BUFFER=3 SUBPAGES=0/1 GAP_MS=64.154 HASH=46da80c36626b149
CYCLE=0 PAIR=4712 BUFFER=0 SUBPAGES=0/1 GAP_MS=63.100 HASH=4c7d6448be41bc76
CYCLE=0 PAIR=4713 BUFFER=1 SUBPAGES=0/1 GAP_MS=63.611 HASH=e50f16aae7499232
CYCLE=0 PAIR=4714 BUFFER=2 SUBPAGES=0/1 GAP_MS=64.249 HASH=7d78d3aa370a42a0
CYCLE=0 PAIR=4715 BUFFER=3 SUBPAGES=0/1 GAP_MS=64.935 HASH=5c1f3b929f287b6c
CYCLE=0 PAIR=4716 BUFFER=0 SUBPAGES=0/1 GAP_MS=63.862 HASH=d0ae3483ae9dd18a
CYCLE=0 PAIR=4717 BUFFER=1 SUBPAGES=0/1 GAP_MS=64.128 HASH=a6ccb3ded1726de8
CYCLE=0 PAIR=4718 BUFFER=2 SUBPAGES=0/1 GAP_MS=64.066 HASH=bf6690fdf9cb1fa9
CYCLE=0 PAIR=4719 BUFFER=3 SUBPAGES=0/1 GAP_MS=64.822 HASH=0b9366024a075ed1
CYCLE=0 PAIR=4720 BUFFER=0 SUBPAGES=0/1 GAP_MS=63.579 HASH=cd9f1c26b973ad06
CYCLE=0 PAIR=4721 BUFFER=1 SUBPAGES=0/1 GAP_MS=64.559 HASH=aa2a5029f14941ff
CYCLE=0 PAIR=4722 BUFFER=2 SUBPAGES=0/1 GAP_MS=62.843 HASH=97e63e1f137ba728
CYCLE=0 PAIR=4723 BUFFER=3 SUBPAGES=0/1 GAP_MS=64.124 HASH=07504491549066f7
CYCLE=0 PAIR=4724 BUFFER=0 SUBPAGES=0/1 GAP_MS=64.412 HASH=a91638b7c0561840
CYCLE=0 PAIR=4725 BUFFER=1 SUBPAGES=0/1 GAP_MS=63.567 HASH=aed9ca70e84f41c0
CYCLE=0 PAIR=4726 BUFFER=2 SUBPAGES=0/1 GAP_MS=64.414 HASH=482e39fc8599533a
CYCLE=0 PAIR=4727 BUFFER=3 SUBPAGES=0/1 GAP_MS=63.626 HASH=a42057ee5a7b2996
CYCLE=0 PAIR=4728 BUFFER=0 SUBPAGES=0/1 GAP_MS=63.743 HASH=a6d0294431f14c64
CYCLE=0 PAIR=4729 BUFFER=1 SUBPAGES=0/1 GAP_MS=63.393 HASH=006eb6cab5800bac
CYCLE=0 PAIR=4730 BUFFER=2 SUBPAGES=0/1 GAP_MS=62.991 HASH=7d96796c19a16e23
CYCLE=0 PAIR=4731 BUFFER=3 SUBPAGES=0/1 GAP_MS=64.130 HASH=2257804e074b719f
CYCLE=0 PAIR=4732 BUFFER=0 SUBPAGES=0/1 GAP_MS=63.399 HASH=d6fafe437e786934
CYCLE=0 PAIR=4733 BUFFER=1 SUBPAGES=0/1 GAP_MS=63.489 HASH=1d38d0ae88b84f2e
CYCLE=0 PAIR=4734 BUFFER=2 SUBPAGES=0/1 GAP_MS=62.947 HASH=798430b92db848f1
CYCLE=0 PAIR=4735 BUFFER=3 SUBPAGES=0/1 GAP_MS=64.248 HASH=480718a6535c9afb
CYCLE=0 PAIR=4736 BUFFER=0 SUBPAGES=0/1 GAP_MS=64.270 HASH=cea23bf2389cd948
CYCLE=0 PAIR=4737 BUFFER=1 SUBPAGES=0/1 GAP_MS=64.798 HASH=3128eb740158ea62
CYCLE=0 PAIR=4738 BUFFER=2 SUBPAGES=0/1 GAP_MS=65.200 HASH=138afd59282d8897
CYCLE=0 PAIR=4739 BUFFER=3 SUBPAGES=0/1 GAP_MS=64.697 HASH=2c03905bd19ef226
CYCLE=0 PAIR=4740 BUFFER=0 SUBPAGES=0/1 GAP_MS=63.186 HASH=7ed291b566b28dfc
CYCLE=0 PAIR=4741 BUFFER=1 SUBPAGES=0/1 GAP_MS=64.862 HASH=527eb87f6812e505
CYCLE=0 PAIR=4742 BUFFER=2 SUBPAGES=0/1 GAP_MS=61.859 HASH=e76d3149f03b21f3
CYCLE=0 PAIR=4743 BUFFER=3 SUBPAGES=0/1 GAP_MS=64.204 HASH=d6b30f2d970e673a
CYCLE=0 PAIR=4744 BUFFER=0 SUBPAGES=0/1 GAP_MS=64.799 HASH=28a82339fb8eb74d
CYCLE=0 PAIR=4745 BUFFER=1 SUBPAGES=0/1 GAP_MS=63.137 HASH=5707a9ae0c785337
CYCLE=0 PAIR=4746 BUFFER=2 SUBPAGES=0/1 GAP_MS=64.105 HASH=c16519980c876466
CYCLE=0 PAIR=4747 BUFFER=3 SUBPAGES=0/1 GAP_MS=64.697 HASH=64a5c0e7b9badc07
CYCLE=0 PAIR=4748 BUFFER=0 SUBPAGES=0/1 GAP_MS=65.242 HASH=860ea1e02b33e900
CYCLE=0 PAIR=4749 BUFFER=1 SUBPAGES=0/1 GAP_MS=64.509 HASH=5c7617fd13904cb9
CYCLE=0 PAIR=4750 BUFFER=2 SUBPAGES=0/1 GAP_MS=64.518 HASH=d7feb34bae970f0a
CYCLE=0 PAIR=4751 BUFFER=3 SUBPAGES=0/1 GAP_MS=63.148 HASH=bd2deacecd9f2a99
CYCLE=0 PAIR=4752 BUFFER=0 SUBPAGES=0/1 GAP_MS=63.338 HASH=b73ce120b02d218d
CYCLE=0 PAIR=4753 BUFFER=1 SUBPAGES=0/1 GAP_MS=63.793 HASH=3c19a109fae5a783
CYCLE=0 PAIR=4754 BUFFER=2 SUBPAGES=0/1 GAP_MS=64.885 HASH=0b80c5572bc13676
CYCLE=0 PAIR=4755 BUFFER=3 SUBPAGES=0/1 GAP_MS=63.388 HASH=0e86e90c7cb5f7d9
CYCLE=0 PAIR=4756 BUFFER=0 SUBPAGES=0/1 GAP_MS=63.781 HASH=9dd301152497af8f
CYCLE=0 PAIR=4757 BUFFER=1 SUBPAGES=0/1 GAP_MS=63.273 HASH=212ee75233d5daf0
CYCLE=0 PAIR=4758 BUFFER=2 SUBPAGES=0/1 GAP_MS=62.035 HASH=05493b668d2b44ca
CYCLE=0 PAIR=4759 BUFFER=3 SUBPAGES=0/1 GAP_MS=63.969 HASH=cb9b9c73a3f89634
CYCLE=0 PAIR=4760 BUFFER=0 SUBPAGES=0/1 GAP_MS=62.877 HASH=d3f407fec57e49fd
CYCLE=0 PAIR=4761 BUFFER=1 SUBPAGES=0/1 GAP_MS=64.382 HASH=1e1a8db30868c12f
CYCLE=0 PAIR=4762 BUFFER=2 SUBPAGES=0/1 GAP_MS=62.919 HASH=2a22129ef042d375
CYCLE=0 PAIR=4763 BUFFER=3 SUBPAGES=0/1 GAP_MS=64.586 HASH=636b342815c018e5
CYCLE=0 PAIR=4764 BUFFER=0 SUBPAGES=0/1 GAP_MS=63.970 HASH=33822b8e457176fd
CYCLE=0 PAIR=4765 BUFFER=1 SUBPAGES=0/1 GAP_MS=63.289 HASH=94e662bcf1b5d55f
CYCLE=0 PAIR=4766 BUFFER=2 SUBPAGES=0/1 GAP_MS=62.534 HASH=eea2ea1ef31c6251
CYCLE=0 PAIR=4767 BUFFER=3 SUBPAGES=0/1 GAP_MS=64.460 HASH=ed1f687b4bc1f483
CYCLE=0 PAIR=4768 BUFFER=0 SUBPAGES=0/1 GAP_MS=63.446 HASH=fe2adea4dbeec2b8
CYCLE=0 PAIR=4769 BUFFER=1 SUBPAGES=0/1 GAP_MS=63.766 HASH=1abc3fb514a60a97
CYCLE=0 PAIR=4770 BUFFER=2 SUBPAGES=0/1 GAP_MS=63.886 HASH=63a8150f030ed627
CYCLE=0 PAIR=4771 BUFFER=3 SUBPAGES=0/1 GAP_MS=63.466 HASH=9a9dc2663f6e9583
CYCLE=0 PAIR=4772 BUFFER=0 SUBPAGES=0/1 GAP_MS=64.294 HASH=72a3e61d6a84fcc0
CYCLE=0 PAIR=4773 BUFFER=1 SUBPAGES=0/1 GAP_MS=65.185 HASH=c22866137db2eb3a
CYCLE=0 PAIR=4774 BUFFER=2 SUBPAGES=0/1 GAP_MS=62.302 HASH=c71f1e8f6b1f773e
CYCLE=0 PAIR=4775 BUFFER=3 SUBPAGES=0/1 GAP_MS=63.992 HASH=f0b12241bc0c741d
CYCLE=0 PAIR=4776 BUFFER=0 SUBPAGES=0/1 GAP_MS=64.118 HASH=9a3e62f841ad1d56
CYCLE=0 PAIR=4777 BUFFER=1 SUBPAGES=0/1 GAP_MS=63.600 HASH=4fc1de0cc41db6ec
CYCLE=0 PAIR=4778 BUFFER=2 SUBPAGES=0/1 GAP_MS=65.079 HASH=70e2b6c4b72f19d7
CYCLE=0 PAIR=4779 BUFFER=3 SUBPAGES=0/1 GAP_MS=64.315 HASH=0ecf88235d507b89
CYCLE=0 PAIR=4780 BUFFER=0 SUBPAGES=0/1 GAP_MS=63.543 HASH=447a616c53773d09
CYCLE=0 PAIR=4781 BUFFER=1 SUBPAGES=0/1 GAP_MS=63.414 HASH=b42dc166d6d4571d
CYCLE=0 PAIR=4782 BUFFER=2 SUBPAGES=0/1 GAP_MS=62.691 HASH=8219ba99389734be
CYCLE=0 PAIR=4783 BUFFER=3 SUBPAGES=0/1 GAP_MS=62.872 HASH=631ed66d7b2cbfb4
CYCLE=0 PAIR=4784 BUFFER=0 SUBPAGES=0/1 GAP_MS=65.307 HASH=0f2a26790ddb6441
CYCLE=0 PAIR=4785 BUFFER=1 SUBPAGES=0/1 GAP_MS=62.830 HASH=7a3731b43df06f83
CYCLE=0 PAIR=4786 BUFFER=2 SUBPAGES=0/1 GAP_MS=63.344 HASH=73f0cdc5913fa26d
CYCLE=0 PAIR=4787 BUFFER=3 SUBPAGES=0/1 GAP_MS=63.982 HASH=56971e4ac793ac76
CYCLE=0 PAIR=4788 BUFFER=0 SUBPAGES=0/1 GAP_MS=64.772 HASH=126a7f1be79e8553
CYCLE=0 PAIR=4789 BUFFER=1 SUBPAGES=0/1 GAP_MS=63.412 HASH=83e6ef48fea42c7b
CYCLE=0 PAIR=4790 BUFFER=2 SUBPAGES=0/1 GAP_MS=65.250 HASH=02352f25ba02afc3
CYCLE=0 PAIR=4791 BUFFER=3 SUBPAGES=0/1 GAP_MS=63.747 HASH=c96a9f46518991ef
CYCLE=0 PAIR=4792 BUFFER=0 SUBPAGES=0/1 GAP_MS=63.467 HASH=16cd241777b9d668
CYCLE=0 PAIR=4793 BUFFER=1 SUBPAGES=0/1 GAP_MS=64.771 HASH=0075cf8a09fe45ab
CYCLE=0 PAIR=4794 BUFFER=2 SUBPAGES=0/1 GAP_MS=63.975 HASH=99f614eeda591800
CYCLE=0 PAIR=4795 BUFFER=3 SUBPAGES=0/1 GAP_MS=62.668 HASH=2d80512ba1116d61
CYCLE=0 PAIR=4796 BUFFER=0 SUBPAGES=0/1 GAP_MS=64.494 HASH=6a6ba968e575d7ec
CYCLE=0 PAIR=4797 BUFFER=1 SUBPAGES=0/1 GAP_MS=65.000 HASH=e30b114fe1b00a41
CYCLE=0 PAIR=4798 BUFFER=2 SUBPAGES=0/1 GAP_MS=65.484 HASH=70326a6dfbee5b6d
CYCLE=0 PAIR=4799 BUFFER=3 SUBPAGES=0/1 GAP_MS=63.071 HASH=f0ed0f96c14adc8d
TOTAL_PAIRS=4800
ELAPSED_SECONDS=614.035
STAGE5_RUNTIME_CHECK=PASS
