		VIDIOC_REQBUFS returned 0 (Success)
		VIDIOC_QUERYBUF returned 0 (Success)
		VIDIOC_QUERYBUF returned 0 (Success)
		VIDIOC_QUERYBUF returned 0 (Success)
		VIDIOC_QUERYBUF returned 0 (Success)
		VIDIOC_QBUF returned 0 (Success)
		VIDIOC_QBUF returned 0 (Success)
		VIDIOC_QBUF returned 0 (Success)
		VIDIOC_QBUF returned 0 (Success)
		VIDIOC_STREAMON returned 0 (Success)
cap dqbuf: 0 seq:      0 bytesused: 12441600 ts: 3248.278475 delta now: +32.320 ms (ts-monotonic, ts-src-eof)
cap dqbuf: 1 seq:      1 bytesused: 12441600 ts: 3248.311803 delta: 33.328 ms delta now: +33.363 ms (ts-monotonic, ts-src-eof)
cap dqbuf: 2 seq:      2 bytesused: 12441600 ts: 3248.345239 delta: 33.436 ms delta now: +32.205 ms (ts-monotonic, ts-src-eof)
cap dqbuf: 3 seq:      3 bytesused: 12441600 ts: 3248.378469 delta: 33.230 ms delta now: +33.177 ms (ts-monotonic, ts-src-eof)
cap dqbuf: 0 seq:      4 bytesused: 12441600 ts: 3248.411804 delta: 33.335 ms delta now: +33.288 ms fps: 30.00 (ts-monotonic, ts-src-eof)
cap dqbuf: 1 seq:      5 bytesused: 12441600 ts: 3248.445138 delta: 33.334 ms delta now: +32.295 ms fps: 30.00 (ts-monotonic, ts-src-eof)
cap dqbuf: 2 seq:      6 bytesused: 12441600 ts: 3248.478469 delta: 33.331 ms delta now: +33.308 ms fps: 30.00 (ts-monotonic, ts-src-eof)
cap dqbuf: 3 seq:      7 bytesused: 12441600 ts: 3248.511805 delta: 33.336 ms delta now: +33.177 ms fps: 30.00 (ts-monotonic, ts-src-eof)
cap dqbuf: 0 seq:      8 bytesused: 12441600 ts: 3248.545137 delta: 33.332 ms delta now: +33.158 ms fps: 30.00 (ts-monotonic, ts-src-eof)
cap dqbuf: 1 seq:      9 bytesused: 12441600 ts: 3248.578471 delta: 33.334 ms delta now: +33.276 ms fps: 30.00 (ts-monotonic, ts-src-eof)
cap dqbuf: 2 seq:     10 bytesused: 12441600 ts: 3248.611805 delta: 33.334 ms delta now: +32.293 ms fps: 30.00 (ts-monotonic, ts-src-eof)
cap dqbuf: 3 seq:     11 bytesused: 12441600 ts: 3248.645136 delta: 33.331 ms delta now: +33.318 ms fps: 30.00 (ts-monotonic, ts-src-eof)
cap dqbuf: 0 seq:     12 bytesused: 12441600 ts: 3248.678571 delta: 33.435 ms delta now: +33.186 ms fps: 29.99 (ts-monotonic, ts-src-eof)
cap dqbuf: 1 seq:     13 bytesused: 12441600 ts: 3248.711805 delta: 33.234 ms delta now: +33.149 ms fps: 30.00 (ts-monotonic, ts-src-eof)
cap dqbuf: 2 seq:     14 bytesused: 12441600 ts: 3248.745138 delta: 33.333 ms delta now: +33.284 ms fps: 30.00 (ts-monotonic, ts-src-eof)
cap dqbuf: 3 seq:     15 bytesused: 12441600 ts: 3248.778545 delta: 33.407 ms delta now: +33.074 ms fps: 30.00 (ts-monotonic, ts-src-eof)
cap dqbuf: 0 seq:     16 bytesused: 12441600 ts: 3248.811804 delta: 33.259 ms delta now: +33.147 ms fps: 30.00 (ts-monotonic, ts-src-eof)
cap dqbuf: 1 seq:     17 bytesused: 12441600 ts: 3248.845138 delta: 33.334 ms delta now: +32.295 ms fps: 30.00 (ts-monotonic, ts-src-eof)
cap dqbuf: 2 seq:     18 bytesused: 12441600 ts: 3248.878469 delta: 33.331 ms delta now: +33.164 ms fps: 30.00 (ts-monotonic, ts-src-eof)
cap dqbuf: 3 seq:     19 bytesused: 12441600 ts: 3248.911804 delta: 33.335 ms delta now: +33.272 ms fps: 30.00 (ts-monotonic, ts-src-eof)
cap dqbuf: 0 seq:     20 bytesused: 12441600 ts: 3248.945139 delta: 33.335 ms delta now: +33.155 ms fps: 30.00 (ts-monotonic, ts-src-eof)
cap dqbuf: 1 seq:     21 bytesused: 12441600 ts: 3248.978471 delta: 33.332 ms delta now: +33.276 ms fps: 30.00 (ts-monotonic, ts-src-eof)
cap dqbuf: 2 seq:     22 bytesused: 12441600 ts: 3249.011805 delta: 33.334 ms delta now: +32.293 ms fps: 30.00 (ts-monotonic, ts-src-eof)
cap dqbuf: 3 seq:     23 bytesused: 12441600 ts: 3249.045136 delta: 33.331 ms delta now: +32.339 ms fps: 30.00 (ts-monotonic, ts-src-eof)
cap dqbuf: 0 seq:     24 bytesused: 12441600 ts: 3249.078470 delta: 33.334 ms delta now: +32.309 ms fps: 30.00 (ts-monotonic, ts-src-eof)
cap dqbuf: 1 seq:     25 bytesused: 12441600 ts: 3249.111803 delta: 33.333 ms delta now: +33.169 ms fps: 30.00 (ts-monotonic, ts-src-eof)
cap dqbuf: 2 seq:     26 bytesused: 12441600 ts: 3249.145141 delta: 33.338 ms delta now: +33.290 ms fps: 30.00 (ts-monotonic, ts-src-eof)
cap dqbuf: 3 seq:     27 bytesused: 12441600 ts: 3249.178470 delta: 33.329 ms delta now: +33.383 ms fps: 30.00 (ts-monotonic, ts-src-eof)
cap dqbuf: 0 seq:     28 bytesused: 12441600 ts: 3249.211805 delta: 33.335 ms delta now: +33.150 ms fps: 30.00 (ts-monotonic, ts-src-eof)
cap dqbuf: 1 seq:     29 bytesused: 12441600 ts: 3249.245138 delta: 33.333 ms delta now: +33.312 ms fps: 30.00 (ts-monotonic, ts-src-eof)
cap dqbuf: 2 seq:     30 bytesused: 12441600 ts: 3249.278472 delta: 33.334 ms delta now: +32.294 ms fps: 30.00 (ts-monotonic, ts-src-eof)
cap dqbuf: 3 seq:     31 bytesused: 12441600 ts: 3249.311803 delta: 33.331 ms delta now: +33.412 ms fps: 30.00 (ts-monotonic, ts-src-eof)
cap dqbuf: 0 seq:     32 bytesused: 12441600 ts: 3249.345163 delta: 33.360 ms delta now: +32.277 ms fps: 30.00 (ts-monotonic, ts-src-eof)
cap dqbuf: 1 seq:     33 bytesused: 12441600 ts: 3249.378469 delta: 33.306 ms delta now: +32.297 ms fps: 30.00 (ts-monotonic, ts-src-eof)
cap dqbuf: 2 seq:     34 bytesused: 12441600 ts: 3249.411803 delta: 33.334 ms delta now: +33.148 ms fps: 30.00 (ts-monotonic, ts-src-eof)
cap dqbuf: 3 seq:     35 bytesused: 12441600 ts: 3249.445138 delta: 33.335 ms delta now: +33.384 ms fps: 30.00 (ts-monotonic, ts-src-eof)
cap dqbuf: 0 seq:     36 bytesused: 12441600 ts: 3249.478487 delta: 33.349 ms delta now: +32.281 ms fps: 30.00 (ts-monotonic, ts-src-eof)
cap dqbuf: 1 seq:     37 bytesused: 12441600 ts: 3249.511803 delta: 33.316 ms delta now: +32.421 ms fps: 30.00 (ts-monotonic, ts-src-eof)
cap dqbuf: 2 seq:     38 bytesused: 12441600 ts: 3249.545136 delta: 33.333 ms delta now: +33.336 ms fps: 30.00 (ts-monotonic, ts-src-eof)
cap dqbuf: 3 seq:     39 bytesused: 12441600 ts: 3249.578571 delta: 33.435 ms delta now: +33.073 ms fps: 30.00 (ts-monotonic, ts-src-eof)
cap dqbuf: 0 seq:     40 bytesused: 12441600 ts: 3249.611804 delta: 33.233 ms delta now: +32.353 ms fps: 30.00 (ts-monotonic, ts-src-eof)
cap dqbuf: 1 seq:     41 bytesused: 12441600 ts: 3249.645136 delta: 33.332 ms delta now: +33.372 ms fps: 30.00 (ts-monotonic, ts-src-eof)
cap dqbuf: 2 seq:     42 bytesused: 12441600 ts: 3249.678576 delta: 33.440 ms delta now: +32.190 ms fps: 30.00 (ts-monotonic, ts-src-eof)
cap dqbuf: 3 seq:     43 bytesused: 12441600 ts: 3249.711803 delta: 33.227 ms delta now: +33.190 ms fps: 30.00 (ts-monotonic, ts-src-eof)
cap dqbuf: 0 seq:     44 bytesused: 12441600 ts: 3249.745138 delta: 33.335 ms delta now: +33.452 ms fps: 30.00 (ts-monotonic, ts-src-eof)
cap dqbuf: 1 seq:     45 bytesused: 12441600 ts: 3249.778603 delta: 33.465 ms delta now: +32.162 ms fps: 30.00 (ts-monotonic, ts-src-eof)
cap dqbuf: 2 seq:     46 bytesused: 12441600 ts: 3249.811803 delta: 33.200 ms delta now: +33.348 ms fps: 30.00 (ts-monotonic, ts-src-eof)
cap dqbuf: 3 seq:     47 bytesused: 12441600 ts: 3249.845139 delta: 33.336 ms delta now: +32.292 ms fps: 30.00 (ts-monotonic, ts-src-eof)
cap dqbuf: 0 seq:     48 bytesused: 12441600 ts: 3249.878470 delta: 33.331 ms delta now: +32.296 ms fps: 30.00 (ts-monotonic, ts-src-eof)
cap dqbuf: 1 seq:     49 bytesused: 12441600 ts: 3249.911803 delta: 33.333 ms delta now: +33.171 ms fps: 30.00 (ts-monotonic, ts-src-eof)
cap dqbuf: 2 seq:     50 bytesused: 12441600 ts: 3249.945138 delta: 33.335 ms delta now: +33.374 ms fps: 30.00 (ts-monotonic, ts-src-eof)
cap dqbuf: 3 seq:     51 bytesused: 12441600 ts: 3249.978574 delta: 33.436 ms delta now: +33.069 ms fps: 30.00 (ts-monotonic, ts-src-eof)
cap dqbuf: 0 seq:     52 bytesused: 12441600 ts: 3250.011805 delta: 33.231 ms delta now: +33.287 ms fps: 30.00 (ts-monotonic, ts-src-eof)
cap dqbuf: 1 seq:     53 bytesused: 12441600 ts: 3250.045255 delta: 33.450 ms delta now: +33.059 ms fps: 30.00 (ts-monotonic, ts-src-eof)
cap dqbuf: 2 seq:     54 bytesused: 12441600 ts: 3250.078471 delta: 33.216 ms delta now: +33.300 ms fps: 30.00 (ts-monotonic, ts-src-eof)
cap dqbuf: 3 seq:     55 bytesused: 12441600 ts: 3250.111805 delta: 33.334 ms delta now: +33.160 ms fps: 30.00 (ts-monotonic, ts-src-eof)
cap dqbuf: 0 seq:     56 bytesused: 12441600 ts: 3250.145138 delta: 33.333 ms delta now: +32.412 ms fps: 30.00 (ts-monotonic, ts-src-eof)
cap dqbuf: 1 seq:     57 bytesused: 12441600 ts: 3250.178470 delta: 33.332 ms delta now: +32.311 ms fps: 30.00 (ts-monotonic, ts-src-eof)
cap dqbuf: 2 seq:     58 bytesused: 12441600 ts: 3250.211803 delta: 33.333 ms delta now: +33.390 ms fps: 30.00 (ts-monotonic, ts-src-eof)
cap dqbuf: 3 seq:     59 bytesused: 12441600 ts: 3250.245138 delta: 33.335 ms delta now: +33.164 ms fps: 30.00 (ts-monotonic, ts-src-eof)
cap dqbuf: 0 seq:     60 bytesused: 12441600 ts: 3250.278472 delta: 33.334 ms delta now: +33.290 ms fps: 30.00 (ts-monotonic, ts-src-eof)
cap dqbuf: 1 seq:     61 bytesused: 12441600 ts: 3250.311805 delta: 33.333 ms delta now: +33.292 ms fps: 30.00 (ts-monotonic, ts-src-eof)
cap dqbuf: 2 seq:     62 bytesused: 12441600 ts: 3250.345138 delta: 33.333 ms delta now: +33.165 ms fps: 30.00 (ts-monotonic, ts-src-eof)
cap dqbuf: 3 seq:     63 bytesused: 12441600 ts: 3250.378471 delta: 33.333 ms delta now: +33.288 ms fps: 30.00 (ts-monotonic, ts-src-eof)
cap dqbuf: 0 seq:     64 bytesused: 12441600 ts: 3250.411805 delta: 33.334 ms delta now: +32.527 ms fps: 30.00 (ts-monotonic, ts-src-eof)
cap dqbuf: 1 seq:     65 bytesused: 12441600 ts: 3250.445136 delta: 33.331 ms delta now: +33.197 ms fps: 30.00 (ts-monotonic, ts-src-eof)
cap dqbuf: 2 seq:     66 bytesused: 12441600 ts: 3250.478471 delta: 33.335 ms delta now: +32.344 ms fps: 30.00 (ts-monotonic, ts-src-eof)
cap dqbuf: 3 seq:     67 bytesused: 12441600 ts: 3250.511803 delta: 33.332 ms delta now: +33.160 ms fps: 30.00 (ts-monotonic, ts-src-eof)
cap dqbuf: 0 seq:     68 bytesused: 12441600 ts: 3250.545138 delta: 33.335 ms delta now: +33.351 ms fps: 30.00 (ts-monotonic, ts-src-eof)
cap dqbuf: 1 seq:     69 bytesused: 12441600 ts: 3250.578470 delta: 33.332 ms delta now: +32.296 ms fps: 30.00 (ts-monotonic, ts-src-eof)
cap dqbuf: 2 seq:     70 bytesused: 12441600 ts: 3250.611803 delta: 33.333 ms delta now: +33.152 ms fps: 30.00 (ts-monotonic, ts-src-eof)
cap dqbuf: 3 seq:     71 bytesused: 12441600 ts: 3250.645138 delta: 33.335 ms delta now: +33.375 ms fps: 30.00 (ts-monotonic, ts-src-eof)
cap dqbuf: 0 seq:     72 bytesused: 12441600 ts: 3250.678576 delta: 33.438 ms delta now: +32.190 ms fps: 30.00 (ts-monotonic, ts-src-eof)
cap dqbuf: 1 seq:     73 bytesused: 12441600 ts: 3250.711805 delta: 33.229 ms delta now: +33.306 ms fps: 30.00 (ts-monotonic, ts-src-eof)
cap dqbuf: 2 seq:     74 bytesused: 12441600 ts: 3250.745139 delta: 33.334 ms delta now: +32.293 ms fps: 30.00 (ts-monotonic, ts-src-eof)
cap dqbuf: 3 seq:     75 bytesused: 12441600 ts: 3250.778470 delta: 33.331 ms delta now: +33.157 ms fps: 30.00 (ts-monotonic, ts-src-eof)
cap dqbuf: 0 seq:     76 bytesused: 12441600 ts: 3250.811805 delta: 33.335 ms delta now: +33.291 ms fps: 30.00 (ts-monotonic, ts-src-eof)
cap dqbuf: 1 seq:     77 bytesused: 12441600 ts: 3250.845138 delta: 33.333 ms delta now: +33.408 ms fps: 30.00 (ts-monotonic, ts-src-eof)
cap dqbuf: 2 seq:     78 bytesused: 12441600 ts: 3250.878588 delta: 33.450 ms delta now: +33.189 ms fps: 30.00 (ts-monotonic, ts-src-eof)
cap dqbuf: 3 seq:     79 bytesused: 12441600 ts: 3250.911805 delta: 33.217 ms delta now: +32.955 ms fps: 30.00 (ts-monotonic, ts-src-eof)
cap dqbuf: 0 seq:     80 bytesused: 12441600 ts: 3250.945136 delta: 33.331 ms delta now: +33.314 ms fps: 30.00 (ts-monotonic, ts-src-eof)
cap dqbuf: 1 seq:     81 bytesused: 12441600 ts: 3250.978471 delta: 33.335 ms delta now: +32.295 ms fps: 30.00 (ts-monotonic, ts-src-eof)
cap dqbuf: 2 seq:     82 bytesused: 12441600 ts: 3251.011803 delta: 33.332 ms delta now: +33.159 ms fps: 30.00 (ts-monotonic, ts-src-eof)
cap dqbuf: 3 seq:     83 bytesused: 12441600 ts: 3251.045138 delta: 33.335 ms delta now: +33.385 ms fps: 30.00 (ts-monotonic, ts-src-eof)
cap dqbuf: 0 seq:     84 bytesused: 12441600 ts: 3251.078595 delta: 33.457 ms delta now: +32.186 ms fps: 30.00 (ts-monotonic, ts-src-eof)
cap dqbuf: 1 seq:     85 bytesused: 12441600 ts: 3251.111805 delta: 33.210 ms delta now: +33.319 ms fps: 30.00 (ts-monotonic, ts-src-eof)
cap dqbuf: 2 seq:     86 bytesused: 12441600 ts: 3251.145139 delta: 33.334 ms delta now: +33.154 ms fps: 30.00 (ts-monotonic, ts-src-eof)
cap dqbuf: 3 seq:     87 bytesused: 12441600 ts: 3251.178471 delta: 33.332 ms delta now: +33.284 ms fps: 30.00 (ts-monotonic, ts-src-eof)
cap dqbuf: 0 seq:     88 bytesused: 12441600 ts: 3251.211805 delta: 33.334 ms delta now: +32.294 ms fps: 30.00 (ts-monotonic, ts-src-eof)
cap dqbuf: 1 seq:     89 bytesused: 12441600 ts: 3251.245136 delta: 33.331 ms delta now: +33.480 ms fps: 30.00 (ts-monotonic, ts-src-eof)
cap dqbuf: 2 seq:     90 bytesused: 12441600 ts: 3251.278585 delta: 33.449 ms delta now: +33.039 ms fps: 30.00 (ts-monotonic, ts-src-eof)
cap dqbuf: 3 seq:     91 bytesused: 12441600 ts: 3251.311803 delta: 33.218 ms delta now: +33.157 ms fps: 30.00 (ts-monotonic, ts-src-eof)
cap dqbuf: 0 seq:     92 bytesused: 12441600 ts: 3251.345138 delta: 33.335 ms delta now: +32.796 ms fps: 30.00 (ts-monotonic, ts-src-eof)
cap dqbuf: 1 seq:     93 bytesused: 12441600 ts: 3251.378470 delta: 33.332 ms delta now: +33.179 ms fps: 30.00 (ts-monotonic, ts-src-eof)
cap dqbuf: 2 seq:     94 bytesused: 12441600 ts: 3251.411805 delta: 33.335 ms delta now: +33.284 ms fps: 30.00 (ts-monotonic, ts-src-eof)
cap dqbuf: 3 seq:     95 bytesused: 12441600 ts: 3251.445138 delta: 33.333 ms delta now: +33.176 ms fps: 30.00 (ts-monotonic, ts-src-eof)
cap dqbuf: 0 seq:     96 bytesused: 12441600 ts: 3251.478471 delta: 33.333 ms delta now: +33.308 ms fps: 30.00 (ts-monotonic, ts-src-eof)
cap dqbuf: 1 seq:     97 bytesused: 12441600 ts: 3251.511805 delta: 33.334 ms delta now: +33.160 ms fps: 30.00 (ts-monotonic, ts-src-eof)
cap dqbuf: 2 seq:     98 bytesused: 12441600 ts: 3251.545138 delta: 33.333 ms delta now: +32.797 ms fps: 30.00 (ts-monotonic, ts-src-eof)
cap dqbuf: 3 seq:     99 bytesused: 12441600 ts: 3251.578470 delta: 33.332 ms delta now: +33.168 ms fps: 30.00 (ts-monotonic, ts-src-eof)
cap dqbuf: 0 seq:    100 bytesused: 12441600 ts: 3251.611805 delta: 33.335 ms delta now: +32.293 ms fps: 30.00 (ts-monotonic, ts-src-eof)
cap dqbuf: 1 seq:    101 bytesused: 12441600 ts: 3251.645138 delta: 33.333 ms delta now: +33.407 ms fps: 30.00 (ts-monotonic, ts-src-eof)
cap dqbuf: 2 seq:    102 bytesused: 12441600 ts: 3251.678571 delta: 33.433 ms delta now: +32.195 ms fps: 30.00 (ts-monotonic, ts-src-eof)
cap dqbuf: 3 seq:    103 bytesused: 12441600 ts: 3251.711805 delta: 33.234 ms delta now: +33.322 ms fps: 30.00 (ts-monotonic, ts-src-eof)
cap dqbuf: 0 seq:    104 bytesused: 12441600 ts: 3251.745139 delta: 33.334 ms delta now: +32.295 ms fps: 30.00 (ts-monotonic, ts-src-eof)
cap dqbuf: 1 seq:    105 bytesused: 12441600 ts: 3251.778470 delta: 33.331 ms delta now: +33.150 ms fps: 30.00 (ts-monotonic, ts-src-eof)
cap dqbuf: 2 seq:    106 bytesused: 12441600 ts: 3251.811805 delta: 33.335 ms delta now: +33.294 ms fps: 30.00 (ts-monotonic, ts-src-eof)
cap dqbuf: 3 seq:    107 bytesused: 12441600 ts: 3251.845138 delta: 33.333 ms delta now: +33.157 ms fps: 30.00 (ts-monotonic, ts-src-eof)
cap dqbuf: 0 seq:    108 bytesused: 12441600 ts: 3251.878472 delta: 33.334 ms delta now: +33.156 ms fps: 30.00 (ts-monotonic, ts-src-eof)
cap dqbuf: 1 seq:    109 bytesused: 12441600 ts: 3251.911805 delta: 33.333 ms delta now: +33.300 ms fps: 30.00 (ts-monotonic, ts-src-eof)
cap dqbuf: 2 seq:    110 bytesused: 12441600 ts: 3251.945139 delta: 33.334 ms delta now: +32.294 ms fps: 30.00 (ts-monotonic, ts-src-eof)
cap dqbuf: 3 seq:    111 bytesused: 12441600 ts: 3251.978470 delta: 33.331 ms delta now: +33.315 ms fps: 30.00 (ts-monotonic, ts-src-eof)
cap dqbuf: 0 seq:    112 bytesused: 12441600 ts: 3252.011805 delta: 33.335 ms delta now: +33.161 ms fps: 30.00 (ts-monotonic, ts-src-eof)
cap dqbuf: 1 seq:    113 bytesused: 12441600 ts: 3252.045138 delta: 33.333 ms delta now: +33.153 ms fps: 30.00 (ts-monotonic, ts-src-eof)
cap dqbuf: 2 seq:    114 bytesused: 12441600 ts: 3252.078472 delta: 33.334 ms delta now: +33.320 ms fps: 30.00 (ts-monotonic, ts-src-eof)
cap dqbuf: 3 seq:    115 bytesused: 12441600 ts: 3252.111805 delta: 33.333 ms delta now: +33.337 ms fps: 30.00 (ts-monotonic, ts-src-eof)
cap dqbuf: 0 seq:    116 bytesused: 12441600 ts: 3252.145139 delta: 33.334 ms delta now: +32.308 ms fps: 30.00 (ts-monotonic, ts-src-eof)
cap dqbuf: 1 seq:    117 bytesused: 12441600 ts: 3252.178472 delta: 33.333 ms delta now: +33.292 ms fps: 30.00 (ts-monotonic, ts-src-eof)
cap dqbuf: 2 seq:    118 bytesused: 12441600 ts: 3252.211805 delta: 33.333 ms delta now: +33.147 ms fps: 30.00 (ts-monotonic, ts-src-eof)
cap dqbuf: 3 seq:    119 bytesused: 12441600 ts: 3252.245138 delta: 33.333 ms delta now: +33.386 ms fps: 30.00 (ts-monotonic, ts-src-eof)
cap dqbuf: 0 seq:    120 bytesused: 12441600 ts: 3252.278470 delta: 33.332 ms delta now: +33.152 ms fps: 30.00 (ts-monotonic, ts-src-eof)
cap dqbuf: 1 seq:    121 bytesused: 12441600 ts: 3252.311805 delta: 33.335 ms delta now: +33.275 ms fps: 30.00 (ts-monotonic, ts-src-eof)
cap dqbuf: 2 seq:    122 bytesused: 12441600 ts: 3252.345138 delta: 33.333 ms delta now: +32.310 ms fps: 30.00 (ts-monotonic, ts-src-eof)
cap dqbuf: 3 seq:    123 bytesused: 12441600 ts: 3252.378470 delta: 33.332 ms delta now: +33.151 ms fps: 30.00 (ts-monotonic, ts-src-eof)
cap dqbuf: 0 seq:    124 bytesused: 12441600 ts: 3252.411904 delta: 33.434 ms delta now: +32.366 ms fps: 30.00 (ts-monotonic, ts-src-eof)
cap dqbuf: 1 seq:    125 bytesused: 12441600 ts: 3252.445137 delta: 33.233 ms delta now: +33.165 ms fps: 30.00 (ts-monotonic, ts-src-eof)
cap dqbuf: 2 seq:    126 bytesused: 12441600 ts: 3252.478471 delta: 33.334 ms delta now: +33.348 ms fps: 30.00 (ts-monotonic, ts-src-eof)
cap dqbuf: 3 seq:    127 bytesused: 12441600 ts: 3252.511805 delta: 33.334 ms delta now: +33.175 ms fps: 30.00 (ts-monotonic, ts-src-eof)
cap dqbuf: 0 seq:    128 bytesused: 12441600 ts: 3252.545138 delta: 33.333 ms delta now: +32.945 ms fps: 30.00 (ts-monotonic, ts-src-eof)
cap dqbuf: 1 seq:    129 bytesused: 12441600 ts: 3252.578470 delta: 33.332 ms delta now: +33.152 ms fps: 30.00 (ts-monotonic, ts-src-eof)
cap dqbuf: 2 seq:    130 bytesused: 12441600 ts: 3252.611805 delta: 33.335 ms delta now: +33.028 ms fps: 30.00 (ts-monotonic, ts-src-eof)
cap dqbuf: 3 seq:    131 bytesused: 12441600 ts: 3252.645137 delta: 33.332 ms delta now: +33.429 ms fps: 30.00 (ts-monotonic, ts-src-eof)
cap dqbuf: 0 seq:    132 bytesused: 12441600 ts: 3252.678573 delta: 33.436 ms delta now: +32.194 ms fps: 30.00 (ts-monotonic, ts-src-eof)
cap dqbuf: 1 seq:    133 bytesused: 12441600 ts: 3252.711803 delta: 33.230 ms delta now: +32.311 ms fps: 30.00 (ts-monotonic, ts-src-eof)
cap dqbuf: 2 seq:    134 bytesused: 12441600 ts: 3252.745136 delta: 33.333 ms delta now: +33.182 ms fps: 30.00 (ts-monotonic, ts-src-eof)
cap dqbuf: 3 seq:    135 bytesused: 12441600 ts: 3252.778472 delta: 33.336 ms delta now: +33.291 ms fps: 30.00 (ts-monotonic, ts-src-eof)
cap dqbuf: 0 seq:    136 bytesused: 12441600 ts: 3252.811805 delta: 33.333 ms delta now: +32.296 ms fps: 30.00 (ts-monotonic, ts-src-eof)
cap dqbuf: 1 seq:    137 bytesused: 12441600 ts: 3252.845138 delta: 33.333 ms delta now: +33.168 ms fps: 30.00 (ts-monotonic, ts-src-eof)
cap dqbuf: 2 seq:    138 bytesused: 12441600 ts: 3252.878472 delta: 33.334 ms delta now: +33.152 ms fps: 30.00 (ts-monotonic, ts-src-eof)
cap dqbuf: 3 seq:    139 bytesused: 12441600 ts: 3252.911803 delta: 33.331 ms delta now: +33.442 ms fps: 30.00 (ts-monotonic, ts-src-eof)
cap dqbuf: 0 seq:    140 bytesused: 12441600 ts: 3252.945253 delta: 33.450 ms delta now: +33.187 ms fps: 30.00 (ts-monotonic, ts-src-eof)
cap dqbuf: 1 seq:    141 bytesused: 12441600 ts: 3252.978472 delta: 33.219 ms delta now: +32.295 ms fps: 30.00 (ts-monotonic, ts-src-eof)
cap dqbuf: 2 seq:    142 bytesused: 12441600 ts: 3253.011803 delta: 33.331 ms delta now: +33.501 ms fps: 30.00 (ts-monotonic, ts-src-eof)
cap dqbuf: 3 seq:    143 bytesused: 12441600 ts: 3253.045139 delta: 33.336 ms delta now: +33.275 ms fps: 30.00 (ts-monotonic, ts-src-eof)
cap dqbuf: 0 seq:    144 bytesused: 12441600 ts: 3253.078472 delta: 33.333 ms delta now: +32.318 ms fps: 30.00 (ts-monotonic, ts-src-eof)
cap dqbuf: 1 seq:    145 bytesused: 12441600 ts: 3253.111803 delta: 33.331 ms delta now: +33.302 ms fps: 30.00 (ts-monotonic, ts-src-eof)
cap dqbuf: 2 seq:    146 bytesused: 12441600 ts: 3253.145237 delta: 33.434 ms delta now: +33.218 ms fps: 30.00 (ts-monotonic, ts-src-eof)
cap dqbuf: 3 seq:    147 bytesused: 12441600 ts: 3253.178571 delta: 33.334 ms delta now: +33.288 ms fps: 30.00 (ts-monotonic, ts-src-eof)
cap dqbuf: 0 seq:    148 bytesused: 12441600 ts: 3253.211814 delta: 33.243 ms delta now: +32.285 ms fps: 30.00 (ts-monotonic, ts-src-eof)
cap dqbuf: 1 seq:    149 bytesused: 12441600 ts: 3253.245137 delta: 33.323 ms delta now: +32.824 ms fps: 30.00 (ts-monotonic, ts-src-eof)
cap dqbuf: 2 seq:    150 bytesused: 12441600 ts: 3253.278472 delta: 33.335 ms delta now: +33.317 ms fps: 30.00 (ts-monotonic, ts-src-eof)
cap dqbuf: 3 seq:    151 bytesused: 12441600 ts: 3253.311805 delta: 33.333 ms delta now: +32.293 ms fps: 30.00 (ts-monotonic, ts-src-eof)
cap dqbuf: 0 seq:    152 bytesused: 12441600 ts: 3253.345137 delta: 33.332 ms delta now: +33.432 ms fps: 30.00 (ts-monotonic, ts-src-eof)
cap dqbuf: 1 seq:    153 bytesused: 12441600 ts: 3253.378472 delta: 33.335 ms delta now: +32.294 ms fps: 30.00 (ts-monotonic, ts-src-eof)
cap dqbuf: 2 seq:    154 bytesused: 12441600 ts: 3253.411803 delta: 33.331 ms delta now: +33.381 ms fps: 30.00 (ts-monotonic, ts-src-eof)
cap dqbuf: 3 seq:    155 bytesused: 12441600 ts: 3253.445257 delta: 33.454 ms delta now: +33.181 ms fps: 30.00 (ts-monotonic, ts-src-eof)
cap dqbuf: 0 seq:    156 bytesused: 12441600 ts: 3253.478472 delta: 33.215 ms delta now: +32.299 ms fps: 30.00 (ts-monotonic, ts-src-eof)
cap dqbuf: 1 seq:    157 bytesused: 12441600 ts: 3253.511803 delta: 33.331 ms delta now: +33.165 ms fps: 30.00 (ts-monotonic, ts-src-eof)
cap dqbuf: 2 seq:    158 bytesused: 12441600 ts: 3253.545139 delta: 33.336 ms delta now: +33.351 ms fps: 30.00 (ts-monotonic, ts-src-eof)
cap dqbuf: 3 seq:    159 bytesused: 12441600 ts: 3253.578475 delta: 33.336 ms delta now: +33.145 ms fps: 30.00 (ts-monotonic, ts-src-eof)
cap dqbuf: 0 seq:    160 bytesused: 12441600 ts: 3253.611805 delta: 33.330 ms delta now: +33.370 ms fps: 30.00 (ts-monotonic, ts-src-eof)
cap dqbuf: 1 seq:    161 bytesused: 12441600 ts: 3253.645139 delta: 33.334 ms delta now: +33.266 ms fps: 30.00 (ts-monotonic, ts-src-eof)
cap dqbuf: 2 seq:    162 bytesused: 12441600 ts: 3253.678472 delta: 33.333 ms delta now: +32.294 ms fps: 30.00 (ts-monotonic, ts-src-eof)
cap dqbuf: 3 seq:    163 bytesused: 12441600 ts: 3253.711803 delta: 33.331 ms delta now: +33.148 ms fps: 30.00 (ts-monotonic, ts-src-eof)
cap dqbuf: 0 seq:    164 bytesused: 12441600 ts: 3253.745138 delta: 33.335 ms delta now: +33.194 ms fps: 30.00 (ts-monotonic, ts-src-eof)
cap dqbuf: 1 seq:    165 bytesused: 12441600 ts: 3253.778470 delta: 33.332 ms delta now: +33.320 ms fps: 30.00 (ts-monotonic, ts-src-eof)
cap dqbuf: 2 seq:    166 bytesused: 12441600 ts: 3253.811904 delta: 33.434 ms delta now: +32.195 ms fps: 30.00 (ts-monotonic, ts-src-eof)
cap dqbuf: 3 seq:    167 bytesused: 12441600 ts: 3253.845136 delta: 33.232 ms delta now: +33.180 ms fps: 30.00 (ts-monotonic, ts-src-eof)
cap dqbuf: 0 seq:    168 bytesused: 12441600 ts: 3253.878472 delta: 33.336 ms delta now: +33.287 ms fps: 30.00 (ts-monotonic, ts-src-eof)
cap dqbuf: 1 seq:    169 bytesused: 12441600 ts: 3253.911805 delta: 33.333 ms delta now: +33.139 ms fps: 30.00 (ts-monotonic, ts-src-eof)
cap dqbuf: 2 seq:    170 bytesused: 12441600 ts: 3253.945138 delta: 33.333 ms delta now: +33.287 ms fps: 30.00 (ts-monotonic, ts-src-eof)
cap dqbuf: 3 seq:    171 bytesused: 12441600 ts: 3253.978472 delta: 33.334 ms delta now: +32.294 ms fps: 30.00 (ts-monotonic, ts-src-eof)
cap dqbuf: 0 seq:    172 bytesused: 12441600 ts: 3254.011803 delta: 33.331 ms delta now: +33.178 ms fps: 30.00 (ts-monotonic, ts-src-eof)
cap dqbuf: 1 seq:    173 bytesused: 12441600 ts: 3254.045138 delta: 33.335 ms delta now: +33.288 ms fps: 30.00 (ts-monotonic, ts-src-eof)
cap dqbuf: 2 seq:    174 bytesused: 12441600 ts: 3254.078571 delta: 33.433 ms delta now: +33.258 ms fps: 30.00 (ts-monotonic, ts-src-eof)
cap dqbuf: 3 seq:    175 bytesused: 12441600 ts: 3254.111805 delta: 33.234 ms delta now: +32.313 ms fps: 30.00 (ts-monotonic, ts-src-eof)
cap dqbuf: 0 seq:    176 bytesused: 12441600 ts: 3254.145137 delta: 33.332 ms delta now: +33.156 ms fps: 30.00 (ts-monotonic, ts-src-eof)
cap dqbuf: 1 seq:    177 bytesused: 12441600 ts: 3254.178472 delta: 33.335 ms delta now: +32.302 ms fps: 30.00 (ts-monotonic, ts-src-eof)
cap dqbuf: 2 seq:    178 bytesused: 12441600 ts: 3254.211805 delta: 33.333 ms delta now: +33.365 ms fps: 30.00 (ts-monotonic, ts-src-eof)
cap dqbuf: 3 seq:    179 bytesused: 12441600 ts: 3254.245139 delta: 33.334 ms delta now: +33.156 ms fps: 30.00 (ts-monotonic, ts-src-eof)
cap dqbuf: 0 seq:    180 bytesused: 12441600 ts: 3254.278472 delta: 33.333 ms delta now: +33.181 ms fps: 30.00 (ts-monotonic, ts-src-eof)
cap dqbuf: 1 seq:    181 bytesused: 12441600 ts: 3254.311805 delta: 33.333 ms delta now: +33.294 ms fps: 30.00 (ts-monotonic, ts-src-eof)
cap dqbuf: 2 seq:    182 bytesused: 12441600 ts: 3254.345138 delta: 33.333 ms delta now: +32.294 ms fps: 30.00 (ts-monotonic, ts-src-eof)
cap dqbuf: 3 seq:    183 bytesused: 12441600 ts: 3254.378470 delta: 33.332 ms delta now: +33.172 ms fps: 30.00 (ts-monotonic, ts-src-eof)
cap dqbuf: 0 seq:    184 bytesused: 12441600 ts: 3254.411805 delta: 33.335 ms delta now: +32.564 ms fps: 30.00 (ts-monotonic, ts-src-eof)
cap dqbuf: 1 seq:    185 bytesused: 12441600 ts: 3254.445137 delta: 33.332 ms delta now: +33.140 ms fps: 30.00 (ts-monotonic, ts-src-eof)
cap dqbuf: 2 seq:    186 bytesused: 12441600 ts: 3254.478472 delta: 33.335 ms delta now: +33.339 ms fps: 30.00 (ts-monotonic, ts-src-eof)
cap dqbuf: 3 seq:    187 bytesused: 12441600 ts: 3254.511806 delta: 33.334 ms delta now: +33.290 ms fps: 30.00 (ts-monotonic, ts-src-eof)
cap dqbuf: 0 seq:    188 bytesused: 12441600 ts: 3254.545141 delta: 33.335 ms delta now: +32.292 ms fps: 30.00 (ts-monotonic, ts-src-eof)
cap dqbuf: 1 seq:    189 bytesused: 12441600 ts: 3254.578470 delta: 33.329 ms delta now: +32.297 ms fps: 30.00 (ts-monotonic, ts-src-eof)
cap dqbuf: 2 seq:    190 bytesused: 12441600 ts: 3254.611803 delta: 33.333 ms delta now: +33.363 ms fps: 30.00 (ts-monotonic, ts-src-eof)
cap dqbuf: 3 seq:    191 bytesused: 12441600 ts: 3254.645139 delta: 33.336 ms delta now: +32.294 ms fps: 30.00 (ts-monotonic, ts-src-eof)
cap dqbuf: 0 seq:    192 bytesused: 12441600 ts: 3254.678470 delta: 33.331 ms delta now: +33.301 ms fps: 30.00 (ts-monotonic, ts-src-eof)
cap dqbuf: 1 seq:    193 bytesused: 12441600 ts: 3254.711908 delta: 33.438 ms delta now: +33.181 ms fps: 30.00 (ts-monotonic, ts-src-eof)
cap dqbuf: 2 seq:    194 bytesused: 12441600 ts: 3254.745139 delta: 33.231 ms delta now: +33.156 ms fps: 30.00 (ts-monotonic, ts-src-eof)
cap dqbuf: 3 seq:    195 bytesused: 12441600 ts: 3254.778472 delta: 33.333 ms delta now: +32.293 ms fps: 30.00 (ts-monotonic, ts-src-eof)
cap dqbuf: 0 seq:    196 bytesused: 12441600 ts: 3254.811803 delta: 33.331 ms delta now: +32.296 ms fps: 30.00 (ts-monotonic, ts-src-eof)
cap dqbuf: 1 seq:    197 bytesused: 12441600 ts: 3254.845137 delta: 33.334 ms delta now: +32.296 ms fps: 30.00 (ts-monotonic, ts-src-eof)
cap dqbuf: 2 seq:    198 bytesused: 12441600 ts: 3254.878470 delta: 33.333 ms delta now: +33.173 ms fps: 30.00 (ts-monotonic, ts-src-eof)
cap dqbuf: 3 seq:    199 bytesused: 12441600 ts: 3254.911805 delta: 33.335 ms delta now: +33.149 ms fps: 30.00 (ts-monotonic, ts-src-eof)
cap dqbuf: 0 seq:    200 bytesused: 12441600 ts: 3254.945138 delta: 33.333 ms delta now: +33.164 ms fps: 30.00 (ts-monotonic, ts-src-eof)
cap dqbuf: 1 seq:    201 bytesused: 12441600 ts: 3254.978470 delta: 33.332 ms delta now: +33.152 ms fps: 30.00 (ts-monotonic, ts-src-eof)
cap dqbuf: 2 seq:    202 bytesused: 12441600 ts: 3255.011805 delta: 33.335 ms delta now: +32.296 ms fps: 30.00 (ts-monotonic, ts-src-eof)
cap dqbuf: 3 seq:    203 bytesused: 12441600 ts: 3255.045137 delta: 33.332 ms delta now: +33.156 ms fps: 30.00 (ts-monotonic, ts-src-eof)
cap dqbuf: 0 seq:    204 bytesused: 12441600 ts: 3255.078476 delta: 33.339 ms delta now: +33.290 ms fps: 30.00 (ts-monotonic, ts-src-eof)
cap dqbuf: 1 seq:    205 bytesused: 12441600 ts: 3255.111804 delta: 33.328 ms delta now: +33.161 ms fps: 30.00 (ts-monotonic, ts-src-eof)
cap dqbuf: 2 seq:    206 bytesused: 12441600 ts: 3255.145138 delta: 33.334 ms delta now: +33.299 ms fps: 30.00 (ts-monotonic, ts-src-eof)
cap dqbuf: 3 seq:    207 bytesused: 12441600 ts: 3255.178571 delta: 33.433 ms delta now: +32.259 ms fps: 30.00 (ts-monotonic, ts-src-eof)
cap dqbuf: 0 seq:    208 bytesused: 12441600 ts: 3255.211803 delta: 33.232 ms delta now: +33.171 ms fps: 30.00 (ts-monotonic, ts-src-eof)
cap dqbuf: 1 seq:    209 bytesused: 12441600 ts: 3255.245139 delta: 33.336 ms delta now: +32.294 ms fps: 30.00 (ts-monotonic, ts-src-eof)
cap dqbuf: 2 seq:    210 bytesused: 12441600 ts: 3255.278472 delta: 33.333 ms delta now: +33.146 ms fps: 30.00 (ts-monotonic, ts-src-eof)
cap dqbuf: 3 seq:    211 bytesused: 12441600 ts: 3255.311805 delta: 33.333 ms delta now: +33.147 ms fps: 30.00 (ts-monotonic, ts-src-eof)
cap dqbuf: 0 seq:    212 bytesused: 12441600 ts: 3255.345139 delta: 33.334 ms delta now: +32.295 ms fps: 30.00 (ts-monotonic, ts-src-eof)
cap dqbuf: 1 seq:    213 bytesused: 12441600 ts: 3255.378470 delta: 33.331 ms delta now: +32.296 ms fps: 30.00 (ts-monotonic, ts-src-eof)
cap dqbuf: 2 seq:    214 bytesused: 12441600 ts: 3255.411803 delta: 33.333 ms delta now: +33.312 ms fps: 30.00 (ts-monotonic, ts-src-eof)
cap dqbuf: 3 seq:    215 bytesused: 12441600 ts: 3255.445139 delta: 33.336 ms delta now: +33.157 ms fps: 30.00 (ts-monotonic, ts-src-eof)
cap dqbuf: 0 seq:    216 bytesused: 12441600 ts: 3255.478472 delta: 33.333 ms delta now: +33.317 ms fps: 30.00 (ts-monotonic, ts-src-eof)
cap dqbuf: 1 seq:    217 bytesused: 12441600 ts: 3255.511805 delta: 33.333 ms delta now: +32.314 ms fps: 30.00 (ts-monotonic, ts-src-eof)
cap dqbuf: 2 seq:    218 bytesused: 12441600 ts: 3255.545137 delta: 33.332 ms delta now: +33.425 ms fps: 30.00 (ts-monotonic, ts-src-eof)
cap dqbuf: 3 seq:    219 bytesused: 12441600 ts: 3255.578571 delta: 33.434 ms delta now: +32.217 ms fps: 30.00 (ts-monotonic, ts-src-eof)
cap dqbuf: 0 seq:    220 bytesused: 12441600 ts: 3255.611803 delta: 33.232 ms delta now: +32.298 ms fps: 30.00 (ts-monotonic, ts-src-eof)
cap dqbuf: 1 seq:    221 bytesused: 12441600 ts: 3255.645137 delta: 33.334 ms delta now: +33.324 ms fps: 30.00 (ts-monotonic, ts-src-eof)
cap dqbuf: 2 seq:    222 bytesused: 12441600 ts: 3255.678472 delta: 33.335 ms delta now: +32.294 ms fps: 30.00 (ts-monotonic, ts-src-eof)
cap dqbuf: 3 seq:    223 bytesused: 12441600 ts: 3255.711803 delta: 33.331 ms delta now: +32.296 ms fps: 30.00 (ts-monotonic, ts-src-eof)
cap dqbuf: 0 seq:    224 bytesused: 12441600 ts: 3255.745137 delta: 33.334 ms delta now: +32.296 ms fps: 30.00 (ts-monotonic, ts-src-eof)
cap dqbuf: 1 seq:    225 bytesused: 12441600 ts: 3255.778470 delta: 33.333 ms delta now: +33.385 ms fps: 30.00 (ts-monotonic, ts-src-eof)
cap dqbuf: 2 seq:    226 bytesused: 12441600 ts: 3255.811945 delta: 33.475 ms delta now: +32.474 ms fps: 30.00 (ts-monotonic, ts-src-eof)
cap dqbuf: 3 seq:    227 bytesused: 12441600 ts: 3255.845137 delta: 33.192 ms delta now: +33.153 ms fps: 30.00 (ts-monotonic, ts-src-eof)
cap dqbuf: 0 seq:    228 bytesused: 12441600 ts: 3255.878472 delta: 33.335 ms delta now: +33.297 ms fps: 30.00 (ts-monotonic, ts-src-eof)
cap dqbuf: 1 seq:    229 bytesused: 12441600 ts: 3255.911806 delta: 33.334 ms delta now: +33.149 ms fps: 30.00 (ts-monotonic, ts-src-eof)
cap dqbuf: 2 seq:    230 bytesused: 12441600 ts: 3255.945139 delta: 33.333 ms delta now: +32.293 ms fps: 30.00 (ts-monotonic, ts-src-eof)
cap dqbuf: 3 seq:    231 bytesused: 12441600 ts: 3255.978470 delta: 33.331 ms delta now: +32.295 ms fps: 30.00 (ts-monotonic, ts-src-eof)
cap dqbuf: 0 seq:    232 bytesused: 12441600 ts: 3256.011804 delta: 33.334 ms delta now: +33.293 ms fps: 30.00 (ts-monotonic, ts-src-eof)
cap dqbuf: 1 seq:    233 bytesused: 12441600 ts: 3256.045253 delta: 33.449 ms delta now: +33.178 ms fps: 30.00 (ts-monotonic, ts-src-eof)
cap dqbuf: 2 seq:    234 bytesused: 12441600 ts: 3256.078590 delta: 33.337 ms delta now: +32.193 ms fps: 30.00 (ts-monotonic, ts-src-eof)
cap dqbuf: 3 seq:    235 bytesused: 12441600 ts: 3256.111803 delta: 33.213 ms delta now: +33.327 ms fps: 30.00 (ts-monotonic, ts-src-eof)
cap dqbuf: 0 seq:    236 bytesused: 12441600 ts: 3256.145253 delta: 33.450 ms delta now: +32.198 ms fps: 30.00 (ts-monotonic, ts-src-eof)
cap dqbuf: 1 seq:    237 bytesused: 12441600 ts: 3256.178470 delta: 33.217 ms delta now: +33.138 ms fps: 30.00 (ts-monotonic, ts-src-eof)
cap dqbuf: 2 seq:    238 bytesused: 12441600 ts: 3256.211805 delta: 33.335 ms delta now: +33.291 ms fps: 30.00 (ts-monotonic, ts-src-eof)
cap dqbuf: 3 seq:    239 bytesused: 12441600 ts: 3256.245139 delta: 33.334 ms delta now: +33.166 ms fps: 30.00 (ts-monotonic, ts-src-eof)
cap dqbuf: 0 seq:    240 bytesused: 12441600 ts: 3256.278482 delta: 33.343 ms delta now: +32.411 ms fps: 30.00 (ts-monotonic, ts-src-eof)
cap dqbuf: 1 seq:    241 bytesused: 12441600 ts: 3256.311803 delta: 33.321 ms delta now: +32.297 ms fps: 30.00 (ts-monotonic, ts-src-eof)
cap dqbuf: 2 seq:    242 bytesused: 12441600 ts: 3256.345137 delta: 33.334 ms delta now: +33.305 ms fps: 30.00 (ts-monotonic, ts-src-eof)
cap dqbuf: 3 seq:    243 bytesused: 12441600 ts: 3256.378473 delta: 33.336 ms delta now: +32.293 ms fps: 30.00 (ts-monotonic, ts-src-eof)
cap dqbuf: 0 seq:    244 bytesused: 12441600 ts: 3256.411803 delta: 33.330 ms delta now: +33.300 ms fps: 30.00 (ts-monotonic, ts-src-eof)
cap dqbuf: 1 seq:    245 bytesused: 12441600 ts: 3256.445139 delta: 33.336 ms delta now: +33.164 ms fps: 30.00 (ts-monotonic, ts-src-eof)
cap dqbuf: 2 seq:    246 bytesused: 12441600 ts: 3256.478475 delta: 33.336 ms delta now: +32.293 ms fps: 30.00 (ts-monotonic, ts-src-eof)
cap dqbuf: 3 seq:    247 bytesused: 12441600 ts: 3256.511803 delta: 33.328 ms delta now: +33.176 ms fps: 30.00 (ts-monotonic, ts-src-eof)
cap dqbuf: 0 seq:    248 bytesused: 12441600 ts: 3256.545139 delta: 33.336 ms delta now: +33.149 ms fps: 30.00 (ts-monotonic, ts-src-eof)
cap dqbuf: 1 seq:    249 bytesused: 12441600 ts: 3256.578472 delta: 33.333 ms delta now: +32.923 ms fps: 30.00 (ts-monotonic, ts-src-eof)
cap dqbuf: 2 seq:    250 bytesused: 12441600 ts: 3256.611804 delta: 33.332 ms delta now: +32.295 ms fps: 30.00 (ts-monotonic, ts-src-eof)
cap dqbuf: 3 seq:    251 bytesused: 12441600 ts: 3256.645137 delta: 33.333 ms delta now: +32.295 ms fps: 30.00 (ts-monotonic, ts-src-eof)
cap dqbuf: 0 seq:    252 bytesused: 12441600 ts: 3256.678470 delta: 33.333 ms delta now: +32.303 ms fps: 30.00 (ts-monotonic, ts-src-eof)
cap dqbuf: 1 seq:    253 bytesused: 12441600 ts: 3256.711804 delta: 33.334 ms delta now: +33.276 ms fps: 30.00 (ts-monotonic, ts-src-eof)
cap dqbuf: 2 seq:    254 bytesused: 12441600 ts: 3256.745139 delta: 33.335 ms delta now: +32.467 ms fps: 30.00 (ts-monotonic, ts-src-eof)
cap dqbuf: 3 seq:    255 bytesused: 12441600 ts: 3256.778470 delta: 33.331 ms delta now: +33.288 ms fps: 30.00 (ts-monotonic, ts-src-eof)
cap dqbuf: 0 seq:    256 bytesused: 12441600 ts: 3256.811920 delta: 33.450 ms delta now: +32.180 ms fps: 30.00 (ts-monotonic, ts-src-eof)
cap dqbuf: 1 seq:    257 bytesused: 12441600 ts: 3256.845137 delta: 33.217 ms delta now: +33.293 ms fps: 30.00 (ts-monotonic, ts-src-eof)
cap dqbuf: 2 seq:    258 bytesused: 12441600 ts: 3256.878472 delta: 33.335 ms delta now: +32.295 ms fps: 30.00 (ts-monotonic, ts-src-eof)
cap dqbuf: 3 seq:    259 bytesused: 12441600 ts: 3256.911806 delta: 33.334 ms delta now: +33.383 ms fps: 30.00 (ts-monotonic, ts-src-eof)
cap dqbuf: 0 seq:    260 bytesused: 12441600 ts: 3256.945242 delta: 33.436 ms delta now: +33.193 ms fps: 30.00 (ts-monotonic, ts-src-eof)
cap dqbuf: 1 seq:    261 bytesused: 12441600 ts: 3256.978472 delta: 33.230 ms delta now: +33.155 ms fps: 30.00 (ts-monotonic, ts-src-eof)
cap dqbuf: 2 seq:    262 bytesused: 12441600 ts: 3257.011805 delta: 33.333 ms delta now: +33.147 ms fps: 30.00 (ts-monotonic, ts-src-eof)
cap dqbuf: 3 seq:    263 bytesused: 12441600 ts: 3257.045139 delta: 33.334 ms delta now: +32.440 ms fps: 30.00 (ts-monotonic, ts-src-eof)
cap dqbuf: 0 seq:    264 bytesused: 12441600 ts: 3257.078470 delta: 33.331 ms delta now: +33.409 ms fps: 30.00 (ts-monotonic, ts-src-eof)
cap dqbuf: 1 seq:    265 bytesused: 12441600 ts: 3257.111920 delta: 33.450 ms delta now: +33.208 ms fps: 30.00 (ts-monotonic, ts-src-eof)
cap dqbuf: 2 seq:    266 bytesused: 12441600 ts: 3257.145256 delta: 33.336 ms delta now: +33.062 ms fps: 30.00 (ts-monotonic, ts-src-eof)
cap dqbuf: 3 seq:    267 bytesused: 12441600 ts: 3257.178472 delta: 33.216 ms delta now: +32.304 ms fps: 30.00 (ts-monotonic, ts-src-eof)
cap dqbuf: 0 seq:    268 bytesused: 12441600 ts: 3257.211804 delta: 33.332 ms delta now: +33.151 ms fps: 30.00 (ts-monotonic, ts-src-eof)
cap dqbuf: 1 seq:    269 bytesused: 12441600 ts: 3257.245139 delta: 33.335 ms delta now: +33.165 ms fps: 30.00 (ts-monotonic, ts-src-eof)
cap dqbuf: 2 seq:    270 bytesused: 12441600 ts: 3257.278470 delta: 33.331 ms delta now: +33.169 ms fps: 30.00 (ts-monotonic, ts-src-eof)
cap dqbuf: 3 seq:    271 bytesused: 12441600 ts: 3257.311806 delta: 33.336 ms delta now: +33.194 ms fps: 30.00 (ts-monotonic, ts-src-eof)
cap dqbuf: 0 seq:    272 bytesused: 12441600 ts: 3257.345137 delta: 33.331 ms delta now: +33.158 ms fps: 30.00 (ts-monotonic, ts-src-eof)
cap dqbuf: 1 seq:    273 bytesused: 12441600 ts: 3257.378472 delta: 33.335 ms delta now: +33.362 ms fps: 30.00 (ts-monotonic, ts-src-eof)
cap dqbuf: 2 seq:    274 bytesused: 12441600 ts: 3257.411806 delta: 33.334 ms delta now: +33.151 ms fps: 30.00 (ts-monotonic, ts-src-eof)
cap dqbuf: 3 seq:    275 bytesused: 12441600 ts: 3257.445139 delta: 33.333 ms delta now: +33.390 ms fps: 30.00 (ts-monotonic, ts-src-eof)
cap dqbuf: 0 seq:    276 bytesused: 12441600 ts: 3257.478473 delta: 33.334 ms delta now: +32.362 ms fps: 30.00 (ts-monotonic, ts-src-eof)
cap dqbuf: 1 seq:    277 bytesused: 12441600 ts: 3257.511804 delta: 33.331 ms delta now: +33.311 ms fps: 30.00 (ts-monotonic, ts-src-eof)
cap dqbuf: 2 seq:    278 bytesused: 12441600 ts: 3257.545256 delta: 33.452 ms delta now: +32.179 ms fps: 30.00 (ts-monotonic, ts-src-eof)
cap dqbuf: 3 seq:    279 bytesused: 12441600 ts: 3257.578472 delta: 33.216 ms delta now: +33.357 ms fps: 30.00 (ts-monotonic, ts-src-eof)
cap dqbuf: 0 seq:    280 bytesused: 12441600 ts: 3257.611906 delta: 33.434 ms delta now: +32.193 ms fps: 30.00 (ts-monotonic, ts-src-eof)
cap dqbuf: 1 seq:    281 bytesused: 12441600 ts: 3257.645137 delta: 33.231 ms delta now: +32.296 ms fps: 30.00 (ts-monotonic, ts-src-eof)
cap dqbuf: 2 seq:    282 bytesused: 12441600 ts: 3257.678470 delta: 33.333 ms delta now: +32.296 ms fps: 30.00 (ts-monotonic, ts-src-eof)
cap dqbuf: 3 seq:    283 bytesused: 12441600 ts: 3257.711804 delta: 33.334 ms delta now: +33.387 ms fps: 30.00 (ts-monotonic, ts-src-eof)
cap dqbuf: 0 seq:    284 bytesused: 12441600 ts: 3257.745155 delta: 33.351 ms delta now: +33.277 ms fps: 30.00 (ts-monotonic, ts-src-eof)
cap dqbuf: 1 seq:    285 bytesused: 12441600 ts: 3257.778472 delta: 33.317 ms delta now: +33.395 ms fps: 30.00 (ts-monotonic, ts-src-eof)
cap dqbuf: 2 seq:    286 bytesused: 12441600 ts: 3257.811806 delta: 33.334 ms delta now: +32.292 ms fps: 30.00 (ts-monotonic, ts-src-eof)
cap dqbuf: 3 seq:    287 bytesused: 12441600 ts: 3257.845137 delta: 33.331 ms delta now: +33.293 ms fps: 30.00 (ts-monotonic, ts-src-eof)
cap dqbuf: 0 seq:    288 bytesused: 12441600 ts: 3257.878571 delta: 33.434 ms delta now: +33.218 ms fps: 30.00 (ts-monotonic, ts-src-eof)
cap dqbuf: 1 seq:    289 bytesused: 12441600 ts: 3257.911806 delta: 33.235 ms delta now: +33.426 ms fps: 30.00 (ts-monotonic, ts-src-eof)
cap dqbuf: 2 seq:    290 bytesused: 12441600 ts: 3257.945139 delta: 33.333 ms delta now: +32.294 ms fps: 30.00 (ts-monotonic, ts-src-eof)
cap dqbuf: 3 seq:    291 bytesused: 12441600 ts: 3257.978470 delta: 33.331 ms delta now: +33.406 ms fps: 30.00 (ts-monotonic, ts-src-eof)
cap dqbuf: 0 seq:    292 bytesused: 12441600 ts: 3258.011906 delta: 33.436 ms delta now: +32.195 ms fps: 30.00 (ts-monotonic, ts-src-eof)
cap dqbuf: 1 seq:    293 bytesused: 12441600 ts: 3258.045137 delta: 33.231 ms delta now: +33.173 ms fps: 30.00 (ts-monotonic, ts-src-eof)
cap dqbuf: 2 seq:    294 bytesused: 12441600 ts: 3258.078472 delta: 33.335 ms delta now: +33.317 ms fps: 30.00 (ts-monotonic, ts-src-eof)
cap dqbuf: 3 seq:    295 bytesused: 12441600 ts: 3258.111806 delta: 33.334 ms delta now: +33.169 ms fps: 30.00 (ts-monotonic, ts-src-eof)
cap dqbuf: 0 seq:    296 bytesused: 12441600 ts: 3258.145139 delta: 33.333 ms delta now: +33.303 ms fps: 30.00 (ts-monotonic, ts-src-eof)
cap dqbuf: 1 seq:    297 bytesused: 12441600 ts: 3258.178472 delta: 33.333 ms delta now: +33.150 ms fps: 30.00 (ts-monotonic, ts-src-eof)
cap dqbuf: 2 seq:    298 bytesused: 12441600 ts: 3258.211805 delta: 33.333 ms delta now: +32.295 ms fps: 30.00 (ts-monotonic, ts-src-eof)
cap dqbuf: 3 seq:    299 bytesused: 12441600 ts: 3258.245137 delta: 33.332 ms delta now: +33.290 ms fps: 30.00 (ts-monotonic, ts-src-eof)
cap dqbuf: 0 seq:    300 bytesused: 12441600 ts: 3258.278579 delta: 33.442 ms delta now: +33.185 ms fps: 30.00 (ts-monotonic, ts-src-eof)
cap dqbuf: 1 seq:    301 bytesused: 12441600 ts: 3258.311906 delta: 33.327 ms delta now: +33.273 ms fps: 30.00 (ts-monotonic, ts-src-eof)
cap dqbuf: 2 seq:    302 bytesused: 12441600 ts: 3258.345240 delta: 33.334 ms delta now: +33.247 ms fps: 30.00 (ts-monotonic, ts-src-eof)
cap dqbuf: 3 seq:    303 bytesused: 12441600 ts: 3258.378473 delta: 33.233 ms delta now: +32.294 ms fps: 30.00 (ts-monotonic, ts-src-eof)
cap dqbuf: 0 seq:    304 bytesused: 12441600 ts: 3258.411804 delta: 33.331 ms delta now: +33.287 ms fps: 30.00 (ts-monotonic, ts-src-eof)
cap dqbuf: 1 seq:    305 bytesused: 12441600 ts: 3258.445238 delta: 33.434 ms delta now: +32.196 ms fps: 30.00 (ts-monotonic, ts-src-eof)
cap dqbuf: 2 seq:    306 bytesused: 12441600 ts: 3258.478472 delta: 33.234 ms delta now: +32.294 ms fps: 30.00 (ts-monotonic, ts-src-eof)
cap dqbuf: 3 seq:    307 bytesused: 12441600 ts: 3258.511804 delta: 33.332 ms delta now: +33.460 ms fps: 30.00 (ts-monotonic, ts-src-eof)
cap dqbuf: 0 seq:    308 bytesused: 12441600 ts: 3258.545142 delta: 33.338 ms delta now: +32.291 ms fps: 30.00 (ts-monotonic, ts-src-eof)
cap dqbuf: 1 seq:    309 bytesused: 12441600 ts: 3258.578470 delta: 33.328 ms delta now: +33.343 ms fps: 30.00 (ts-monotonic, ts-src-eof)
cap dqbuf: 2 seq:    310 bytesused: 12441600 ts: 3258.611809 delta: 33.339 ms delta now: +33.184 ms fps: 30.00 (ts-monotonic, ts-src-eof)
cap dqbuf: 3 seq:    311 bytesused: 12441600 ts: 3258.645139 delta: 33.330 ms delta now: +32.294 ms fps: 30.00 (ts-monotonic, ts-src-eof)
cap dqbuf: 0 seq:    312 bytesused: 12441600 ts: 3258.678470 delta: 33.331 ms delta now: +32.311 ms fps: 30.00 (ts-monotonic, ts-src-eof)
cap dqbuf: 1 seq:    313 bytesused: 12441600 ts: 3258.711804 delta: 33.334 ms delta now: +33.272 ms fps: 30.00 (ts-monotonic, ts-src-eof)
cap dqbuf: 2 seq:    314 bytesused: 12441600 ts: 3258.745139 delta: 33.335 ms delta now: +32.294 ms fps: 30.00 (ts-monotonic, ts-src-eof)
cap dqbuf: 3 seq:    315 bytesused: 12441600 ts: 3258.778470 delta: 33.331 ms delta now: +33.336 ms fps: 30.00 (ts-monotonic, ts-src-eof)
cap dqbuf: 0 seq:    316 bytesused: 12441600 ts: 3258.811806 delta: 33.336 ms delta now: +33.305 ms fps: 30.00 (ts-monotonic, ts-src-eof)
cap dqbuf: 1 seq:    317 bytesused: 12441600 ts: 3258.845139 delta: 33.333 ms delta now: +32.293 ms fps: 30.00 (ts-monotonic, ts-src-eof)
cap dqbuf: 2 seq:    318 bytesused: 12441600 ts: 3258.878470 delta: 33.331 ms delta now: +33.152 ms fps: 30.00 (ts-monotonic, ts-src-eof)
cap dqbuf: 3 seq:    319 bytesused: 12441600 ts: 3258.911806 delta: 33.336 ms delta now: +33.144 ms fps: 30.00 (ts-monotonic, ts-src-eof)
cap dqbuf: 0 seq:    320 bytesused: 12441600 ts: 3258.945139 delta: 33.333 ms delta now: +33.308 ms fps: 30.00 (ts-monotonic, ts-src-eof)
cap dqbuf: 1 seq:    321 bytesused: 12441600 ts: 3258.978588 delta: 33.449 ms delta now: +33.175 ms fps: 30.00 (ts-monotonic, ts-src-eof)
cap dqbuf: 2 seq:    322 bytesused: 12441600 ts: 3259.011904 delta: 33.316 ms delta now: +33.059 ms fps: 30.00 (ts-monotonic, ts-src-eof)
cap dqbuf: 3 seq:    323 bytesused: 12441600 ts: 3259.045220 delta: 33.316 ms delta now: +33.062 ms fps: 30.00 (ts-monotonic, ts-src-eof)
cap dqbuf: 0 seq:    324 bytesused: 12441600 ts: 3259.078472 delta: 33.252 ms delta now: +33.377 ms fps: 30.00 (ts-monotonic, ts-src-eof)
cap dqbuf: 1 seq:    325 bytesused: 12441600 ts: 3259.111809 delta: 33.337 ms delta now: +32.298 ms fps: 30.00 (ts-monotonic, ts-src-eof)
cap dqbuf: 2 seq:    326 bytesused: 12441600 ts: 3259.145139 delta: 33.330 ms delta now: +33.359 ms fps: 30.00 (ts-monotonic, ts-src-eof)
cap dqbuf: 3 seq:    327 bytesused: 12441600 ts: 3259.178473 delta: 33.334 ms delta now: +32.301 ms fps: 30.00 (ts-monotonic, ts-src-eof)
cap dqbuf: 0 seq:    328 bytesused: 12441600 ts: 3259.211804 delta: 33.331 ms delta now: +33.297 ms fps: 30.00 (ts-monotonic, ts-src-eof)
cap dqbuf: 1 seq:    329 bytesused: 12441600 ts: 3259.245238 delta: 33.434 ms delta now: +32.195 ms fps: 30.00 (ts-monotonic, ts-src-eof)
cap dqbuf: 2 seq:    330 bytesused: 12441600 ts: 3259.278471 delta: 33.233 ms delta now: +33.167 ms fps: 30.00 (ts-monotonic, ts-src-eof)
cap dqbuf: 3 seq:    331 bytesused: 12441600 ts: 3259.311805 delta: 33.334 ms delta now: +32.308 ms fps: 30.00 (ts-monotonic, ts-src-eof)
cap dqbuf: 0 seq:    332 bytesused: 12441600 ts: 3259.345137 delta: 33.332 ms delta now: +32.296 ms fps: 30.00 (ts-monotonic, ts-src-eof)
cap dqbuf: 1 seq:    333 bytesused: 12441600 ts: 3259.378471 delta: 33.334 ms delta now: +33.157 ms fps: 30.00 (ts-monotonic, ts-src-eof)
cap dqbuf: 2 seq:    334 bytesused: 12441600 ts: 3259.411805 delta: 33.334 ms delta now: +33.288 ms fps: 30.00 (ts-monotonic, ts-src-eof)
cap dqbuf: 3 seq:    335 bytesused: 12441600 ts: 3259.445140 delta: 33.335 ms delta now: +33.173 ms fps: 30.00 (ts-monotonic, ts-src-eof)
cap dqbuf: 0 seq:    336 bytesused: 12441600 ts: 3259.478472 delta: 33.332 ms delta now: +33.364 ms fps: 30.00 (ts-monotonic, ts-src-eof)
cap dqbuf: 1 seq:    337 bytesused: 12441600 ts: 3259.511806 delta: 33.334 ms delta now: +33.155 ms fps: 30.00 (ts-monotonic, ts-src-eof)
cap dqbuf: 2 seq:    338 bytesused: 12441600 ts: 3259.545139 delta: 33.333 ms delta now: +33.277 ms fps: 30.00 (ts-monotonic, ts-src-eof)
cap dqbuf: 3 seq:    339 bytesused: 12441600 ts: 3259.578573 delta: 33.434 ms delta now: +32.194 ms fps: 30.00 (ts-monotonic, ts-src-eof)
cap dqbuf: 0 seq:    340 bytesused: 12441600 ts: 3259.611804 delta: 33.231 ms delta now: +33.331 ms fps: 30.00 (ts-monotonic, ts-src-eof)
cap dqbuf: 1 seq:    341 bytesused: 12441600 ts: 3259.645142 delta: 33.338 ms delta now: +33.138 ms fps: 30.00 (ts-monotonic, ts-src-eof)
cap dqbuf: 2 seq:    342 bytesused: 12441600 ts: 3259.678559 delta: 33.417 ms delta now: +32.246 ms fps: 30.00 (ts-monotonic, ts-src-eof)
cap dqbuf: 3 seq:    343 bytesused: 12441600 ts: 3259.711804 delta: 33.245 ms delta now: +33.413 ms fps: 30.00 (ts-monotonic, ts-src-eof)
cap dqbuf: 0 seq:    344 bytesused: 12441600 ts: 3259.745140 delta: 33.336 ms delta now: +32.308 ms fps: 30.00 (ts-monotonic, ts-src-eof)
cap dqbuf: 1 seq:    345 bytesused: 12441600 ts: 3259.778470 delta: 33.330 ms delta now: +32.319 ms fps: 30.00 (ts-monotonic, ts-src-eof)
cap dqbuf: 2 seq:    346 bytesused: 12441600 ts: 3259.811804 delta: 33.334 ms delta now: +33.380 ms fps: 30.00 (ts-monotonic, ts-src-eof)
cap dqbuf: 3 seq:    347 bytesused: 12441600 ts: 3259.845142 delta: 33.338 ms delta now: +32.291 ms fps: 30.00 (ts-monotonic, ts-src-eof)
cap dqbuf: 0 seq:    348 bytesused: 12441600 ts: 3259.878473 delta: 33.331 ms delta now: +32.292 ms fps: 30.00 (ts-monotonic, ts-src-eof)
cap dqbuf: 1 seq:    349 bytesused: 12441600 ts: 3259.911804 delta: 33.331 ms delta now: +33.331 ms fps: 30.00 (ts-monotonic, ts-src-eof)
cap dqbuf: 2 seq:    350 bytesused: 12441600 ts: 3259.945143 delta: 33.339 ms delta now: +32.290 ms fps: 30.00 (ts-monotonic, ts-src-eof)
cap dqbuf: 3 seq:    351 bytesused: 12441600 ts: 3259.978472 delta: 33.329 ms delta now: +33.366 ms fps: 30.00 (ts-monotonic, ts-src-eof)
cap dqbuf: 0 seq:    352 bytesused: 12441600 ts: 3260.011806 delta: 33.334 ms delta now: +33.148 ms fps: 30.00 (ts-monotonic, ts-src-eof)
cap dqbuf: 1 seq:    353 bytesused: 12441600 ts: 3260.045139 delta: 33.333 ms delta now: +33.315 ms fps: 30.00 (ts-monotonic, ts-src-eof)
cap dqbuf: 2 seq:    354 bytesused: 12441600 ts: 3260.078473 delta: 33.334 ms delta now: +33.366 ms fps: 30.00 (ts-monotonic, ts-src-eof)
cap dqbuf: 3 seq:    355 bytesused: 12441600 ts: 3260.111920 delta: 33.447 ms delta now: +33.189 ms fps: 30.00 (ts-monotonic, ts-src-eof)
cap dqbuf: 0 seq:    356 bytesused: 12441600 ts: 3260.145139 delta: 33.219 ms delta now: +32.303 ms fps: 30.00 (ts-monotonic, ts-src-eof)
cap dqbuf: 1 seq:    357 bytesused: 12441600 ts: 3260.178472 delta: 33.333 ms delta now: +33.158 ms fps: 30.00 (ts-monotonic, ts-src-eof)
cap dqbuf: 2 seq:    358 bytesused: 12441600 ts: 3260.211806 delta: 33.334 ms delta now: +33.225 ms fps: 30.00 (ts-monotonic, ts-src-eof)
cap dqbuf: 3 seq:    359 bytesused: 12441600 ts: 3260.245137 delta: 33.331 ms delta now: +33.384 ms fps: 30.00 (ts-monotonic, ts-src-eof)
cap dqbuf: 0 seq:    360 bytesused: 12441600 ts: 3260.278575 delta: 33.438 ms delta now: +33.211 ms fps: 30.00 (ts-monotonic, ts-src-eof)
cap dqbuf: 1 seq:    361 bytesused: 12441600 ts: 3260.311923 delta: 33.348 ms delta now: +33.165 ms fps: 30.00 (ts-monotonic, ts-src-eof)
cap dqbuf: 2 seq:    362 bytesused: 12441600 ts: 3260.345139 delta: 33.216 ms delta now: +33.326 ms fps: 30.00 (ts-monotonic, ts-src-eof)
cap dqbuf: 3 seq:    363 bytesused: 12441600 ts: 3260.378593 delta: 33.454 ms delta now: +32.174 ms fps: 30.00 (ts-monotonic, ts-src-eof)
cap dqbuf: 0 seq:    364 bytesused: 12441600 ts: 3260.411804 delta: 33.211 ms delta now: +33.273 ms fps: 30.00 (ts-monotonic, ts-src-eof)
cap dqbuf: 1 seq:    365 bytesused: 12441600 ts: 3260.445139 delta: 33.335 ms delta now: +33.364 ms fps: 30.00 (ts-monotonic, ts-src-eof)
cap dqbuf: 2 seq:    366 bytesused: 12441600 ts: 3260.478480 delta: 33.341 ms delta now: +32.286 ms fps: 30.00 (ts-monotonic, ts-src-eof)
cap dqbuf: 3 seq:    367 bytesused: 12441600 ts: 3260.511804 delta: 33.324 ms delta now: +32.968 ms fps: 30.00 (ts-monotonic, ts-src-eof)
cap dqbuf: 0 seq:    368 bytesused: 12441600 ts: 3260.545139 delta: 33.335 ms delta now: +32.295 ms fps: 30.00 (ts-monotonic, ts-src-eof)
cap dqbuf: 1 seq:    369 bytesused: 12441600 ts: 3260.578470 delta: 33.331 ms delta now: +33.149 ms fps: 30.00 (ts-monotonic, ts-src-eof)
cap dqbuf: 2 seq:    370 bytesused: 12441600 ts: 3260.611806 delta: 33.336 ms delta now: +33.304 ms fps: 30.00 (ts-monotonic, ts-src-eof)
cap dqbuf: 3 seq:    371 bytesused: 12441600 ts: 3260.645140 delta: 33.334 ms delta now: +33.155 ms fps: 30.00 (ts-monotonic, ts-src-eof)
cap dqbuf: 0 seq:    372 bytesused: 12441600 ts: 3260.678472 delta: 33.332 ms delta now: +33.286 ms fps: 30.00 (ts-monotonic, ts-src-eof)
cap dqbuf: 1 seq:    373 bytesused: 12441600 ts: 3260.711815 delta: 33.343 ms delta now: +33.169 ms fps: 30.00 (ts-monotonic, ts-src-eof)
cap dqbuf: 2 seq:    374 bytesused: 12441600 ts: 3260.745139 delta: 33.324 ms delta now: +33.302 ms fps: 30.00 (ts-monotonic, ts-src-eof)
cap dqbuf: 3 seq:    375 bytesused: 12441600 ts: 3260.778473 delta: 33.334 ms delta now: +33.148 ms fps: 30.00 (ts-monotonic, ts-src-eof)
cap dqbuf: 0 seq:    376 bytesused: 12441600 ts: 3260.811806 delta: 33.333 ms delta now: +33.309 ms fps: 30.00 (ts-monotonic, ts-src-eof)
cap dqbuf: 1 seq:    377 bytesused: 12441600 ts: 3260.845243 delta: 33.437 ms delta now: +33.240 ms fps: 30.00 (ts-monotonic, ts-src-eof)
cap dqbuf: 2 seq:    378 bytesused: 12441600 ts: 3260.878586 delta: 33.343 ms delta now: +32.324 ms fps: 30.00 (ts-monotonic, ts-src-eof)
cap dqbuf: 3 seq:    379 bytesused: 12441600 ts: 3260.911804 delta: 33.218 ms delta now: +33.143 ms fps: 30.00 (ts-monotonic, ts-src-eof)
cap dqbuf: 0 seq:    380 bytesused: 12441600 ts: 3260.945139 delta: 33.335 ms delta now: +33.320 ms fps: 30.00 (ts-monotonic, ts-src-eof)
cap dqbuf: 1 seq:    381 bytesused: 12441600 ts: 3260.978473 delta: 33.334 ms delta now: +33.145 ms fps: 30.00 (ts-monotonic, ts-src-eof)
cap dqbuf: 2 seq:    382 bytesused: 12441600 ts: 3261.011806 delta: 33.333 ms delta now: +32.292 ms fps: 30.00 (ts-monotonic, ts-src-eof)
cap dqbuf: 3 seq:    383 bytesused: 12441600 ts: 3261.045137 delta: 33.331 ms delta now: +33.161 ms fps: 30.00 (ts-monotonic, ts-src-eof)
cap dqbuf: 0 seq:    384 bytesused: 12441600 ts: 3261.078472 delta: 33.335 ms delta now: +33.291 ms fps: 30.00 (ts-monotonic, ts-src-eof)
cap dqbuf: 1 seq:    385 bytesused: 12441600 ts: 3261.111806 delta: 33.334 ms delta now: +33.152 ms fps: 30.00 (ts-monotonic, ts-src-eof)
cap dqbuf: 2 seq:    386 bytesused: 12441600 ts: 3261.145139 delta: 33.333 ms delta now: +32.936 ms fps: 30.00 (ts-monotonic, ts-src-eof)
cap dqbuf: 3 seq:    387 bytesused: 12441600 ts: 3261.178471 delta: 33.332 ms delta now: +32.300 ms fps: 30.00 (ts-monotonic, ts-src-eof)
cap dqbuf: 0 seq:    388 bytesused: 12441600 ts: 3261.211804 delta: 33.333 ms delta now: +33.173 ms fps: 30.00 (ts-monotonic, ts-src-eof)
cap dqbuf: 1 seq:    389 bytesused: 12441600 ts: 3261.245139 delta: 33.335 ms delta now: +33.177 ms fps: 30.00 (ts-monotonic, ts-src-eof)
cap dqbuf: 2 seq:    390 bytesused: 12441600 ts: 3261.278473 delta: 33.334 ms delta now: +33.273 ms fps: 30.00 (ts-monotonic, ts-src-eof)
cap dqbuf: 3 seq:    391 bytesused: 12441600 ts: 3261.311905 delta: 33.432 ms delta now: +32.741 ms fps: 30.00 (ts-monotonic, ts-src-eof)
cap dqbuf: 0 seq:    392 bytesused: 12441600 ts: 3261.345137 delta: 33.232 ms delta now: +32.295 ms fps: 30.00 (ts-monotonic, ts-src-eof)
cap dqbuf: 1 seq:    393 bytesused: 12441600 ts: 3261.378471 delta: 33.334 ms delta now: +32.297 ms fps: 30.00 (ts-monotonic, ts-src-eof)
cap dqbuf: 2 seq:    394 bytesused: 12441600 ts: 3261.411804 delta: 33.333 ms delta now: +33.150 ms fps: 30.00 (ts-monotonic, ts-src-eof)
cap dqbuf: 3 seq:    395 bytesused: 12441600 ts: 3261.445139 delta: 33.335 ms delta now: +32.338 ms fps: 30.00 (ts-monotonic, ts-src-eof)
cap dqbuf: 0 seq:    396 bytesused: 12441600 ts: 3261.478471 delta: 33.332 ms delta now: +33.159 ms fps: 30.00 (ts-monotonic, ts-src-eof)
cap dqbuf: 1 seq:    397 bytesused: 12441600 ts: 3261.511806 delta: 33.335 ms delta now: +32.293 ms fps: 30.00 (ts-monotonic, ts-src-eof)
cap dqbuf: 2 seq:    398 bytesused: 12441600 ts: 3261.545137 delta: 33.331 ms delta now: +33.331 ms fps: 30.00 (ts-monotonic, ts-src-eof)
cap dqbuf: 3 seq:    399 bytesused: 12441600 ts: 3261.578476 delta: 33.339 ms delta now: +33.160 ms fps: 30.00 (ts-monotonic, ts-src-eof)
cap dqbuf: 0 seq:    400 bytesused: 12441600 ts: 3261.611806 delta: 33.330 ms delta now: +33.277 ms fps: 30.00 (ts-monotonic, ts-src-eof)
cap dqbuf: 1 seq:    401 bytesused: 12441600 ts: 3261.645139 delta: 33.333 ms delta now: +32.295 ms fps: 30.00 (ts-monotonic, ts-src-eof)
cap dqbuf: 2 seq:    402 bytesused: 12441600 ts: 3261.678471 delta: 33.332 ms delta now: +33.157 ms fps: 30.00 (ts-monotonic, ts-src-eof)
cap dqbuf: 3 seq:    403 bytesused: 12441600 ts: 3261.711806 delta: 33.335 ms delta now: +33.146 ms fps: 30.00 (ts-monotonic, ts-src-eof)
cap dqbuf: 0 seq:    404 bytesused: 12441600 ts: 3261.745139 delta: 33.333 ms delta now: +33.303 ms fps: 30.00 (ts-monotonic, ts-src-eof)
cap dqbuf: 1 seq:    405 bytesused: 12441600 ts: 3261.778473 delta: 33.334 ms delta now: +32.294 ms fps: 30.00 (ts-monotonic, ts-src-eof)
cap dqbuf: 2 seq:    406 bytesused: 12441600 ts: 3261.811806 delta: 33.333 ms delta now: +33.286 ms fps: 30.00 (ts-monotonic, ts-src-eof)
cap dqbuf: 3 seq:    407 bytesused: 12441600 ts: 3261.845140 delta: 33.334 ms delta now: +33.141 ms fps: 30.00 (ts-monotonic, ts-src-eof)
cap dqbuf: 0 seq:    408 bytesused: 12441600 ts: 3261.878473 delta: 33.333 ms delta now: +33.094 ms fps: 30.00 (ts-monotonic, ts-src-eof)
cap dqbuf: 1 seq:    409 bytesused: 12441600 ts: 3261.911804 delta: 33.331 ms delta now: +33.330 ms fps: 30.00 (ts-monotonic, ts-src-eof)
cap dqbuf: 2 seq:    410 bytesused: 12441600 ts: 3261.945143 delta: 33.339 ms delta now: +32.291 ms fps: 30.00 (ts-monotonic, ts-src-eof)
cap dqbuf: 3 seq:    411 bytesused: 12441600 ts: 3261.978471 delta: 33.328 ms delta now: +33.306 ms fps: 30.00 (ts-monotonic, ts-src-eof)
cap dqbuf: 0 seq:    412 bytesused: 12441600 ts: 3262.011807 delta: 33.336 ms delta now: +33.155 ms fps: 30.00 (ts-monotonic, ts-src-eof)
cap dqbuf: 1 seq:    413 bytesused: 12441600 ts: 3262.045139 delta: 33.332 ms delta now: +33.429 ms fps: 30.00 (ts-monotonic, ts-src-eof)
cap dqbuf: 2 seq:    414 bytesused: 12441600 ts: 3262.078473 delta: 33.334 ms delta now: +33.324 ms fps: 30.00 (ts-monotonic, ts-src-eof)
cap dqbuf: 3 seq:    415 bytesused: 12441600 ts: 3262.111908 delta: 33.435 ms delta now: +33.228 ms fps: 30.00 (ts-monotonic, ts-src-eof)
cap dqbuf: 0 seq:    416 bytesused: 12441600 ts: 3262.145238 delta: 33.330 ms delta now: +33.201 ms fps: 30.00 (ts-monotonic, ts-src-eof)
cap dqbuf: 1 seq:    417 bytesused: 12441600 ts: 3262.178572 delta: 33.334 ms delta now: +33.192 ms fps: 30.00 (ts-monotonic, ts-src-eof)
cap dqbuf: 2 seq:    418 bytesused: 12441600 ts: 3262.211806 delta: 33.234 ms delta now: +33.262 ms fps: 30.00 (ts-monotonic, ts-src-eof)
cap dqbuf: 3 seq:    419 bytesused: 12441600 ts: 3262.245231 delta: 33.425 ms delta now: +33.084 ms fps: 30.00 (ts-monotonic, ts-src-eof)
cap dqbuf: 0 seq:    420 bytesused: 12441600 ts: 3262.278471 delta: 33.240 ms delta now: +33.452 ms fps: 30.00 (ts-monotonic, ts-src-eof)
cap dqbuf: 1 seq:    421 bytesused: 12441600 ts: 3262.311916 delta: 33.445 ms delta now: +33.239 ms fps: 30.00 (ts-monotonic, ts-src-eof)
cap dqbuf: 2 seq:    422 bytesused: 12441600 ts: 3262.345140 delta: 33.224 ms delta now: +33.150 ms fps: 30.00 (ts-monotonic, ts-src-eof)
cap dqbuf: 3 seq:    423 bytesused: 12441600 ts: 3262.378472 delta: 33.332 ms delta now: +33.296 ms fps: 30.00 (ts-monotonic, ts-src-eof)
cap dqbuf: 0 seq:    424 bytesused: 12441600 ts: 3262.411806 delta: 33.334 ms delta now: +33.187 ms fps: 30.00 (ts-monotonic, ts-src-eof)
cap dqbuf: 1 seq:    425 bytesused: 12441600 ts: 3262.445139 delta: 33.333 ms delta now: +32.293 ms fps: 30.00 (ts-monotonic, ts-src-eof)
cap dqbuf: 2 seq:    426 bytesused: 12441600 ts: 3262.478471 delta: 33.332 ms delta now: +33.333 ms fps: 30.00 (ts-monotonic, ts-src-eof)
cap dqbuf: 3 seq:    427 bytesused: 12441600 ts: 3262.511806 delta: 33.335 ms delta now: +33.414 ms fps: 30.00 (ts-monotonic, ts-src-eof)
cap dqbuf: 0 seq:    428 bytesused: 12441600 ts: 3262.545138 delta: 33.332 ms delta now: +33.168 ms fps: 30.00 (ts-monotonic, ts-src-eof)
cap dqbuf: 1 seq:    429 bytesused: 12441600 ts: 3262.578473 delta: 33.335 ms delta now: +32.295 ms fps: 30.00 (ts-monotonic, ts-src-eof)
cap dqbuf: 2 seq:    430 bytesused: 12441600 ts: 3262.611804 delta: 33.331 ms delta now: +32.710 ms fps: 30.00 (ts-monotonic, ts-src-eof)
cap dqbuf: 3 seq:    431 bytesused: 12441600 ts: 3262.645138 delta: 33.334 ms delta now: +33.149 ms fps: 30.00 (ts-monotonic, ts-src-eof)
cap dqbuf: 0 seq:    432 bytesused: 12441600 ts: 3262.678473 delta: 33.335 ms delta now: +33.290 ms fps: 30.00 (ts-monotonic, ts-src-eof)
cap dqbuf: 1 seq:    433 bytesused: 12441600 ts: 3262.711806 delta: 33.333 ms delta now: +33.155 ms fps: 30.00 (ts-monotonic, ts-src-eof)
cap dqbuf: 2 seq:    434 bytesused: 12441600 ts: 3262.745139 delta: 33.333 ms delta now: +33.317 ms fps: 30.00 (ts-monotonic, ts-src-eof)
cap dqbuf: 3 seq:    435 bytesused: 12441600 ts: 3262.778473 delta: 33.334 ms delta now: +33.288 ms fps: 30.00 (ts-monotonic, ts-src-eof)
cap dqbuf: 0 seq:    436 bytesused: 12441600 ts: 3262.811806 delta: 33.333 ms delta now: +33.319 ms fps: 30.00 (ts-monotonic, ts-src-eof)
cap dqbuf: 1 seq:    437 bytesused: 12441600 ts: 3262.845140 delta: 33.334 ms delta now: +32.299 ms fps: 30.00 (ts-monotonic, ts-src-eof)
cap dqbuf: 2 seq:    438 bytesused: 12441600 ts: 3262.878471 delta: 33.331 ms delta now: +33.298 ms fps: 30.00 (ts-monotonic, ts-src-eof)
cap dqbuf: 3 seq:    439 bytesused: 12441600 ts: 3262.911806 delta: 33.335 ms delta now: +33.154 ms fps: 30.00 (ts-monotonic, ts-src-eof)
cap dqbuf: 0 seq:    440 bytesused: 12441600 ts: 3262.945139 delta: 33.333 ms delta now: +33.317 ms fps: 30.00 (ts-monotonic, ts-src-eof)
cap dqbuf: 1 seq:    441 bytesused: 12441600 ts: 3262.978473 delta: 33.334 ms delta now: +33.155 ms fps: 30.00 (ts-monotonic, ts-src-eof)
cap dqbuf: 2 seq:    442 bytesused: 12441600 ts: 3263.011806 delta: 33.333 ms delta now: +33.399 ms fps: 30.00 (ts-monotonic, ts-src-eof)
cap dqbuf: 3 seq:    443 bytesused: 12441600 ts: 3263.045140 delta: 33.334 ms delta now: +32.308 ms fps: 30.00 (ts-monotonic, ts-src-eof)
cap dqbuf: 0 seq:    444 bytesused: 12441600 ts: 3263.078473 delta: 33.333 ms delta now: +33.366 ms fps: 30.00 (ts-monotonic, ts-src-eof)
cap dqbuf: 1 seq:    445 bytesused: 12441600 ts: 3263.111810 delta: 33.337 ms delta now: +33.174 ms fps: 30.00 (ts-monotonic, ts-src-eof)
cap dqbuf: 2 seq:    446 bytesused: 12441600 ts: 3263.145139 delta: 33.329 ms delta now: +33.347 ms fps: 30.00 (ts-monotonic, ts-src-eof)
cap dqbuf: 3 seq:    447 bytesused: 12441600 ts: 3263.178473 delta: 33.334 ms delta now: +32.299 ms fps: 30.00 (ts-monotonic, ts-src-eof)
cap dqbuf: 0 seq:    448 bytesused: 12441600 ts: 3263.211804 delta: 33.331 ms delta now: +33.413 ms fps: 30.00 (ts-monotonic, ts-src-eof)
cap dqbuf: 1 seq:    449 bytesused: 12441600 ts: 3263.245238 delta: 33.434 ms delta now: +33.051 ms fps: 30.00 (ts-monotonic, ts-src-eof)
cap dqbuf: 2 seq:    450 bytesused: 12441600 ts: 3263.278472 delta: 33.234 ms delta now: +33.341 ms fps: 30.00 (ts-monotonic, ts-src-eof)
cap dqbuf: 3 seq:    451 bytesused: 12441600 ts: 3263.311806 delta: 33.334 ms delta now: +33.401 ms fps: 30.00 (ts-monotonic, ts-src-eof)
cap dqbuf: 0 seq:    452 bytesused: 12441600 ts: 3263.345246 delta: 33.440 ms delta now: +32.187 ms fps: 30.00 (ts-monotonic, ts-src-eof)
cap dqbuf: 1 seq:    453 bytesused: 12441600 ts: 3263.378471 delta: 33.225 ms delta now: +33.181 ms fps: 30.00 (ts-monotonic, ts-src-eof)
cap dqbuf: 2 seq:    454 bytesused: 12441600 ts: 3263.411806 delta: 33.335 ms delta now: +33.293 ms fps: 30.00 (ts-monotonic, ts-src-eof)
cap dqbuf: 3 seq:    455 bytesused: 12441600 ts: 3263.445238 delta: 33.432 ms delta now: +33.183 ms fps: 30.00 (ts-monotonic, ts-src-eof)
cap dqbuf: 0 seq:    456 bytesused: 12441600 ts: 3263.478473 delta: 33.235 ms delta now: +32.293 ms fps: 30.00 (ts-monotonic, ts-src-eof)
cap dqbuf: 1 seq:    457 bytesused: 12441600 ts: 3263.511804 delta: 33.331 ms delta now: +32.296 ms fps: 30.00 (ts-monotonic, ts-src-eof)
cap dqbuf: 2 seq:    458 bytesused: 12441600 ts: 3263.545138 delta: 33.334 ms delta now: +32.296 ms fps: 30.00 (ts-monotonic, ts-src-eof)
cap dqbuf: 3 seq:    459 bytesused: 12441600 ts: 3263.578471 delta: 33.333 ms delta now: +33.173 ms fps: 30.00 (ts-monotonic, ts-src-eof)
cap dqbuf: 0 seq:    460 bytesused: 12441600 ts: 3263.611806 delta: 33.335 ms delta now: +32.292 ms fps: 30.00 (ts-monotonic, ts-src-eof)
cap dqbuf: 1 seq:    461 bytesused: 12441600 ts: 3263.645137 delta: 33.331 ms delta now: +32.296 ms fps: 30.00 (ts-monotonic, ts-src-eof)
cap dqbuf: 2 seq:    462 bytesused: 12441600 ts: 3263.678471 delta: 33.334 ms delta now: +33.297 ms fps: 30.00 (ts-monotonic, ts-src-eof)
cap dqbuf: 3 seq:    463 bytesused: 12441600 ts: 3263.711922 delta: 33.451 ms delta now: +33.241 ms fps: 30.00 (ts-monotonic, ts-src-eof)
cap dqbuf: 0 seq:    464 bytesused: 12441600 ts: 3263.745140 delta: 33.218 ms delta now: +32.294 ms fps: 30.00 (ts-monotonic, ts-src-eof)
cap dqbuf: 1 seq:    465 bytesused: 12441600 ts: 3263.778471 delta: 33.331 ms delta now: +33.141 ms fps: 30.00 (ts-monotonic, ts-src-eof)
cap dqbuf: 2 seq:    466 bytesused: 12441600 ts: 3263.811806 delta: 33.335 ms delta now: +33.294 ms fps: 30.00 (ts-monotonic, ts-src-eof)
cap dqbuf: 3 seq:    467 bytesused: 12441600 ts: 3263.845140 delta: 33.334 ms delta now: +33.149 ms fps: 30.00 (ts-monotonic, ts-src-eof)
cap dqbuf: 0 seq:    468 bytesused: 12441600 ts: 3263.878473 delta: 33.333 ms delta now: +32.293 ms fps: 30.00 (ts-monotonic, ts-src-eof)
cap dqbuf: 1 seq:    469 bytesused: 12441600 ts: 3263.911804 delta: 33.331 ms delta now: +32.307 ms fps: 30.00 (ts-monotonic, ts-src-eof)
cap dqbuf: 2 seq:    470 bytesused: 12441600 ts: 3263.945138 delta: 33.334 ms delta now: +33.346 ms fps: 30.00 (ts-monotonic, ts-src-eof)
cap dqbuf: 3 seq:    471 bytesused: 12441600 ts: 3263.978473 delta: 33.335 ms delta now: +32.294 ms fps: 30.00 (ts-monotonic, ts-src-eof)
cap dqbuf: 0 seq:    472 bytesused: 12441600 ts: 3264.011804 delta: 33.331 ms delta now: +32.297 ms fps: 30.00 (ts-monotonic, ts-src-eof)
cap dqbuf: 1 seq:    473 bytesused: 12441600 ts: 3264.045138 delta: 33.334 ms delta now: +33.188 ms fps: 30.00 (ts-monotonic, ts-src-eof)
cap dqbuf: 2 seq:    474 bytesused: 12441600 ts: 3264.078473 delta: 33.335 ms delta now: +33.305 ms fps: 30.00 (ts-monotonic, ts-src-eof)
cap dqbuf: 3 seq:    475 bytesused: 12441600 ts: 3264.111905 delta: 33.432 ms delta now: +33.049 ms fps: 30.00 (ts-monotonic, ts-src-eof)
cap dqbuf: 0 seq:    476 bytesused: 12441600 ts: 3264.145139 delta: 33.234 ms delta now: +33.178 ms fps: 30.00 (ts-monotonic, ts-src-eof)
cap dqbuf: 1 seq:    477 bytesused: 12441600 ts: 3264.178473 delta: 33.334 ms delta now: +32.299 ms fps: 30.00 (ts-monotonic, ts-src-eof)
cap dqbuf: 2 seq:    478 bytesused: 12441600 ts: 3264.211804 delta: 33.331 ms delta now: +32.296 ms fps: 30.00 (ts-monotonic, ts-src-eof)
cap dqbuf: 3 seq:    479 bytesused: 12441600 ts: 3264.245138 delta: 33.334 ms delta now: +33.399 ms fps: 30.00 (ts-monotonic, ts-src-eof)
cap dqbuf: 0 seq:    480 bytesused: 12441600 ts: 3264.278592 delta: 33.454 ms delta now: +32.176 ms fps: 30.00 (ts-monotonic, ts-src-eof)
cap dqbuf: 1 seq:    481 bytesused: 12441600 ts: 3264.311804 delta: 33.212 ms delta now: +33.367 ms fps: 30.00 (ts-monotonic, ts-src-eof)
cap dqbuf: 2 seq:    482 bytesused: 12441600 ts: 3264.345258 delta: 33.454 ms delta now: +32.337 ms fps: 30.00 (ts-monotonic, ts-src-eof)
cap dqbuf: 3 seq:    483 bytesused: 12441600 ts: 3264.378471 delta: 33.213 ms delta now: +32.296 ms fps: 30.00 (ts-monotonic, ts-src-eof)
cap dqbuf: 0 seq:    484 bytesused: 12441600 ts: 3264.411804 delta: 33.333 ms delta now: +33.298 ms fps: 30.00 (ts-monotonic, ts-src-eof)
cap dqbuf: 1 seq:    485 bytesused: 12441600 ts: 3264.445140 delta: 33.336 ms delta now: +33.146 ms fps: 30.00 (ts-monotonic, ts-src-eof)
cap dqbuf: 2 seq:    486 bytesused: 12441600 ts: 3264.478473 delta: 33.333 ms delta now: +33.307 ms fps: 30.00 (ts-monotonic, ts-src-eof)
cap dqbuf: 3 seq:    487 bytesused: 12441600 ts: 3264.511806 delta: 33.333 ms delta now: +32.342 ms fps: 30.00 (ts-monotonic, ts-src-eof)
cap dqbuf: 0 seq:    488 bytesused: 12441600 ts: 3264.545138 delta: 33.332 ms delta now: +33.471 ms fps: 30.00 (ts-monotonic, ts-src-eof)
cap dqbuf: 1 seq:    489 bytesused: 12441600 ts: 3264.578476 delta: 33.338 ms delta now: +33.169 ms fps: 30.00 (ts-monotonic, ts-src-eof)
cap dqbuf: 2 seq:    490 bytesused: 12441600 ts: 3264.611806 delta: 33.330 ms delta now: +33.290 ms fps: 30.00 (ts-monotonic, ts-src-eof)
cap dqbuf: 3 seq:    491 bytesused: 12441600 ts: 3264.645140 delta: 33.334 ms delta now: +33.162 ms fps: 30.00 (ts-monotonic, ts-src-eof)
cap dqbuf: 0 seq:    492 bytesused: 12441600 ts: 3264.678473 delta: 33.333 ms delta now: +33.113 ms fps: 30.00 (ts-monotonic, ts-src-eof)
cap dqbuf: 1 seq:    493 bytesused: 12441600 ts: 3264.711805 delta: 33.332 ms delta now: +33.337 ms fps: 30.00 (ts-monotonic, ts-src-eof)
cap dqbuf: 2 seq:    494 bytesused: 12441600 ts: 3264.745258 delta: 33.453 ms delta now: +32.176 ms fps: 30.00 (ts-monotonic, ts-src-eof)
cap dqbuf: 3 seq:    495 bytesused: 12441600 ts: 3264.778471 delta: 33.213 ms delta now: +33.152 ms fps: 30.00 (ts-monotonic, ts-src-eof)
cap dqbuf: 0 seq:    496 bytesused: 12441600 ts: 3264.811806 delta: 33.335 ms delta now: +33.301 ms fps: 30.00 (ts-monotonic, ts-src-eof)
cap dqbuf: 1 seq:    497 bytesused: 12441600 ts: 3264.845140 delta: 33.334 ms delta now: +33.156 ms fps: 30.00 (ts-monotonic, ts-src-eof)
cap dqbuf: 2 seq:    498 bytesused: 12441600 ts: 3264.878473 delta: 33.333 ms delta now: +33.423 ms fps: 30.00 (ts-monotonic, ts-src-eof)
cap dqbuf: 3 seq:    499 bytesused: 12441600 ts: 3264.911807 delta: 33.334 ms delta now: +32.298 ms fps: 30.00 (ts-monotonic, ts-src-eof)
cap dqbuf: 0 seq:    500 bytesused: 12441600 ts: 3264.945138 delta: 33.331 ms delta now: +33.266 ms fps: 30.00 (ts-monotonic, ts-src-eof)
cap dqbuf: 1 seq:    501 bytesused: 12441600 ts: 3264.978473 delta: 33.335 ms delta now: +33.291 ms fps: 30.00 (ts-monotonic, ts-src-eof)
cap dqbuf: 2 seq:    502 bytesused: 12441600 ts: 3265.011909 delta: 33.436 ms delta now: +33.213 ms fps: 30.00 (ts-monotonic, ts-src-eof)
cap dqbuf: 3 seq:    503 bytesused: 12441600 ts: 3265.045140 delta: 33.231 ms delta now: +33.213 ms fps: 30.00 (ts-monotonic, ts-src-eof)
cap dqbuf: 0 seq:    504 bytesused: 12441600 ts: 3265.078473 delta: 33.333 ms delta now: +33.342 ms fps: 30.00 (ts-monotonic, ts-src-eof)
cap dqbuf: 1 seq:    505 bytesused: 12441600 ts: 3265.111809 delta: 33.336 ms delta now: +32.298 ms fps: 30.00 (ts-monotonic, ts-src-eof)
cap dqbuf: 2 seq:    506 bytesused: 12441600 ts: 3265.145138 delta: 33.329 ms delta now: +33.336 ms fps: 30.00 (ts-monotonic, ts-src-eof)
cap dqbuf: 3 seq:    507 bytesused: 12441600 ts: 3265.178473 delta: 33.335 ms delta now: +33.331 ms fps: 30.00 (ts-monotonic, ts-src-eof)
cap dqbuf: 0 seq:    508 bytesused: 12441600 ts: 3265.211910 delta: 33.437 ms delta now: +32.191 ms fps: 30.00 (ts-monotonic, ts-src-eof)
cap dqbuf: 1 seq:    509 bytesused: 12441600 ts: 3265.245138 delta: 33.228 ms delta now: +33.423 ms fps: 30.00 (ts-monotonic, ts-src-eof)
cap dqbuf: 2 seq:    510 bytesused: 12441600 ts: 3265.278473 delta: 33.335 ms delta now: +32.294 ms fps: 30.00 (ts-monotonic, ts-src-eof)
cap dqbuf: 3 seq:    511 bytesused: 12441600 ts: 3265.311806 delta: 33.333 ms delta now: +33.350 ms fps: 30.00 (ts-monotonic, ts-src-eof)
cap dqbuf: 0 seq:    512 bytesused: 12441600 ts: 3265.345254 delta: 33.448 ms delta now: +32.180 ms fps: 30.00 (ts-monotonic, ts-src-eof)
cap dqbuf: 1 seq:    513 bytesused: 12441600 ts: 3265.378471 delta: 33.217 ms delta now: +32.297 ms fps: 30.00 (ts-monotonic, ts-src-eof)
cap dqbuf: 2 seq:    514 bytesused: 12441600 ts: 3265.411804 delta: 33.333 ms delta now: +33.201 ms fps: 30.00 (ts-monotonic, ts-src-eof)
cap dqbuf: 3 seq:    515 bytesused: 12441600 ts: 3265.445140 delta: 33.336 ms delta now: +33.324 ms fps: 30.00 (ts-monotonic, ts-src-eof)
cap dqbuf: 0 seq:    516 bytesused: 12441600 ts: 3265.478476 delta: 33.336 ms delta now: +32.291 ms fps: 30.00 (ts-monotonic, ts-src-eof)
cap dqbuf: 1 seq:    517 bytesused: 12441600 ts: 3265.511804 delta: 33.328 ms delta now: +32.296 ms fps: 30.00 (ts-monotonic, ts-src-eof)
cap dqbuf: 2 seq:    518 bytesused: 12441600 ts: 3265.545138 delta: 33.334 ms delta now: +33.450 ms fps: 30.00 (ts-monotonic, ts-src-eof)
cap dqbuf: 3 seq:    519 bytesused: 12441600 ts: 3265.578588 delta: 33.450 ms delta now: +32.182 ms fps: 30.00 (ts-monotonic, ts-src-eof)
cap dqbuf: 0 seq:    520 bytesused: 12441600 ts: 3265.611804 delta: 33.216 ms delta now: +33.340 ms fps: 30.00 (ts-monotonic, ts-src-eof)
cap dqbuf: 1 seq:    521 bytesused: 12441600 ts: 3265.645140 delta: 33.336 ms delta now: +32.294 ms fps: 30.00 (ts-monotonic, ts-src-eof)
cap dqbuf: 2 seq:    522 bytesused: 12441600 ts: 3265.678471 delta: 33.331 ms delta now: +33.313 ms fps: 30.00 (ts-monotonic, ts-src-eof)
cap dqbuf: 3 seq:    523 bytesused: 12441600 ts: 3265.711908 delta: 33.437 ms delta now: +32.192 ms fps: 30.00 (ts-monotonic, ts-src-eof)
cap dqbuf: 0 seq:    524 bytesused: 12441600 ts: 3265.745138 delta: 33.230 ms delta now: +33.176 ms fps: 30.00 (ts-monotonic, ts-src-eof)
cap dqbuf: 1 seq:    525 bytesused: 12441600 ts: 3265.778472 delta: 33.334 ms delta now: +33.295 ms fps: 30.00 (ts-monotonic, ts-src-eof)
cap dqbuf: 2 seq:    526 bytesused: 12441600 ts: 3265.811807 delta: 33.335 ms delta now: +33.502 ms fps: 30.00 (ts-monotonic, ts-src-eof)
cap dqbuf: 3 seq:    527 bytesused: 12441600 ts: 3265.845268 delta: 33.461 ms delta now: +33.170 ms fps: 30.00 (ts-monotonic, ts-src-eof)
cap dqbuf: 0 seq:    528 bytesused: 12441600 ts: 3265.878471 delta: 33.203 ms delta now: +33.390 ms fps: 30.00 (ts-monotonic, ts-src-eof)
cap dqbuf: 1 seq:    529 bytesused: 12441600 ts: 3265.911905 delta: 33.434 ms delta now: +32.209 ms fps: 30.00 (ts-monotonic, ts-src-eof)
cap dqbuf: 2 seq:    530 bytesused: 12441600 ts: 3265.945138 delta: 33.233 ms delta now: +33.159 ms fps: 30.00 (ts-monotonic, ts-src-eof)
cap dqbuf: 3 seq:    531 bytesused: 12441600 ts: 3265.978473 delta: 33.335 ms delta now: +33.285 ms fps: 30.00 (ts-monotonic, ts-src-eof)
cap dqbuf: 0 seq:    532 bytesused: 12441600 ts: 3266.011807 delta: 33.334 ms delta now: +32.302 ms fps: 30.00 (ts-monotonic, ts-src-eof)
cap dqbuf: 1 seq:    533 bytesused: 12441600 ts: 3266.045138 delta: 33.331 ms delta now: +33.425 ms fps: 30.00 (ts-monotonic, ts-src-eof)
cap dqbuf: 2 seq:    534 bytesused: 12441600 ts: 3266.078472 delta: 33.334 ms delta now: +33.273 ms fps: 30.00 (ts-monotonic, ts-src-eof)
cap dqbuf: 3 seq:    535 bytesused: 12441600 ts: 3266.111922 delta: 33.450 ms delta now: +33.060 ms fps: 30.00 (ts-monotonic, ts-src-eof)
cap dqbuf: 0 seq:    536 bytesused: 12441600 ts: 3266.145140 delta: 33.218 ms delta now: +33.278 ms fps: 30.00 (ts-monotonic, ts-src-eof)
cap dqbuf: 1 seq:    537 bytesused: 12441600 ts: 3266.178473 delta: 33.333 ms delta now: +32.300 ms fps: 30.00 (ts-monotonic, ts-src-eof)
cap dqbuf: 2 seq:    538 bytesused: 12441600 ts: 3266.211804 delta: 33.331 ms delta now: +33.314 ms fps: 30.00 (ts-monotonic, ts-src-eof)
cap dqbuf: 3 seq:    539 bytesused: 12441600 ts: 3266.245140 delta: 33.336 ms delta now: +33.149 ms fps: 30.00 (ts-monotonic, ts-src-eof)
cap dqbuf: 0 seq:    540 bytesused: 12441600 ts: 3266.278473 delta: 33.333 ms delta now: +33.155 ms fps: 30.00 (ts-monotonic, ts-src-eof)
cap dqbuf: 1 seq:    541 bytesused: 12441600 ts: 3266.311806 delta: 33.333 ms delta now: +33.126 ms fps: 30.00 (ts-monotonic, ts-src-eof)
cap dqbuf: 2 seq:    542 bytesused: 12441600 ts: 3266.345138 delta: 33.332 ms delta now: +33.414 ms fps: 30.00 (ts-monotonic, ts-src-eof)
cap dqbuf: 3 seq:    543 bytesused: 12441600 ts: 3266.378572 delta: 33.434 ms delta now: +32.195 ms fps: 30.00 (ts-monotonic, ts-src-eof)
cap dqbuf: 0 seq:    544 bytesused: 12441600 ts: 3266.411805 delta: 33.233 ms delta now: +33.214 ms fps: 30.00 (ts-monotonic, ts-src-eof)
cap dqbuf: 1 seq:    545 bytesused: 12441600 ts: 3266.445138 delta: 33.333 ms delta now: +32.295 ms fps: 30.00 (ts-monotonic, ts-src-eof)
cap dqbuf: 2 seq:    546 bytesused: 12441600 ts: 3266.478471 delta: 33.333 ms delta now: +33.374 ms fps: 30.00 (ts-monotonic, ts-src-eof)
cap dqbuf: 3 seq:    547 bytesused: 12441600 ts: 3266.511807 delta: 33.336 ms delta now: +32.334 ms fps: 30.00 (ts-monotonic, ts-src-eof)
cap dqbuf: 0 seq:    548 bytesused: 12441600 ts: 3266.545138 delta: 33.331 ms delta now: +33.147 ms fps: 30.00 (ts-monotonic, ts-src-eof)
cap dqbuf: 1 seq:    549 bytesused: 12441600 ts: 3266.578473 delta: 33.335 ms delta now: +33.293 ms fps: 30.00 (ts-monotonic, ts-src-eof)
cap dqbuf: 2 seq:    550 bytesused: 12441600 ts: 3266.611807 delta: 33.334 ms delta now: +33.165 ms fps: 30.00 (ts-monotonic, ts-src-eof)
cap dqbuf: 3 seq:    551 bytesused: 12441600 ts: 3266.645234 delta: 33.427 ms delta now: +32.221 ms fps: 30.00 (ts-monotonic, ts-src-eof)
cap dqbuf: 0 seq:    552 bytesused: 12441600 ts: 3266.678471 delta: 33.237 ms delta now: +33.429 ms fps: 30.00 (ts-monotonic, ts-src-eof)
cap dqbuf: 1 seq:    553 bytesused: 12441600 ts: 3266.711809 delta: 33.338 ms delta now: +32.293 ms fps: 30.00 (ts-monotonic, ts-src-eof)
cap dqbuf: 2 seq:    554 bytesused: 12441600 ts: 3266.745138 delta: 33.329 ms delta now: +33.164 ms fps: 30.00 (ts-monotonic, ts-src-eof)
cap dqbuf: 3 seq:    555 bytesused: 12441600 ts: 3266.778473 delta: 33.335 ms delta now: +32.294 ms fps: 30.00 (ts-monotonic, ts-src-eof)
cap dqbuf: 0 seq:    556 bytesused: 12441600 ts: 3266.811805 delta: 33.332 ms delta now: +33.294 ms fps: 30.00 (ts-monotonic, ts-src-eof)
cap dqbuf: 1 seq:    557 bytesused: 12441600 ts: 3266.845140 delta: 33.335 ms delta now: +32.294 ms fps: 30.00 (ts-monotonic, ts-src-eof)
cap dqbuf: 2 seq:    558 bytesused: 12441600 ts: 3266.878471 delta: 33.331 ms delta now: +33.370 ms fps: 30.00 (ts-monotonic, ts-src-eof)
cap dqbuf: 3 seq:    559 bytesused: 12441600 ts: 3266.911807 delta: 33.336 ms delta now: +33.413 ms fps: 30.00 (ts-monotonic, ts-src-eof)
cap dqbuf: 0 seq:    560 bytesused: 12441600 ts: 3266.945253 delta: 33.446 ms delta now: +33.201 ms fps: 30.00 (ts-monotonic, ts-src-eof)
cap dqbuf: 1 seq:    561 bytesused: 12441600 ts: 3266.978473 delta: 33.220 ms delta now: +33.157 ms fps: 30.00 (ts-monotonic, ts-src-eof)
cap dqbuf: 2 seq:    562 bytesused: 12441600 ts: 3267.011807 delta: 33.334 ms delta now: +33.279 ms fps: 30.00 (ts-monotonic, ts-src-eof)
cap dqbuf: 3 seq:    563 bytesused: 12441600 ts: 3267.045140 delta: 33.333 ms delta now: +33.154 ms fps: 30.00 (ts-monotonic, ts-src-eof)
cap dqbuf: 0 seq:    564 bytesused: 12441600 ts: 3267.078473 delta: 33.333 ms delta now: +33.167 ms fps: 30.00 (ts-monotonic, ts-src-eof)
cap dqbuf: 1 seq:    565 bytesused: 12441600 ts: 3267.111804 delta: 33.331 ms delta now: +33.298 ms fps: 30.00 (ts-monotonic, ts-src-eof)
cap dqbuf: 2 seq:    566 bytesused: 12441600 ts: 3267.145257 delta: 33.453 ms delta now: +33.180 ms fps: 30.00 (ts-monotonic, ts-src-eof)
cap dqbuf: 3 seq:    567 bytesused: 12441600 ts: 3267.178476 delta: 33.219 ms delta now: +33.294 ms fps: 30.00 (ts-monotonic, ts-src-eof)
cap dqbuf: 0 seq:    568 bytesused: 12441600 ts: 3267.211906 delta: 33.430 ms delta now: +33.192 ms fps: 30.00 (ts-monotonic, ts-src-eof)
cap dqbuf: 1 seq:    569 bytesused: 12441600 ts: 3267.245239 delta: 33.333 ms delta now: +33.195 ms fps: 30.00 (ts-monotonic, ts-src-eof)
cap dqbuf: 2 seq:    570 bytesused: 12441600 ts: 3267.278475 delta: 33.236 ms delta now: +33.164 ms fps: 30.00 (ts-monotonic, ts-src-eof)
cap dqbuf: 3 seq:    571 bytesused: 12441600 ts: 3267.311807 delta: 33.332 ms delta now: +33.274 ms fps: 30.00 (ts-monotonic, ts-src-eof)
cap dqbuf: 0 seq:    572 bytesused: 12441600 ts: 3267.345140 delta: 33.333 ms delta now: +33.150 ms fps: 30.00 (ts-monotonic, ts-src-eof)
cap dqbuf: 1 seq:    573 bytesused: 12441600 ts: 3267.378473 delta: 33.333 ms delta now: +33.289 ms fps: 30.00 (ts-monotonic, ts-src-eof)
cap dqbuf: 2 seq:    574 bytesused: 12441600 ts: 3267.411922 delta: 33.449 ms delta now: +33.175 ms fps: 30.00 (ts-monotonic, ts-src-eof)
cap dqbuf: 3 seq:    575 bytesused: 12441600 ts: 3267.445257 delta: 33.335 ms delta now: +33.188 ms fps: 30.00 (ts-monotonic, ts-src-eof)
cap dqbuf: 0 seq:    576 bytesused: 12441600 ts: 3267.478591 delta: 33.334 ms delta now: +33.198 ms fps: 30.00 (ts-monotonic, ts-src-eof)
cap dqbuf: 1 seq:    577 bytesused: 12441600 ts: 3267.511906 delta: 33.315 ms delta now: +32.196 ms fps: 30.00 (ts-monotonic, ts-src-eof)
cap dqbuf: 2 seq:    578 bytesused: 12441600 ts: 3267.545138 delta: 33.232 ms delta now: +33.150 ms fps: 30.00 (ts-monotonic, ts-src-eof)
cap dqbuf: 3 seq:    579 bytesused: 12441600 ts: 3267.578473 delta: 33.335 ms delta now: +33.287 ms fps: 30.00 (ts-monotonic, ts-src-eof)
cap dqbuf: 0 seq:    580 bytesused: 12441600 ts: 3267.611906 delta: 33.433 ms delta now: +33.212 ms fps: 30.00 (ts-monotonic, ts-src-eof)
cap dqbuf: 1 seq:    581 bytesused: 12441600 ts: 3267.645256 delta: 33.350 ms delta now: +32.178 ms fps: 30.00 (ts-monotonic, ts-src-eof)
cap dqbuf: 2 seq:    582 bytesused: 12441600 ts: 3267.678471 delta: 33.215 ms delta now: +33.174 ms fps: 30.00 (ts-monotonic, ts-src-eof)
cap dqbuf: 3 seq:    583 bytesused: 12441600 ts: 3267.711806 delta: 33.335 ms delta now: +33.409 ms fps: 30.00 (ts-monotonic, ts-src-eof)
cap dqbuf: 0 seq:    584 bytesused: 12441600 ts: 3267.745257 delta: 33.451 ms delta now: +32.179 ms fps: 30.00 (ts-monotonic, ts-src-eof)
cap dqbuf: 1 seq:    585 bytesused: 12441600 ts: 3267.778473 delta: 33.216 ms delta now: +33.396 ms fps: 30.00 (ts-monotonic, ts-src-eof)
cap dqbuf: 2 seq:    586 bytesused: 12441600 ts: 3267.811945 delta: 33.472 ms delta now: +32.169 ms fps: 30.00 (ts-monotonic, ts-src-eof)
cap dqbuf: 3 seq:    587 bytesused: 12441600 ts: 3267.845140 delta: 33.195 ms delta now: +33.318 ms fps: 30.00 (ts-monotonic, ts-src-eof)
cap dqbuf: 0 seq:    588 bytesused: 12441600 ts: 3267.878473 delta: 33.333 ms delta now: +33.179 ms fps: 30.00 (ts-monotonic, ts-src-eof)
cap dqbuf: 1 seq:    589 bytesused: 12441600 ts: 3267.911807 delta: 33.334 ms delta now: +33.148 ms fps: 30.00 (ts-monotonic, ts-src-eof)
cap dqbuf: 2 seq:    590 bytesused: 12441600 ts: 3267.945146 delta: 33.339 ms delta now: +32.289 ms fps: 30.00 (ts-monotonic, ts-src-eof)
cap dqbuf: 3 seq:    591 bytesused: 12441600 ts: 3267.978471 delta: 33.325 ms delta now: +33.172 ms fps: 30.00 (ts-monotonic, ts-src-eof)
cap dqbuf: 0 seq:    592 bytesused: 12441600 ts: 3268.011807 delta: 33.336 ms delta now: +33.337 ms fps: 30.00 (ts-monotonic, ts-src-eof)
cap dqbuf: 1 seq:    593 bytesused: 12441600 ts: 3268.045143 delta: 33.336 ms delta now: +33.404 ms fps: 30.00 (ts-monotonic, ts-src-eof)
cap dqbuf: 2 seq:    594 bytesused: 12441600 ts: 3268.078474 delta: 33.331 ms delta now: +33.190 ms fps: 30.00 (ts-monotonic, ts-src-eof)
cap dqbuf: 3 seq:    595 bytesused: 12441600 ts: 3268.111807 delta: 33.333 ms delta now: +33.361 ms fps: 30.00 (ts-monotonic, ts-src-eof)
cap dqbuf: 0 seq:    596 bytesused: 12441600 ts: 3268.145140 delta: 33.333 ms delta now: +33.295 ms fps: 30.00 (ts-monotonic, ts-src-eof)
cap dqbuf: 1 seq:    597 bytesused: 12441600 ts: 3268.178591 delta: 33.451 ms delta now: +33.302 ms fps: 30.00 (ts-monotonic, ts-src-eof)
cap dqbuf: 2 seq:    598 bytesused: 12441600 ts: 3268.211936 delta: 33.345 ms delta now: +32.992 ms fps: 30.00 (ts-monotonic, ts-src-eof)
cap dqbuf: 3 seq:    599 bytesused: 12441600 ts: 3268.245139 delta: 33.203 ms delta now: +32.295 ms fps: 30.00 (ts-monotonic, ts-src-eof)
cap dqbuf: 0 seq:    600 bytesused: 12441600 ts: 3268.278471 delta: 33.332 ms delta now: +33.393 ms fps: 30.00 (ts-monotonic, ts-src-eof)
cap dqbuf: 1 seq:    601 bytesused: 12441600 ts: 3268.311815 delta: 33.344 ms delta now: +33.309 ms fps: 30.00 (ts-monotonic, ts-src-eof)
cap dqbuf: 2 seq:    602 bytesused: 12441600 ts: 3268.345239 delta: 33.424 ms delta now: +32.201 ms fps: 30.00 (ts-monotonic, ts-src-eof)
cap dqbuf: 3 seq:    603 bytesused: 12441600 ts: 3268.378471 delta: 33.232 ms delta now: +33.159 ms fps: 30.00 (ts-monotonic, ts-src-eof)
cap dqbuf: 0 seq:    604 bytesused: 12441600 ts: 3268.411806 delta: 33.335 ms delta now: +33.289 ms fps: 30.00 (ts-monotonic, ts-src-eof)
cap dqbuf: 1 seq:    605 bytesused: 12441600 ts: 3268.445147 delta: 33.341 ms delta now: +33.424 ms fps: 30.00 (ts-monotonic, ts-src-eof)
cap dqbuf: 2 seq:    606 bytesused: 12441600 ts: 3268.478475 delta: 33.328 ms delta now: +33.177 ms fps: 30.00 (ts-monotonic, ts-src-eof)
cap dqbuf: 3 seq:    607 bytesused: 12441600 ts: 3268.511807 delta: 33.332 ms delta now: +33.185 ms fps: 30.00 (ts-monotonic, ts-src-eof)
cap dqbuf: 0 seq:    608 bytesused: 12441600 ts: 3268.545140 delta: 33.333 ms delta now: +33.351 ms fps: 30.00 (ts-monotonic, ts-src-eof)
cap dqbuf: 1 seq:    609 bytesused: 12441600 ts: 3268.578581 delta: 33.441 ms delta now: +32.187 ms fps: 30.00 (ts-monotonic, ts-src-eof)
cap dqbuf: 2 seq:    610 bytesused: 12441600 ts: 3268.611805 delta: 33.224 ms delta now: +32.296 ms fps: 30.00 (ts-monotonic, ts-src-eof)
cap dqbuf: 3 seq:    611 bytesused: 12441600 ts: 3268.645138 delta: 33.333 ms delta now: +33.150 ms fps: 30.00 (ts-monotonic, ts-src-eof)
cap dqbuf: 0 seq:    612 bytesused: 12441600 ts: 3268.678473 delta: 33.335 ms delta now: +33.373 ms fps: 30.00 (ts-monotonic, ts-src-eof)
cap dqbuf: 1 seq:    613 bytesused: 12441600 ts: 3268.711807 delta: 33.334 ms delta now: +33.150 ms fps: 30.00 (ts-monotonic, ts-src-eof)
cap dqbuf: 2 seq:    614 bytesused: 12441600 ts: 3268.745140 delta: 33.333 ms delta now: +33.289 ms fps: 30.00 (ts-monotonic, ts-src-eof)
cap dqbuf: 3 seq:    615 bytesused: 12441600 ts: 3268.778473 delta: 33.333 ms delta now: +32.314 ms fps: 30.00 (ts-monotonic, ts-src-eof)
cap dqbuf: 0 seq:    616 bytesused: 12441600 ts: 3268.811805 delta: 33.332 ms delta now: +33.149 ms fps: 30.00 (ts-monotonic, ts-src-eof)
cap dqbuf: 1 seq:    617 bytesused: 12441600 ts: 3268.845140 delta: 33.335 ms delta now: +32.293 ms fps: 30.00 (ts-monotonic, ts-src-eof)
cap dqbuf: 2 seq:    618 bytesused: 12441600 ts: 3268.878471 delta: 33.331 ms delta now: +33.278 ms fps: 30.00 (ts-monotonic, ts-src-eof)
cap dqbuf: 3 seq:    619 bytesused: 12441600 ts: 3268.911807 delta: 33.336 ms delta now: +32.336 ms fps: 30.00 (ts-monotonic, ts-src-eof)
cap dqbuf: 0 seq:    620 bytesused: 12441600 ts: 3268.945138 delta: 33.331 ms delta now: +33.299 ms fps: 30.00 (ts-monotonic, ts-src-eof)
cap dqbuf: 1 seq:    621 bytesused: 12441600 ts: 3268.978475 delta: 33.337 ms delta now: +33.341 ms fps: 30.00 (ts-monotonic, ts-src-eof)
cap dqbuf: 2 seq:    622 bytesused: 12441600 ts: 3269.011807 delta: 33.332 ms delta now: +32.293 ms fps: 30.00 (ts-monotonic, ts-src-eof)
cap dqbuf: 3 seq:    623 bytesused: 12441600 ts: 3269.045138 delta: 33.331 ms delta now: +32.326 ms fps: 30.00 (ts-monotonic, ts-src-eof)
cap dqbuf: 0 seq:    624 bytesused: 12441600 ts: 3269.078473 delta: 33.335 ms delta now: +33.391 ms fps: 30.00 (ts-monotonic, ts-src-eof)
cap dqbuf: 1 seq:    625 bytesused: 12441600 ts: 3269.111807 delta: 33.334 ms delta now: +32.301 ms fps: 30.00 (ts-monotonic, ts-src-eof)
cap dqbuf: 2 seq:    626 bytesused: 12441600 ts: 3269.145138 delta: 33.331 ms delta now: +33.152 ms fps: 30.00 (ts-monotonic, ts-src-eof)
cap dqbuf: 3 seq:    627 bytesused: 12441600 ts: 3269.178473 delta: 33.335 ms delta now: +33.152 ms fps: 30.00 (ts-monotonic, ts-src-eof)
cap dqbuf: 0 seq:    628 bytesused: 12441600 ts: 3269.211807 delta: 33.334 ms delta now: +33.075 ms fps: 30.00 (ts-monotonic, ts-src-eof)
cap dqbuf: 1 seq:    629 bytesused: 12441600 ts: 3269.245138 delta: 33.331 ms delta now: +33.391 ms fps: 30.00 (ts-monotonic, ts-src-eof)
cap dqbuf: 2 seq:    630 bytesused: 12441600 ts: 3269.278494 delta: 33.356 ms delta now: +32.279 ms fps: 30.00 (ts-monotonic, ts-src-eof)
cap dqbuf: 3 seq:    631 bytesused: 12441600 ts: 3269.311805 delta: 33.311 ms delta now: +33.362 ms fps: 30.00 (ts-monotonic, ts-src-eof)
cap dqbuf: 0 seq:    632 bytesused: 12441600 ts: 3269.345241 delta: 33.436 ms delta now: +33.301 ms fps: 30.00 (ts-monotonic, ts-src-eof)
cap dqbuf: 1 seq:    633 bytesused: 12441600 ts: 3269.378590 delta: 33.349 ms delta now: +33.034 ms fps: 30.00 (ts-monotonic, ts-src-eof)
cap dqbuf: 2 seq:    634 bytesused: 12441600 ts: 3269.411806 delta: 33.216 ms delta now: +32.294 ms fps: 30.00 (ts-monotonic, ts-src-eof)
cap dqbuf: 3 seq:    635 bytesused: 12441600 ts: 3269.445138 delta: 33.332 ms delta now: +32.303 ms fps: 30.00 (ts-monotonic, ts-src-eof)
cap dqbuf: 0 seq:    636 bytesused: 12441600 ts: 3269.478472 delta: 33.334 ms delta now: +33.165 ms fps: 30.00 (ts-monotonic, ts-src-eof)
cap dqbuf: 1 seq:    637 bytesused: 12441600 ts: 3269.511807 delta: 33.335 ms delta now: +33.318 ms fps: 30.00 (ts-monotonic, ts-src-eof)
cap dqbuf: 2 seq:    638 bytesused: 12441600 ts: 3269.545246 delta: 33.439 ms delta now: +32.187 ms fps: 30.00 (ts-monotonic, ts-src-eof)
cap dqbuf: 3 seq:    639 bytesused: 12441600 ts: 3269.578472 delta: 33.226 ms delta now: +33.327 ms fps: 30.00 (ts-monotonic, ts-src-eof)
cap dqbuf: 0 seq:    640 bytesused: 12441600 ts: 3269.611810 delta: 33.338 ms delta now: +32.972 ms fps: 30.00 (ts-monotonic, ts-src-eof)
cap dqbuf: 1 seq:    641 bytesused: 12441600 ts: 3269.645140 delta: 33.330 ms delta now: +33.290 ms fps: 30.00 (ts-monotonic, ts-src-eof)
cap dqbuf: 2 seq:    642 bytesused: 12441600 ts: 3269.678474 delta: 33.334 ms delta now: +32.301 ms fps: 30.00 (ts-monotonic, ts-src-eof)
cap dqbuf: 3 seq:    643 bytesused: 12441600 ts: 3269.711805 delta: 33.331 ms delta now: +32.297 ms fps: 30.00 (ts-monotonic, ts-src-eof)
cap dqbuf: 0 seq:    644 bytesused: 12441600 ts: 3269.745138 delta: 33.333 ms delta now: +33.429 ms fps: 30.00 (ts-monotonic, ts-src-eof)
cap dqbuf: 1 seq:    645 bytesused: 12441600 ts: 3269.778571 delta: 33.433 ms delta now: +32.196 ms fps: 30.00 (ts-monotonic, ts-src-eof)
cap dqbuf: 2 seq:    646 bytesused: 12441600 ts: 3269.811805 delta: 33.234 ms delta now: +33.275 ms fps: 30.00 (ts-monotonic, ts-src-eof)
cap dqbuf: 3 seq:    647 bytesused: 12441600 ts: 3269.845258 delta: 33.453 ms delta now: +32.177 ms fps: 30.00 (ts-monotonic, ts-src-eof)
cap dqbuf: 0 seq:    648 bytesused: 12441600 ts: 3269.878471 delta: 33.213 ms delta now: +32.308 ms fps: 30.00 (ts-monotonic, ts-src-eof)
cap dqbuf: 1 seq:    649 bytesused: 12441600 ts: 3269.911805 delta: 33.334 ms delta now: +33.152 ms fps: 30.00 (ts-monotonic, ts-src-eof)
cap dqbuf: 2 seq:    650 bytesused: 12441600 ts: 3269.945242 delta: 33.437 ms delta now: +33.194 ms fps: 30.00 (ts-monotonic, ts-src-eof)
cap dqbuf: 3 seq:    651 bytesused: 12441600 ts: 3269.978474 delta: 33.232 ms delta now: +33.167 ms fps: 30.00 (ts-monotonic, ts-src-eof)
cap dqbuf: 0 seq:    652 bytesused: 12441600 ts: 3270.011807 delta: 33.333 ms delta now: +32.294 ms fps: 30.00 (ts-monotonic, ts-src-eof)
cap dqbuf: 1 seq:    653 bytesused: 12441600 ts: 3270.045138 delta: 33.331 ms delta now: +33.187 ms fps: 30.00 (ts-monotonic, ts-src-eof)
cap dqbuf: 2 seq:    654 bytesused: 12441600 ts: 3270.078473 delta: 33.335 ms delta now: +33.276 ms fps: 30.00 (ts-monotonic, ts-src-eof)
cap dqbuf: 3 seq:    655 bytesused: 12441600 ts: 3270.111807 delta: 33.334 ms delta now: +32.308 ms fps: 30.00 (ts-monotonic, ts-src-eof)
cap dqbuf: 0 seq:    656 bytesused: 12441600 ts: 3270.145138 delta: 33.331 ms delta now: +33.299 ms fps: 30.00 (ts-monotonic, ts-src-eof)
cap dqbuf: 1 seq:    657 bytesused: 12441600 ts: 3270.178573 delta: 33.435 ms delta now: +33.280 ms fps: 30.00 (ts-monotonic, ts-src-eof)
cap dqbuf: 2 seq:    658 bytesused: 12441600 ts: 3270.211810 delta: 33.237 ms delta now: +32.292 ms fps: 30.00 (ts-monotonic, ts-src-eof)
cap dqbuf: 3 seq:    659 bytesused: 12441600 ts: 3270.245138 delta: 33.328 ms delta now: +32.310 ms fps: 30.00 (ts-monotonic, ts-src-eof)
cap dqbuf: 0 seq:    660 bytesused: 12441600 ts: 3270.278472 delta: 33.334 ms delta now: +33.406 ms fps: 30.00 (ts-monotonic, ts-src-eof)
cap dqbuf: 1 seq:    661 bytesused: 12441600 ts: 3270.311807 delta: 33.335 ms delta now: +33.170 ms fps: 30.00 (ts-monotonic, ts-src-eof)
cap dqbuf: 2 seq:    662 bytesused: 12441600 ts: 3270.345140 delta: 33.333 ms delta now: +33.364 ms fps: 30.00 (ts-monotonic, ts-src-eof)
cap dqbuf: 3 seq:    663 bytesused: 12441600 ts: 3270.378473 delta: 33.333 ms delta now: +33.297 ms fps: 30.00 (ts-monotonic, ts-src-eof)
cap dqbuf: 0 seq:    664 bytesused: 12441600 ts: 3270.411807 delta: 33.334 ms delta now: +33.150 ms fps: 30.00 (ts-monotonic, ts-src-eof)
cap dqbuf: 1 seq:    665 bytesused: 12441600 ts: 3270.445140 delta: 33.333 ms delta now: +33.338 ms fps: 30.00 (ts-monotonic, ts-src-eof)
cap dqbuf: 2 seq:    666 bytesused: 12441600 ts: 3270.478477 delta: 33.337 ms delta now: +32.292 ms fps: 30.00 (ts-monotonic, ts-src-eof)
cap dqbuf: 3 seq:    667 bytesused: 12441600 ts: 3270.511805 delta: 33.328 ms delta now: +33.152 ms fps: 30.00 (ts-monotonic, ts-src-eof)
cap dqbuf: 0 seq:    668 bytesused: 12441600 ts: 3270.545140 delta: 33.335 ms delta now: +33.282 ms fps: 30.00 (ts-monotonic, ts-src-eof)
cap dqbuf: 1 seq:    669 bytesused: 12441600 ts: 3270.578474 delta: 33.334 ms delta now: +33.152 ms fps: 30.00 (ts-monotonic, ts-src-eof)
cap dqbuf: 2 seq:    670 bytesused: 12441600 ts: 3270.611807 delta: 33.333 ms delta now: +33.388 ms fps: 30.00 (ts-monotonic, ts-src-eof)
cap dqbuf: 3 seq:    671 bytesused: 12441600 ts: 3270.645141 delta: 33.334 ms delta now: +32.294 ms fps: 30.00 (ts-monotonic, ts-src-eof)
cap dqbuf: 0 seq:    672 bytesused: 12441600 ts: 3270.678472 delta: 33.331 ms delta now: +33.315 ms fps: 30.00 (ts-monotonic, ts-src-eof)
cap dqbuf: 1 seq:    673 bytesused: 12441600 ts: 3270.711924 delta: 33.452 ms delta now: +32.779 ms fps: 30.00 (ts-monotonic, ts-src-eof)
cap dqbuf: 2 seq:    674 bytesused: 12441600 ts: 3270.745138 delta: 33.214 ms delta now: +33.372 ms fps: 30.00 (ts-monotonic, ts-src-eof)
cap dqbuf: 3 seq:    675 bytesused: 12441600 ts: 3270.778573 delta: 33.435 ms delta now: +33.155 ms fps: 30.00 (ts-monotonic, ts-src-eof)
cap dqbuf: 0 seq:    676 bytesused: 12441600 ts: 3270.811805 delta: 33.232 ms delta now: +33.488 ms fps: 30.00 (ts-monotonic, ts-src-eof)
cap dqbuf: 1 seq:    677 bytesused: 12441600 ts: 3270.845254 delta: 33.449 ms delta now: +32.399 ms fps: 30.00 (ts-monotonic, ts-src-eof)
cap dqbuf: 2 seq:    678 bytesused: 12441600 ts: 3270.878472 delta: 33.218 ms delta now: +33.292 ms fps: 30.00 (ts-monotonic, ts-src-eof)
cap dqbuf: 3 seq:    679 bytesused: 12441600 ts: 3270.911808 delta: 33.336 ms delta now: +33.401 ms fps: 30.00 (ts-monotonic, ts-src-eof)
cap dqbuf: 0 seq:    680 bytesused: 12441600 ts: 3270.945257 delta: 33.449 ms delta now: +33.275 ms fps: 30.00 (ts-monotonic, ts-src-eof)
cap dqbuf: 1 seq:    681 bytesused: 12441600 ts: 3270.978474 delta: 33.217 ms delta now: +32.297 ms fps: 30.00 (ts-monotonic, ts-src-eof)
cap dqbuf: 2 seq:    682 bytesused: 12441600 ts: 3271.011807 delta: 33.333 ms delta now: +33.307 ms fps: 30.00 (ts-monotonic, ts-src-eof)
cap dqbuf: 3 seq:    683 bytesused: 12441600 ts: 3271.045141 delta: 33.334 ms delta now: +33.167 ms fps: 30.00 (ts-monotonic, ts-src-eof)
cap dqbuf: 0 seq:    684 bytesused: 12441600 ts: 3271.078474 delta: 33.333 ms delta now: +33.245 ms fps: 30.00 (ts-monotonic, ts-src-eof)
cap dqbuf: 1 seq:    685 bytesused: 12441600 ts: 3271.111806 delta: 33.332 ms delta now: +33.303 ms fps: 30.00 (ts-monotonic, ts-src-eof)
cap dqbuf: 2 seq:    686 bytesused: 12441600 ts: 3271.145140 delta: 33.334 ms delta now: +32.301 ms fps: 30.00 (ts-monotonic, ts-src-eof)
cap dqbuf: 3 seq:    687 bytesused: 12441600 ts: 3271.178473 delta: 33.333 ms delta now: +33.330 ms fps: 30.00 (ts-monotonic, ts-src-eof)
cap dqbuf: 0 seq:    688 bytesused: 12441600 ts: 3271.211925 delta: 33.452 ms delta now: +33.179 ms fps: 30.00 (ts-monotonic, ts-src-eof)
cap dqbuf: 1 seq:    689 bytesused: 12441600 ts: 3271.245141 delta: 33.216 ms delta now: +33.324 ms fps: 30.00 (ts-monotonic, ts-src-eof)
cap dqbuf: 2 seq:    690 bytesused: 12441600 ts: 3271.278573 delta: 33.432 ms delta now: +32.198 ms fps: 30.00 (ts-monotonic, ts-src-eof)
cap dqbuf: 3 seq:    691 bytesused: 12441600 ts: 3271.311807 delta: 33.234 ms delta now: +33.304 ms fps: 30.00 (ts-monotonic, ts-src-eof)
cap dqbuf: 0 seq:    692 bytesused: 12441600 ts: 3271.345140 delta: 33.333 ms delta now: +32.295 ms fps: 30.00 (ts-monotonic, ts-src-eof)
cap dqbuf: 1 seq:    693 bytesused: 12441600 ts: 3271.378472 delta: 33.332 ms delta now: +33.151 ms fps: 30.00 (ts-monotonic, ts-src-eof)
cap dqbuf: 2 seq:    694 bytesused: 12441600 ts: 3271.411807 delta: 33.335 ms delta now: +33.285 ms fps: 30.00 (ts-monotonic, ts-src-eof)
cap dqbuf: 3 seq:    695 bytesused: 12441600 ts: 3271.445142 delta: 33.335 ms delta now: +33.366 ms fps: 30.00 (ts-monotonic, ts-src-eof)
cap dqbuf: 0 seq:    696 bytesused: 12441600 ts: 3271.478572 delta: 33.430 ms delta now: +32.208 ms fps: 30.00 (ts-monotonic, ts-src-eof)
cap dqbuf: 1 seq:    697 bytesused: 12441600 ts: 3271.511805 delta: 33.233 ms delta now: +33.397 ms fps: 30.00 (ts-monotonic, ts-src-eof)
cap dqbuf: 2 seq:    698 bytesused: 12441600 ts: 3271.545182 delta: 33.377 ms delta now: +32.449 ms fps: 30.00 (ts-monotonic, ts-src-eof)
cap dqbuf: 3 seq:    699 bytesused: 12441600 ts: 3271.578472 delta: 33.290 ms delta now: +33.308 ms fps: 30.00 (ts-monotonic, ts-src-eof)
cap dqbuf: 0 seq:    700 bytesused: 12441600 ts: 3271.611925 delta: 33.453 ms delta now: +33.172 ms fps: 30.00 (ts-monotonic, ts-src-eof)
cap dqbuf: 1 seq:    701 bytesused: 12441600 ts: 3271.645141 delta: 33.216 ms delta now: +32.294 ms fps: 30.00 (ts-monotonic, ts-src-eof)
cap dqbuf: 2 seq:    702 bytesused: 12441600 ts: 3271.678472 delta: 33.331 ms delta now: +33.419 ms fps: 30.00 (ts-monotonic, ts-src-eof)
cap dqbuf: 3 seq:    703 bytesused: 12441600 ts: 3271.711820 delta: 33.348 ms delta now: +32.280 ms fps: 30.00 (ts-monotonic, ts-src-eof)
cap dqbuf: 0 seq:    704 bytesused: 12441600 ts: 3271.745138 delta: 33.318 ms delta now: +33.154 ms fps: 30.00 (ts-monotonic, ts-src-eof)
cap dqbuf: 1 seq:    705 bytesused: 12441600 ts: 3271.778473 delta: 33.335 ms delta now: +33.145 ms fps: 30.00 (ts-monotonic, ts-src-eof)
cap dqbuf: 2 seq:    706 bytesused: 12441600 ts: 3271.811805 delta: 33.332 ms delta now: +33.158 ms fps: 30.00 (ts-monotonic, ts-src-eof)
cap dqbuf: 3 seq:    707 bytesused: 12441600 ts: 3271.845140 delta: 33.335 ms delta now: +33.282 ms fps: 30.00 (ts-monotonic, ts-src-eof)
cap dqbuf: 0 seq:    708 bytesused: 12441600 ts: 3271.878573 delta: 33.433 ms delta now: +32.197 ms fps: 30.00 (ts-monotonic, ts-src-eof)
cap dqbuf: 1 seq:    709 bytesused: 12441600 ts: 3271.911805 delta: 33.232 ms delta now: +33.307 ms fps: 30.00 (ts-monotonic, ts-src-eof)
cap dqbuf: 2 seq:    710 bytesused: 12441600 ts: 3271.945157 delta: 33.352 ms delta now: +33.169 ms fps: 30.00 (ts-monotonic, ts-src-eof)
cap dqbuf: 3 seq:    711 bytesused: 12441600 ts: 3271.978473 delta: 33.316 ms delta now: +32.294 ms fps: 30.00 (ts-monotonic, ts-src-eof)
cap dqbuf: 0 seq:    712 bytesused: 12441600 ts: 3272.011805 delta: 33.332 ms delta now: +33.292 ms fps: 30.00 (ts-monotonic, ts-src-eof)
cap dqbuf: 1 seq:    713 bytesused: 12441600 ts: 3272.045140 delta: 33.335 ms delta now: +33.157 ms fps: 30.00 (ts-monotonic, ts-src-eof)
cap dqbuf: 2 seq:    714 bytesused: 12441600 ts: 3272.078474 delta: 33.334 ms delta now: +33.320 ms fps: 30.00 (ts-monotonic, ts-src-eof)
cap dqbuf: 3 seq:    715 bytesused: 12441600 ts: 3272.111810 delta: 33.336 ms delta now: +32.303 ms fps: 30.00 (ts-monotonic, ts-src-eof)
cap dqbuf: 0 seq:    716 bytesused: 12441600 ts: 3272.145138 delta: 33.328 ms delta now: +33.153 ms fps: 30.00 (ts-monotonic, ts-src-eof)
cap dqbuf: 1 seq:    717 bytesused: 12441600 ts: 3272.178474 delta: 33.336 ms delta now: +33.321 ms fps: 30.00 (ts-monotonic, ts-src-eof)
cap dqbuf: 2 seq:    718 bytesused: 12441600 ts: 3272.211925 delta: 33.451 ms delta now: +32.179 ms fps: 30.00 (ts-monotonic, ts-src-eof)
cap dqbuf: 3 seq:    719 bytesused: 12441600 ts: 3272.245138 delta: 33.213 ms delta now: +32.297 ms fps: 30.00 (ts-monotonic, ts-src-eof)
cap dqbuf: 0 seq:    720 bytesused: 12441600 ts: 3272.278472 delta: 33.334 ms delta now: +33.316 ms fps: 30.00 (ts-monotonic, ts-src-eof)
cap dqbuf: 1 seq:    721 bytesused: 12441600 ts: 3272.311912 delta: 33.440 ms delta now: +32.203 ms fps: 30.00 (ts-monotonic, ts-src-eof)
cap dqbuf: 2 seq:    722 bytesused: 12441600 ts: 3272.345140 delta: 33.228 ms delta now: +33.317 ms fps: 30.00 (ts-monotonic, ts-src-eof)
cap dqbuf: 3 seq:    723 bytesused: 12441600 ts: 3272.378572 delta: 33.432 ms delta now: +33.314 ms fps: 30.00 (ts-monotonic, ts-src-eof)
cap dqbuf: 0 seq:    724 bytesused: 12441600 ts: 3272.411807 delta: 33.235 ms delta now: +32.295 ms fps: 30.00 (ts-monotonic, ts-src-eof)
cap dqbuf: 1 seq:    725 bytesused: 12441600 ts: 3272.445138 delta: 33.331 ms delta now: +33.178 ms fps: 30.00 (ts-monotonic, ts-src-eof)
cap dqbuf: 2 seq:    726 bytesused: 12441600 ts: 3272.478474 delta: 33.336 ms delta now: +33.355 ms fps: 30.00 (ts-monotonic, ts-src-eof)
cap dqbuf: 3 seq:    727 bytesused: 12441600 ts: 3272.511808 delta: 33.334 ms delta now: +33.176 ms fps: 30.00 (ts-monotonic, ts-src-eof)
cap dqbuf: 0 seq:    728 bytesused: 12441600 ts: 3272.545140 delta: 33.332 ms delta now: +33.168 ms fps: 30.00 (ts-monotonic, ts-src-eof)
cap dqbuf: 1 seq:    729 bytesused: 12441600 ts: 3272.578473 delta: 33.333 ms delta now: +33.292 ms fps: 30.00 (ts-monotonic, ts-src-eof)
cap dqbuf: 2 seq:    730 bytesused: 12441600 ts: 3272.611807 delta: 33.334 ms delta now: +33.356 ms fps: 30.00 (ts-monotonic, ts-src-eof)
cap dqbuf: 3 seq:    731 bytesused: 12441600 ts: 3272.645141 delta: 33.334 ms delta now: +33.163 ms fps: 30.00 (ts-monotonic, ts-src-eof)
cap dqbuf: 0 seq:    732 bytesused: 12441600 ts: 3272.678474 delta: 33.333 ms delta now: +33.296 ms fps: 30.00 (ts-monotonic, ts-src-eof)
cap dqbuf: 1 seq:    733 bytesused: 12441600 ts: 3272.711807 delta: 33.333 ms delta now: +32.781 ms fps: 30.00 (ts-monotonic, ts-src-eof)
cap dqbuf: 2 seq:    734 bytesused: 12441600 ts: 3272.745139 delta: 33.332 ms delta now: +33.317 ms fps: 30.00 (ts-monotonic, ts-src-eof)
cap dqbuf: 3 seq:    735 bytesused: 12441600 ts: 3272.778592 delta: 33.453 ms delta now: +32.176 ms fps: 30.00 (ts-monotonic, ts-src-eof)
cap dqbuf: 0 seq:    736 bytesused: 12441600 ts: 3272.811807 delta: 33.215 ms delta now: +32.295 ms fps: 30.00 (ts-monotonic, ts-src-eof)
cap dqbuf: 1 seq:    737 bytesused: 12441600 ts: 3272.845138 delta: 33.331 ms delta now: +32.297 ms fps: 30.00 (ts-monotonic, ts-src-eof)
cap dqbuf: 2 seq:    738 bytesused: 12441600 ts: 3272.878472 delta: 33.334 ms delta now: +33.342 ms fps: 30.00 (ts-monotonic, ts-src-eof)
cap dqbuf: 3 seq:    739 bytesused: 12441600 ts: 3272.911907 delta: 33.435 ms delta now: +33.065 ms fps: 30.00 (ts-monotonic, ts-src-eof)
cap dqbuf: 0 seq:    740 bytesused: 12441600 ts: 3272.945141 delta: 33.234 ms delta now: +32.293 ms fps: 30.00 (ts-monotonic, ts-src-eof)
cap dqbuf: 1 seq:    741 bytesused: 12441600 ts: 3272.978472 delta: 33.331 ms delta now: +33.168 ms fps: 30.00 (ts-monotonic, ts-src-eof)
cap dqbuf: 2 seq:    742 bytesused: 12441600 ts: 3273.011807 delta: 33.335 ms delta now: +33.149 ms fps: 30.00 (ts-monotonic, ts-src-eof)
cap dqbuf: 3 seq:    743 bytesused: 12441600 ts: 3273.045140 delta: 33.333 ms delta now: +33.399 ms fps: 30.00 (ts-monotonic, ts-src-eof)
cap dqbuf: 0 seq:    744 bytesused: 12441600 ts: 3273.078474 delta: 33.334 ms delta now: +33.169 ms fps: 30.00 (ts-monotonic, ts-src-eof)
cap dqbuf: 1 seq:    745 bytesused: 12441600 ts: 3273.111807 delta: 33.333 ms delta now: +33.304 ms fps: 30.00 (ts-monotonic, ts-src-eof)
cap dqbuf: 2 seq:    746 bytesused: 12441600 ts: 3273.145141 delta: 33.334 ms delta now: +32.305 ms fps: 30.00 (ts-monotonic, ts-src-eof)
cap dqbuf: 3 seq:    747 bytesused: 12441600 ts: 3273.178472 delta: 33.331 ms delta now: +33.319 ms fps: 30.00 (ts-monotonic, ts-src-eof)
cap dqbuf: 0 seq:    748 bytesused: 12441600 ts: 3273.211906 delta: 33.434 ms delta now: +32.196 ms fps: 30.00 (ts-monotonic, ts-src-eof)
cap dqbuf: 1 seq:    749 bytesused: 12441600 ts: 3273.245138 delta: 33.232 ms delta now: +33.482 ms fps: 30.00 (ts-monotonic, ts-src-eof)
cap dqbuf: 2 seq:    750 bytesused: 12441600 ts: 3273.278477 delta: 33.339 ms delta now: +33.278 ms fps: 30.00 (ts-monotonic, ts-src-eof)
cap dqbuf: 3 seq:    751 bytesused: 12441600 ts: 3273.311806 delta: 33.329 ms delta now: +33.159 ms fps: 30.00 (ts-monotonic, ts-src-eof)
cap dqbuf: 0 seq:    752 bytesused: 12441600 ts: 3273.345140 delta: 33.334 ms delta now: +33.405 ms fps: 30.00 (ts-monotonic, ts-src-eof)
cap dqbuf: 1 seq:    753 bytesused: 12441600 ts: 3273.378605 delta: 33.465 ms delta now: +33.174 ms fps: 30.00 (ts-monotonic, ts-src-eof)
cap dqbuf: 2 seq:    754 bytesused: 12441600 ts: 3273.411810 delta: 33.205 ms delta now: +32.294 ms fps: 30.00 (ts-monotonic, ts-src-eof)
cap dqbuf: 3 seq:    755 bytesused: 12441600 ts: 3273.445140 delta: 33.330 ms delta now: +33.370 ms fps: 30.00 (ts-monotonic, ts-src-eof)
cap dqbuf: 0 seq:    756 bytesused: 12441600 ts: 3273.478578 delta: 33.438 ms delta now: +32.335 ms fps: 30.00 (ts-monotonic, ts-src-eof)
cap dqbuf: 1 seq:    757 bytesused: 12441600 ts: 3273.511805 delta: 33.227 ms delta now: +33.426 ms fps: 30.00 (ts-monotonic, ts-src-eof)
cap dqbuf: 2 seq:    758 bytesused: 12441600 ts: 3273.545255 delta: 33.450 ms delta now: +32.183 ms fps: 30.00 (ts-monotonic, ts-src-eof)
cap dqbuf: 3 seq:    759 bytesused: 12441600 ts: 3273.578472 delta: 33.217 ms delta now: +33.151 ms fps: 30.00 (ts-monotonic, ts-src-eof)
cap dqbuf: 0 seq:    760 bytesused: 12441600 ts: 3273.611807 delta: 33.335 ms delta now: +32.922 ms fps: 30.00 (ts-monotonic, ts-src-eof)
cap dqbuf: 1 seq:    761 bytesused: 12441600 ts: 3273.645139 delta: 33.332 ms delta now: +33.382 ms fps: 30.00 (ts-monotonic, ts-src-eof)
cap dqbuf: 2 seq:    762 bytesused: 12441600 ts: 3273.678477 delta: 33.338 ms delta now: +32.291 ms fps: 30.00 (ts-monotonic, ts-src-eof)
cap dqbuf: 3 seq:    763 bytesused: 12441600 ts: 3273.711805 delta: 33.328 ms delta now: +33.294 ms fps: 30.00 (ts-monotonic, ts-src-eof)
cap dqbuf: 0 seq:    764 bytesused: 12441600 ts: 3273.745141 delta: 33.336 ms delta now: +33.162 ms fps: 30.00 (ts-monotonic, ts-src-eof)
cap dqbuf: 1 seq:    765 bytesused: 12441600 ts: 3273.778474 delta: 33.333 ms delta now: +33.283 ms fps: 30.00 (ts-monotonic, ts-src-eof)
cap dqbuf: 2 seq:    766 bytesused: 12441600 ts: 3273.811807 delta: 33.333 ms delta now: +33.170 ms fps: 30.00 (ts-monotonic, ts-src-eof)
cap dqbuf: 3 seq:    767 bytesused: 12441600 ts: 3273.845140 delta: 33.333 ms delta now: +33.352 ms fps: 30.00 (ts-monotonic, ts-src-eof)
cap dqbuf: 0 seq:    768 bytesused: 12441600 ts: 3273.878474 delta: 33.334 ms delta now: +33.151 ms fps: 30.00 (ts-monotonic, ts-src-eof)
cap dqbuf: 1 seq:    769 bytesused: 12441600 ts: 3273.911807 delta: 33.333 ms delta now: +33.304 ms fps: 30.00 (ts-monotonic, ts-src-eof)
cap dqbuf: 2 seq:    770 bytesused: 12441600 ts: 3273.945141 delta: 33.334 ms delta now: +33.156 ms fps: 30.00 (ts-monotonic, ts-src-eof)
cap dqbuf: 3 seq:    771 bytesused: 12441600 ts: 3273.978474 delta: 33.333 ms delta now: +33.282 ms fps: 30.00 (ts-monotonic, ts-src-eof)
cap dqbuf: 0 seq:    772 bytesused: 12441600 ts: 3274.011807 delta: 33.333 ms delta now: +32.306 ms fps: 30.00 (ts-monotonic, ts-src-eof)
cap dqbuf: 1 seq:    773 bytesused: 12441600 ts: 3274.045139 delta: 33.332 ms delta now: +33.158 ms fps: 30.00 (ts-monotonic, ts-src-eof)
cap dqbuf: 2 seq:    774 bytesused: 12441600 ts: 3274.078474 delta: 33.335 ms delta now: +33.300 ms fps: 30.00 (ts-monotonic, ts-src-eof)
cap dqbuf: 3 seq:    775 bytesused: 12441600 ts: 3274.111807 delta: 33.333 ms delta now: +33.185 ms fps: 30.00 (ts-monotonic, ts-src-eof)
cap dqbuf: 0 seq:    776 bytesused: 12441600 ts: 3274.145140 delta: 33.333 ms delta now: +33.292 ms fps: 30.00 (ts-monotonic, ts-src-eof)
cap dqbuf: 1 seq:    777 bytesused: 12441600 ts: 3274.178473 delta: 33.333 ms delta now: +32.297 ms fps: 30.00 (ts-monotonic, ts-src-eof)
cap dqbuf: 2 seq:    778 bytesused: 12441600 ts: 3274.211805 delta: 33.332 ms delta now: +33.393 ms fps: 30.00 (ts-monotonic, ts-src-eof)
cap dqbuf: 3 seq:    779 bytesused: 12441600 ts: 3274.245141 delta: 33.336 ms delta now: +32.839 ms fps: 30.00 (ts-monotonic, ts-src-eof)
cap dqbuf: 0 seq:    780 bytesused: 12441600 ts: 3274.278472 delta: 33.331 ms delta now: +32.297 ms fps: 30.00 (ts-monotonic, ts-src-eof)
cap dqbuf: 1 seq:    781 bytesused: 12441600 ts: 3274.311805 delta: 33.333 ms delta now: +33.164 ms fps: 30.00 (ts-monotonic, ts-src-eof)
cap dqbuf: 2 seq:    782 bytesused: 12441600 ts: 3274.345140 delta: 33.335 ms delta now: +33.218 ms fps: 30.00 (ts-monotonic, ts-src-eof)
cap dqbuf: 3 seq:    783 bytesused: 12441600 ts: 3274.378473 delta: 33.333 ms delta now: +32.297 ms fps: 30.00 (ts-monotonic, ts-src-eof)
cap dqbuf: 0 seq:    784 bytesused: 12441600 ts: 3274.411807 delta: 33.334 ms delta now: +33.279 ms fps: 30.00 (ts-monotonic, ts-src-eof)
cap dqbuf: 1 seq:    785 bytesused: 12441600 ts: 3274.445141 delta: 33.334 ms delta now: +32.307 ms fps: 30.00 (ts-monotonic, ts-src-eof)
cap dqbuf: 2 seq:    786 bytesused: 12441600 ts: 3274.478472 delta: 33.331 ms delta now: +33.311 ms fps: 30.00 (ts-monotonic, ts-src-eof)
cap dqbuf: 3 seq:    787 bytesused: 12441600 ts: 3274.511810 delta: 33.338 ms delta now: +33.342 ms fps: 30.00 (ts-monotonic, ts-src-eof)
cap dqbuf: 0 seq:    788 bytesused: 12441600 ts: 3274.545141 delta: 33.331 ms delta now: +32.293 ms fps: 30.00 (ts-monotonic, ts-src-eof)
cap dqbuf: 1 seq:    789 bytesused: 12441600 ts: 3274.578474 delta: 33.333 ms delta now: +33.334 ms fps: 30.00 (ts-monotonic, ts-src-eof)
cap dqbuf: 2 seq:    790 bytesused: 12441600 ts: 3274.611810 delta: 33.336 ms delta now: +33.234 ms fps: 30.00 (ts-monotonic, ts-src-eof)
cap dqbuf: 3 seq:    791 bytesused: 12441600 ts: 3274.645139 delta: 33.329 ms delta now: +33.438 ms fps: 30.00 (ts-monotonic, ts-src-eof)
cap dqbuf: 0 seq:    792 bytesused: 12441600 ts: 3274.678575 delta: 33.436 ms delta now: +32.288 ms fps: 30.00 (ts-monotonic, ts-src-eof)
cap dqbuf: 1 seq:    793 bytesused: 12441600 ts: 3274.711805 delta: 33.230 ms delta now: +32.296 ms fps: 30.00 (ts-monotonic, ts-src-eof)
cap dqbuf: 2 seq:    794 bytesused: 12441600 ts: 3274.745141 delta: 33.336 ms delta now: +33.390 ms fps: 30.00 (ts-monotonic, ts-src-eof)
cap dqbuf: 3 seq:    795 bytesused: 12441600 ts: 3274.778474 delta: 33.333 ms delta now: +33.166 ms fps: 30.00 (ts-monotonic, ts-src-eof)
cap dqbuf: 0 seq:    796 bytesused: 12441600 ts: 3274.811807 delta: 33.333 ms delta now: +32.294 ms fps: 30.00 (ts-monotonic, ts-src-eof)
cap dqbuf: 1 seq:    797 bytesused: 12441600 ts: 3274.845139 delta: 33.332 ms delta now: +33.313 ms fps: 30.00 (ts-monotonic, ts-src-eof)
cap dqbuf: 2 seq:    798 bytesused: 12441600 ts: 3274.878591 delta: 33.452 ms delta now: +32.220 ms fps: 30.00 (ts-monotonic, ts-src-eof)
cap dqbuf: 3 seq:    799 bytesused: 12441600 ts: 3274.911805 delta: 33.214 ms delta now: +33.291 ms fps: 30.00 (ts-monotonic, ts-src-eof)
cap dqbuf: 0 seq:    800 bytesused: 12441600 ts: 3274.945266 delta: 33.461 ms delta now: +32.169 ms fps: 30.00 (ts-monotonic, ts-src-eof)
cap dqbuf: 1 seq:    801 bytesused: 12441600 ts: 3274.978472 delta: 33.206 ms delta now: +33.151 ms fps: 30.00 (ts-monotonic, ts-src-eof)
cap dqbuf: 2 seq:    802 bytesused: 12441600 ts: 3275.011807 delta: 33.335 ms delta now: +32.295 ms fps: 30.00 (ts-monotonic, ts-src-eof)
cap dqbuf: 3 seq:    803 bytesused: 12441600 ts: 3275.045139 delta: 33.332 ms delta now: +33.238 ms fps: 30.00 (ts-monotonic, ts-src-eof)
cap dqbuf: 0 seq:    804 bytesused: 12441600 ts: 3275.078474 delta: 33.335 ms delta now: +33.310 ms fps: 30.00 (ts-monotonic, ts-src-eof)
cap dqbuf: 1 seq:    805 bytesused: 12441600 ts: 3275.111808 delta: 33.334 ms delta now: +32.396 ms fps: 30.00 (ts-monotonic, ts-src-eof)
cap dqbuf: 2 seq:    806 bytesused: 12441600 ts: 3275.145139 delta: 33.331 ms delta now: +33.284 ms fps: 30.00 (ts-monotonic, ts-src-eof)
cap dqbuf: 3 seq:    807 bytesused: 12441600 ts: 3275.178474 delta: 33.335 ms delta now: +33.162 ms fps: 30.00 (ts-monotonic, ts-src-eof)
cap dqbuf: 0 seq:    808 bytesused: 12441600 ts: 3275.211807 delta: 33.333 ms delta now: +33.273 ms fps: 30.00 (ts-monotonic, ts-src-eof)
cap dqbuf: 1 seq:    809 bytesused: 12441600 ts: 3275.245141 delta: 33.334 ms delta now: +32.299 ms fps: 30.00 (ts-monotonic, ts-src-eof)
cap dqbuf: 2 seq:    810 bytesused: 12441600 ts: 3275.278472 delta: 33.331 ms delta now: +33.153 ms fps: 30.00 (ts-monotonic, ts-src-eof)
cap dqbuf: 3 seq:    811 bytesused: 12441600 ts: 3275.311807 delta: 33.335 ms delta now: +32.940 ms fps: 30.00 (ts-monotonic, ts-src-eof)
cap dqbuf: 0 seq:    812 bytesused: 12441600 ts: 3275.345139 delta: 33.332 ms delta now: +33.319 ms fps: 30.00 (ts-monotonic, ts-src-eof)
cap dqbuf: 1 seq:    813 bytesused: 12441600 ts: 3275.378576 delta: 33.437 ms delta now: +32.193 ms fps: 30.00 (ts-monotonic, ts-src-eof)
cap dqbuf: 2 seq:    814 bytesused: 12441600 ts: 3275.411805 delta: 33.229 ms delta now: +33.168 ms fps: 30.00 (ts-monotonic, ts-src-eof)
cap dqbuf: 3 seq:    815 bytesused: 12441600 ts: 3275.445141 delta: 33.336 ms delta now: +33.406 ms fps: 30.00 (ts-monotonic, ts-src-eof)
cap dqbuf: 0 seq:    816 bytesused: 12441600 ts: 3275.478474 delta: 33.333 ms delta now: +33.304 ms fps: 30.00 (ts-monotonic, ts-src-eof)
cap dqbuf: 1 seq:    817 bytesused: 12441600 ts: 3275.511808 delta: 33.334 ms delta now: +33.147 ms fps: 30.00 (ts-monotonic, ts-src-eof)
cap dqbuf: 2 seq:    818 bytesused: 12441600 ts: 3275.545141 delta: 33.333 ms delta now: +33.149 ms fps: 30.00 (ts-monotonic, ts-src-eof)
cap dqbuf: 3 seq:    819 bytesused: 12441600 ts: 3275.578474 delta: 33.333 ms delta now: +33.296 ms fps: 30.00 (ts-monotonic, ts-src-eof)
cap dqbuf: 0 seq:    820 bytesused: 12441600 ts: 3275.611907 delta: 33.433 ms delta now: +33.276 ms fps: 30.00 (ts-monotonic, ts-src-eof)
cap dqbuf: 1 seq:    821 bytesused: 12441600 ts: 3275.645255 delta: 33.348 ms delta now: +32.181 ms fps: 30.00 (ts-monotonic, ts-src-eof)
cap dqbuf: 2 seq:    822 bytesused: 12441600 ts: 3275.678472 delta: 33.217 ms delta now: +33.280 ms fps: 30.00 (ts-monotonic, ts-src-eof)
cap dqbuf: 3 seq:    823 bytesused: 12441600 ts: 3275.711883 delta: 33.411 ms delta now: +33.212 ms fps: 30.00 (ts-monotonic, ts-src-eof)
cap dqbuf: 0 seq:    824 bytesused: 12441600 ts: 3275.745139 delta: 33.256 ms delta now: +32.296 ms fps: 30.00 (ts-monotonic, ts-src-eof)
cap dqbuf: 1 seq:    825 bytesused: 12441600 ts: 3275.778474 delta: 33.335 ms delta now: +32.486 ms fps: 30.00 (ts-monotonic, ts-src-eof)
cap dqbuf: 2 seq:    826 bytesused: 12441600 ts: 3275.811808 delta: 33.334 ms delta now: +33.394 ms fps: 30.00 (ts-monotonic, ts-src-eof)
cap dqbuf: 3 seq:    827 bytesused: 12441600 ts: 3275.845240 delta: 33.432 ms delta now: +32.610 ms fps: 30.00 (ts-monotonic, ts-src-eof)
cap dqbuf: 0 seq:    828 bytesused: 12441600 ts: 3275.878472 delta: 33.232 ms delta now: +33.252 ms fps: 30.00 (ts-monotonic, ts-src-eof)
cap dqbuf: 1 seq:    829 bytesused: 12441600 ts: 3275.911907 delta: 33.435 ms delta now: +32.195 ms fps: 30.00 (ts-monotonic, ts-src-eof)
cap dqbuf: 2 seq:    830 bytesused: 12441600 ts: 3275.945139 delta: 33.232 ms delta now: +33.409 ms fps: 30.00 (ts-monotonic, ts-src-eof)
cap dqbuf: 3 seq:    831 bytesused: 12441600 ts: 3275.978476 delta: 33.337 ms delta now: +32.489 ms fps: 30.00 (ts-monotonic, ts-src-eof)
cap dqbuf: 0 seq:    832 bytesused: 12441600 ts: 3276.011807 delta: 33.331 ms delta now: +33.157 ms fps: 30.00 (ts-monotonic, ts-src-eof)
cap dqbuf: 1 seq:    833 bytesused: 12441600 ts: 3276.045141 delta: 33.334 ms delta now: +33.256 ms fps: 30.00 (ts-monotonic, ts-src-eof)
cap dqbuf: 2 seq:    834 bytesused: 12441600 ts: 3276.078474 delta: 33.333 ms delta now: +33.284 ms fps: 30.00 (ts-monotonic, ts-src-eof)
cap dqbuf: 3 seq:    835 bytesused: 12441600 ts: 3276.111808 delta: 33.334 ms delta now: +32.306 ms fps: 30.00 (ts-monotonic, ts-src-eof)
cap dqbuf: 0 seq:    836 bytesused: 12441600 ts: 3276.145139 delta: 33.331 ms delta now: +33.401 ms fps: 30.00 (ts-monotonic, ts-src-eof)
cap dqbuf: 1 seq:    837 bytesused: 12441600 ts: 3276.178474 delta: 33.335 ms delta now: +33.293 ms fps: 30.00 (ts-monotonic, ts-src-eof)
cap dqbuf: 2 seq:    838 bytesused: 12441600 ts: 3276.211811 delta: 33.337 ms delta now: +32.303 ms fps: 30.00 (ts-monotonic, ts-src-eof)
cap dqbuf: 3 seq:    839 bytesused: 12441600 ts: 3276.245139 delta: 33.328 ms delta now: +33.292 ms fps: 30.00 (ts-monotonic, ts-src-eof)
cap dqbuf: 0 seq:    840 bytesused: 12441600 ts: 3276.278474 delta: 33.335 ms delta now: +32.606 ms fps: 30.00 (ts-monotonic, ts-src-eof)
cap dqbuf: 1 seq:    841 bytesused: 12441600 ts: 3276.311805 delta: 33.331 ms delta now: +33.165 ms fps: 30.00 (ts-monotonic, ts-src-eof)
cap dqbuf: 2 seq:    842 bytesused: 12441600 ts: 3276.345141 delta: 33.336 ms delta now: +33.291 ms fps: 30.00 (ts-monotonic, ts-src-eof)
cap dqbuf: 3 seq:    843 bytesused: 12441600 ts: 3276.378474 delta: 33.333 ms delta now: +33.291 ms fps: 30.00 (ts-monotonic, ts-src-eof)
cap dqbuf: 0 seq:    844 bytesused: 12441600 ts: 3276.411924 delta: 33.450 ms delta now: +33.175 ms fps: 30.00 (ts-monotonic, ts-src-eof)
cap dqbuf: 1 seq:    845 bytesused: 12441600 ts: 3276.445258 delta: 33.334 ms delta now: +33.183 ms fps: 30.00 (ts-monotonic, ts-src-eof)
cap dqbuf: 2 seq:    846 bytesused: 12441600 ts: 3276.478588 delta: 33.330 ms delta now: +32.179 ms fps: 30.00 (ts-monotonic, ts-src-eof)
cap dqbuf: 3 seq:    847 bytesused: 12441600 ts: 3276.511805 delta: 33.217 ms delta now: +33.304 ms fps: 30.00 (ts-monotonic, ts-src-eof)
cap dqbuf: 0 seq:    848 bytesused: 12441600 ts: 3276.545143 delta: 33.338 ms delta now: +32.572 ms fps: 30.00 (ts-monotonic, ts-src-eof)
cap dqbuf: 1 seq:    849 bytesused: 12441600 ts: 3276.578472 delta: 33.329 ms delta now: +33.180 ms fps: 30.00 (ts-monotonic, ts-src-eof)
cap dqbuf: 2 seq:    850 bytesused: 12441600 ts: 3276.611807 delta: 33.335 ms delta now: +33.290 ms fps: 30.00 (ts-monotonic, ts-src-eof)
cap dqbuf: 3 seq:    851 bytesused: 12441600 ts: 3276.645240 delta: 33.433 ms delta now: +33.247 ms fps: 30.00 (ts-monotonic, ts-src-eof)
cap dqbuf: 0 seq:    852 bytesused: 12441600 ts: 3276.678475 delta: 33.235 ms delta now: +33.177 ms fps: 30.00 (ts-monotonic, ts-src-eof)
cap dqbuf: 1 seq:    853 bytesused: 12441600 ts: 3276.711807 delta: 33.332 ms delta now: +33.410 ms fps: 30.00 (ts-monotonic, ts-src-eof)
cap dqbuf: 2 seq:    854 bytesused: 12441600 ts: 3276.745144 delta: 33.337 ms delta now: +32.290 ms fps: 30.00 (ts-monotonic, ts-src-eof)
cap dqbuf: 3 seq:    855 bytesused: 12441600 ts: 3276.778472 delta: 33.328 ms delta now: +33.293 ms fps: 30.00 (ts-monotonic, ts-src-eof)
cap dqbuf: 0 seq:    856 bytesused: 12441600 ts: 3276.811808 delta: 33.336 ms delta now: +33.263 ms fps: 30.00 (ts-monotonic, ts-src-eof)
cap dqbuf: 1 seq:    857 bytesused: 12441600 ts: 3276.845255 delta: 33.447 ms delta now: +33.160 ms fps: 30.00 (ts-monotonic, ts-src-eof)
cap dqbuf: 2 seq:    858 bytesused: 12441600 ts: 3276.878475 delta: 33.220 ms delta now: +32.313 ms fps: 30.00 (ts-monotonic, ts-src-eof)
cap dqbuf: 3 seq:    859 bytesused: 12441600 ts: 3276.911806 delta: 33.331 ms delta now: +32.296 ms fps: 30.00 (ts-monotonic, ts-src-eof)
cap dqbuf: 0 seq:    860 bytesused: 12441600 ts: 3276.945139 delta: 33.333 ms delta now: +33.163 ms fps: 30.00 (ts-monotonic, ts-src-eof)
cap dqbuf: 1 seq:    861 bytesused: 12441600 ts: 3276.978474 delta: 33.335 ms delta now: +33.294 ms fps: 30.00 (ts-monotonic, ts-src-eof)
cap dqbuf: 2 seq:    862 bytesused: 12441600 ts: 3277.011808 delta: 33.334 ms delta now: +32.295 ms fps: 30.00 (ts-monotonic, ts-src-eof)
cap dqbuf: 3 seq:    863 bytesused: 12441600 ts: 3277.045139 delta: 33.331 ms delta now: +33.411 ms fps: 30.00 (ts-monotonic, ts-src-eof)
cap dqbuf: 0 seq:    864 bytesused: 12441600 ts: 3277.078474 delta: 33.335 ms delta now: +32.563 ms fps: 30.00 (ts-monotonic, ts-src-eof)
cap dqbuf: 1 seq:    865 bytesused: 12441600 ts: 3277.111808 delta: 33.334 ms delta now: +33.160 ms fps: 30.00 (ts-monotonic, ts-src-eof)
cap dqbuf: 2 seq:    866 bytesused: 12441600 ts: 3277.145141 delta: 33.333 ms delta now: +33.293 ms fps: 30.00 (ts-monotonic, ts-src-eof)
cap dqbuf: 3 seq:    867 bytesused: 12441600 ts: 3277.178574 delta: 33.433 ms delta now: +33.199 ms fps: 30.00 (ts-monotonic, ts-src-eof)
cap dqbuf: 0 seq:    868 bytesused: 12441600 ts: 3277.211808 delta: 33.234 ms delta now: +32.355 ms fps: 30.00 (ts-monotonic, ts-src-eof)
cap dqbuf: 1 seq:    869 bytesused: 12441600 ts: 3277.245139 delta: 33.331 ms delta now: +33.161 ms fps: 30.00 (ts-monotonic, ts-src-eof)
cap dqbuf: 2 seq:    870 bytesused: 12441600 ts: 3277.278474 delta: 33.335 ms delta now: +33.421 ms fps: 30.00 (ts-monotonic, ts-src-eof)
cap dqbuf: 3 seq:    871 bytesused: 12441600 ts: 3277.311831 delta: 33.357 ms delta now: +33.134 ms fps: 30.00 (ts-monotonic, ts-src-eof)
cap dqbuf: 0 seq:    872 bytesused: 12441600 ts: 3277.345141 delta: 33.310 ms delta now: +33.282 ms fps: 30.00 (ts-monotonic, ts-src-eof)
cap dqbuf: 1 seq:    873 bytesused: 12441600 ts: 3277.378475 delta: 33.334 ms delta now: +32.292 ms fps: 30.00 (ts-monotonic, ts-src-eof)
cap dqbuf: 2 seq:    874 bytesused: 12441600 ts: 3277.411806 delta: 33.331 ms delta now: +33.330 ms fps: 30.00 (ts-monotonic, ts-src-eof)
cap dqbuf: 3 seq:    875 bytesused: 12441600 ts: 3277.445141 delta: 33.335 ms delta now: +32.294 ms fps: 30.00 (ts-monotonic, ts-src-eof)
cap dqbuf: 0 seq:    876 bytesused: 12441600 ts: 3277.478472 delta: 33.331 ms delta now: +33.416 ms fps: 30.00 (ts-monotonic, ts-src-eof)
cap dqbuf: 1 seq:    877 bytesused: 12441600 ts: 3277.511906 delta: 33.434 ms delta now: +32.195 ms fps: 30.00 (ts-monotonic, ts-src-eof)
cap dqbuf: 2 seq:    878 bytesused: 12441600 ts: 3277.545139 delta: 33.233 ms delta now: +32.296 ms fps: 30.00 (ts-monotonic, ts-src-eof)
cap dqbuf: 3 seq:    879 bytesused: 12441600 ts: 3277.578472 delta: 33.333 ms delta now: +32.296 ms fps: 30.00 (ts-monotonic, ts-src-eof)
cap dqbuf: 0 seq:    880 bytesused: 12441600 ts: 3277.611806 delta: 33.334 ms delta now: +33.160 ms fps: 30.00 (ts-monotonic, ts-src-eof)
cap dqbuf: 1 seq:    881 bytesused: 12441600 ts: 3277.645140 delta: 33.334 ms delta now: +32.479 ms fps: 30.00 (ts-monotonic, ts-src-eof)
cap dqbuf: 2 seq:    882 bytesused: 12441600 ts: 3277.678472 delta: 33.332 ms delta now: +32.298 ms fps: 30.00 (ts-monotonic, ts-src-eof)
cap dqbuf: 3 seq:    883 bytesused: 12441600 ts: 3277.711806 delta: 33.334 ms delta now: +33.150 ms fps: 30.00 (ts-monotonic, ts-src-eof)
cap dqbuf: 0 seq:    884 bytesused: 12441600 ts: 3277.745141 delta: 33.335 ms delta now: +33.416 ms fps: 30.00 (ts-monotonic, ts-src-eof)
cap dqbuf: 1 seq:    885 bytesused: 12441600 ts: 3277.778473 delta: 33.332 ms delta now: +32.296 ms fps: 30.00 (ts-monotonic, ts-src-eof)
cap dqbuf: 2 seq:    886 bytesused: 12441600 ts: 3277.811806 delta: 33.333 ms delta now: +32.318 ms fps: 30.00 (ts-monotonic, ts-src-eof)
cap dqbuf: 3 seq:    887 bytesused: 12441600 ts: 3277.845139 delta: 33.333 ms delta now: +32.299 ms fps: 30.00 (ts-monotonic, ts-src-eof)
cap dqbuf: 0 seq:    888 bytesused: 12441600 ts: 3277.878474 delta: 33.335 ms delta now: +33.304 ms fps: 30.00 (ts-monotonic, ts-src-eof)
cap dqbuf: 1 seq:    889 bytesused: 12441600 ts: 3277.911808 delta: 33.334 ms delta now: +32.294 ms fps: 30.00 (ts-monotonic, ts-src-eof)
cap dqbuf: 2 seq:    890 bytesused: 12441600 ts: 3277.945139 delta: 33.331 ms delta now: +33.399 ms fps: 30.00 (ts-monotonic, ts-src-eof)
cap dqbuf: 3 seq:    891 bytesused: 12441600 ts: 3277.978474 delta: 33.335 ms delta now: +32.295 ms fps: 30.00 (ts-monotonic, ts-src-eof)
cap dqbuf: 0 seq:    892 bytesused: 12441600 ts: 3278.011806 delta: 33.332 ms delta now: +32.296 ms fps: 30.00 (ts-monotonic, ts-src-eof)
cap dqbuf: 1 seq:    893 bytesused: 12441600 ts: 3278.045139 delta: 33.333 ms delta now: +32.303 ms fps: 30.00 (ts-monotonic, ts-src-eof)
cap dqbuf: 2 seq:    894 bytesused: 12441600 ts: 3278.078474 delta: 33.335 ms delta now: +33.303 ms fps: 30.00 (ts-monotonic, ts-src-eof)
cap dqbuf: 3 seq:    895 bytesused: 12441600 ts: 3278.111924 delta: 33.450 ms delta now: +32.194 ms fps: 30.00 (ts-monotonic, ts-src-eof)
cap dqbuf: 0 seq:    896 bytesused: 12441600 ts: 3278.145139 delta: 33.215 ms delta now: +32.303 ms fps: 30.00 (ts-monotonic, ts-src-eof)
cap dqbuf: 1 seq:    897 bytesused: 12441600 ts: 3278.178472 delta: 33.333 ms delta now: +33.337 ms fps: 30.00 (ts-monotonic, ts-src-eof)
cap dqbuf: 2 seq:    898 bytesused: 12441600 ts: 3278.211907 delta: 33.435 ms delta now: +33.234 ms fps: 30.00 (ts-monotonic, ts-src-eof)
cap dqbuf: 3 seq:    899 bytesused: 12441600 ts: 3278.245141 delta: 33.234 ms delta now: +32.295 ms fps: 30.00 (ts-monotonic, ts-src-eof)
cap dqbuf: 0 seq:    900 bytesused: 12441600 ts: 3278.278474 delta: 33.333 ms delta now: +33.324 ms fps: 30.00 (ts-monotonic, ts-src-eof)
cap dqbuf: 1 seq:    901 bytesused: 12441600 ts: 3278.311811 delta: 33.337 ms delta now: +33.360 ms fps: 30.00 (ts-monotonic, ts-src-eof)
cap dqbuf: 2 seq:    902 bytesused: 12441600 ts: 3278.345146 delta: 33.335 ms delta now: +33.284 ms fps: 30.00 (ts-monotonic, ts-src-eof)
cap dqbuf: 3 seq:    903 bytesused: 12441600 ts: 3278.378475 delta: 33.329 ms delta now: +33.167 ms fps: 30.00 (ts-monotonic, ts-src-eof)
cap dqbuf: 0 seq:    904 bytesused: 12441600 ts: 3278.411807 delta: 33.332 ms delta now: +33.240 ms fps: 30.00 (ts-monotonic, ts-src-eof)
cap dqbuf: 1 seq:    905 bytesused: 12441600 ts: 3278.445140 delta: 33.333 ms delta now: +32.296 ms fps: 30.00 (ts-monotonic, ts-src-eof)
cap dqbuf: 2 seq:    906 bytesused: 12441600 ts: 3278.478472 delta: 33.332 ms delta now: +33.278 ms fps: 30.00 (ts-monotonic, ts-src-eof)
cap dqbuf: 3 seq:    907 bytesused: 12441600 ts: 3278.511924 delta: 33.452 ms delta now: +33.187 ms fps: 30.00 (ts-monotonic, ts-src-eof)
cap dqbuf: 0 seq:    908 bytesused: 12441600 ts: 3278.545143 delta: 33.219 ms delta now: +33.149 ms fps: 30.00 (ts-monotonic, ts-src-eof)
cap dqbuf: 1 seq:    909 bytesused: 12441600 ts: 3278.578474 delta: 33.331 ms delta now: +32.437 ms fps: 30.00 (ts-monotonic, ts-src-eof)
cap dqbuf: 2 seq:    910 bytesused: 12441600 ts: 3278.611806 delta: 33.332 ms delta now: +33.150 ms fps: 30.00 (ts-monotonic, ts-src-eof)
cap dqbuf: 3 seq:    911 bytesused: 12441600 ts: 3278.645141 delta: 33.335 ms delta now: +33.431 ms fps: 30.00 (ts-monotonic, ts-src-eof)
cap dqbuf: 0 seq:    912 bytesused: 12441600 ts: 3278.678475 delta: 33.334 ms delta now: +33.149 ms fps: 30.00 (ts-monotonic, ts-src-eof)
cap dqbuf: 1 seq:    913 bytesused: 12441600 ts: 3278.711808 delta: 33.333 ms delta now: +33.288 ms fps: 30.00 (ts-monotonic, ts-src-eof)
cap dqbuf: 2 seq:    914 bytesused: 12441600 ts: 3278.745141 delta: 33.333 ms delta now: +32.295 ms fps: 30.00 (ts-monotonic, ts-src-eof)
cap dqbuf: 3 seq:    915 bytesused: 12441600 ts: 3278.778472 delta: 33.331 ms delta now: +33.149 ms fps: 30.00 (ts-monotonic, ts-src-eof)
cap dqbuf: 0 seq:    916 bytesused: 12441600 ts: 3278.811807 delta: 33.335 ms delta now: +32.694 ms fps: 30.00 (ts-monotonic, ts-src-eof)
cap dqbuf: 1 seq:    917 bytesused: 12441600 ts: 3278.845139 delta: 33.332 ms delta now: +32.296 ms fps: 30.00 (ts-monotonic, ts-src-eof)
cap dqbuf: 2 seq:    918 bytesused: 12441600 ts: 3278.878472 delta: 33.333 ms delta now: +33.174 ms fps: 30.00 (ts-monotonic, ts-src-eof)
cap dqbuf: 3 seq:    919 bytesused: 12441600 ts: 3278.911808 delta: 33.336 ms delta now: +32.295 ms fps: 30.00 (ts-monotonic, ts-src-eof)
cap dqbuf: 0 seq:    920 bytesused: 12441600 ts: 3278.945139 delta: 33.331 ms delta now: +32.308 ms fps: 30.00 (ts-monotonic, ts-src-eof)
cap dqbuf: 1 seq:    921 bytesused: 12441600 ts: 3278.978474 delta: 33.335 ms delta now: +33.348 ms fps: 30.00 (ts-monotonic, ts-src-eof)
cap dqbuf: 2 seq:    922 bytesused: 12441600 ts: 3279.011808 delta: 33.334 ms delta now: +33.486 ms fps: 30.00 (ts-monotonic, ts-src-eof)
cap dqbuf: 3 seq:    923 bytesused: 12441600 ts: 3279.045277 delta: 33.469 ms delta now: +33.181 ms fps: 30.00 (ts-monotonic, ts-src-eof)
cap dqbuf: 0 seq:    924 bytesused: 12441600 ts: 3279.078475 delta: 33.198 ms delta now: +32.317 ms fps: 30.00 (ts-monotonic, ts-src-eof)
cap dqbuf: 1 seq:    925 bytesused: 12441600 ts: 3279.111806 delta: 33.331 ms delta now: +33.405 ms fps: 30.00 (ts-monotonic, ts-src-eof)
cap dqbuf: 2 seq:    926 bytesused: 12441600 ts: 3279.145142 delta: 33.336 ms delta now: +32.307 ms fps: 30.00 (ts-monotonic, ts-src-eof)
cap dqbuf: 3 seq:    927 bytesused: 12441600 ts: 3279.178472 delta: 33.330 ms delta now: +33.437 ms fps: 30.00 (ts-monotonic, ts-src-eof)
cap dqbuf: 0 seq:    928 bytesused: 12441600 ts: 3279.211808 delta: 33.336 ms delta now: +32.296 ms fps: 30.00 (ts-monotonic, ts-src-eof)
cap dqbuf: 1 seq:    929 bytesused: 12441600 ts: 3279.245139 delta: 33.331 ms delta now: +33.150 ms fps: 30.00 (ts-monotonic, ts-src-eof)
cap dqbuf: 2 seq:    930 bytesused: 12441600 ts: 3279.278474 delta: 33.335 ms delta now: +33.284 ms fps: 30.00 (ts-monotonic, ts-src-eof)
cap dqbuf: 3 seq:    931 bytesused: 12441600 ts: 3279.311808 delta: 33.334 ms delta now: +33.373 ms fps: 30.00 (ts-monotonic, ts-src-eof)
cap dqbuf: 0 seq:    932 bytesused: 12441600 ts: 3279.345144 delta: 33.336 ms delta now: +33.160 ms fps: 30.00 (ts-monotonic, ts-src-eof)
cap dqbuf: 1 seq:    933 bytesused: 12441600 ts: 3279.378474 delta: 33.330 ms delta now: +33.309 ms fps: 30.00 (ts-monotonic, ts-src-eof)
cap dqbuf: 2 seq:    934 bytesused: 12441600 ts: 3279.411808 delta: 33.334 ms delta now: +33.176 ms fps: 30.00 (ts-monotonic, ts-src-eof)
cap dqbuf: 3 seq:    935 bytesused: 12441600 ts: 3279.445141 delta: 33.333 ms delta now: +33.350 ms fps: 30.00 (ts-monotonic, ts-src-eof)
cap dqbuf: 0 seq:    936 bytesused: 12441600 ts: 3279.478475 delta: 33.334 ms delta now: +33.259 ms fps: 30.00 (ts-monotonic, ts-src-eof)
cap dqbuf: 1 seq:    937 bytesused: 12441600 ts: 3279.511808 delta: 33.333 ms delta now: +32.307 ms fps: 30.00 (ts-monotonic, ts-src-eof)
cap dqbuf: 2 seq:    938 bytesused: 12441600 ts: 3279.545139 delta: 33.331 ms delta now: +32.676 ms fps: 30.00 (ts-monotonic, ts-src-eof)
cap dqbuf: 3 seq:    939 bytesused: 12441600 ts: 3279.578475 delta: 33.336 ms delta now: +32.293 ms fps: 30.00 (ts-monotonic, ts-src-eof)
cap dqbuf: 0 seq:    940 bytesused: 12441600 ts: 3279.611806 delta: 33.331 ms delta now: +32.299 ms fps: 30.00 (ts-monotonic, ts-src-eof)
cap dqbuf: 1 seq:    941 bytesused: 12441600 ts: 3279.645139 delta: 33.333 ms delta now: +33.189 ms fps: 30.00 (ts-monotonic, ts-src-eof)
cap dqbuf: 2 seq:    942 bytesused: 12441600 ts: 3279.678475 delta: 33.336 ms delta now: +33.296 ms fps: 30.00 (ts-monotonic, ts-src-eof)
cap dqbuf: 3 seq:    943 bytesused: 12441600 ts: 3279.711808 delta: 33.333 ms delta now: +33.299 ms fps: 30.00 (ts-monotonic, ts-src-eof)
cap dqbuf: 0 seq:    944 bytesused: 12441600 ts: 3279.745141 delta: 33.333 ms delta now: +32.292 ms fps: 30.00 (ts-monotonic, ts-src-eof)
cap dqbuf: 1 seq:    945 bytesused: 12441600 ts: 3279.778472 delta: 33.331 ms delta now: +33.424 ms fps: 30.00 (ts-monotonic, ts-src-eof)
cap dqbuf: 2 seq:    946 bytesused: 12441600 ts: 3279.811810 delta: 33.338 ms delta now: +33.175 ms fps: 30.00 (ts-monotonic, ts-src-eof)
cap dqbuf: 3 seq:    947 bytesused: 12441600 ts: 3279.845141 delta: 33.331 ms delta now: +33.158 ms fps: 30.00 (ts-monotonic, ts-src-eof)
cap dqbuf: 0 seq:    948 bytesused: 12441600 ts: 3279.878474 delta: 33.333 ms delta now: +32.295 ms fps: 30.00 (ts-monotonic, ts-src-eof)
cap dqbuf: 1 seq:    949 bytesused: 12441600 ts: 3279.911806 delta: 33.332 ms delta now: +33.337 ms fps: 30.00 (ts-monotonic, ts-src-eof)
cap dqbuf: 2 seq:    950 bytesused: 12441600 ts: 3279.945141 delta: 33.335 ms delta now: +33.296 ms fps: 30.00 (ts-monotonic, ts-src-eof)
cap dqbuf: 3 seq:    951 bytesused: 12441600 ts: 3279.978574 delta: 33.433 ms delta now: +33.189 ms fps: 30.00 (ts-monotonic, ts-src-eof)
cap dqbuf: 0 seq:    952 bytesused: 12441600 ts: 3280.011923 delta: 33.349 ms delta now: +33.171 ms fps: 30.00 (ts-monotonic, ts-src-eof)
cap dqbuf: 1 seq:    953 bytesused: 12441600 ts: 3280.045141 delta: 33.218 ms delta now: +32.296 ms fps: 30.00 (ts-monotonic, ts-src-eof)
cap dqbuf: 2 seq:    954 bytesused: 12441600 ts: 3280.078473 delta: 33.332 ms delta now: +33.153 ms fps: 30.00 (ts-monotonic, ts-src-eof)
cap dqbuf: 3 seq:    955 bytesused: 12441600 ts: 3280.111807 delta: 33.334 ms delta now: +32.306 ms fps: 30.00 (ts-monotonic, ts-src-eof)
cap dqbuf: 0 seq:    956 bytesused: 12441600 ts: 3280.145139 delta: 33.332 ms delta now: +33.478 ms fps: 30.00 (ts-monotonic, ts-src-eof)
cap dqbuf: 1 seq:    957 bytesused: 12441600 ts: 3280.178591 delta: 33.452 ms delta now: +33.149 ms fps: 30.00 (ts-monotonic, ts-src-eof)
cap dqbuf: 2 seq:    958 bytesused: 12441600 ts: 3280.211808 delta: 33.217 ms delta now: +33.189 ms fps: 30.00 (ts-monotonic, ts-src-eof)
cap dqbuf: 3 seq:    959 bytesused: 12441600 ts: 3280.245141 delta: 33.333 ms delta now: +33.472 ms fps: 30.00 (ts-monotonic, ts-src-eof)
cap dqbuf: 0 seq:    960 bytesused: 12441600 ts: 3280.278493 delta: 33.352 ms delta now: +33.158 ms fps: 30.00 (ts-monotonic, ts-src-eof)
cap dqbuf: 1 seq:    961 bytesused: 12441600 ts: 3280.311808 delta: 33.315 ms delta now: +33.176 ms fps: 30.00 (ts-monotonic, ts-src-eof)
cap dqbuf: 2 seq:    962 bytesused: 12441600 ts: 3280.345141 delta: 33.333 ms delta now: +33.287 ms fps: 30.00 (ts-monotonic, ts-src-eof)
cap dqbuf: 3 seq:    963 bytesused: 12441600 ts: 3280.378475 delta: 33.334 ms delta now: +32.293 ms fps: 30.00 (ts-monotonic, ts-src-eof)
cap dqbuf: 0 seq:    964 bytesused: 12441600 ts: 3280.411806 delta: 33.331 ms delta now: +33.316 ms fps: 30.00 (ts-monotonic, ts-src-eof)
cap dqbuf: 1 seq:    965 bytesused: 12441600 ts: 3280.445144 delta: 33.338 ms delta now: +33.162 ms fps: 30.00 (ts-monotonic, ts-src-eof)
cap dqbuf: 2 seq:    966 bytesused: 12441600 ts: 3280.478474 delta: 33.330 ms delta now: +33.164 ms fps: 30.00 (ts-monotonic, ts-src-eof)
cap dqbuf: 3 seq:    967 bytesused: 12441600 ts: 3280.511808 delta: 33.334 ms delta now: +33.169 ms fps: 30.00 (ts-monotonic, ts-src-eof)
cap dqbuf: 0 seq:    968 bytesused: 12441600 ts: 3280.545141 delta: 33.333 ms delta now: +32.294 ms fps: 30.00 (ts-monotonic, ts-src-eof)
cap dqbuf: 1 seq:    969 bytesused: 12441600 ts: 3280.578473 delta: 33.332 ms delta now: +32.295 ms fps: 30.00 (ts-monotonic, ts-src-eof)
cap dqbuf: 2 seq:    970 bytesused: 12441600 ts: 3280.611806 delta: 33.333 ms delta now: +33.354 ms fps: 30.00 (ts-monotonic, ts-src-eof)
cap dqbuf: 3 seq:    971 bytesused: 12441600 ts: 3280.645142 delta: 33.336 ms delta now: +32.293 ms fps: 30.00 (ts-monotonic, ts-src-eof)
cap dqbuf: 0 seq:    972 bytesused: 12441600 ts: 3280.678472 delta: 33.330 ms delta now: +33.345 ms fps: 30.00 (ts-monotonic, ts-src-eof)
cap dqbuf: 1 seq:    973 bytesused: 12441600 ts: 3280.711811 delta: 33.339 ms delta now: +32.294 ms fps: 30.00 (ts-monotonic, ts-src-eof)
cap dqbuf: 2 seq:    974 bytesused: 12441600 ts: 3280.745139 delta: 33.328 ms delta now: +33.153 ms fps: 30.00 (ts-monotonic, ts-src-eof)
cap dqbuf: 3 seq:    975 bytesused: 12441600 ts: 3280.778600 delta: 33.461 ms delta now: +32.408 ms fps: 30.00 (ts-monotonic, ts-src-eof)
cap dqbuf: 0 seq:    976 bytesused: 12441600 ts: 3280.811806 delta: 33.206 ms delta now: +32.296 ms fps: 30.00 (ts-monotonic, ts-src-eof)
cap dqbuf: 1 seq:    977 bytesused: 12441600 ts: 3280.845139 delta: 33.333 ms delta now: +33.312 ms fps: 30.00 (ts-monotonic, ts-src-eof)
cap dqbuf: 2 seq:    978 bytesused: 12441600 ts: 3280.878475 delta: 33.336 ms delta now: +33.411 ms fps: 30.00 (ts-monotonic, ts-src-eof)
cap dqbuf: 3 seq:    979 bytesused: 12441600 ts: 3280.911934 delta: 33.459 ms delta now: +32.171 ms fps: 30.00 (ts-monotonic, ts-src-eof)
cap dqbuf: 0 seq:    980 bytesused: 12441600 ts: 3280.945139 delta: 33.205 ms delta now: +32.296 ms fps: 30.00 (ts-monotonic, ts-src-eof)
cap dqbuf: 1 seq:    981 bytesused: 12441600 ts: 3280.978473 delta: 33.334 ms delta now: +33.344 ms fps: 30.00 (ts-monotonic, ts-src-eof)
cap dqbuf: 2 seq:    982 bytesused: 12441600 ts: 3281.011808 delta: 33.335 ms delta now: +32.294 ms fps: 30.00 (ts-monotonic, ts-src-eof)
cap dqbuf: 3 seq:    983 bytesused: 12441600 ts: 3281.045139 delta: 33.331 ms delta now: +33.332 ms fps: 30.00 (ts-monotonic, ts-src-eof)
cap dqbuf: 0 seq:    984 bytesused: 12441600 ts: 3281.078475 delta: 33.336 ms delta now: +33.162 ms fps: 30.00 (ts-monotonic, ts-src-eof)
cap dqbuf: 1 seq:    985 bytesused: 12441600 ts: 3281.111808 delta: 33.333 ms delta now: +33.172 ms fps: 30.00 (ts-monotonic, ts-src-eof)
cap dqbuf: 2 seq:    986 bytesused: 12441600 ts: 3281.145141 delta: 33.333 ms delta now: +32.429 ms fps: 30.00 (ts-monotonic, ts-src-eof)
cap dqbuf: 3 seq:    987 bytesused: 12441600 ts: 3281.178473 delta: 33.332 ms delta now: +33.166 ms fps: 30.00 (ts-monotonic, ts-src-eof)
cap dqbuf: 0 seq:    988 bytesused: 12441600 ts: 3281.211808 delta: 33.335 ms delta now: +32.293 ms fps: 30.00 (ts-monotonic, ts-src-eof)
cap dqbuf: 1 seq:    989 bytesused: 12441600 ts: 3281.245139 delta: 33.331 ms delta now: +33.284 ms fps: 30.00 (ts-monotonic, ts-src-eof)
cap dqbuf: 2 seq:    990 bytesused: 12441600 ts: 3281.278580 delta: 33.441 ms delta now: +32.189 ms fps: 30.00 (ts-monotonic, ts-src-eof)
cap dqbuf: 3 seq:    991 bytesused: 12441600 ts: 3281.311808 delta: 33.228 ms delta now: +33.325 ms fps: 30.00 (ts-monotonic, ts-src-eof)
cap dqbuf: 0 seq:    992 bytesused: 12441600 ts: 3281.345257 delta: 33.449 ms delta now: +32.178 ms fps: 30.00 (ts-monotonic, ts-src-eof)
cap dqbuf: 1 seq:    993 bytesused: 12441600 ts: 3281.378473 delta: 33.216 ms delta now: +33.152 ms fps: 30.00 (ts-monotonic, ts-src-eof)
cap dqbuf: 2 seq:    994 bytesused: 12441600 ts: 3281.411808 delta: 33.335 ms delta now: +33.284 ms fps: 30.00 (ts-monotonic, ts-src-eof)
cap dqbuf: 3 seq:    995 bytesused: 12441600 ts: 3281.445142 delta: 33.334 ms delta now: +33.381 ms fps: 30.00 (ts-monotonic, ts-src-eof)
cap dqbuf: 0 seq:    996 bytesused: 12441600 ts: 3281.478573 delta: 33.431 ms delta now: +33.209 ms fps: 30.00 (ts-monotonic, ts-src-eof)
cap dqbuf: 1 seq:    997 bytesused: 12441600 ts: 3281.511808 delta: 33.235 ms delta now: +32.294 ms fps: 30.00 (ts-monotonic, ts-src-eof)
cap dqbuf: 2 seq:    998 bytesused: 12441600 ts: 3281.545139 delta: 33.331 ms delta now: +33.156 ms fps: 30.00 (ts-monotonic, ts-src-eof)
cap dqbuf: 3 seq:    999 bytesused: 12441600 ts: 3281.578475 delta: 33.336 ms delta now: +33.279 ms fps: 30.00 (ts-monotonic, ts-src-eof)
cap dqbuf: 0 seq:   1000 bytesused: 12441600 ts: 3281.611808 delta: 33.333 ms delta now: +33.300 ms fps: 30.00 (ts-monotonic, ts-src-eof)
cap dqbuf: 1 seq:   1001 bytesused: 12441600 ts: 3281.645141 delta: 33.333 ms delta now: +32.295 ms fps: 30.00 (ts-monotonic, ts-src-eof)
cap dqbuf: 2 seq:   1002 bytesused: 12441600 ts: 3281.678473 delta: 33.332 ms delta now: +33.343 ms fps: 30.00 (ts-monotonic, ts-src-eof)
cap dqbuf: 3 seq:   1003 bytesused: 12441600 ts: 3281.711811 delta: 33.338 ms delta now: +32.291 ms fps: 30.00 (ts-monotonic, ts-src-eof)
cap dqbuf: 0 seq:   1004 bytesused: 12441600 ts: 3281.745139 delta: 33.328 ms delta now: +33.417 ms fps: 30.00 (ts-monotonic, ts-src-eof)
cap dqbuf: 1 seq:   1005 bytesused: 12441600 ts: 3281.778609 delta: 33.470 ms delta now: +33.042 ms fps: 30.00 (ts-monotonic, ts-src-eof)
cap dqbuf: 2 seq:   1006 bytesused: 12441600 ts: 3281.811808 delta: 33.199 ms delta now: +33.281 ms fps: 30.00 (ts-monotonic, ts-src-eof)
cap dqbuf: 3 seq:   1007 bytesused: 12441600 ts: 3281.845256 delta: 33.448 ms delta now: +33.054 ms fps: 30.00 (ts-monotonic, ts-src-eof)
cap dqbuf: 0 seq:   1008 bytesused: 12441600 ts: 3281.878474 delta: 33.218 ms delta now: +33.275 ms fps: 30.00 (ts-monotonic, ts-src-eof)
cap dqbuf: 1 seq:   1009 bytesused: 12441600 ts: 3281.911897 delta: 33.423 ms delta now: +32.283 ms fps: 30.00 (ts-monotonic, ts-src-eof)
cap dqbuf: 2 seq:   1010 bytesused: 12441600 ts: 3281.945140 delta: 33.243 ms delta now: +32.297 ms fps: 30.00 (ts-monotonic, ts-src-eof)
cap dqbuf: 3 seq:   1011 bytesused: 12441600 ts: 3281.978475 delta: 33.335 ms delta now: +33.148 ms fps: 30.00 (ts-monotonic, ts-src-eof)
cap dqbuf: 0 seq:   1012 bytesused: 12441600 ts: 3282.011808 delta: 33.333 ms delta now: +33.206 ms fps: 30.00 (ts-monotonic, ts-src-eof)
cap dqbuf: 1 seq:   1013 bytesused: 12441600 ts: 3282.045140 delta: 33.332 ms delta now: +33.192 ms fps: 30.00 (ts-monotonic, ts-src-eof)
cap dqbuf: 2 seq:   1014 bytesused: 12441600 ts: 3282.078474 delta: 33.334 ms delta now: +33.345 ms fps: 30.00 (ts-monotonic, ts-src-eof)
cap dqbuf: 3 seq:   1015 bytesused: 12441600 ts: 3282.111914 delta: 33.440 ms delta now: +32.200 ms fps: 30.00 (ts-monotonic, ts-src-eof)
cap dqbuf: 0 seq:   1016 bytesused: 12441600 ts: 3282.145139 delta: 33.225 ms delta now: +33.289 ms fps: 30.00 (ts-monotonic, ts-src-eof)
cap dqbuf: 1 seq:   1017 bytesused: 12441600 ts: 3282.178588 delta: 33.449 ms delta now: +33.189 ms fps: 30.00 (ts-monotonic, ts-src-eof)
cap dqbuf: 2 seq:   1018 bytesused: 12441600 ts: 3282.211811 delta: 33.223 ms delta now: +32.292 ms fps: 30.00 (ts-monotonic, ts-src-eof)
cap dqbuf: 3 seq:   1019 bytesused: 12441600 ts: 3282.245139 delta: 33.328 ms delta now: +33.158 ms fps: 30.00 (ts-monotonic, ts-src-eof)
cap dqbuf: 0 seq:   1020 bytesused: 12441600 ts: 3282.278475 delta: 33.336 ms delta now: +33.382 ms fps: 30.00 (ts-monotonic, ts-src-eof)
cap dqbuf: 1 seq:   1021 bytesused: 12441600 ts: 3282.311836 delta: 33.361 ms delta now: +33.277 ms fps: 30.00 (ts-monotonic, ts-src-eof)
cap dqbuf: 2 seq:   1022 bytesused: 12441600 ts: 3282.345142 delta: 33.306 ms delta now: +33.146 ms fps: 30.00 (ts-monotonic, ts-src-eof)
cap dqbuf: 3 seq:   1023 bytesused: 12441600 ts: 3282.378475 delta: 33.333 ms delta now: +33.286 ms fps: 30.00 (ts-monotonic, ts-src-eof)
cap dqbuf: 0 seq:   1024 bytesused: 12441600 ts: 3282.411808 delta: 33.333 ms delta now: +32.295 ms fps: 30.00 (ts-monotonic, ts-src-eof)
cap dqbuf: 1 seq:   1025 bytesused: 12441600 ts: 3282.445141 delta: 33.333 ms delta now: +33.148 ms fps: 30.00 (ts-monotonic, ts-src-eof)
cap dqbuf: 2 seq:   1026 bytesused: 12441600 ts: 3282.478475 delta: 33.334 ms delta now: +33.331 ms fps: 30.00 (ts-monotonic, ts-src-eof)
cap dqbuf: 3 seq:   1027 bytesused: 12441600 ts: 3282.511808 delta: 33.333 ms delta now: +33.288 ms fps: 30.00 (ts-monotonic, ts-src-eof)
cap dqbuf: 0 seq:   1028 bytesused: 12441600 ts: 3282.545142 delta: 33.334 ms delta now: +33.181 ms fps: 30.00 (ts-monotonic, ts-src-eof)
cap dqbuf: 1 seq:   1029 bytesused: 12441600 ts: 3282.578475 delta: 33.333 ms delta now: +33.148 ms fps: 30.00 (ts-monotonic, ts-src-eof)
cap dqbuf: 2 seq:   1030 bytesused: 12441600 ts: 3282.611901 delta: 33.426 ms delta now: +32.200 ms fps: 30.00 (ts-monotonic, ts-src-eof)
cap dqbuf: 3 seq:   1031 bytesused: 12441600 ts: 3282.645140 delta: 33.239 ms delta now: +32.295 ms fps: 30.00 (ts-monotonic, ts-src-eof)
cap dqbuf: 0 seq:   1032 bytesused: 12441600 ts: 3282.678475 delta: 33.335 ms delta now: +32.293 ms fps: 30.00 (ts-monotonic, ts-src-eof)
cap dqbuf: 1 seq:   1033 bytesused: 12441600 ts: 3282.711806 delta: 33.331 ms delta now: +33.307 ms fps: 30.00 (ts-monotonic, ts-src-eof)
cap dqbuf: 2 seq:   1034 bytesused: 12441600 ts: 3282.745245 delta: 33.439 ms delta now: +33.252 ms fps: 30.00 (ts-monotonic, ts-src-eof)
cap dqbuf: 3 seq:   1035 bytesused: 12441600 ts: 3282.778475 delta: 33.230 ms delta now: +33.300 ms fps: 30.00 (ts-monotonic, ts-src-eof)
cap dqbuf: 0 seq:   1036 bytesused: 12441600 ts: 3282.811808 delta: 33.333 ms delta now: +33.269 ms fps: 30.00 (ts-monotonic, ts-src-eof)
cap dqbuf: 1 seq:   1037 bytesused: 12441600 ts: 3282.845142 delta: 33.334 ms delta now: +33.295 ms fps: 30.00 (ts-monotonic, ts-src-eof)
cap dqbuf: 2 seq:   1038 bytesused: 12441600 ts: 3282.878592 delta: 33.450 ms delta now: +32.175 ms fps: 30.00 (ts-monotonic, ts-src-eof)
cap dqbuf: 3 seq:   1039 bytesused: 12441600 ts: 3282.911806 delta: 33.214 ms delta now: +33.286 ms fps: 30.00 (ts-monotonic, ts-src-eof)
cap dqbuf: 0 seq:   1040 bytesused: 12441600 ts: 3282.945142 delta: 33.336 ms delta now: +32.293 ms fps: 30.00 (ts-monotonic, ts-src-eof)
cap dqbuf: 1 seq:   1041 bytesused: 12441600 ts: 3282.978473 delta: 33.331 ms delta now: +33.346 ms fps: 30.00 (ts-monotonic, ts-src-eof)
cap dqbuf: 2 seq:   1042 bytesused: 12441600 ts: 3283.011808 delta: 33.335 ms delta now: +33.346 ms fps: 30.00 (ts-monotonic, ts-src-eof)
cap dqbuf: 3 seq:   1043 bytesused: 12441600 ts: 3283.045142 delta: 33.334 ms delta now: +33.178 ms fps: 30.00 (ts-monotonic, ts-src-eof)
cap dqbuf: 0 seq:   1044 bytesused: 12441600 ts: 3283.078474 delta: 33.332 ms delta now: +33.288 ms fps: 30.00 (ts-monotonic, ts-src-eof)
cap dqbuf: 1 seq:   1045 bytesused: 12441600 ts: 3283.111807 delta: 33.333 ms delta now: +33.152 ms fps: 30.00 (ts-monotonic, ts-src-eof)
cap dqbuf: 2 seq:   1046 bytesused: 12441600 ts: 3283.145141 delta: 33.334 ms delta now: +33.289 ms fps: 30.00 (ts-monotonic, ts-src-eof)
cap dqbuf: 3 seq:   1047 bytesused: 12441600 ts: 3283.178574 delta: 33.433 ms delta now: +32.206 ms fps: 30.00 (ts-monotonic, ts-src-eof)
cap dqbuf: 0 seq:   1048 bytesused: 12441600 ts: 3283.211808 delta: 33.234 ms delta now: +33.306 ms fps: 30.00 (ts-monotonic, ts-src-eof)
cap dqbuf: 1 seq:   1049 bytesused: 12441600 ts: 3283.245241 delta: 33.433 ms delta now: +33.058 ms fps: 30.00 (ts-monotonic, ts-src-eof)
cap dqbuf: 2 seq:   1050 bytesused: 12441600 ts: 3283.278475 delta: 33.234 ms delta now: +33.308 ms fps: 30.00 (ts-monotonic, ts-src-eof)
cap dqbuf: 3 seq:   1051 bytesused: 12441600 ts: 3283.311808 delta: 33.333 ms delta now: +33.147 ms fps: 30.00 (ts-monotonic, ts-src-eof)
cap dqbuf: 0 seq:   1052 bytesused: 12441600 ts: 3283.345141 delta: 33.333 ms delta now: +33.210 ms fps: 30.00 (ts-monotonic, ts-src-eof)
cap dqbuf: 1 seq:   1053 bytesused: 12441600 ts: 3283.378473 delta: 33.332 ms delta now: +33.174 ms fps: 30.00 (ts-monotonic, ts-src-eof)
cap dqbuf: 2 seq:   1054 bytesused: 12441600 ts: 3283.411808 delta: 33.335 ms delta now: +33.291 ms fps: 30.00 (ts-monotonic, ts-src-eof)
cap dqbuf: 3 seq:   1055 bytesused: 12441600 ts: 3283.445142 delta: 33.334 ms delta now: +33.155 ms fps: 30.00 (ts-monotonic, ts-src-eof)
cap dqbuf: 0 seq:   1056 bytesused: 12441600 ts: 3283.478475 delta: 33.333 ms delta now: +33.293 ms fps: 30.00 (ts-monotonic, ts-src-eof)
cap dqbuf: 1 seq:   1057 bytesused: 12441600 ts: 3283.511809 delta: 33.334 ms delta now: +32.293 ms fps: 30.00 (ts-monotonic, ts-src-eof)
cap dqbuf: 2 seq:   1058 bytesused: 12441600 ts: 3283.545140 delta: 33.331 ms delta now: +32.295 ms fps: 30.00 (ts-monotonic, ts-src-eof)
cap dqbuf: 3 seq:   1059 bytesused: 12441600 ts: 3283.578473 delta: 33.333 ms delta now: +32.297 ms fps: 30.00 (ts-monotonic, ts-src-eof)
cap dqbuf: 0 seq:   1060 bytesused: 12441600 ts: 3283.611806 delta: 33.333 ms delta now: +33.306 ms fps: 30.00 (ts-monotonic, ts-src-eof)
cap dqbuf: 1 seq:   1061 bytesused: 12441600 ts: 3283.645144 delta: 33.338 ms delta now: +33.421 ms fps: 30.00 (ts-monotonic, ts-src-eof)
cap dqbuf: 2 seq:   1062 bytesused: 12441600 ts: 3283.678577 delta: 33.433 ms delta now: +33.228 ms fps: 30.00 (ts-monotonic, ts-src-eof)
cap dqbuf: 3 seq:   1063 bytesused: 12441600 ts: 3283.711911 delta: 33.334 ms delta now: +33.204 ms fps: 30.00 (ts-monotonic, ts-src-eof)
cap dqbuf: 0 seq:   1064 bytesused: 12441600 ts: 3283.745146 delta: 33.235 ms delta now: +33.165 ms fps: 30.00 (ts-monotonic, ts-src-eof)
cap dqbuf: 1 seq:   1065 bytesused: 12441600 ts: 3283.778475 delta: 33.329 ms delta now: +32.296 ms fps: 30.00 (ts-monotonic, ts-src-eof)
cap dqbuf: 2 seq:   1066 bytesused: 12441600 ts: 3283.811806 delta: 33.331 ms delta now: +32.305 ms fps: 30.00 (ts-monotonic, ts-src-eof)
cap dqbuf: 3 seq:   1067 bytesused: 12441600 ts: 3283.845140 delta: 33.334 ms delta now: +33.324 ms fps: 30.00 (ts-monotonic, ts-src-eof)
cap dqbuf: 0 seq:   1068 bytesused: 12441600 ts: 3283.878579 delta: 33.439 ms delta now: +32.191 ms fps: 30.00 (ts-monotonic, ts-src-eof)
cap dqbuf: 1 seq:   1069 bytesused: 12441600 ts: 3283.911806 delta: 33.227 ms delta now: +33.360 ms fps: 30.00 (ts-monotonic, ts-src-eof)
cap dqbuf: 2 seq:   1070 bytesused: 12441600 ts: 3283.945142 delta: 33.336 ms delta now: +32.294 ms fps: 30.00 (ts-monotonic, ts-src-eof)
cap dqbuf: 3 seq:   1071 bytesused: 12441600 ts: 3283.978473 delta: 33.331 ms delta now: +33.158 ms fps: 30.00 (ts-monotonic, ts-src-eof)
cap dqbuf: 0 seq:   1072 bytesused: 12441600 ts: 3284.011808 delta: 33.335 ms delta now: +33.339 ms fps: 30.00 (ts-monotonic, ts-src-eof)
cap dqbuf: 1 seq:   1073 bytesused: 12441600 ts: 3284.045141 delta: 33.333 ms delta now: +32.298 ms fps: 30.00 (ts-monotonic, ts-src-eof)
cap dqbuf: 2 seq:   1074 bytesused: 12441600 ts: 3284.078477 delta: 33.336 ms delta now: +33.300 ms fps: 30.00 (ts-monotonic, ts-src-eof)
cap dqbuf: 3 seq:   1075 bytesused: 12441600 ts: 3284.111808 delta: 33.331 ms delta now: +32.315 ms fps: 30.00 (ts-monotonic, ts-src-eof)
cap dqbuf: 0 seq:   1076 bytesused: 12441600 ts: 3284.145140 delta: 33.332 ms delta now: +33.405 ms fps: 30.00 (ts-monotonic, ts-src-eof)
cap dqbuf: 1 seq:   1077 bytesused: 12441600 ts: 3284.178475 delta: 33.335 ms delta now: +32.300 ms fps: 30.00 (ts-monotonic, ts-src-eof)
cap dqbuf: 2 seq:   1078 bytesused: 12441600 ts: 3284.211806 delta: 33.331 ms delta now: +32.844 ms fps: 30.00 (ts-monotonic, ts-src-eof)
cap dqbuf: 3 seq:   1079 bytesused: 12441600 ts: 3284.245142 delta: 33.336 ms delta now: +33.357 ms fps: 30.00 (ts-monotonic, ts-src-eof)
cap dqbuf: 0 seq:   1080 bytesused: 12441600 ts: 3284.278475 delta: 33.333 ms delta now: +33.164 ms fps: 30.00 (ts-monotonic, ts-src-eof)
cap dqbuf: 1 seq:   1081 bytesused: 12441600 ts: 3284.311808 delta: 33.333 ms delta now: +33.317 ms fps: 30.00 (ts-monotonic, ts-src-eof)
cap dqbuf: 2 seq:   1082 bytesused: 12441600 ts: 3284.345142 delta: 33.334 ms delta now: +33.190 ms fps: 30.00 (ts-monotonic, ts-src-eof)
cap dqbuf: 3 seq:   1083 bytesused: 12441600 ts: 3284.378475 delta: 33.333 ms delta now: +33.339 ms fps: 30.00 (ts-monotonic, ts-src-eof)
cap dqbuf: 0 seq:   1084 bytesused: 12441600 ts: 3284.411808 delta: 33.333 ms delta now: +32.295 ms fps: 30.00 (ts-monotonic, ts-src-eof)
cap dqbuf: 1 seq:   1085 bytesused: 12441600 ts: 3284.445140 delta: 33.332 ms delta now: +33.470 ms fps: 30.00 (ts-monotonic, ts-src-eof)
cap dqbuf: 2 seq:   1086 bytesused: 12441600 ts: 3284.478478 delta: 33.338 ms delta now: +32.292 ms fps: 30.00 (ts-monotonic, ts-src-eof)
cap dqbuf: 3 seq:   1087 bytesused: 12441600 ts: 3284.511806 delta: 33.328 ms delta now: +33.358 ms fps: 30.00 (ts-monotonic, ts-src-eof)
cap dqbuf: 0 seq:   1088 bytesused: 12441600 ts: 3284.545145 delta: 33.339 ms delta now: +32.290 ms fps: 30.00 (ts-monotonic, ts-src-eof)
cap dqbuf: 1 seq:   1089 bytesused: 12441600 ts: 3284.578473 delta: 33.328 ms delta now: +33.153 ms fps: 30.00 (ts-monotonic, ts-src-eof)
cap dqbuf: 2 seq:   1090 bytesused: 12441600 ts: 3284.611808 delta: 33.335 ms delta now: +32.296 ms fps: 30.00 (ts-monotonic, ts-src-eof)
cap dqbuf: 3 seq:   1091 bytesused: 12441600 ts: 3284.645140 delta: 33.332 ms delta now: +33.149 ms fps: 30.00 (ts-monotonic, ts-src-eof)
cap dqbuf: 0 seq:   1092 bytesused: 12441600 ts: 3284.678475 delta: 33.335 ms delta now: +33.171 ms fps: 30.00 (ts-monotonic, ts-src-eof)
cap dqbuf: 1 seq:   1093 bytesused: 12441600 ts: 3284.711808 delta: 33.333 ms delta now: +33.310 ms fps: 30.00 (ts-monotonic, ts-src-eof)
cap dqbuf: 2 seq:   1094 bytesused: 12441600 ts: 3284.745258 delta: 33.450 ms delta now: +33.181 ms fps: 30.00 (ts-monotonic, ts-src-eof)
cap dqbuf: 3 seq:   1095 bytesused: 12441600 ts: 3284.778475 delta: 33.217 ms delta now: +33.291 ms fps: 30.00 (ts-monotonic, ts-src-eof)
cap dqbuf: 0 seq:   1096 bytesused: 12441600 ts: 3284.811925 delta: 33.450 ms delta now: +33.189 ms fps: 30.00 (ts-monotonic, ts-src-eof)
cap dqbuf: 1 seq:   1097 bytesused: 12441600 ts: 3284.845142 delta: 33.217 ms delta now: +32.294 ms fps: 30.00 (ts-monotonic, ts-src-eof)
cap dqbuf: 2 seq:   1098 bytesused: 12441600 ts: 3284.878473 delta: 33.331 ms delta now: +33.142 ms fps: 30.00 (ts-monotonic, ts-src-eof)
cap dqbuf: 3 seq:   1099 bytesused: 12441600 ts: 3284.911808 delta: 33.335 ms delta now: +32.306 ms fps: 30.00 (ts-monotonic, ts-src-eof)
cap dqbuf: 0 seq:   1100 bytesused: 12441600 ts: 3284.945140 delta: 33.332 ms delta now: +33.335 ms fps: 30.00 (ts-monotonic, ts-src-eof)
cap dqbuf: 1 seq:   1101 bytesused: 12441600 ts: 3284.978583 delta: 33.443 ms delta now: +32.226 ms fps: 30.00 (ts-monotonic, ts-src-eof)
cap dqbuf: 2 seq:   1102 bytesused: 12441600 ts: 3285.011806 delta: 33.223 ms delta now: +33.427 ms fps: 30.00 (ts-monotonic, ts-src-eof)
cap dqbuf: 3 seq:   1103 bytesused: 12441600 ts: 3285.045142 delta: 33.336 ms delta now: +32.311 ms fps: 30.00 (ts-monotonic, ts-src-eof)
cap dqbuf: 0 seq:   1104 bytesused: 12441600 ts: 3285.078475 delta: 33.333 ms delta now: +33.310 ms fps: 30.00 (ts-monotonic, ts-src-eof)
cap dqbuf: 1 seq:   1105 bytesused: 12441600 ts: 3285.111924 delta: 33.449 ms delta now: +32.185 ms fps: 30.00 (ts-monotonic, ts-src-eof)
cap dqbuf: 2 seq:   1106 bytesused: 12441600 ts: 3285.145140 delta: 33.216 ms delta now: +32.303 ms fps: 30.00 (ts-monotonic, ts-src-eof)
cap dqbuf: 3 seq:   1107 bytesused: 12441600 ts: 3285.178473 delta: 33.333 ms delta now: +33.180 ms fps: 30.00 (ts-monotonic, ts-src-eof)
cap dqbuf: 0 seq:   1108 bytesused: 12441600 ts: 3285.211808 delta: 33.335 ms delta now: +33.280 ms fps: 30.00 (ts-monotonic, ts-src-eof)
cap dqbuf: 1 seq:   1109 bytesused: 12441600 ts: 3285.245142 delta: 33.334 ms delta now: +33.148 ms fps: 30.00 (ts-monotonic, ts-src-eof)
cap dqbuf: 2 seq:   1110 bytesused: 12441600 ts: 3285.278489 delta: 33.347 ms delta now: +33.279 ms fps: 30.00 (ts-monotonic, ts-src-eof)
cap dqbuf: 3 seq:   1111 bytesused: 12441600 ts: 3285.311811 delta: 33.322 ms delta now: +32.558 ms fps: 30.00 (ts-monotonic, ts-src-eof)
cap dqbuf: 0 seq:   1112 bytesused: 12441600 ts: 3285.345142 delta: 33.331 ms delta now: +33.357 ms fps: 30.00 (ts-monotonic, ts-src-eof)
cap dqbuf: 1 seq:   1113 bytesused: 12441600 ts: 3285.378475 delta: 33.333 ms delta now: +33.149 ms fps: 30.00 (ts-monotonic, ts-src-eof)
cap dqbuf: 2 seq:   1114 bytesused: 12441600 ts: 3285.411808 delta: 33.333 ms delta now: +33.176 ms fps: 30.00 (ts-monotonic, ts-src-eof)
cap dqbuf: 3 seq:   1115 bytesused: 12441600 ts: 3285.445142 delta: 33.334 ms delta now: +33.480 ms fps: 30.00 (ts-monotonic, ts-src-eof)
cap dqbuf: 0 seq:   1116 bytesused: 12441600 ts: 3285.478475 delta: 33.333 ms delta now: +33.155 ms fps: 30.00 (ts-monotonic, ts-src-eof)
cap dqbuf: 1 seq:   1117 bytesused: 12441600 ts: 3285.511808 delta: 33.333 ms delta now: +33.287 ms fps: 30.00 (ts-monotonic, ts-src-eof)
cap dqbuf: 2 seq:   1118 bytesused: 12441600 ts: 3285.545255 delta: 33.447 ms delta now: +33.188 ms fps: 30.00 (ts-monotonic, ts-src-eof)
cap dqbuf: 3 seq:   1119 bytesused: 12441600 ts: 3285.578478 delta: 33.223 ms delta now: +32.303 ms fps: 30.00 (ts-monotonic, ts-src-eof)
cap dqbuf: 0 seq:   1120 bytesused: 12441600 ts: 3285.611808 delta: 33.330 ms delta now: +33.294 ms fps: 30.00 (ts-monotonic, ts-src-eof)
cap dqbuf: 1 seq:   1121 bytesused: 12441600 ts: 3285.645142 delta: 33.334 ms delta now: +32.294 ms fps: 30.00 (ts-monotonic, ts-src-eof)
cap dqbuf: 2 seq:   1122 bytesused: 12441600 ts: 3285.678473 delta: 33.331 ms delta now: +32.837 ms fps: 30.00 (ts-monotonic, ts-src-eof)
cap dqbuf: 3 seq:   1123 bytesused: 12441600 ts: 3285.711806 delta: 33.333 ms delta now: +33.168 ms fps: 30.00 (ts-monotonic, ts-src-eof)
cap dqbuf: 0 seq:   1124 bytesused: 12441600 ts: 3285.745142 delta: 33.336 ms delta now: +33.295 ms fps: 30.00 (ts-monotonic, ts-src-eof)
cap dqbuf: 1 seq:   1125 bytesused: 12441600 ts: 3285.778474 delta: 33.332 ms delta now: +33.157 ms fps: 30.00 (ts-monotonic, ts-src-eof)
cap dqbuf: 2 seq:   1126 bytesused: 12441600 ts: 3285.811808 delta: 33.334 ms delta now: +33.314 ms fps: 30.00 (ts-monotonic, ts-src-eof)
cap dqbuf: 3 seq:   1127 bytesused: 12441600 ts: 3285.845142 delta: 33.334 ms delta now: +32.528 ms fps: 30.00 (ts-monotonic, ts-src-eof)
cap dqbuf: 0 seq:   1128 bytesused: 12441600 ts: 3285.878473 delta: 33.331 ms delta now: +33.171 ms fps: 30.00 (ts-monotonic, ts-src-eof)
cap dqbuf: 1 seq:   1129 bytesused: 12441600 ts: 3285.911808 delta: 33.335 ms delta now: +33.196 ms fps: 30.00 (ts-monotonic, ts-src-eof)
cap dqbuf: 2 seq:   1130 bytesused: 12441600 ts: 3285.945141 delta: 33.333 ms delta now: +33.164 ms fps: 30.00 (ts-monotonic, ts-src-eof)
cap dqbuf: 3 seq:   1131 bytesused: 12441600 ts: 3285.978475 delta: 33.334 ms delta now: +33.319 ms fps: 30.00 (ts-monotonic, ts-src-eof)
cap dqbuf: 0 seq:   1132 bytesused: 12441600 ts: 3286.011809 delta: 33.334 ms delta now: +33.298 ms fps: 30.00 (ts-monotonic, ts-src-eof)
cap dqbuf: 1 seq:   1133 bytesused: 12441600 ts: 3286.045142 delta: 33.333 ms delta now: +32.296 ms fps: 30.00 (ts-monotonic, ts-src-eof)
cap dqbuf: 2 seq:   1134 bytesused: 12441600 ts: 3286.078476 delta: 33.334 ms delta now: +33.313 ms fps: 30.00 (ts-monotonic, ts-src-eof)
cap dqbuf: 3 seq:   1135 bytesused: 12441600 ts: 3286.111811 delta: 33.335 ms delta now: +32.301 ms fps: 30.00 (ts-monotonic, ts-src-eof)
cap dqbuf: 0 seq:   1136 bytesused: 12441600 ts: 3286.145140 delta: 33.329 ms delta now: +33.166 ms fps: 30.00 (ts-monotonic, ts-src-eof)
cap dqbuf: 1 seq:   1137 bytesused: 12441600 ts: 3286.178573 delta: 33.433 ms delta now: +33.204 ms fps: 30.00 (ts-monotonic, ts-src-eof)
cap dqbuf: 2 seq:   1138 bytesused: 12441600 ts: 3286.211809 delta: 33.236 ms delta now: +33.168 ms fps: 30.00 (ts-monotonic, ts-src-eof)
cap dqbuf: 3 seq:   1139 bytesused: 12441600 ts: 3286.245140 delta: 33.331 ms delta now: +33.153 ms fps: 30.00 (ts-monotonic, ts-src-eof)
cap dqbuf: 0 seq:   1140 bytesused: 12441600 ts: 3286.278475 delta: 33.335 ms delta now: +33.385 ms fps: 30.00 (ts-monotonic, ts-src-eof)
cap dqbuf: 1 seq:   1141 bytesused: 12441600 ts: 3286.311809 delta: 33.334 ms delta now: +33.285 ms fps: 30.00 (ts-monotonic, ts-src-eof)
cap dqbuf: 2 seq:   1142 bytesused: 12441600 ts: 3286.345257 delta: 33.448 ms delta now: +32.197 ms fps: 30.00 (ts-monotonic, ts-src-eof)
cap dqbuf: 3 seq:   1143 bytesused: 12441600 ts: 3286.378473 delta: 33.216 ms delta now: +33.327 ms fps: 30.00 (ts-monotonic, ts-src-eof)
cap dqbuf: 0 seq:   1144 bytesused: 12441600 ts: 3286.411811 delta: 33.338 ms delta now: +32.903 ms fps: 30.00 (ts-monotonic, ts-src-eof)
cap dqbuf: 1 seq:   1145 bytesused: 12441600 ts: 3286.445140 delta: 33.329 ms delta now: +33.289 ms fps: 30.00 (ts-monotonic, ts-src-eof)
cap dqbuf: 2 seq:   1146 bytesused: 12441600 ts: 3286.478476 delta: 33.336 ms delta now: +32.967 ms fps: 30.00 (ts-monotonic, ts-src-eof)
cap dqbuf: 3 seq:   1147 bytesused: 12441600 ts: 3286.511807 delta: 33.331 ms delta now: +33.332 ms fps: 30.00 (ts-monotonic, ts-src-eof)
cap dqbuf: 0 seq:   1148 bytesused: 12441600 ts: 3286.545259 delta: 33.452 ms delta now: +32.177 ms fps: 30.00 (ts-monotonic, ts-src-eof)
cap dqbuf: 1 seq:   1149 bytesused: 12441600 ts: 3286.578473 delta: 33.214 ms delta now: +33.301 ms fps: 30.00 (ts-monotonic, ts-src-eof)
cap dqbuf: 2 seq:   1150 bytesused: 12441600 ts: 3286.611811 delta: 33.338 ms delta now: +32.302 ms fps: 30.00 (ts-monotonic, ts-src-eof)
cap dqbuf: 3 seq:   1151 bytesused: 12441600 ts: 3286.645140 delta: 33.329 ms delta now: +33.394 ms fps: 30.00 (ts-monotonic, ts-src-eof)
cap dqbuf: 0 seq:   1152 bytesused: 12441600 ts: 3286.678476 delta: 33.336 ms delta now: +32.293 ms fps: 30.00 (ts-monotonic, ts-src-eof)
cap dqbuf: 1 seq:   1153 bytesused: 12441600 ts: 3286.711808 delta: 33.332 ms delta now: +33.275 ms fps: 30.00 (ts-monotonic, ts-src-eof)
cap dqbuf: 2 seq:   1154 bytesused: 12441600 ts: 3286.745142 delta: 33.334 ms delta now: +33.148 ms fps: 30.00 (ts-monotonic, ts-src-eof)
cap dqbuf: 3 seq:   1155 bytesused: 12441600 ts: 3286.778475 delta: 33.333 ms delta now: +33.414 ms fps: 30.00 (ts-monotonic, ts-src-eof)
cap dqbuf: 0 seq:   1156 bytesused: 12441600 ts: 3286.811925 delta: 33.450 ms delta now: +32.177 ms fps: 30.00 (ts-monotonic, ts-src-eof)
cap dqbuf: 1 seq:   1157 bytesused: 12441600 ts: 3286.845140 delta: 33.215 ms delta now: +32.564 ms fps: 30.00 (ts-monotonic, ts-src-eof)
cap dqbuf: 2 seq:   1158 bytesused: 12441600 ts: 3286.878473 delta: 33.333 ms delta now: +33.163 ms fps: 30.00 (ts-monotonic, ts-src-eof)
cap dqbuf: 3 seq:   1159 bytesused: 12441600 ts: 3286.911808 delta: 33.335 ms delta now: +33.396 ms fps: 30.00 (ts-monotonic, ts-src-eof)
cap dqbuf: 0 seq:   1160 bytesused: 12441600 ts: 3286.945142 delta: 33.334 ms delta now: +33.387 ms fps: 30.00 (ts-monotonic, ts-src-eof)
cap dqbuf: 1 seq:   1161 bytesused: 12441600 ts: 3286.978475 delta: 33.333 ms delta now: +33.157 ms fps: 30.00 (ts-monotonic, ts-src-eof)
cap dqbuf: 2 seq:   1162 bytesused: 12441600 ts: 3287.011808 delta: 33.333 ms delta now: +33.333 ms fps: 30.00 (ts-monotonic, ts-src-eof)
cap dqbuf: 3 seq:   1163 bytesused: 12441600 ts: 3287.045142 delta: 33.334 ms delta now: +33.158 ms fps: 30.00 (ts-monotonic, ts-src-eof)
cap dqbuf: 0 seq:   1164 bytesused: 12441600 ts: 3287.078475 delta: 33.333 ms delta now: +33.305 ms fps: 30.00 (ts-monotonic, ts-src-eof)
cap dqbuf: 1 seq:   1165 bytesused: 12441600 ts: 3287.111809 delta: 33.334 ms delta now: +32.299 ms fps: 30.00 (ts-monotonic, ts-src-eof)
cap dqbuf: 2 seq:   1166 bytesused: 12441600 ts: 3287.145140 delta: 33.331 ms delta now: +33.432 ms fps: 30.00 (ts-monotonic, ts-src-eof)
cap dqbuf: 3 seq:   1167 bytesused: 12441600 ts: 3287.178475 delta: 33.335 ms delta now: +32.298 ms fps: 30.00 (ts-monotonic, ts-src-eof)
cap dqbuf: 0 seq:   1168 bytesused: 12441600 ts: 3287.211807 delta: 33.332 ms delta now: +32.297 ms fps: 30.00 (ts-monotonic, ts-src-eof)
cap dqbuf: 1 seq:   1169 bytesused: 12441600 ts: 3287.245140 delta: 33.333 ms delta now: +32.308 ms fps: 30.00 (ts-monotonic, ts-src-eof)
cap dqbuf: 2 seq:   1170 bytesused: 12441600 ts: 3287.278473 delta: 33.333 ms delta now: +33.151 ms fps: 30.00 (ts-monotonic, ts-src-eof)
cap dqbuf: 3 seq:   1171 bytesused: 12441600 ts: 3287.311808 delta: 33.335 ms delta now: +33.286 ms fps: 30.00 (ts-monotonic, ts-src-eof)
cap dqbuf: 0 seq:   1172 bytesused: 12441600 ts: 3287.345142 delta: 33.334 ms delta now: +33.176 ms fps: 30.00 (ts-monotonic, ts-src-eof)
cap dqbuf: 1 seq:   1173 bytesused: 12441600 ts: 3287.378475 delta: 33.333 ms delta now: +33.289 ms fps: 30.00 (ts-monotonic, ts-src-eof)
cap dqbuf: 2 seq:   1174 bytesused: 12441600 ts: 3287.411808 delta: 33.333 ms delta now: +33.270 ms fps: 30.00 (ts-monotonic, ts-src-eof)
cap dqbuf: 3 seq:   1175 bytesused: 12441600 ts: 3287.445257 delta: 33.449 ms delta now: +32.407 ms fps: 30.00 (ts-monotonic, ts-src-eof)
cap dqbuf: 0 seq:   1176 bytesused: 12441600 ts: 3287.478473 delta: 33.216 ms delta now: +33.165 ms fps: 30.00 (ts-monotonic, ts-src-eof)
cap dqbuf: 1 seq:   1177 bytesused: 12441600 ts: 3287.511808 delta: 33.335 ms delta now: +32.294 ms fps: 30.00 (ts-monotonic, ts-src-eof)
cap dqbuf: 2 seq:   1178 bytesused: 12441600 ts: 3287.545140 delta: 33.332 ms delta now: +32.299 ms fps: 30.00 (ts-monotonic, ts-src-eof)
cap dqbuf: 3 seq:   1179 bytesused: 12441600 ts: 3287.578473 delta: 33.333 ms delta now: +32.296 ms fps: 30.00 (ts-monotonic, ts-src-eof)
cap dqbuf: 0 seq:   1180 bytesused: 12441600 ts: 3287.611807 delta: 33.334 ms delta now: +32.296 ms fps: 30.00 (ts-monotonic, ts-src-eof)
cap dqbuf: 1 seq:   1181 bytesused: 12441600 ts: 3287.645140 delta: 33.333 ms delta now: +33.176 ms fps: 30.00 (ts-monotonic, ts-src-eof)
cap dqbuf: 2 seq:   1182 bytesused: 12441600 ts: 3287.678475 delta: 33.335 ms delta now: +33.379 ms fps: 30.00 (ts-monotonic, ts-src-eof)
cap dqbuf: 3 seq:   1183 bytesused: 12441600 ts: 3287.711915 delta: 33.440 ms delta now: +32.188 ms fps: 30.00 (ts-monotonic, ts-src-eof)
cap dqbuf: 0 seq:   1184 bytesused: 12441600 ts: 3287.745140 delta: 33.225 ms delta now: +33.285 ms fps: 30.00 (ts-monotonic, ts-src-eof)
cap dqbuf: 1 seq:   1185 bytesused: 12441600 ts: 3287.778475 delta: 33.335 ms delta now: +33.157 ms fps: 30.00 (ts-monotonic, ts-src-eof)
cap dqbuf: 2 seq:   1186 bytesused: 12441600 ts: 3287.811808 delta: 33.333 ms delta now: +33.387 ms fps: 30.00 (ts-monotonic, ts-src-eof)
cap dqbuf: 3 seq:   1187 bytesused: 12441600 ts: 3287.845142 delta: 33.334 ms delta now: +32.295 ms fps: 30.00 (ts-monotonic, ts-src-eof)
cap dqbuf: 0 seq:   1188 bytesused: 12441600 ts: 3287.878473 delta: 33.331 ms delta now: +32.295 ms fps: 30.00 (ts-monotonic, ts-src-eof)
cap dqbuf: 1 seq:   1189 bytesused: 12441600 ts: 3287.911807 delta: 33.334 ms delta now: +32.295 ms fps: 30.00 (ts-monotonic, ts-src-eof)
cap dqbuf: 2 seq:   1190 bytesused: 12441600 ts: 3287.945140 delta: 33.333 ms delta now: +32.296 ms fps: 30.00 (ts-monotonic, ts-src-eof)
cap dqbuf: 3 seq:   1191 bytesused: 12441600 ts: 3287.978473 delta: 33.333 ms delta now: +33.294 ms fps: 30.00 (ts-monotonic, ts-src-eof)
cap dqbuf: 0 seq:   1192 bytesused: 12441600 ts: 3288.011809 delta: 33.336 ms delta now: +33.385 ms fps: 30.00 (ts-monotonic, ts-src-eof)
cap dqbuf: 1 seq:   1193 bytesused: 12441600 ts: 3288.045247 delta: 33.438 ms delta now: +33.481 ms fps: 30.00 (ts-monotonic, ts-src-eof)
cap dqbuf: 2 seq:   1194 bytesused: 12441600 ts: 3288.078579 delta: 33.332 ms delta now: +32.216 ms fps: 30.00 (ts-monotonic, ts-src-eof)
cap dqbuf: 3 seq:   1195 bytesused: 12441600 ts: 3288.111807 delta: 33.228 ms delta now: +33.291 ms fps: 30.00 (ts-monotonic, ts-src-eof)
cap dqbuf: 0 seq:   1196 bytesused: 12441600 ts: 3288.145258 delta: 33.451 ms delta now: +33.178 ms fps: 30.00 (ts-monotonic, ts-src-eof)
cap dqbuf: 1 seq:   1197 bytesused: 12441600 ts: 3288.178589 delta: 33.331 ms delta now: +33.182 ms fps: 30.00 (ts-monotonic, ts-src-eof)
cap dqbuf: 2 seq:   1198 bytesused: 12441600 ts: 3288.211809 delta: 33.220 ms delta now: +33.298 ms fps: 30.00 (ts-monotonic, ts-src-eof)
cap dqbuf: 3 seq:   1199 bytesused: 12441600 ts: 3288.245142 delta: 33.333 ms delta now: +32.300 ms fps: 30.00 (ts-monotonic, ts-src-eof)
cap dqbuf: 0 seq:   1200 bytesused: 12441600 ts: 3288.278473 delta: 33.331 ms delta now: +33.318 ms fps: 30.00 (ts-monotonic, ts-src-eof)
cap dqbuf: 1 seq:   1201 bytesused: 12441600 ts: 3288.311907 delta: 33.434 ms delta now: +32.196 ms fps: 30.00 (ts-monotonic, ts-src-eof)
cap dqbuf: 2 seq:   1202 bytesused: 12441600 ts: 3288.345140 delta: 33.233 ms delta now: +32.296 ms fps: 30.00 (ts-monotonic, ts-src-eof)
cap dqbuf: 3 seq:   1203 bytesused: 12441600 ts: 3288.378473 delta: 33.333 ms delta now: +33.141 ms fps: 30.00 (ts-monotonic, ts-src-eof)
cap dqbuf: 0 seq:   1204 bytesused: 12441600 ts: 3288.411808 delta: 33.335 ms delta now: +32.295 ms fps: 30.00 (ts-monotonic, ts-src-eof)
cap dqbuf: 1 seq:   1205 bytesused: 12441600 ts: 3288.445140 delta: 33.332 ms delta now: +32.881 ms fps: 30.00 (ts-monotonic, ts-src-eof)
cap dqbuf: 2 seq:   1206 bytesused: 12441600 ts: 3288.478473 delta: 33.333 ms delta now: +33.150 ms fps: 30.00 (ts-monotonic, ts-src-eof)
cap dqbuf: 3 seq:   1207 bytesused: 12441600 ts: 3288.511808 delta: 33.335 ms delta now: +33.298 ms fps: 30.00 (ts-monotonic, ts-src-eof)
cap dqbuf: 0 seq:   1208 bytesused: 12441600 ts: 3288.545241 delta: 33.433 ms delta now: +32.201 ms fps: 30.00 (ts-monotonic, ts-src-eof)
cap dqbuf: 1 seq:   1209 bytesused: 12441600 ts: 3288.578473 delta: 33.232 ms delta now: +32.297 ms fps: 30.00 (ts-monotonic, ts-src-eof)
cap dqbuf: 2 seq:   1210 bytesused: 12441600 ts: 3288.611807 delta: 33.334 ms delta now: +33.340 ms fps: 30.00 (ts-monotonic, ts-src-eof)
cap dqbuf: 3 seq:   1211 bytesused: 12441600 ts: 3288.645142 delta: 33.335 ms delta now: +33.274 ms fps: 30.00 (ts-monotonic, ts-src-eof)
cap dqbuf: 0 seq:   1212 bytesused: 12441600 ts: 3288.678475 delta: 33.333 ms delta now: +32.295 ms fps: 30.00 (ts-monotonic, ts-src-eof)
cap dqbuf: 1 seq:   1213 bytesused: 12441600 ts: 3288.711807 delta: 33.332 ms delta now: +32.295 ms fps: 30.00 (ts-monotonic, ts-src-eof)
cap dqbuf: 2 seq:   1214 bytesused: 12441600 ts: 3288.745140 delta: 33.333 ms delta now: +32.295 ms fps: 30.00 (ts-monotonic, ts-src-eof)
cap dqbuf: 3 seq:   1215 bytesused: 12441600 ts: 3288.778475 delta: 33.335 ms delta now: +33.357 ms fps: 30.00 (ts-monotonic, ts-src-eof)
cap dqbuf: 0 seq:   1216 bytesused: 12441600 ts: 3288.811812 delta: 33.337 ms delta now: +33.146 ms fps: 30.00 (ts-monotonic, ts-src-eof)
cap dqbuf: 1 seq:   1217 bytesused: 12441600 ts: 3288.845142 delta: 33.330 ms delta now: +32.294 ms fps: 30.00 (ts-monotonic, ts-src-eof)
cap dqbuf: 2 seq:   1218 bytesused: 12441600 ts: 3288.878473 delta: 33.331 ms delta now: +33.158 ms fps: 30.00 (ts-monotonic, ts-src-eof)
cap dqbuf: 3 seq:   1219 bytesused: 12441600 ts: 3288.911809 delta: 33.336 ms delta now: +33.295 ms fps: 30.00 (ts-monotonic, ts-src-eof)
cap dqbuf: 0 seq:   1220 bytesused: 12441600 ts: 3288.945141 delta: 33.332 ms delta now: +33.300 ms fps: 30.00 (ts-monotonic, ts-src-eof)
cap dqbuf: 1 seq:   1221 bytesused: 12441600 ts: 3288.978475 delta: 33.334 ms delta now: +33.148 ms fps: 30.00 (ts-monotonic, ts-src-eof)
cap dqbuf: 2 seq:   1222 bytesused: 12441600 ts: 3289.011821 delta: 33.346 ms delta now: +32.728 ms fps: 30.00 (ts-monotonic, ts-src-eof)
cap dqbuf: 3 seq:   1223 bytesused: 12441600 ts: 3289.045140 delta: 33.319 ms delta now: +33.316 ms fps: 30.00 (ts-monotonic, ts-src-eof)
cap dqbuf: 0 seq:   1224 bytesused: 12441600 ts: 3289.078576 delta: 33.436 ms delta now: +32.220 ms fps: 30.00 (ts-monotonic, ts-src-eof)
cap dqbuf: 1 seq:   1225 bytesused: 12441600 ts: 3289.111807 delta: 33.231 ms delta now: +33.307 ms fps: 30.00 (ts-monotonic, ts-src-eof)
cap dqbuf: 2 seq:   1226 bytesused: 12441600 ts: 3289.145261 delta: 33.454 ms delta now: +33.175 ms fps: 30.00 (ts-monotonic, ts-src-eof)
cap dqbuf: 3 seq:   1227 bytesused: 12441600 ts: 3289.178476 delta: 33.215 ms delta now: +32.307 ms fps: 30.00 (ts-monotonic, ts-src-eof)
cap dqbuf: 0 seq:   1228 bytesused: 12441600 ts: 3289.211807 delta: 33.331 ms delta now: +32.295 ms fps: 30.00 (ts-monotonic, ts-src-eof)
cap dqbuf: 1 seq:   1229 bytesused: 12441600 ts: 3289.245140 delta: 33.333 ms delta now: +32.308 ms fps: 30.00 (ts-monotonic, ts-src-eof)
cap dqbuf: 2 seq:   1230 bytesused: 12441600 ts: 3289.278474 delta: 33.334 ms delta now: +33.160 ms fps: 30.00 (ts-monotonic, ts-src-eof)
cap dqbuf: 3 seq:   1231 bytesused: 12441600 ts: 3289.311808 delta: 33.334 ms delta now: +33.173 ms fps: 30.00 (ts-monotonic, ts-src-eof)
cap dqbuf: 0 seq:   1232 bytesused: 12441600 ts: 3289.345140 delta: 33.332 ms delta now: +33.207 ms fps: 30.00 (ts-monotonic, ts-src-eof)
cap dqbuf: 1 seq:   1233 bytesused: 12441600 ts: 3289.378474 delta: 33.334 ms delta now: +32.300 ms fps: 30.00 (ts-monotonic, ts-src-eof)
cap dqbuf: 2 seq:   1234 bytesused: 12441600 ts: 3289.411807 delta: 33.333 ms delta now: +33.417 ms fps: 30.00 (ts-monotonic, ts-src-eof)
cap dqbuf: 3 seq:   1235 bytesused: 12441600 ts: 3289.445240 delta: 33.433 ms delta now: +32.197 ms fps: 30.00 (ts-monotonic, ts-src-eof)
cap dqbuf: 0 seq:   1236 bytesused: 12441600 ts: 3289.478474 delta: 33.234 ms delta now: +33.151 ms fps: 30.00 (ts-monotonic, ts-src-eof)
cap dqbuf: 1 seq:   1237 bytesused: 12441600 ts: 3289.511809 delta: 33.335 ms delta now: +33.149 ms fps: 30.00 (ts-monotonic, ts-src-eof)
cap dqbuf: 2 seq:   1238 bytesused: 12441600 ts: 3289.545142 delta: 33.333 ms delta now: +33.307 ms fps: 30.00 (ts-monotonic, ts-src-eof)
cap dqbuf: 3 seq:   1239 bytesused: 12441600 ts: 3289.578476 delta: 33.334 ms delta now: +33.155 ms fps: 30.00 (ts-monotonic, ts-src-eof)
cap dqbuf: 0 seq:   1240 bytesused: 12441600 ts: 3289.611809 delta: 33.333 ms delta now: +33.135 ms fps: 30.00 (ts-monotonic, ts-src-eof)
cap dqbuf: 1 seq:   1241 bytesused: 12441600 ts: 3289.645140 delta: 33.331 ms delta now: +33.188 ms fps: 30.00 (ts-monotonic, ts-src-eof)
cap dqbuf: 2 seq:   1242 bytesused: 12441600 ts: 3289.678476 delta: 33.336 ms delta now: +33.282 ms fps: 30.00 (ts-monotonic, ts-src-eof)
cap dqbuf: 3 seq:   1243 bytesused: 12441600 ts: 3289.711809 delta: 33.333 ms delta now: +33.174 ms fps: 30.00 (ts-monotonic, ts-src-eof)
cap dqbuf: 0 seq:   1244 bytesused: 12441600 ts: 3289.745142 delta: 33.333 ms delta now: +33.311 ms fps: 30.00 (ts-monotonic, ts-src-eof)
cap dqbuf: 1 seq:   1245 bytesused: 12441600 ts: 3289.778476 delta: 33.334 ms delta now: +32.295 ms fps: 30.00 (ts-monotonic, ts-src-eof)
cap dqbuf: 2 seq:   1246 bytesused: 12441600 ts: 3289.811807 delta: 33.331 ms delta now: +32.299 ms fps: 30.00 (ts-monotonic, ts-src-eof)
cap dqbuf: 3 seq:   1247 bytesused: 12441600 ts: 3289.845140 delta: 33.333 ms delta now: +32.296 ms fps: 30.00 (ts-monotonic, ts-src-eof)
cap dqbuf: 0 seq:   1248 bytesused: 12441600 ts: 3289.878473 delta: 33.333 ms delta now: +33.292 ms fps: 30.00 (ts-monotonic, ts-src-eof)
cap dqbuf: 1 seq:   1249 bytesused: 12441600 ts: 3289.911809 delta: 33.336 ms delta now: +32.295 ms fps: 30.00 (ts-monotonic, ts-src-eof)
cap dqbuf: 2 seq:   1250 bytesused: 12441600 ts: 3289.945142 delta: 33.333 ms delta now: +33.363 ms fps: 30.00 (ts-monotonic, ts-src-eof)
cap dqbuf: 3 seq:   1251 bytesused: 12441600 ts: 3289.978476 delta: 33.334 ms delta now: +33.151 ms fps: 30.00 (ts-monotonic, ts-src-eof)
cap dqbuf: 0 seq:   1252 bytesused: 12441600 ts: 3290.011809 delta: 33.333 ms delta now: +33.149 ms fps: 30.00 (ts-monotonic, ts-src-eof)
cap dqbuf: 1 seq:   1253 bytesused: 12441600 ts: 3290.045142 delta: 33.333 ms delta now: +33.393 ms fps: 30.00 (ts-monotonic, ts-src-eof)
cap dqbuf: 2 seq:   1254 bytesused: 12441600 ts: 3290.078476 delta: 33.334 ms delta now: +33.405 ms fps: 30.00 (ts-monotonic, ts-src-eof)
cap dqbuf: 3 seq:   1255 bytesused: 12441600 ts: 3290.111909 delta: 33.433 ms delta now: +32.206 ms fps: 30.00 (ts-monotonic, ts-src-eof)
cap dqbuf: 0 seq:   1256 bytesused: 12441600 ts: 3290.145140 delta: 33.231 ms delta now: +33.299 ms fps: 30.00 (ts-monotonic, ts-src-eof)
cap dqbuf: 1 seq:   1257 bytesused: 12441600 ts: 3290.178476 delta: 33.336 ms delta now: +33.154 ms fps: 30.00 (ts-monotonic, ts-src-eof)
cap dqbuf: 2 seq:   1258 bytesused: 12441600 ts: 3290.211808 delta: 33.332 ms delta now: +32.351 ms fps: 30.00 (ts-monotonic, ts-src-eof)
cap dqbuf: 3 seq:   1259 bytesused: 12441600 ts: 3290.245140 delta: 33.332 ms delta now: +32.340 ms fps: 30.00 (ts-monotonic, ts-src-eof)
cap dqbuf: 0 seq:   1260 bytesused: 12441600 ts: 3290.278474 delta: 33.334 ms delta now: +33.316 ms fps: 30.00 (ts-monotonic, ts-src-eof)
cap dqbuf: 1 seq:   1261 bytesused: 12441600 ts: 3290.311809 delta: 33.335 ms delta now: +33.304 ms fps: 30.00 (ts-monotonic, ts-src-eof)
cap dqbuf: 2 seq:   1262 bytesused: 12441600 ts: 3290.345142 delta: 33.333 ms delta now: +32.294 ms fps: 30.00 (ts-monotonic, ts-src-eof)
cap dqbuf: 3 seq:   1263 bytesused: 12441600 ts: 3290.378474 delta: 33.332 ms delta now: +33.387 ms fps: 30.00 (ts-monotonic, ts-src-eof)
cap dqbuf: 0 seq:   1264 bytesused: 12441600 ts: 3290.411809 delta: 33.335 ms delta now: +32.293 ms fps: 30.00 (ts-monotonic, ts-src-eof)
cap dqbuf: 1 seq:   1265 bytesused: 12441600 ts: 3290.445140 delta: 33.331 ms delta now: +32.296 ms fps: 30.00 (ts-monotonic, ts-src-eof)
cap dqbuf: 2 seq:   1266 bytesused: 12441600 ts: 3290.478474 delta: 33.334 ms delta now: +33.378 ms fps: 30.00 (ts-monotonic, ts-src-eof)
cap dqbuf: 3 seq:   1267 bytesused: 12441600 ts: 3290.511811 delta: 33.337 ms delta now: +32.990 ms fps: 30.00 (ts-monotonic, ts-src-eof)
cap dqbuf: 0 seq:   1268 bytesused: 12441600 ts: 3290.545142 delta: 33.331 ms delta now: +33.317 ms fps: 30.00 (ts-monotonic, ts-src-eof)
cap dqbuf: 1 seq:   1269 bytesused: 12441600 ts: 3290.578574 delta: 33.432 ms delta now: +32.903 ms fps: 30.00 (ts-monotonic, ts-src-eof)
cap dqbuf: 2 seq:   1270 bytesused: 12441600 ts: 3290.611807 delta: 33.233 ms delta now: +33.157 ms fps: 30.00 (ts-monotonic, ts-src-eof)
cap dqbuf: 3 seq:   1271 bytesused: 12441600 ts: 3290.645147 delta: 33.340 ms delta now: +33.476 ms fps: 30.00 (ts-monotonic, ts-src-eof)
cap dqbuf: 0 seq:   1272 bytesused: 12441600 ts: 3290.678580 delta: 33.433 ms delta now: +33.261 ms fps: 30.00 (ts-monotonic, ts-src-eof)
cap dqbuf: 1 seq:   1273 bytesused: 12441600 ts: 3290.711809 delta: 33.229 ms delta now: +32.294 ms fps: 30.00 (ts-monotonic, ts-src-eof)
cap dqbuf: 2 seq:   1274 bytesused: 12441600 ts: 3290.745140 delta: 33.331 ms delta now: +32.304 ms fps: 30.00 (ts-monotonic, ts-src-eof)
cap dqbuf: 3 seq:   1275 bytesused: 12441600 ts: 3290.778476 delta: 33.336 ms delta now: +33.176 ms fps: 30.00 (ts-monotonic, ts-src-eof)
cap dqbuf: 0 seq:   1276 bytesused: 12441600 ts: 3290.811809 delta: 33.333 ms delta now: +32.295 ms fps: 30.00 (ts-monotonic, ts-src-eof)
cap dqbuf: 1 seq:   1277 bytesused: 12441600 ts: 3290.845140 delta: 33.331 ms delta now: +33.162 ms fps: 30.00 (ts-monotonic, ts-src-eof)
cap dqbuf: 2 seq:   1278 bytesused: 12441600 ts: 3290.878476 delta: 33.336 ms delta now: +33.149 ms fps: 30.00 (ts-monotonic, ts-src-eof)
cap dqbuf: 3 seq:   1279 bytesused: 12441600 ts: 3290.911809 delta: 33.333 ms delta now: +33.178 ms fps: 30.00 (ts-monotonic, ts-src-eof)
cap dqbuf: 0 seq:   1280 bytesused: 12441600 ts: 3290.945142 delta: 33.333 ms delta now: +32.295 ms fps: 30.00 (ts-monotonic, ts-src-eof)
cap dqbuf: 1 seq:   1281 bytesused: 12441600 ts: 3290.978476 delta: 33.334 ms delta now: +33.161 ms fps: 30.00 (ts-monotonic, ts-src-eof)
cap dqbuf: 2 seq:   1282 bytesused: 12441600 ts: 3291.011809 delta: 33.333 ms delta now: +32.297 ms fps: 30.00 (ts-monotonic, ts-src-eof)
cap dqbuf: 3 seq:   1283 bytesused: 12441600 ts: 3291.045140 delta: 33.331 ms delta now: +33.144 ms fps: 30.00 (ts-monotonic, ts-src-eof)
cap dqbuf: 0 seq:   1284 bytesused: 12441600 ts: 3291.078475 delta: 33.335 ms delta now: +33.319 ms fps: 30.00 (ts-monotonic, ts-src-eof)
cap dqbuf: 1 seq:   1285 bytesused: 12441600 ts: 3291.111809 delta: 33.334 ms delta now: +32.302 ms fps: 30.00 (ts-monotonic, ts-src-eof)
cap dqbuf: 2 seq:   1286 bytesused: 12441600 ts: 3291.145140 delta: 33.331 ms delta now: +33.150 ms fps: 30.00 (ts-monotonic, ts-src-eof)
cap dqbuf: 3 seq:   1287 bytesused: 12441600 ts: 3291.178475 delta: 33.335 ms delta now: +33.153 ms fps: 30.00 (ts-monotonic, ts-src-eof)
cap dqbuf: 0 seq:   1288 bytesused: 12441600 ts: 3291.211809 delta: 33.334 ms delta now: +33.298 ms fps: 30.00 (ts-monotonic, ts-src-eof)
cap dqbuf: 1 seq:   1289 bytesused: 12441600 ts: 3291.245142 delta: 33.333 ms delta now: +33.278 ms fps: 30.00 (ts-monotonic, ts-src-eof)
cap dqbuf: 2 seq:   1290 bytesused: 12441600 ts: 3291.278476 delta: 33.334 ms delta now: +33.150 ms fps: 30.00 (ts-monotonic, ts-src-eof)
cap dqbuf: 3 seq:   1291 bytesused: 12441600 ts: 3291.311809 delta: 33.333 ms delta now: +33.298 ms fps: 30.00 (ts-monotonic, ts-src-eof)
cap dqbuf: 0 seq:   1292 bytesused: 12441600 ts: 3291.345143 delta: 33.334 ms delta now: +33.397 ms fps: 30.00 (ts-monotonic, ts-src-eof)
cap dqbuf: 1 seq:   1293 bytesused: 12441600 ts: 3291.378594 delta: 33.451 ms delta now: +32.177 ms fps: 30.00 (ts-monotonic, ts-src-eof)
cap dqbuf: 2 seq:   1294 bytesused: 12441600 ts: 3291.411807 delta: 33.213 ms delta now: +33.165 ms fps: 30.00 (ts-monotonic, ts-src-eof)
cap dqbuf: 3 seq:   1295 bytesused: 12441600 ts: 3291.445142 delta: 33.335 ms delta now: +33.286 ms fps: 30.00 (ts-monotonic, ts-src-eof)
cap dqbuf: 0 seq:   1296 bytesused: 12441600 ts: 3291.478476 delta: 33.334 ms delta now: +32.297 ms fps: 30.00 (ts-monotonic, ts-src-eof)
cap dqbuf: 1 seq:   1297 bytesused: 12441600 ts: 3291.511807 delta: 33.331 ms delta now: +33.153 ms fps: 30.00 (ts-monotonic, ts-src-eof)
cap dqbuf: 2 seq:   1298 bytesused: 12441600 ts: 3291.545142 delta: 33.335 ms delta now: +33.374 ms fps: 30.00 (ts-monotonic, ts-src-eof)
cap dqbuf: 3 seq:   1299 bytesused: 12441600 ts: 3291.578476 delta: 33.334 ms delta now: +33.163 ms fps: 30.00 (ts-monotonic, ts-src-eof)
cap dqbuf: 0 seq:   1300 bytesused: 12441600 ts: 3291.611809 delta: 33.333 ms delta now: +33.282 ms fps: 30.00 (ts-monotonic, ts-src-eof)
cap dqbuf: 1 seq:   1301 bytesused: 12441600 ts: 3291.645143 delta: 33.334 ms delta now: +32.294 ms fps: 30.00 (ts-monotonic, ts-src-eof)
cap dqbuf: 2 seq:   1302 bytesused: 12441600 ts: 3291.678474 delta: 33.331 ms delta now: +33.400 ms fps: 30.00 (ts-monotonic, ts-src-eof)
cap dqbuf: 3 seq:   1303 bytesused: 12441600 ts: 3291.711908 delta: 33.434 ms delta now: +33.178 ms fps: 30.00 (ts-monotonic, ts-src-eof)
cap dqbuf: 0 seq:   1304 bytesused: 12441600 ts: 3291.745143 delta: 33.235 ms delta now: +33.359 ms fps: 30.00 (ts-monotonic, ts-src-eof)
cap dqbuf: 1 seq:   1305 bytesused: 12441600 ts: 3291.778578 delta: 33.435 ms delta now: +33.169 ms fps: 30.00 (ts-monotonic, ts-src-eof)
cap dqbuf: 2 seq:   1306 bytesused: 12441600 ts: 3291.811807 delta: 33.229 ms delta now: +32.296 ms fps: 30.00 (ts-monotonic, ts-src-eof)
cap dqbuf: 3 seq:   1307 bytesused: 12441600 ts: 3291.845141 delta: 33.334 ms delta now: +33.362 ms fps: 30.00 (ts-monotonic, ts-src-eof)
cap dqbuf: 0 seq:   1308 bytesused: 12441600 ts: 3291.878475 delta: 33.334 ms delta now: +32.294 ms fps: 30.00 (ts-monotonic, ts-src-eof)
cap dqbuf: 1 seq:   1309 bytesused: 12441600 ts: 3291.911807 delta: 33.332 ms delta now: +33.319 ms fps: 30.00 (ts-monotonic, ts-src-eof)
cap dqbuf: 2 seq:   1310 bytesused: 12441600 ts: 3291.945143 delta: 33.336 ms delta now: +33.145 ms fps: 30.00 (ts-monotonic, ts-src-eof)
cap dqbuf: 3 seq:   1311 bytesused: 12441600 ts: 3291.978475 delta: 33.332 ms delta now: +33.315 ms fps: 30.00 (ts-monotonic, ts-src-eof)
cap dqbuf: 0 seq:   1312 bytesused: 12441600 ts: 3292.011809 delta: 33.334 ms delta now: +32.295 ms fps: 30.00 (ts-monotonic, ts-src-eof)
cap dqbuf: 1 seq:   1313 bytesused: 12441600 ts: 3292.045140 delta: 33.331 ms delta now: +33.154 ms fps: 30.00 (ts-monotonic, ts-src-eof)
cap dqbuf: 2 seq:   1314 bytesused: 12441600 ts: 3292.078476 delta: 33.336 ms delta now: +33.289 ms fps: 30.00 (ts-monotonic, ts-src-eof)
cap dqbuf: 3 seq:   1315 bytesused: 12441600 ts: 3292.111809 delta: 33.333 ms delta now: +33.289 ms fps: 30.00 (ts-monotonic, ts-src-eof)
cap dqbuf: 0 seq:   1316 bytesused: 12441600 ts: 3292.145142 delta: 33.333 ms delta now: +32.303 ms fps: 30.00 (ts-monotonic, ts-src-eof)
cap dqbuf: 1 seq:   1317 bytesused: 12441600 ts: 3292.178474 delta: 33.332 ms delta now: +32.298 ms fps: 30.00 (ts-monotonic, ts-src-eof)
cap dqbuf: 2 seq:   1318 bytesused: 12441600 ts: 3292.211807 delta: 33.333 ms delta now: +32.296 ms fps: 30.00 (ts-monotonic, ts-src-eof)
cap dqbuf: 3 seq:   1319 bytesused: 12441600 ts: 3292.245140 delta: 33.333 ms delta now: +33.300 ms fps: 30.00 (ts-monotonic, ts-src-eof)
cap dqbuf: 0 seq:   1320 bytesused: 12441600 ts: 3292.278482 delta: 33.342 ms delta now: +33.288 ms fps: 30.00 (ts-monotonic, ts-src-eof)
cap dqbuf: 1 seq:   1321 bytesused: 12441600 ts: 3292.311908 delta: 33.426 ms delta now: +32.236 ms fps: 30.00 (ts-monotonic, ts-src-eof)
cap dqbuf: 2 seq:   1322 bytesused: 12441600 ts: 3292.345140 delta: 33.232 ms delta now: +33.157 ms fps: 30.00 (ts-monotonic, ts-src-eof)
cap dqbuf: 3 seq:   1323 bytesused: 12441600 ts: 3292.378476 delta: 33.336 ms delta now: +32.294 ms fps: 30.00 (ts-monotonic, ts-src-eof)
cap dqbuf: 0 seq:   1324 bytesused: 12441600 ts: 3292.411807 delta: 33.331 ms delta now: +33.175 ms fps: 30.00 (ts-monotonic, ts-src-eof)
cap dqbuf: 1 seq:   1325 bytesused: 12441600 ts: 3292.445142 delta: 33.335 ms delta now: +33.307 ms fps: 30.00 (ts-monotonic, ts-src-eof)
cap dqbuf: 2 seq:   1326 bytesused: 12441600 ts: 3292.478574 delta: 33.432 ms delta now: +32.197 ms fps: 30.00 (ts-monotonic, ts-src-eof)
cap dqbuf: 3 seq:   1327 bytesused: 12441600 ts: 3292.511807 delta: 33.233 ms delta now: +33.149 ms fps: 30.00 (ts-monotonic, ts-src-eof)
cap dqbuf: 0 seq:   1328 bytesused: 12441600 ts: 3292.545142 delta: 33.335 ms delta now: +33.430 ms fps: 30.00 (ts-monotonic, ts-src-eof)
cap dqbuf: 1 seq:   1329 bytesused: 12441600 ts: 3292.578478 delta: 33.336 ms delta now: +33.146 ms fps: 30.00 (ts-monotonic, ts-src-eof)
cap dqbuf: 2 seq:   1330 bytesused: 12441600 ts: 3292.611809 delta: 33.331 ms delta now: +33.276 ms fps: 30.00 (ts-monotonic, ts-src-eof)
cap dqbuf: 3 seq:   1331 bytesused: 12441600 ts: 3292.645143 delta: 33.334 ms delta now: +32.295 ms fps: 30.00 (ts-monotonic, ts-src-eof)
cap dqbuf: 0 seq:   1332 bytesused: 12441600 ts: 3292.678476 delta: 33.333 ms delta now: +33.315 ms fps: 30.00 (ts-monotonic, ts-src-eof)
cap dqbuf: 1 seq:   1333 bytesused: 12441600 ts: 3292.711809 delta: 33.333 ms delta now: +32.303 ms fps: 30.00 (ts-monotonic, ts-src-eof)
cap dqbuf: 2 seq:   1334 bytesused: 12441600 ts: 3292.745141 delta: 33.332 ms delta now: +33.194 ms fps: 30.00 (ts-monotonic, ts-src-eof)
cap dqbuf: 3 seq:   1335 bytesused: 12441600 ts: 3292.778475 delta: 33.334 ms delta now: +33.328 ms fps: 30.00 (ts-monotonic, ts-src-eof)
cap dqbuf: 0 seq:   1336 bytesused: 12441600 ts: 3292.811928 delta: 33.453 ms delta now: +33.178 ms fps: 30.00 (ts-monotonic, ts-src-eof)
cap dqbuf: 1 seq:   1337 bytesused: 12441600 ts: 3292.845260 delta: 33.332 ms delta now: +33.177 ms fps: 30.00 (ts-monotonic, ts-src-eof)
cap dqbuf: 2 seq:   1338 bytesused: 12441600 ts: 3292.878593 delta: 33.333 ms delta now: +32.177 ms fps: 30.00 (ts-monotonic, ts-src-eof)
cap dqbuf: 3 seq:   1339 bytesused: 12441600 ts: 3292.911807 delta: 33.214 ms delta now: +33.150 ms fps: 30.00 (ts-monotonic, ts-src-eof)
cap dqbuf: 0 seq:   1340 bytesused: 12441600 ts: 3292.945142 delta: 33.335 ms delta now: +33.306 ms fps: 30.00 (ts-monotonic, ts-src-eof)
cap dqbuf: 1 seq:   1341 bytesused: 12441600 ts: 3292.978476 delta: 33.334 ms delta now: +33.174 ms fps: 30.00 (ts-monotonic, ts-src-eof)
cap dqbuf: 2 seq:   1342 bytesused: 12441600 ts: 3293.011809 delta: 33.333 ms delta now: +33.321 ms fps: 30.00 (ts-monotonic, ts-src-eof)
cap dqbuf: 3 seq:   1343 bytesused: 12441600 ts: 3293.045142 delta: 33.333 ms delta now: +33.560 ms fps: 30.00 (ts-monotonic, ts-src-eof)
cap dqbuf: 0 seq:   1344 bytesused: 12441600 ts: 3293.078476 delta: 33.334 ms delta now: +32.311 ms fps: 30.00 (ts-monotonic, ts-src-eof)
cap dqbuf: 1 seq:   1345 bytesused: 12441600 ts: 3293.111807 delta: 33.331 ms delta now: +33.142 ms fps: 30.00 (ts-monotonic, ts-src-eof)
cap dqbuf: 2 seq:   1346 bytesused: 12441600 ts: 3293.145142 delta: 33.335 ms delta now: +32.343 ms fps: 30.00 (ts-monotonic, ts-src-eof)
cap dqbuf: 3 seq:   1347 bytesused: 12441600 ts: 3293.178474 delta: 33.332 ms delta now: +33.291 ms fps: 30.00 (ts-monotonic, ts-src-eof)
cap dqbuf: 0 seq:   1348 bytesused: 12441600 ts: 3293.211809 delta: 33.335 ms delta now: +33.155 ms fps: 30.00 (ts-monotonic, ts-src-eof)
cap dqbuf: 1 seq:   1349 bytesused: 12441600 ts: 3293.245142 delta: 33.333 ms delta now: +33.295 ms fps: 30.00 (ts-monotonic, ts-src-eof)
cap dqbuf: 2 seq:   1350 bytesused: 12441600 ts: 3293.278476 delta: 33.334 ms delta now: +33.169 ms fps: 30.00 (ts-monotonic, ts-src-eof)
cap dqbuf: 3 seq:   1351 bytesused: 12441600 ts: 3293.311809 delta: 33.333 ms delta now: +33.301 ms fps: 30.00 (ts-monotonic, ts-src-eof)
cap dqbuf: 0 seq:   1352 bytesused: 12441600 ts: 3293.345143 delta: 33.334 ms delta now: +33.156 ms fps: 30.00 (ts-monotonic, ts-src-eof)
cap dqbuf: 1 seq:   1353 bytesused: 12441600 ts: 3293.378474 delta: 33.331 ms delta now: +32.297 ms fps: 30.00 (ts-monotonic, ts-src-eof)
cap dqbuf: 2 seq:   1354 bytesused: 12441600 ts: 3293.411807 delta: 33.333 ms delta now: +33.322 ms fps: 30.00 (ts-monotonic, ts-src-eof)
cap dqbuf: 3 seq:   1355 bytesused: 12441600 ts: 3293.445261 delta: 33.454 ms delta now: +32.176 ms fps: 30.00 (ts-monotonic, ts-src-eof)
cap dqbuf: 0 seq:   1356 bytesused: 12441600 ts: 3293.478474 delta: 33.213 ms delta now: +33.178 ms fps: 30.00 (ts-monotonic, ts-src-eof)
cap dqbuf: 1 seq:   1357 bytesused: 12441600 ts: 3293.511809 delta: 33.335 ms delta now: +33.347 ms fps: 30.00 (ts-monotonic, ts-src-eof)
cap dqbuf: 2 seq:   1358 bytesused: 12441600 ts: 3293.545143 delta: 33.334 ms delta now: +33.164 ms fps: 30.00 (ts-monotonic, ts-src-eof)
cap dqbuf: 3 seq:   1359 bytesused: 12441600 ts: 3293.578476 delta: 33.333 ms delta now: +33.326 ms fps: 30.00 (ts-monotonic, ts-src-eof)
cap dqbuf: 0 seq:   1360 bytesused: 12441600 ts: 3293.611961 delta: 33.485 ms delta now: +32.666 ms fps: 30.00 (ts-monotonic, ts-src-eof)
cap dqbuf: 1 seq:   1361 bytesused: 12441600 ts: 3293.645141 delta: 33.180 ms delta now: +33.145 ms fps: 30.00 (ts-monotonic, ts-src-eof)
cap dqbuf: 2 seq:   1362 bytesused: 12441600 ts: 3293.678476 delta: 33.335 ms delta now: +33.148 ms fps: 30.00 (ts-monotonic, ts-src-eof)
cap dqbuf: 3 seq:   1363 bytesused: 12441600 ts: 3293.711809 delta: 33.333 ms delta now: +33.310 ms fps: 30.00 (ts-monotonic, ts-src-eof)
cap dqbuf: 0 seq:   1364 bytesused: 12441600 ts: 3293.745143 delta: 33.334 ms delta now: +32.807 ms fps: 30.00 (ts-monotonic, ts-src-eof)
cap dqbuf: 1 seq:   1365 bytesused: 12441600 ts: 3293.778476 delta: 33.333 ms delta now: +33.298 ms fps: 30.00 (ts-monotonic, ts-src-eof)
cap dqbuf: 2 seq:   1366 bytesused: 12441600 ts: 3293.811809 delta: 33.333 ms delta now: +33.179 ms fps: 30.00 (ts-monotonic, ts-src-eof)
cap dqbuf: 3 seq:   1367 bytesused: 12441600 ts: 3293.845143 delta: 33.334 ms delta now: +32.292 ms fps: 30.00 (ts-monotonic, ts-src-eof)
cap dqbuf: 0 seq:   1368 bytesused: 12441600 ts: 3293.878474 delta: 33.331 ms delta now: +33.150 ms fps: 30.00 (ts-monotonic, ts-src-eof)
cap dqbuf: 1 seq:   1369 bytesused: 12441600 ts: 3293.911809 delta: 33.335 ms delta now: +33.304 ms fps: 30.00 (ts-monotonic, ts-src-eof)
cap dqbuf: 2 seq:   1370 bytesused: 12441600 ts: 3293.945143 delta: 33.334 ms delta now: +33.155 ms fps: 30.00 (ts-monotonic, ts-src-eof)
cap dqbuf: 3 seq:   1371 bytesused: 12441600 ts: 3293.978476 delta: 33.333 ms delta now: +33.291 ms fps: 30.00 (ts-monotonic, ts-src-eof)
cap dqbuf: 0 seq:   1372 bytesused: 12441600 ts: 3294.011808 delta: 33.332 ms delta now: +33.302 ms fps: 30.00 (ts-monotonic, ts-src-eof)
cap dqbuf: 1 seq:   1373 bytesused: 12441600 ts: 3294.045141 delta: 33.333 ms delta now: +33.414 ms fps: 30.00 (ts-monotonic, ts-src-eof)
cap dqbuf: 2 seq:   1374 bytesused: 12441600 ts: 3294.078576 delta: 33.435 ms delta now: +33.060 ms fps: 30.00 (ts-monotonic, ts-src-eof)
cap dqbuf: 3 seq:   1375 bytesused: 12441600 ts: 3294.111808 delta: 33.232 ms delta now: +33.402 ms fps: 30.00 (ts-monotonic, ts-src-eof)
cap dqbuf: 0 seq:   1376 bytesused: 12441600 ts: 3294.145146 delta: 33.338 ms delta now: +32.415 ms fps: 30.00 (ts-monotonic, ts-src-eof)
cap dqbuf: 1 seq:   1377 bytesused: 12441600 ts: 3294.178474 delta: 33.328 ms delta now: +32.299 ms fps: 30.00 (ts-monotonic, ts-src-eof)
cap dqbuf: 2 seq:   1378 bytesused: 12441600 ts: 3294.211809 delta: 33.335 ms delta now: +33.314 ms fps: 30.00 (ts-monotonic, ts-src-eof)
cap dqbuf: 3 seq:   1379 bytesused: 12441600 ts: 3294.245143 delta: 33.334 ms delta now: +33.165 ms fps: 30.00 (ts-monotonic, ts-src-eof)
cap dqbuf: 0 seq:   1380 bytesused: 12441600 ts: 3294.278476 delta: 33.333 ms delta now: +33.304 ms fps: 30.00 (ts-monotonic, ts-src-eof)
cap dqbuf: 1 seq:   1381 bytesused: 12441600 ts: 3294.311810 delta: 33.334 ms delta now: +33.278 ms fps: 30.00 (ts-monotonic, ts-src-eof)
cap dqbuf: 2 seq:   1382 bytesused: 12441600 ts: 3294.345143 delta: 33.333 ms delta now: +32.293 ms fps: 30.00 (ts-monotonic, ts-src-eof)
cap dqbuf: 3 seq:   1383 bytesused: 12441600 ts: 3294.378474 delta: 33.331 ms delta now: +33.151 ms fps: 30.00 (ts-monotonic, ts-src-eof)
cap dqbuf: 0 seq:   1384 bytesused: 12441600 ts: 3294.411809 delta: 33.335 ms delta now: +33.288 ms fps: 30.00 (ts-monotonic, ts-src-eof)
cap dqbuf: 1 seq:   1385 bytesused: 12441600 ts: 3294.445143 delta: 33.334 ms delta now: +32.294 ms fps: 30.00 (ts-monotonic, ts-src-eof)
cap dqbuf: 2 seq:   1386 bytesused: 12441600 ts: 3294.478474 delta: 33.331 ms delta now: +33.150 ms fps: 30.00 (ts-monotonic, ts-src-eof)
cap dqbuf: 3 seq:   1387 bytesused: 12441600 ts: 3294.511809 delta: 33.335 ms delta now: +33.279 ms fps: 30.00 (ts-monotonic, ts-src-eof)
cap dqbuf: 0 seq:   1388 bytesused: 12441600 ts: 3294.545243 delta: 33.434 ms delta now: +32.196 ms fps: 30.00 (ts-monotonic, ts-src-eof)
cap dqbuf: 1 seq:   1389 bytesused: 12441600 ts: 3294.578474 delta: 33.231 ms delta now: +33.432 ms fps: 30.00 (ts-monotonic, ts-src-eof)
cap dqbuf: 2 seq:   1390 bytesused: 12441600 ts: 3294.611810 delta: 33.336 ms delta now: +32.294 ms fps: 30.00 (ts-monotonic, ts-src-eof)
cap dqbuf: 3 seq:   1391 bytesused: 12441600 ts: 3294.645142 delta: 33.332 ms delta now: +32.294 ms fps: 30.00 (ts-monotonic, ts-src-eof)
cap dqbuf: 0 seq:   1392 bytesused: 12441600 ts: 3294.678474 delta: 33.332 ms delta now: +32.296 ms fps: 30.00 (ts-monotonic, ts-src-eof)
cap dqbuf: 1 seq:   1393 bytesused: 12441600 ts: 3294.711807 delta: 33.333 ms delta now: +32.295 ms fps: 30.00 (ts-monotonic, ts-src-eof)
cap dqbuf: 2 seq:   1394 bytesused: 12441600 ts: 3294.745140 delta: 33.333 ms delta now: +33.176 ms fps: 30.00 (ts-monotonic, ts-src-eof)
cap dqbuf: 3 seq:   1395 bytesused: 12441600 ts: 3294.778476 delta: 33.336 ms delta now: +33.362 ms fps: 30.00 (ts-monotonic, ts-src-eof)
cap dqbuf: 0 seq:   1396 bytesused: 12441600 ts: 3294.811810 delta: 33.334 ms delta now: +33.285 ms fps: 30.00 (ts-monotonic, ts-src-eof)
cap dqbuf: 1 seq:   1397 bytesused: 12441600 ts: 3294.845142 delta: 33.332 ms delta now: +33.158 ms fps: 30.00 (ts-monotonic, ts-src-eof)
cap dqbuf: 2 seq:   1398 bytesused: 12441600 ts: 3294.878476 delta: 33.334 ms delta now: +33.262 ms fps: 30.00 (ts-monotonic, ts-src-eof)
cap dqbuf: 3 seq:   1399 bytesused: 12441600 ts: 3294.911924 delta: 33.448 ms delta now: +32.180 ms fps: 30.00 (ts-monotonic, ts-src-eof)
cap dqbuf: 0 seq:   1400 bytesused: 12441600 ts: 3294.945141 delta: 33.217 ms delta now: +33.372 ms fps: 30.00 (ts-monotonic, ts-src-eof)
cap dqbuf: 1 seq:   1401 bytesused: 12441600 ts: 3294.978476 delta: 33.335 ms delta now: +33.149 ms fps: 30.00 (ts-monotonic, ts-src-eof)
cap dqbuf: 2 seq:   1402 bytesused: 12441600 ts: 3295.011809 delta: 33.333 ms delta now: +33.280 ms fps: 30.00 (ts-monotonic, ts-src-eof)
cap dqbuf: 3 seq:   1403 bytesused: 12441600 ts: 3295.045143 delta: 33.334 ms delta now: +33.168 ms fps: 30.00 (ts-monotonic, ts-src-eof)
cap dqbuf: 0 seq:   1404 bytesused: 12441600 ts: 3295.078476 delta: 33.333 ms delta now: +33.027 ms fps: 30.00 (ts-monotonic, ts-src-eof)
cap dqbuf: 1 seq:   1405 bytesused: 12441600 ts: 3295.111808 delta: 33.332 ms delta now: +33.387 ms fps: 30.00 (ts-monotonic, ts-src-eof)
cap dqbuf: 2 seq:   1406 bytesused: 12441600 ts: 3295.145146 delta: 33.338 ms delta now: +33.273 ms fps: 30.00 (ts-monotonic, ts-src-eof)
cap dqbuf: 3 seq:   1407 bytesused: 12441600 ts: 3295.178476 delta: 33.330 ms delta now: +32.301 ms fps: 30.00 (ts-monotonic, ts-src-eof)
cap dqbuf: 0 seq:   1408 bytesused: 12441600 ts: 3295.211809 delta: 33.333 ms delta now: +33.385 ms fps: 30.00 (ts-monotonic, ts-src-eof)
cap dqbuf: 1 seq:   1409 bytesused: 12441600 ts: 3295.245143 delta: 33.334 ms delta now: +33.158 ms fps: 30.00 (ts-monotonic, ts-src-eof)
cap dqbuf: 2 seq:   1410 bytesused: 12441600 ts: 3295.278476 delta: 33.333 ms delta now: +32.342 ms fps: 30.00 (ts-monotonic, ts-src-eof)
cap dqbuf: 3 seq:   1411 bytesused: 12441600 ts: 3295.311809 delta: 33.333 ms delta now: +33.286 ms fps: 30.00 (ts-monotonic, ts-src-eof)
cap dqbuf: 0 seq:   1412 bytesused: 12441600 ts: 3295.345143 delta: 33.334 ms delta now: +32.294 ms fps: 30.00 (ts-monotonic, ts-src-eof)
cap dqbuf: 1 seq:   1413 bytesused: 12441600 ts: 3295.378474 delta: 33.331 ms delta now: +33.397 ms fps: 30.00 (ts-monotonic, ts-src-eof)
cap dqbuf: 2 seq:   1414 bytesused: 12441600 ts: 3295.411933 delta: 33.459 ms delta now: +32.171 ms fps: 30.00 (ts-monotonic, ts-src-eof)
cap dqbuf: 3 seq:   1415 bytesused: 12441600 ts: 3295.445141 delta: 33.208 ms delta now: +33.389 ms fps: 30.00 (ts-monotonic, ts-src-eof)
cap dqbuf: 0 seq:   1416 bytesused: 12441600 ts: 3295.478582 delta: 33.441 ms delta now: +33.238 ms fps: 30.00 (ts-monotonic, ts-src-eof)
cap dqbuf: 1 seq:   1417 bytesused: 12441600 ts: 3295.511810 delta: 33.228 ms delta now: +33.140 ms fps: 30.00 (ts-monotonic, ts-src-eof)
cap dqbuf: 2 seq:   1418 bytesused: 12441600 ts: 3295.545143 delta: 33.333 ms delta now: +33.418 ms fps: 30.00 (ts-monotonic, ts-src-eof)
cap dqbuf: 3 seq:   1419 bytesused: 12441600 ts: 3295.578476 delta: 33.333 ms delta now: +32.295 ms fps: 30.00 (ts-monotonic, ts-src-eof)
cap dqbuf: 0 seq:   1420 bytesused: 12441600 ts: 3295.611809 delta: 33.333 ms delta now: +32.294 ms fps: 30.00 (ts-monotonic, ts-src-eof)
cap dqbuf: 1 seq:   1421 bytesused: 12441600 ts: 3295.645141 delta: 33.332 ms delta now: +32.297 ms fps: 30.00 (ts-monotonic, ts-src-eof)
cap dqbuf: 2 seq:   1422 bytesused: 12441600 ts: 3295.678474 delta: 33.333 ms delta now: +32.303 ms fps: 30.00 (ts-monotonic, ts-src-eof)
cap dqbuf: 3 seq:   1423 bytesused: 12441600 ts: 3295.711807 delta: 33.333 ms delta now: +32.297 ms fps: 30.00 (ts-monotonic, ts-src-eof)
cap dqbuf: 0 seq:   1424 bytesused: 12441600 ts: 3295.745141 delta: 33.334 ms delta now: +33.272 ms fps: 30.00 (ts-monotonic, ts-src-eof)
cap dqbuf: 1 seq:   1425 bytesused: 12441600 ts: 3295.778599 delta: 33.458 ms delta now: +33.190 ms fps: 30.00 (ts-monotonic, ts-src-eof)
cap dqbuf: 2 seq:   1426 bytesused: 12441600 ts: 3295.811809 delta: 33.210 ms delta now: +33.162 ms fps: 30.00 (ts-monotonic, ts-src-eof)
cap dqbuf: 3 seq:   1427 bytesused: 12441600 ts: 3295.845142 delta: 33.333 ms delta now: +33.296 ms fps: 30.00 (ts-monotonic, ts-src-eof)
cap dqbuf: 0 seq:   1428 bytesused: 12441600 ts: 3295.878476 delta: 33.334 ms delta now: +33.180 ms fps: 30.00 (ts-monotonic, ts-src-eof)
cap dqbuf: 1 seq:   1429 bytesused: 12441600 ts: 3295.911809 delta: 33.333 ms delta now: +32.295 ms fps: 30.00 (ts-monotonic, ts-src-eof)
cap dqbuf: 2 seq:   1430 bytesused: 12441600 ts: 3295.945141 delta: 33.332 ms delta now: +32.295 ms fps: 30.00 (ts-monotonic, ts-src-eof)
cap dqbuf: 3 seq:   1431 bytesused: 12441600 ts: 3295.978474 delta: 33.333 ms delta now: +33.398 ms fps: 30.00 (ts-monotonic, ts-src-eof)
cap dqbuf: 0 seq:   1432 bytesused: 12441600 ts: 3296.011810 delta: 33.336 ms delta now: +32.489 ms fps: 30.00 (ts-monotonic, ts-src-eof)
cap dqbuf: 1 seq:   1433 bytesused: 12441600 ts: 3296.045141 delta: 33.331 ms delta now: +33.411 ms fps: 30.00 (ts-monotonic, ts-src-eof)
cap dqbuf: 2 seq:   1434 bytesused: 12441600 ts: 3296.078590 delta: 33.449 ms delta now: +32.195 ms fps: 30.00 (ts-monotonic, ts-src-eof)
cap dqbuf: 3 seq:   1435 bytesused: 12441600 ts: 3296.111808 delta: 33.218 ms delta now: +33.152 ms fps: 30.00 (ts-monotonic, ts-src-eof)
cap dqbuf: 0 seq:   1436 bytesused: 12441600 ts: 3296.145142 delta: 33.334 ms delta now: +32.533 ms fps: 30.00 (ts-monotonic, ts-src-eof)
cap dqbuf: 1 seq:   1437 bytesused: 12441600 ts: 3296.178474 delta: 33.332 ms delta now: +33.150 ms fps: 30.00 (ts-monotonic, ts-src-eof)
cap dqbuf: 2 seq:   1438 bytesused: 12441600 ts: 3296.211809 delta: 33.335 ms delta now: +33.275 ms fps: 30.00 (ts-monotonic, ts-src-eof)
cap dqbuf: 3 seq:   1439 bytesused: 12441600 ts: 3296.245242 delta: 33.433 ms delta now: +32.212 ms fps: 30.00 (ts-monotonic, ts-src-eof)
cap dqbuf: 0 seq:   1440 bytesused: 12441600 ts: 3296.278476 delta: 33.234 ms delta now: +33.322 ms fps: 30.00 (ts-monotonic, ts-src-eof)
cap dqbuf: 1 seq:   1441 bytesused: 12441600 ts: 3296.311812 delta: 33.336 ms delta now: +33.329 ms fps: 30.00 (ts-monotonic, ts-src-eof)
cap dqbuf: 2 seq:   1442 bytesused: 12441600 ts: 3296.345143 delta: 33.331 ms delta now: +33.177 ms fps: 30.00 (ts-monotonic, ts-src-eof)
cap dqbuf: 3 seq:   1443 bytesused: 12441600 ts: 3296.378476 delta: 33.333 ms delta now: +32.295 ms fps: 30.00 (ts-monotonic, ts-src-eof)
cap dqbuf: 0 seq:   1444 bytesused: 12441600 ts: 3296.411807 delta: 33.331 ms delta now: +32.360 ms fps: 30.00 (ts-monotonic, ts-src-eof)
cap dqbuf: 1 seq:   1445 bytesused: 12441600 ts: 3296.445141 delta: 33.334 ms delta now: +33.154 ms fps: 30.00 (ts-monotonic, ts-src-eof)
cap dqbuf: 2 seq:   1446 bytesused: 12441600 ts: 3296.478476 delta: 33.335 ms delta now: +32.294 ms fps: 30.00 (ts-monotonic, ts-src-eof)
cap dqbuf: 3 seq:   1447 bytesused: 12441600 ts: 3296.511807 delta: 33.331 ms delta now: +33.158 ms fps: 30.00 (ts-monotonic, ts-src-eof)
cap dqbuf: 0 seq:   1448 bytesused: 12441600 ts: 3296.545143 delta: 33.336 ms delta now: +33.447 ms fps: 30.00 (ts-monotonic, ts-src-eof)
cap dqbuf: 1 seq:   1449 bytesused: 12441600 ts: 3296.578477 delta: 33.334 ms delta now: +32.305 ms fps: 30.00 (ts-monotonic, ts-src-eof)
cap dqbuf: 2 seq:   1450 bytesused: 12441600 ts: 3296.611808 delta: 33.331 ms delta now: +32.296 ms fps: 30.00 (ts-monotonic, ts-src-eof)
cap dqbuf: 3 seq:   1451 bytesused: 12441600 ts: 3296.645141 delta: 33.333 ms delta now: +33.195 ms fps: 30.00 (ts-monotonic, ts-src-eof)
cap dqbuf: 0 seq:   1452 bytesused: 12441600 ts: 3296.678476 delta: 33.335 ms delta now: +32.570 ms fps: 30.00 (ts-monotonic, ts-src-eof)
cap dqbuf: 1 seq:   1453 bytesused: 12441600 ts: 3296.711808 delta: 33.332 ms delta now: +32.295 ms fps: 30.00 (ts-monotonic, ts-src-eof)
cap dqbuf: 2 seq:   1454 bytesused: 12441600 ts: 3296.745141 delta: 33.333 ms delta now: +33.151 ms fps: 30.00 (ts-monotonic, ts-src-eof)
cap dqbuf: 3 seq:   1455 bytesused: 12441600 ts: 3296.778476 delta: 33.335 ms delta now: +33.265 ms fps: 30.00 (ts-monotonic, ts-src-eof)
cap dqbuf: 0 seq:   1456 bytesused: 12441600 ts: 3296.811808 delta: 33.332 ms delta now: +32.296 ms fps: 30.00 (ts-monotonic, ts-src-eof)
cap dqbuf: 1 seq:   1457 bytesused: 12441600 ts: 3296.845141 delta: 33.333 ms delta now: +32.296 ms fps: 30.00 (ts-monotonic, ts-src-eof)
cap dqbuf: 2 seq:   1458 bytesused: 12441600 ts: 3296.878474 delta: 33.333 ms delta now: +32.297 ms fps: 30.00 (ts-monotonic, ts-src-eof)
cap dqbuf: 3 seq:   1459 bytesused: 12441600 ts: 3296.911808 delta: 33.334 ms delta now: +33.274 ms fps: 30.00 (ts-monotonic, ts-src-eof)
cap dqbuf: 0 seq:   1460 bytesused: 12441600 ts: 3296.945259 delta: 33.451 ms delta now: +32.183 ms fps: 30.00 (ts-monotonic, ts-src-eof)
cap dqbuf: 1 seq:   1461 bytesused: 12441600 ts: 3296.978474 delta: 33.215 ms delta now: +32.309 ms fps: 30.00 (ts-monotonic, ts-src-eof)
cap dqbuf: 2 seq:   1462 bytesused: 12441600 ts: 3297.011808 delta: 33.334 ms delta now: +33.295 ms fps: 30.00 (ts-monotonic, ts-src-eof)
cap dqbuf: 3 seq:   1463 bytesused: 12441600 ts: 3297.045246 delta: 33.438 ms delta now: +33.079 ms fps: 30.00 (ts-monotonic, ts-src-eof)
cap dqbuf: 0 seq:   1464 bytesused: 12441600 ts: 3297.078476 delta: 33.230 ms delta now: +33.228 ms fps: 30.00 (ts-monotonic, ts-src-eof)
cap dqbuf: 1 seq:   1465 bytesused: 12441600 ts: 3297.111808 delta: 33.332 ms delta now: +33.141 ms fps: 30.00 (ts-monotonic, ts-src-eof)
cap dqbuf: 2 seq:   1466 bytesused: 12441600 ts: 3297.145143 delta: 33.335 ms delta now: +33.273 ms fps: 30.00 (ts-monotonic, ts-src-eof)
cap dqbuf: 3 seq:   1467 bytesused: 12441600 ts: 3297.178477 delta: 33.334 ms delta now: +33.284 ms fps: 30.00 (ts-monotonic, ts-src-eof)
cap dqbuf: 0 seq:   1468 bytesused: 12441600 ts: 3297.211913 delta: 33.436 ms delta now: +33.073 ms fps: 30.00 (ts-monotonic, ts-src-eof)
cap dqbuf: 1 seq:   1469 bytesused: 12441600 ts: 3297.245143 delta: 33.230 ms delta now: +33.377 ms fps: 30.00 (ts-monotonic, ts-src-eof)
cap dqbuf: 2 seq:   1470 bytesused: 12441600 ts: 3297.278477 delta: 33.334 ms delta now: +32.294 ms fps: 30.00 (ts-monotonic, ts-src-eof)
cap dqbuf: 3 seq:   1471 bytesused: 12441600 ts: 3297.311809 delta: 33.332 ms delta now: +33.379 ms fps: 30.00 (ts-monotonic, ts-src-eof)
cap dqbuf: 0 seq:   1472 bytesused: 12441600 ts: 3297.345143 delta: 33.334 ms delta now: +33.156 ms fps: 30.00 (ts-monotonic, ts-src-eof)
cap dqbuf: 1 seq:   1473 bytesused: 12441600 ts: 3297.378476 delta: 33.333 ms delta now: +33.361 ms fps: 30.00 (ts-monotonic, ts-src-eof)
cap dqbuf: 2 seq:   1474 bytesused: 12441600 ts: 3297.411919 delta: 33.443 ms delta now: +33.180 ms fps: 30.00 (ts-monotonic, ts-src-eof)
cap dqbuf: 3 seq:   1475 bytesused: 12441600 ts: 3297.445143 delta: 33.224 ms delta now: +33.149 ms fps: 30.00 (ts-monotonic, ts-src-eof)
cap dqbuf: 0 seq:   1476 bytesused: 12441600 ts: 3297.478476 delta: 33.333 ms delta now: +33.299 ms fps: 30.00 (ts-monotonic, ts-src-eof)
cap dqbuf: 1 seq:   1477 bytesused: 12441600 ts: 3297.511810 delta: 33.334 ms delta now: +33.315 ms fps: 30.00 (ts-monotonic, ts-src-eof)
cap dqbuf: 2 seq:   1478 bytesused: 12441600 ts: 3297.545243 delta: 33.433 ms delta now: +32.211 ms fps: 30.00 (ts-monotonic, ts-src-eof)
cap dqbuf: 3 seq:   1479 bytesused: 12441600 ts: 3297.578474 delta: 33.231 ms delta now: +33.407 ms fps: 30.00 (ts-monotonic, ts-src-eof)
cap dqbuf: 0 seq:   1480 bytesused: 12441600 ts: 3297.611923 delta: 33.449 ms delta now: +32.194 ms fps: 30.00 (ts-monotonic, ts-src-eof)
cap dqbuf: 1 seq:   1481 bytesused: 12441600 ts: 3297.645141 delta: 33.218 ms delta now: +33.364 ms fps: 30.00 (ts-monotonic, ts-src-eof)
cap dqbuf: 2 seq:   1482 bytesused: 12441600 ts: 3297.678479 delta: 33.338 ms delta now: +33.153 ms fps: 30.00 (ts-monotonic, ts-src-eof)
cap dqbuf: 3 seq:   1483 bytesused: 12441600 ts: 3297.711810 delta: 33.331 ms delta now: +33.299 ms fps: 30.00 (ts-monotonic, ts-src-eof)
cap dqbuf: 0 seq:   1484 bytesused: 12441600 ts: 3297.745143 delta: 33.333 ms delta now: +33.149 ms fps: 30.00 (ts-monotonic, ts-src-eof)
cap dqbuf: 1 seq:   1485 bytesused: 12441600 ts: 3297.778476 delta: 33.333 ms delta now: +33.305 ms fps: 30.00 (ts-monotonic, ts-src-eof)
cap dqbuf: 2 seq:   1486 bytesused: 12441600 ts: 3297.811810 delta: 33.334 ms delta now: +32.296 ms fps: 30.00 (ts-monotonic, ts-src-eof)
cap dqbuf: 3 seq:   1487 bytesused: 12441600 ts: 3297.845141 delta: 33.331 ms delta now: +33.363 ms fps: 30.00 (ts-monotonic, ts-src-eof)
cap dqbuf: 0 seq:   1488 bytesused: 12441600 ts: 3297.878477 delta: 33.336 ms delta now: +33.178 ms fps: 30.00 (ts-monotonic, ts-src-eof)
cap dqbuf: 1 seq:   1489 bytesused: 12441600 ts: 3297.911810 delta: 33.333 ms delta now: +33.283 ms fps: 30.00 (ts-monotonic, ts-src-eof)
cap dqbuf: 2 seq:   1490 bytesused: 12441600 ts: 3297.945142 delta: 33.332 ms delta now: +33.156 ms fps: 30.00 (ts-monotonic, ts-src-eof)
cap dqbuf: 3 seq:   1491 bytesused: 12441600 ts: 3297.978476 delta: 33.334 ms delta now: +33.366 ms fps: 30.00 (ts-monotonic, ts-src-eof)
cap dqbuf: 0 seq:   1492 bytesused: 12441600 ts: 3298.011810 delta: 33.334 ms delta now: +32.293 ms fps: 30.00 (ts-monotonic, ts-src-eof)
cap dqbuf: 1 seq:   1493 bytesused: 12441600 ts: 3298.045143 delta: 33.333 ms delta now: +33.316 ms fps: 30.00 (ts-monotonic, ts-src-eof)
cap dqbuf: 2 seq:   1494 bytesused: 12441600 ts: 3298.078594 delta: 33.451 ms delta now: +33.065 ms fps: 30.00 (ts-monotonic, ts-src-eof)
cap dqbuf: 3 seq:   1495 bytesused: 12441600 ts: 3298.111809 delta: 33.215 ms delta now: +33.289 ms fps: 30.00 (ts-monotonic, ts-src-eof)
cap dqbuf: 0 seq:   1496 bytesused: 12441600 ts: 3298.145143 delta: 33.334 ms delta now: +32.303 ms fps: 30.00 (ts-monotonic, ts-src-eof)
cap dqbuf: 1 seq:   1497 bytesused: 12441600 ts: 3298.178474 delta: 33.331 ms delta now: +33.316 ms fps: 30.00 (ts-monotonic, ts-src-eof)
cap dqbuf: 2 seq:   1498 bytesused: 12441600 ts: 3298.211908 delta: 33.434 ms delta now: +33.173 ms fps: 30.00 (ts-monotonic, ts-src-eof)
cap dqbuf: 3 seq:   1499 bytesused: 12441600 ts: 3298.245143 delta: 33.235 ms delta now: +33.170 ms fps: 30.00 (ts-monotonic, ts-src-eof)
cap dqbuf: 0 seq:   1500 bytesused: 12441600 ts: 3298.278476 delta: 33.333 ms delta now: +33.153 ms fps: 30.00 (ts-monotonic, ts-src-eof)
cap dqbuf: 1 seq:   1501 bytesused: 12441600 ts: 3298.311809 delta: 33.333 ms delta now: +33.327 ms fps: 30.00 (ts-monotonic, ts-src-eof)
cap dqbuf: 2 seq:   1502 bytesused: 12441600 ts: 3298.345146 delta: 33.337 ms delta now: +32.303 ms fps: 30.00 (ts-monotonic, ts-src-eof)
cap dqbuf: 3 seq:   1503 bytesused: 12441600 ts: 3298.378474 delta: 33.328 ms delta now: +33.354 ms fps: 30.00 (ts-monotonic, ts-src-eof)
cap dqbuf: 0 seq:   1504 bytesused: 12441600 ts: 3298.411810 delta: 33.336 ms delta now: +33.168 ms fps: 30.00 (ts-monotonic, ts-src-eof)
cap dqbuf: 1 seq:   1505 bytesused: 12441600 ts: 3298.445143 delta: 33.333 ms delta now: +33.307 ms fps: 30.00 (ts-monotonic, ts-src-eof)
cap dqbuf: 2 seq:   1506 bytesused: 12441600 ts: 3298.478477 delta: 33.334 ms delta now: +32.294 ms fps: 30.00 (ts-monotonic, ts-src-eof)
cap dqbuf: 3 seq:   1507 bytesused: 12441600 ts: 3298.511808 delta: 33.331 ms delta now: +32.306 ms fps: 30.00 (ts-monotonic, ts-src-eof)
cap dqbuf: 0 seq:   1508 bytesused: 12441600 ts: 3298.545143 delta: 33.335 ms delta now: +32.294 ms fps: 30.00 (ts-monotonic, ts-src-eof)
cap dqbuf: 1 seq:   1509 bytesused: 12441600 ts: 3298.578474 delta: 33.331 ms delta now: +33.151 ms fps: 30.00 (ts-monotonic, ts-src-eof)
cap dqbuf: 2 seq:   1510 bytesused: 12441600 ts: 3298.611810 delta: 33.336 ms delta now: +33.179 ms fps: 30.00 (ts-monotonic, ts-src-eof)
cap dqbuf: 3 seq:   1511 bytesused: 12441600 ts: 3298.645143 delta: 33.333 ms delta now: +33.371 ms fps: 30.00 (ts-monotonic, ts-src-eof)
cap dqbuf: 0 seq:   1512 bytesused: 12441600 ts: 3298.678575 delta: 33.432 ms delta now: +32.196 ms fps: 30.00 (ts-monotonic, ts-src-eof)
cap dqbuf: 1 seq:   1513 bytesused: 12441600 ts: 3298.711808 delta: 33.233 ms delta now: +33.297 ms fps: 30.00 (ts-monotonic, ts-src-eof)
cap dqbuf: 2 seq:   1514 bytesused: 12441600 ts: 3298.745143 delta: 33.335 ms delta now: +33.156 ms fps: 30.00 (ts-monotonic, ts-src-eof)
cap dqbuf: 3 seq:   1515 bytesused: 12441600 ts: 3298.778476 delta: 33.333 ms delta now: +33.264 ms fps: 30.00 (ts-monotonic, ts-src-eof)
cap dqbuf: 0 seq:   1516 bytesused: 12441600 ts: 3298.811808 delta: 33.332 ms delta now: +32.295 ms fps: 30.00 (ts-monotonic, ts-src-eof)
cap dqbuf: 1 seq:   1517 bytesused: 12441600 ts: 3298.845141 delta: 33.333 ms delta now: +33.173 ms fps: 30.00 (ts-monotonic, ts-src-eof)
cap dqbuf: 2 seq:   1518 bytesused: 12441600 ts: 3298.878476 delta: 33.335 ms delta now: +33.422 ms fps: 30.00 (ts-monotonic, ts-src-eof)
cap dqbuf: 3 seq:   1519 bytesused: 12441600 ts: 3298.911813 delta: 33.337 ms delta now: +33.290 ms fps: 30.00 (ts-monotonic, ts-src-eof)
cap dqbuf: 0 seq:   1520 bytesused: 12441600 ts: 3298.945143 delta: 33.330 ms delta now: +32.577 ms fps: 30.00 (ts-monotonic, ts-src-eof)
cap dqbuf: 1 seq:   1521 bytesused: 12441600 ts: 3298.978476 delta: 33.333 ms delta now: +33.303 ms fps: 30.00 (ts-monotonic, ts-src-eof)
cap dqbuf: 2 seq:   1522 bytesused: 12441600 ts: 3299.011928 delta: 33.452 ms delta now: +33.176 ms fps: 30.00 (ts-monotonic, ts-src-eof)
cap dqbuf: 3 seq:   1523 bytesused: 12441600 ts: 3299.045144 delta: 33.216 ms delta now: +33.153 ms fps: 30.00 (ts-monotonic, ts-src-eof)
cap dqbuf: 0 seq:   1524 bytesused: 12441600 ts: 3299.078476 delta: 33.332 ms delta now: +32.666 ms fps: 30.00 (ts-monotonic, ts-src-eof)
cap dqbuf: 1 seq:   1525 bytesused: 12441600 ts: 3299.111808 delta: 33.332 ms delta now: +32.306 ms fps: 30.00 (ts-monotonic, ts-src-eof)
cap dqbuf: 2 seq:   1526 bytesused: 12441600 ts: 3299.145141 delta: 33.333 ms delta now: +33.151 ms fps: 30.00 (ts-monotonic, ts-src-eof)
cap dqbuf: 3 seq:   1527 bytesused: 12441600 ts: 3299.178476 delta: 33.335 ms delta now: +32.849 ms fps: 30.00 (ts-monotonic, ts-src-eof)
cap dqbuf: 0 seq:   1528 bytesused: 12441600 ts: 3299.211808 delta: 33.332 ms delta now: +33.149 ms fps: 30.00 (ts-monotonic, ts-src-eof)
cap dqbuf: 1 seq:   1529 bytesused: 12441600 ts: 3299.245143 delta: 33.335 ms delta now: +33.319 ms fps: 30.00 (ts-monotonic, ts-src-eof)
cap dqbuf: 2 seq:   1530 bytesused: 12441600 ts: 3299.278595 delta: 33.452 ms delta now: +32.668 ms fps: 30.00 (ts-monotonic, ts-src-eof)
cap dqbuf: 3 seq:   1531 bytesused: 12441600 ts: 3299.311808 delta: 33.213 ms delta now: +33.341 ms fps: 30.00 (ts-monotonic, ts-src-eof)
cap dqbuf: 0 seq:   1532 bytesused: 12441600 ts: 3299.345146 delta: 33.338 ms delta now: +32.294 ms fps: 30.00 (ts-monotonic, ts-src-eof)
cap dqbuf: 1 seq:   1533 bytesused: 12441600 ts: 3299.378474 delta: 33.328 ms delta now: +33.319 ms fps: 30.00 (ts-monotonic, ts-src-eof)
cap dqbuf: 2 seq:   1534 bytesused: 12441600 ts: 3299.411813 delta: 33.339 ms delta now: +32.291 ms fps: 30.00 (ts-monotonic, ts-src-eof)
cap dqbuf: 3 seq:   1535 bytesused: 12441600 ts: 3299.445141 delta: 33.328 ms delta now: +33.147 ms fps: 30.00 (ts-monotonic, ts-src-eof)
cap dqbuf: 0 seq:   1536 bytesused: 12441600 ts: 3299.478497 delta: 33.356 ms delta now: +33.373 ms fps: 30.00 (ts-monotonic, ts-src-eof)
cap dqbuf: 1 seq:   1537 bytesused: 12441600 ts: 3299.511813 delta: 33.316 ms delta now: +33.323 ms fps: 30.00 (ts-monotonic, ts-src-eof)
cap dqbuf: 2 seq:   1538 bytesused: 12441600 ts: 3299.545143 delta: 33.330 ms delta now: +32.292 ms fps: 30.00 (ts-monotonic, ts-src-eof)
cap dqbuf: 3 seq:   1539 bytesused: 12441600 ts: 3299.578474 delta: 33.331 ms delta now: +33.163 ms fps: 30.00 (ts-monotonic, ts-src-eof)
cap dqbuf: 0 seq:   1540 bytesused: 12441600 ts: 3299.611810 delta: 33.336 ms delta now: +33.288 ms fps: 30.00 (ts-monotonic, ts-src-eof)
cap dqbuf: 1 seq:   1541 bytesused: 12441600 ts: 3299.645143 delta: 33.333 ms delta now: +33.351 ms fps: 30.00 (ts-monotonic, ts-src-eof)
cap dqbuf: 2 seq:   1542 bytesused: 12441600 ts: 3299.678583 delta: 33.440 ms delta now: +32.908 ms fps: 30.00 (ts-monotonic, ts-src-eof)
cap dqbuf: 3 seq:   1543 bytesused: 12441600 ts: 3299.711808 delta: 33.225 ms delta now: +33.318 ms fps: 30.00 (ts-monotonic, ts-src-eof)
cap dqbuf: 0 seq:   1544 bytesused: 12441600 ts: 3299.745262 delta: 33.454 ms delta now: +32.176 ms fps: 30.00 (ts-monotonic, ts-src-eof)
cap dqbuf: 1 seq:   1545 bytesused: 12441600 ts: 3299.778474 delta: 33.212 ms delta now: +32.297 ms fps: 30.00 (ts-monotonic, ts-src-eof)
cap dqbuf: 2 seq:   1546 bytesused: 12441600 ts: 3299.811810 delta: 33.336 ms delta now: +32.295 ms fps: 30.00 (ts-monotonic, ts-src-eof)
cap dqbuf: 3 seq:   1547 bytesused: 12441600 ts: 3299.845141 delta: 33.331 ms delta now: +32.939 ms fps: 30.00 (ts-monotonic, ts-src-eof)
cap dqbuf: 0 seq:   1548 bytesused: 12441600 ts: 3299.878475 delta: 33.334 ms delta now: +33.271 ms fps: 30.00 (ts-monotonic, ts-src-eof)
cap dqbuf: 1 seq:   1549 bytesused: 12441600 ts: 3299.911940 delta: 33.465 ms delta now: +33.047 ms fps: 30.00 (ts-monotonic, ts-src-eof)
cap dqbuf: 2 seq:   1550 bytesused: 12441600 ts: 3299.945143 delta: 33.203 ms delta now: +33.322 ms fps: 30.00 (ts-monotonic, ts-src-eof)
cap dqbuf: 3 seq:   1551 bytesused: 12441600 ts: 3299.978477 delta: 33.334 ms delta now: +32.293 ms fps: 30.00 (ts-monotonic, ts-src-eof)
cap dqbuf: 0 seq:   1552 bytesused: 12441600 ts: 3300.011808 delta: 33.331 ms delta now: +33.164 ms fps: 30.00 (ts-monotonic, ts-src-eof)
cap dqbuf: 1 seq:   1553 bytesused: 12441600 ts: 3300.045143 delta: 33.335 ms delta now: +33.413 ms fps: 30.00 (ts-monotonic, ts-src-eof)
cap dqbuf: 2 seq:   1554 bytesused: 12441600 ts: 3300.078477 delta: 33.334 ms delta now: +33.165 ms fps: 30.00 (ts-monotonic, ts-src-eof)
cap dqbuf: 3 seq:   1555 bytesused: 12441600 ts: 3300.111809 delta: 33.332 ms delta now: +33.313 ms fps: 30.00 (ts-monotonic, ts-src-eof)
cap dqbuf: 0 seq:   1556 bytesused: 12441600 ts: 3300.145143 delta: 33.334 ms delta now: +32.310 ms fps: 30.00 (ts-monotonic, ts-src-eof)
cap dqbuf: 1 seq:   1557 bytesused: 12441600 ts: 3300.178475 delta: 33.332 ms delta now: +33.165 ms fps: 30.00 (ts-monotonic, ts-src-eof)
cap dqbuf: 2 seq:   1558 bytesused: 12441600 ts: 3300.211810 delta: 33.335 ms delta now: +33.304 ms fps: 30.00 (ts-monotonic, ts-src-eof)
cap dqbuf: 3 seq:   1559 bytesused: 12441600 ts: 3300.245143 delta: 33.333 ms delta now: +33.147 ms fps: 30.00 (ts-monotonic, ts-src-eof)
cap dqbuf: 0 seq:   1560 bytesused: 12441600 ts: 3300.278476 delta: 33.333 ms delta now: +33.264 ms fps: 30.00 (ts-monotonic, ts-src-eof)
cap dqbuf: 1 seq:   1561 bytesused: 12441600 ts: 3300.311810 delta: 33.334 ms delta now: +33.157 ms fps: 30.00 (ts-monotonic, ts-src-eof)
cap dqbuf: 2 seq:   1562 bytesused: 12441600 ts: 3300.345143 delta: 33.333 ms delta now: +33.294 ms fps: 30.00 (ts-monotonic, ts-src-eof)
cap dqbuf: 3 seq:   1563 bytesused: 12441600 ts: 3300.378477 delta: 33.334 ms delta now: +33.151 ms fps: 30.00 (ts-monotonic, ts-src-eof)
cap dqbuf: 0 seq:   1564 bytesused: 12441600 ts: 3300.411810 delta: 33.333 ms delta now: +33.154 ms fps: 30.00 (ts-monotonic, ts-src-eof)
cap dqbuf: 1 seq:   1565 bytesused: 12441600 ts: 3300.445143 delta: 33.333 ms delta now: +33.299 ms fps: 30.00 (ts-monotonic, ts-src-eof)
cap dqbuf: 2 seq:   1566 bytesused: 12441600 ts: 3300.478477 delta: 33.334 ms delta now: +33.146 ms fps: 30.00 (ts-monotonic, ts-src-eof)
cap dqbuf: 3 seq:   1567 bytesused: 12441600 ts: 3300.511810 delta: 33.333 ms delta now: +33.295 ms fps: 30.00 (ts-monotonic, ts-src-eof)
cap dqbuf: 0 seq:   1568 bytesused: 12441600 ts: 3300.545142 delta: 33.332 ms delta now: +33.153 ms fps: 30.00 (ts-monotonic, ts-src-eof)
cap dqbuf: 1 seq:   1569 bytesused: 12441600 ts: 3300.578476 delta: 33.334 ms delta now: +32.296 ms fps: 30.00 (ts-monotonic, ts-src-eof)
cap dqbuf: 2 seq:   1570 bytesused: 12441600 ts: 3300.611808 delta: 33.332 ms delta now: +32.296 ms fps: 30.00 (ts-monotonic, ts-src-eof)
cap dqbuf: 3 seq:   1571 bytesused: 12441600 ts: 3300.645141 delta: 33.333 ms delta now: +33.314 ms fps: 30.00 (ts-monotonic, ts-src-eof)
cap dqbuf: 0 seq:   1572 bytesused: 12441600 ts: 3300.678477 delta: 33.336 ms delta now: +33.150 ms fps: 30.00 (ts-monotonic, ts-src-eof)
cap dqbuf: 1 seq:   1573 bytesused: 12441600 ts: 3300.711810 delta: 33.333 ms delta now: +33.027 ms fps: 30.00 (ts-monotonic, ts-src-eof)
cap dqbuf: 2 seq:   1574 bytesused: 12441600 ts: 3300.745142 delta: 33.332 ms delta now: +33.148 ms fps: 30.00 (ts-monotonic, ts-src-eof)
cap dqbuf: 3 seq:   1575 bytesused: 12441600 ts: 3300.778476 delta: 33.334 ms delta now: +33.294 ms fps: 30.00 (ts-monotonic, ts-src-eof)
cap dqbuf: 0 seq:   1576 bytesused: 12441600 ts: 3300.811810 delta: 33.334 ms delta now: +32.292 ms fps: 30.00 (ts-monotonic, ts-src-eof)
cap dqbuf: 1 seq:   1577 bytesused: 12441600 ts: 3300.845144 delta: 33.334 ms delta now: +33.373 ms fps: 30.00 (ts-monotonic, ts-src-eof)
cap dqbuf: 2 seq:   1578 bytesused: 12441600 ts: 3300.878612 delta: 33.468 ms delta now: +32.158 ms fps: 30.00 (ts-monotonic, ts-src-eof)
cap dqbuf: 3 seq:   1579 bytesused: 12441600 ts: 3300.911808 delta: 33.196 ms delta now: +33.325 ms fps: 30.00 (ts-monotonic, ts-src-eof)
cap dqbuf: 0 seq:   1580 bytesused: 12441600 ts: 3300.945144 delta: 33.336 ms delta now: +32.302 ms fps: 30.00 (ts-monotonic, ts-src-eof)
cap dqbuf: 1 seq:   1581 bytesused: 12441600 ts: 3300.978476 delta: 33.332 ms delta now: +33.377 ms fps: 30.00 (ts-monotonic, ts-src-eof)
cap dqbuf: 2 seq:   1582 bytesused: 12441600 ts: 3301.011810 delta: 33.334 ms delta now: +33.157 ms fps: 30.00 (ts-monotonic, ts-src-eof)
cap dqbuf: 3 seq:   1583 bytesused: 12441600 ts: 3301.045143 delta: 33.333 ms delta now: +33.359 ms fps: 30.00 (ts-monotonic, ts-src-eof)
cap dqbuf: 0 seq:   1584 bytesused: 12441600 ts: 3301.078475 delta: 33.332 ms delta now: +33.472 ms fps: 30.00 (ts-monotonic, ts-src-eof)
cap dqbuf: 1 seq:   1585 bytesused: 12441600 ts: 3301.111810 delta: 33.335 ms delta now: +33.180 ms fps: 30.00 (ts-monotonic, ts-src-eof)
cap dqbuf: 2 seq:   1586 bytesused: 12441600 ts: 3301.145143 delta: 33.333 ms delta now: +33.305 ms fps: 30.00 (ts-monotonic, ts-src-eof)
cap dqbuf: 3 seq:   1587 bytesused: 12441600 ts: 3301.178478 delta: 33.335 ms delta now: +33.271 ms fps: 30.00 (ts-monotonic, ts-src-eof)
cap dqbuf: 0 seq:   1588 bytesused: 12441600 ts: 3301.211810 delta: 33.332 ms delta now: +33.152 ms fps: 30.00 (ts-monotonic, ts-src-eof)
cap dqbuf: 1 seq:   1589 bytesused: 12441600 ts: 3301.245141 delta: 33.331 ms delta now: +33.338 ms fps: 30.00 (ts-monotonic, ts-src-eof)
cap dqbuf: 2 seq:   1590 bytesused: 12441600 ts: 3301.278592 delta: 33.451 ms delta now: +33.032 ms fps: 30.00 (ts-monotonic, ts-src-eof)
cap dqbuf: 3 seq:   1591 bytesused: 12441600 ts: 3301.311810 delta: 33.218 ms delta now: +33.170 ms fps: 30.00 (ts-monotonic, ts-src-eof)
cap dqbuf: 0 seq:   1592 bytesused: 12441600 ts: 3301.345143 delta: 33.333 ms delta now: +32.295 ms fps: 30.00 (ts-monotonic, ts-src-eof)
cap dqbuf: 1 seq:   1593 bytesused: 12441600 ts: 3301.378475 delta: 33.332 ms delta now: +33.413 ms fps: 30.00 (ts-monotonic, ts-src-eof)
cap dqbuf: 2 seq:   1594 bytesused: 12441600 ts: 3301.411810 delta: 33.335 ms delta now: +33.362 ms fps: 30.00 (ts-monotonic, ts-src-eof)
cap dqbuf: 3 seq:   1595 bytesused: 12441600 ts: 3301.445144 delta: 33.334 ms delta now: +33.313 ms fps: 30.00 (ts-monotonic, ts-src-eof)
cap dqbuf: 0 seq:   1596 bytesused: 12441600 ts: 3301.478594 delta: 33.450 ms delta now: +33.177 ms fps: 30.00 (ts-monotonic, ts-src-eof)
cap dqbuf: 1 seq:   1597 bytesused: 12441600 ts: 3301.511810 delta: 33.216 ms delta now: +33.172 ms fps: 30.00 (ts-monotonic, ts-src-eof)
cap dqbuf: 2 seq:   1598 bytesused: 12441600 ts: 3301.545144 delta: 33.334 ms delta now: +33.293 ms fps: 30.00 (ts-monotonic, ts-src-eof)
cap dqbuf: 3 seq:   1599 bytesused: 12441600 ts: 3301.578477 delta: 33.333 ms delta now: +33.157 ms fps: 30.00 (ts-monotonic, ts-src-eof)
cap dqbuf: 0 seq:   1600 bytesused: 12441600 ts: 3301.611810 delta: 33.333 ms delta now: +33.323 ms fps: 30.00 (ts-monotonic, ts-src-eof)
cap dqbuf: 1 seq:   1601 bytesused: 12441600 ts: 3301.645144 delta: 33.334 ms delta now: +33.160 ms fps: 30.00 (ts-monotonic, ts-src-eof)
cap dqbuf: 2 seq:   1602 bytesused: 12441600 ts: 3301.678477 delta: 33.333 ms delta now: +32.884 ms fps: 30.00 (ts-monotonic, ts-src-eof)
cap dqbuf: 3 seq:   1603 bytesused: 12441600 ts: 3301.711808 delta: 33.331 ms delta now: +33.150 ms fps: 30.00 (ts-monotonic, ts-src-eof)
cap dqbuf: 0 seq:   1604 bytesused: 12441600 ts: 3301.745144 delta: 33.336 ms delta now: +33.360 ms fps: 30.00 (ts-monotonic, ts-src-eof)
cap dqbuf: 1 seq:   1605 bytesused: 12441600 ts: 3301.778477 delta: 33.333 ms delta now: +33.306 ms fps: 30.00 (ts-monotonic, ts-src-eof)
cap dqbuf: 2 seq:   1606 bytesused: 12441600 ts: 3301.811926 delta: 33.449 ms delta now: +33.040 ms fps: 30.00 (ts-monotonic, ts-src-eof)
cap dqbuf: 3 seq:   1607 bytesused: 12441600 ts: 3301.845143 delta: 33.217 ms delta now: +33.285 ms fps: 30.00 (ts-monotonic, ts-src-eof)
cap dqbuf: 0 seq:   1608 bytesused: 12441600 ts: 3301.878593 delta: 33.450 ms delta now: +32.178 ms fps: 30.00 (ts-monotonic, ts-src-eof)
cap dqbuf: 1 seq:   1609 bytesused: 12441600 ts: 3301.911808 delta: 33.215 ms delta now: +33.348 ms fps: 30.00 (ts-monotonic, ts-src-eof)
cap dqbuf: 2 seq:   1610 bytesused: 12441600 ts: 3301.945144 delta: 33.336 ms delta now: +32.293 ms fps: 30.00 (ts-monotonic, ts-src-eof)
cap dqbuf: 3 seq:   1611 bytesused: 12441600 ts: 3301.978475 delta: 33.331 ms delta now: +32.295 ms fps: 30.00 (ts-monotonic, ts-src-eof)
cap dqbuf: 0 seq:   1612 bytesused: 12441600 ts: 3302.011808 delta: 33.333 ms delta now: +33.310 ms fps: 30.00 (ts-monotonic, ts-src-eof)
cap dqbuf: 1 seq:   1613 bytesused: 12441600 ts: 3302.045243 delta: 33.435 ms delta now: +33.061 ms fps: 30.00 (ts-monotonic, ts-src-eof)
cap dqbuf: 2 seq:   1614 bytesused: 12441600 ts: 3302.078479 delta: 33.236 ms delta now: +33.373 ms fps: 30.00 (ts-monotonic, ts-src-eof)
cap dqbuf: 3 seq:   1615 bytesused: 12441600 ts: 3302.111810 delta: 33.331 ms delta now: +33.320 ms fps: 30.00 (ts-monotonic, ts-src-eof)
cap dqbuf: 0 seq:   1616 bytesused: 12441600 ts: 3302.145146 delta: 33.336 ms delta now: +33.167 ms fps: 30.00 (ts-monotonic, ts-src-eof)
cap dqbuf: 1 seq:   1617 bytesused: 12441600 ts: 3302.178475 delta: 33.329 ms delta now: +32.301 ms fps: 30.00 (ts-monotonic, ts-src-eof)
cap dqbuf: 2 seq:   1618 bytesused: 12441600 ts: 3302.211808 delta: 33.333 ms delta now: +33.343 ms fps: 30.00 (ts-monotonic, ts-src-eof)
cap dqbuf: 3 seq:   1619 bytesused: 12441600 ts: 3302.245145 delta: 33.337 ms delta now: +32.293 ms fps: 30.00 (ts-monotonic, ts-src-eof)
cap dqbuf: 0 seq:   1620 bytesused: 12441600 ts: 3302.278475 delta: 33.330 ms delta now: +33.468 ms fps: 30.00 (ts-monotonic, ts-src-eof)
cap dqbuf: 1 seq:   1621 bytesused: 12441600 ts: 3302.311926 delta: 33.451 ms delta now: +32.178 ms fps: 30.00 (ts-monotonic, ts-src-eof)
cap dqbuf: 2 seq:   1622 bytesused: 12441600 ts: 3302.345142 delta: 33.216 ms delta now: +33.350 ms fps: 30.00 (ts-monotonic, ts-src-eof)
cap dqbuf: 3 seq:   1623 bytesused: 12441600 ts: 3302.378478 delta: 33.336 ms delta now: +33.165 ms fps: 30.00 (ts-monotonic, ts-src-eof)
cap dqbuf: 0 seq:   1624 bytesused: 12441600 ts: 3302.411810 delta: 33.332 ms delta now: +33.373 ms fps: 30.00 (ts-monotonic, ts-src-eof)
cap dqbuf: 1 seq:   1625 bytesused: 12441600 ts: 3302.445245 delta: 33.435 ms delta now: +33.309 ms fps: 30.00 (ts-monotonic, ts-src-eof)
cap dqbuf: 2 seq:   1626 bytesused: 12441600 ts: 3302.478477 delta: 33.232 ms delta now: +32.338 ms fps: 30.00 (ts-monotonic, ts-src-eof)
cap dqbuf: 3 seq:   1627 bytesused: 12441600 ts: 3302.511808 delta: 33.331 ms delta now: +33.280 ms fps: 30.00 (ts-monotonic, ts-src-eof)
cap dqbuf: 0 seq:   1628 bytesused: 12441600 ts: 3302.545146 delta: 33.338 ms delta now: +33.326 ms fps: 30.00 (ts-monotonic, ts-src-eof)
cap dqbuf: 1 seq:   1629 bytesused: 12441600 ts: 3302.578477 delta: 33.331 ms delta now: +33.163 ms fps: 30.00 (ts-monotonic, ts-src-eof)
cap dqbuf: 2 seq:   1630 bytesused: 12441600 ts: 3302.611810 delta: 33.333 ms delta now: +33.317 ms fps: 30.00 (ts-monotonic, ts-src-eof)
cap dqbuf: 3 seq:   1631 bytesused: 12441600 ts: 3302.645144 delta: 33.334 ms delta now: +33.497 ms fps: 30.00 (ts-monotonic, ts-src-eof)
cap dqbuf: 0 seq:   1632 bytesused: 12441600 ts: 3302.678477 delta: 33.333 ms delta now: +33.159 ms fps: 30.00 (ts-monotonic, ts-src-eof)
cap dqbuf: 1 seq:   1633 bytesused: 12441600 ts: 3302.711810 delta: 33.333 ms delta now: +33.294 ms fps: 30.00 (ts-monotonic, ts-src-eof)
cap dqbuf: 2 seq:   1634 bytesused: 12441600 ts: 3302.745142 delta: 33.332 ms delta now: +32.296 ms fps: 30.00 (ts-monotonic, ts-src-eof)
cap dqbuf: 3 seq:   1635 bytesused: 12441600 ts: 3302.778475 delta: 33.333 ms delta now: +33.160 ms fps: 30.00 (ts-monotonic, ts-src-eof)
cap dqbuf: 0 seq:   1636 bytesused: 12441600 ts: 3302.811810 delta: 33.335 ms delta now: +33.280 ms fps: 30.00 (ts-monotonic, ts-src-eof)
cap dqbuf: 1 seq:   1637 bytesused: 12441600 ts: 3302.845144 delta: 33.334 ms delta now: +33.155 ms fps: 30.00 (ts-monotonic, ts-src-eof)
cap dqbuf: 2 seq:   1638 bytesused: 12441600 ts: 3302.878477 delta: 33.333 ms delta now: +33.341 ms fps: 30.00 (ts-monotonic, ts-src-eof)
cap dqbuf: 3 seq:   1639 bytesused: 12441600 ts: 3302.911809 delta: 33.332 ms delta now: +32.295 ms fps: 30.00 (ts-monotonic, ts-src-eof)
cap dqbuf: 0 seq:   1640 bytesused: 12441600 ts: 3302.945141 delta: 33.332 ms delta now: +32.298 ms fps: 30.00 (ts-monotonic, ts-src-eof)
cap dqbuf: 1 seq:   1641 bytesused: 12441600 ts: 3302.978475 delta: 33.334 ms delta now: +33.150 ms fps: 30.00 (ts-monotonic, ts-src-eof)
cap dqbuf: 2 seq:   1642 bytesused: 12441600 ts: 3303.011810 delta: 33.335 ms delta now: +33.270 ms fps: 30.00 (ts-monotonic, ts-src-eof)
cap dqbuf: 3 seq:   1643 bytesused: 12441600 ts: 3303.045144 delta: 33.334 ms delta now: +33.191 ms fps: 30.00 (ts-monotonic, ts-src-eof)
cap dqbuf: 0 seq:   1644 bytesused: 12441600 ts: 3303.078477 delta: 33.333 ms delta now: +33.303 ms fps: 30.00 (ts-monotonic, ts-src-eof)
cap dqbuf: 1 seq:   1645 bytesused: 12441600 ts: 3303.111810 delta: 33.333 ms delta now: +33.166 ms fps: 30.00 (ts-monotonic, ts-src-eof)
cap dqbuf: 2 seq:   1646 bytesused: 12441600 ts: 3303.145143 delta: 33.333 ms delta now: +33.300 ms fps: 30.00 (ts-monotonic, ts-src-eof)
cap dqbuf: 3 seq:   1647 bytesused: 12441600 ts: 3303.178477 delta: 33.334 ms delta now: +33.177 ms fps: 30.00 (ts-monotonic, ts-src-eof)
cap dqbuf: 0 seq:   1648 bytesused: 12441600 ts: 3303.211809 delta: 33.332 ms delta now: +33.306 ms fps: 30.00 (ts-monotonic, ts-src-eof)
cap dqbuf: 1 seq:   1649 bytesused: 12441600 ts: 3303.245144 delta: 33.335 ms delta now: +33.369 ms fps: 30.00 (ts-monotonic, ts-src-eof)
cap dqbuf: 2 seq:   1650 bytesused: 12441600 ts: 3303.278477 delta: 33.333 ms delta now: +32.295 ms fps: 30.00 (ts-monotonic, ts-src-eof)
cap dqbuf: 3 seq:   1651 bytesused: 12441600 ts: 3303.311808 delta: 33.331 ms delta now: +33.295 ms fps: 30.00 (ts-monotonic, ts-src-eof)
cap dqbuf: 0 seq:   1652 bytesused: 12441600 ts: 3303.345144 delta: 33.336 ms delta now: +33.222 ms fps: 30.00 (ts-monotonic, ts-src-eof)
cap dqbuf: 1 seq:   1653 bytesused: 12441600 ts: 3303.378475 delta: 33.331 ms delta now: +33.316 ms fps: 30.00 (ts-monotonic, ts-src-eof)
cap dqbuf: 2 seq:   1654 bytesused: 12441600 ts: 3303.411813 delta: 33.338 ms delta now: +32.292 ms fps: 30.00 (ts-monotonic, ts-src-eof)
cap dqbuf: 3 seq:   1655 bytesused: 12441600 ts: 3303.445142 delta: 33.329 ms delta now: +33.149 ms fps: 30.00 (ts-monotonic, ts-src-eof)
cap dqbuf: 0 seq:   1656 bytesused: 12441600 ts: 3303.478480 delta: 33.338 ms delta now: +33.343 ms fps: 30.00 (ts-monotonic, ts-src-eof)
cap dqbuf: 1 seq:   1657 bytesused: 12441600 ts: 3303.511957 delta: 33.477 ms delta now: +33.046 ms fps: 30.00 (ts-monotonic, ts-src-eof)
cap dqbuf: 2 seq:   1658 bytesused: 12441600 ts: 3303.545144 delta: 33.187 ms delta now: +33.313 ms fps: 30.00 (ts-monotonic, ts-src-eof)
cap dqbuf: 3 seq:   1659 bytesused: 12441600 ts: 3303.578477 delta: 33.333 ms delta now: +32.295 ms fps: 30.00 (ts-monotonic, ts-src-eof)
cap dqbuf: 0 seq:   1660 bytesused: 12441600 ts: 3303.611808 delta: 33.331 ms delta now: +33.390 ms fps: 30.00 (ts-monotonic, ts-src-eof)
cap dqbuf: 1 seq:   1661 bytesused: 12441600 ts: 3303.645146 delta: 33.338 ms delta now: +33.411 ms fps: 30.00 (ts-monotonic, ts-src-eof)
cap dqbuf: 2 seq:   1662 bytesused: 12441600 ts: 3303.678477 delta: 33.331 ms delta now: +33.278 ms fps: 30.00 (ts-monotonic, ts-src-eof)
cap dqbuf: 3 seq:   1663 bytesused: 12441600 ts: 3303.711916 delta: 33.439 ms delta now: +32.189 ms fps: 30.00 (ts-monotonic, ts-src-eof)
cap dqbuf: 0 seq:   1664 bytesused: 12441600 ts: 3303.745141 delta: 33.225 ms delta now: +33.400 ms fps: 30.00 (ts-monotonic, ts-src-eof)
cap dqbuf: 1 seq:   1665 bytesused: 12441600 ts: 3303.778477 delta: 33.336 ms delta now: +33.156 ms fps: 30.00 (ts-monotonic, ts-src-eof)
cap dqbuf: 2 seq:   1666 bytesused: 12441600 ts: 3303.811810 delta: 33.333 ms delta now: +33.286 ms fps: 30.00 (ts-monotonic, ts-src-eof)
cap dqbuf: 3 seq:   1667 bytesused: 12441600 ts: 3303.845144 delta: 33.334 ms delta now: +33.299 ms fps: 30.00 (ts-monotonic, ts-src-eof)
cap dqbuf: 0 seq:   1668 bytesused: 12441600 ts: 3303.878480 delta: 33.336 ms delta now: +32.568 ms fps: 30.00 (ts-monotonic, ts-src-eof)
cap dqbuf: 1 seq:   1669 bytesused: 12441600 ts: 3303.911808 delta: 33.328 ms delta now: +33.316 ms fps: 30.00 (ts-monotonic, ts-src-eof)
cap dqbuf: 2 seq:   1670 bytesused: 12441600 ts: 3303.945243 delta: 33.435 ms delta now: +32.195 ms fps: 30.00 (ts-monotonic, ts-src-eof)
cap dqbuf: 3 seq:   1671 bytesused: 12441600 ts: 3303.978475 delta: 33.232 ms delta now: +33.319 ms fps: 30.00 (ts-monotonic, ts-src-eof)
cap dqbuf: 0 seq:   1672 bytesused: 12441600 ts: 3304.011910 delta: 33.435 ms delta now: +33.195 ms fps: 30.00 (ts-monotonic, ts-src-eof)
cap dqbuf: 1 seq:   1673 bytesused: 12441600 ts: 3304.045144 delta: 33.234 ms delta now: +33.170 ms fps: 30.00 (ts-monotonic, ts-src-eof)
cap dqbuf: 2 seq:   1674 bytesused: 12441600 ts: 3304.078477 delta: 33.333 ms delta now: +33.023 ms fps: 30.00 (ts-monotonic, ts-src-eof)
cap dqbuf: 3 seq:   1675 bytesused: 12441600 ts: 3304.111808 delta: 33.331 ms delta now: +33.153 ms fps: 30.00 (ts-monotonic, ts-src-eof)
cap dqbuf: 0 seq:   1676 bytesused: 12441600 ts: 3304.145143 delta: 33.335 ms delta now: +32.737 ms fps: 30.00 (ts-monotonic, ts-src-eof)
cap dqbuf: 1 seq:   1677 bytesused: 12441600 ts: 3304.178475 delta: 33.332 ms delta now: +33.166 ms fps: 30.00 (ts-monotonic, ts-src-eof)
cap dqbuf: 2 seq:   1678 bytesused: 12441600 ts: 3304.211810 delta: 33.335 ms delta now: +33.289 ms fps: 30.00 (ts-monotonic, ts-src-eof)
cap dqbuf: 3 seq:   1679 bytesused: 12441600 ts: 3304.245243 delta: 33.433 ms delta now: +33.079 ms fps: 30.00 (ts-monotonic, ts-src-eof)
cap dqbuf: 0 seq:   1680 bytesused: 12441600 ts: 3304.278477 delta: 33.234 ms delta now: +32.294 ms fps: 30.00 (ts-monotonic, ts-src-eof)
cap dqbuf: 1 seq:   1681 bytesused: 12441600 ts: 3304.311808 delta: 33.331 ms delta now: +33.170 ms fps: 30.00 (ts-monotonic, ts-src-eof)
cap dqbuf: 2 seq:   1682 bytesused: 12441600 ts: 3304.345143 delta: 33.335 ms delta now: +33.309 ms fps: 30.00 (ts-monotonic, ts-src-eof)
cap dqbuf: 3 seq:   1683 bytesused: 12441600 ts: 3304.378477 delta: 33.334 ms delta now: +33.292 ms fps: 30.00 (ts-monotonic, ts-src-eof)
cap dqbuf: 0 seq:   1684 bytesused: 12441600 ts: 3304.411928 delta: 33.451 ms delta now: +33.268 ms fps: 30.00 (ts-monotonic, ts-src-eof)
cap dqbuf: 1 seq:   1685 bytesused: 12441600 ts: 3304.445245 delta: 33.317 ms delta now: +32.192 ms fps: 30.00 (ts-monotonic, ts-src-eof)
cap dqbuf: 2 seq:   1686 bytesused: 12441600 ts: 3304.478475 delta: 33.230 ms delta now: +32.309 ms fps: 30.00 (ts-monotonic, ts-src-eof)
cap dqbuf: 3 seq:   1687 bytesused: 12441600 ts: 3304.511808 delta: 33.333 ms delta now: +33.308 ms fps: 30.00 (ts-monotonic, ts-src-eof)
cap dqbuf: 0 seq:   1688 bytesused: 12441600 ts: 3304.545144 delta: 33.336 ms delta now: +33.420 ms fps: 30.00 (ts-monotonic, ts-src-eof)
cap dqbuf: 1 seq:   1689 bytesused: 12441600 ts: 3304.578477 delta: 33.333 ms delta now: +33.274 ms fps: 30.00 (ts-monotonic, ts-src-eof)
cap dqbuf: 2 seq:   1690 bytesused: 12441600 ts: 3304.611927 delta: 33.450 ms delta now: +32.374 ms fps: 30.00 (ts-monotonic, ts-src-eof)
cap dqbuf: 3 seq:   1691 bytesused: 12441600 ts: 3304.645142 delta: 33.215 ms delta now: +33.161 ms fps: 30.00 (ts-monotonic, ts-src-eof)
cap dqbuf: 0 seq:   1692 bytesused: 12441600 ts: 3304.678477 delta: 33.335 ms delta now: +32.294 ms fps: 30.00 (ts-monotonic, ts-src-eof)
cap dqbuf: 1 seq:   1693 bytesused: 12441600 ts: 3304.711808 delta: 33.331 ms delta now: +33.148 ms fps: 30.00 (ts-monotonic, ts-src-eof)
cap dqbuf: 2 seq:   1694 bytesused: 12441600 ts: 3304.745143 delta: 33.335 ms delta now: +32.293 ms fps: 30.00 (ts-monotonic, ts-src-eof)
cap dqbuf: 3 seq:   1695 bytesused: 12441600 ts: 3304.778477 delta: 33.334 ms delta now: +33.371 ms fps: 30.00 (ts-monotonic, ts-src-eof)
cap dqbuf: 0 seq:   1696 bytesused: 12441600 ts: 3304.811810 delta: 33.333 ms delta now: +33.168 ms fps: 30.00 (ts-monotonic, ts-src-eof)
cap dqbuf: 1 seq:   1697 bytesused: 12441600 ts: 3304.845143 delta: 33.333 ms delta now: +33.279 ms fps: 30.00 (ts-monotonic, ts-src-eof)
cap dqbuf: 2 seq:   1698 bytesused: 12441600 ts: 3304.878477 delta: 33.334 ms delta now: +32.294 ms fps: 30.00 (ts-monotonic, ts-src-eof)
cap dqbuf: 3 seq:   1699 bytesused: 12441600 ts: 3304.911808 delta: 33.331 ms delta now: +33.450 ms fps: 30.00 (ts-monotonic, ts-src-eof)
cap dqbuf: 0 seq:   1700 bytesused: 12441600 ts: 3304.945144 delta: 33.336 ms delta now: +32.913 ms fps: 30.00 (ts-monotonic, ts-src-eof)
cap dqbuf: 1 seq:   1701 bytesused: 12441600 ts: 3304.978475 delta: 33.331 ms delta now: +33.311 ms fps: 30.00 (ts-monotonic, ts-src-eof)
cap dqbuf: 2 seq:   1702 bytesused: 12441600 ts: 3305.011810 delta: 33.335 ms delta now: +33.141 ms fps: 30.00 (ts-monotonic, ts-src-eof)
cap dqbuf: 3 seq:   1703 bytesused: 12441600 ts: 3305.045143 delta: 33.333 ms delta now: +33.392 ms fps: 30.00 (ts-monotonic, ts-src-eof)
cap dqbuf: 0 seq:   1704 bytesused: 12441600 ts: 3305.078581 delta: 33.438 ms delta now: +32.203 ms fps: 30.00 (ts-monotonic, ts-src-eof)
cap dqbuf: 1 seq:   1705 bytesused: 12441600 ts: 3305.111808 delta: 33.227 ms delta now: +32.711 ms fps: 30.00 (ts-monotonic, ts-src-eof)
cap dqbuf: 2 seq:   1706 bytesused: 12441600 ts: 3305.145142 delta: 33.334 ms delta now: +33.309 ms fps: 30.00 (ts-monotonic, ts-src-eof)
cap dqbuf: 3 seq:   1707 bytesused: 12441600 ts: 3305.178590 delta: 33.448 ms delta now: +32.184 ms fps: 30.00 (ts-monotonic, ts-src-eof)
cap dqbuf: 0 seq:   1708 bytesused: 12441600 ts: 3305.211808 delta: 33.218 ms delta now: +32.295 ms fps: 30.00 (ts-monotonic, ts-src-eof)
cap dqbuf: 1 seq:   1709 bytesused: 12441600 ts: 3305.245142 delta: 33.334 ms delta now: +33.331 ms fps: 30.00 (ts-monotonic, ts-src-eof)
cap dqbuf: 2 seq:   1710 bytesused: 12441600 ts: 3305.278480 delta: 33.338 ms delta now: +32.304 ms fps: 30.00 (ts-monotonic, ts-src-eof)
cap dqbuf: 3 seq:   1711 bytesused: 12441600 ts: 3305.311808 delta: 33.328 ms delta now: +33.151 ms fps: 30.00 (ts-monotonic, ts-src-eof)
cap dqbuf: 0 seq:   1712 bytesused: 12441600 ts: 3305.345143 delta: 33.335 ms delta now: +32.424 ms fps: 30.00 (ts-monotonic, ts-src-eof)
cap dqbuf: 1 seq:   1713 bytesused: 12441600 ts: 3305.378475 delta: 33.332 ms delta now: +32.296 ms fps: 30.00 (ts-monotonic, ts-src-eof)
cap dqbuf: 2 seq:   1714 bytesused: 12441600 ts: 3305.411808 delta: 33.333 ms delta now: +33.411 ms fps: 30.00 (ts-monotonic, ts-src-eof)
cap dqbuf: 3 seq:   1715 bytesused: 12441600 ts: 3305.445144 delta: 33.336 ms delta now: +33.326 ms fps: 30.00 (ts-monotonic, ts-src-eof)
cap dqbuf: 0 seq:   1716 bytesused: 12441600 ts: 3305.478477 delta: 33.333 ms delta now: +33.280 ms fps: 30.00 (ts-monotonic, ts-src-eof)
cap dqbuf: 1 seq:   1717 bytesused: 12441600 ts: 3305.511809 delta: 33.332 ms delta now: +33.379 ms fps: 30.00 (ts-monotonic, ts-src-eof)
cap dqbuf: 2 seq:   1718 bytesused: 12441600 ts: 3305.545144 delta: 33.335 ms delta now: +32.293 ms fps: 30.00 (ts-monotonic, ts-src-eof)
cap dqbuf: 3 seq:   1719 bytesused: 12441600 ts: 3305.578475 delta: 33.331 ms delta now: +33.329 ms fps: 30.00 (ts-monotonic, ts-src-eof)
cap dqbuf: 0 seq:   1720 bytesused: 12441600 ts: 3305.611909 delta: 33.434 ms delta now: +33.054 ms fps: 30.00 (ts-monotonic, ts-src-eof)
cap dqbuf: 1 seq:   1721 bytesused: 12441600 ts: 3305.645144 delta: 33.235 ms delta now: +33.510 ms fps: 30.00 (ts-monotonic, ts-src-eof)
cap dqbuf: 2 seq:   1722 bytesused: 12441600 ts: 3305.678601 delta: 33.457 ms delta now: +32.171 ms fps: 30.00 (ts-monotonic, ts-src-eof)
cap dqbuf: 3 seq:   1723 bytesused: 12441600 ts: 3305.711808 delta: 33.207 ms delta now: +33.285 ms fps: 30.00 (ts-monotonic, ts-src-eof)
cap dqbuf: 0 seq:   1724 bytesused: 12441600 ts: 3305.745144 delta: 33.336 ms delta now: +33.147 ms fps: 30.00 (ts-monotonic, ts-src-eof)
cap dqbuf: 1 seq:   1725 bytesused: 12441600 ts: 3305.778477 delta: 33.333 ms delta now: +33.285 ms fps: 30.00 (ts-monotonic, ts-src-eof)
cap dqbuf: 2 seq:   1726 bytesused: 12441600 ts: 3305.811811 delta: 33.334 ms delta now: +33.291 ms fps: 30.00 (ts-monotonic, ts-src-eof)
cap dqbuf: 3 seq:   1727 bytesused: 12441600 ts: 3305.845144 delta: 33.333 ms delta now: +33.179 ms fps: 30.00 (ts-monotonic, ts-src-eof)
cap dqbuf: 0 seq:   1728 bytesused: 12441600 ts: 3305.878477 delta: 33.333 ms delta now: +33.377 ms fps: 30.00 (ts-monotonic, ts-src-eof)
cap dqbuf: 1 seq:   1729 bytesused: 12441600 ts: 3305.911913 delta: 33.436 ms delta now: +33.074 ms fps: 30.00 (ts-monotonic, ts-src-eof)
cap dqbuf: 2 seq:   1730 bytesused: 12441600 ts: 3305.945144 delta: 33.231 ms delta now: +33.360 ms fps: 30.00 (ts-monotonic, ts-src-eof)
cap dqbuf: 3 seq:   1731 bytesused: 12441600 ts: 3305.978477 delta: 33.333 ms delta now: +33.155 ms fps: 30.00 (ts-monotonic, ts-src-eof)
cap dqbuf: 0 seq:   1732 bytesused: 12441600 ts: 3306.011811 delta: 33.334 ms delta now: +33.418 ms fps: 30.00 (ts-monotonic, ts-src-eof)
cap dqbuf: 1 seq:   1733 bytesused: 12441600 ts: 3306.045240 delta: 33.429 ms delta now: +33.213 ms fps: 30.00 (ts-monotonic, ts-src-eof)
cap dqbuf: 2 seq:   1734 bytesused: 12441600 ts: 3306.078477 delta: 33.237 ms delta now: +33.158 ms fps: 30.00 (ts-monotonic, ts-src-eof)
cap dqbuf: 3 seq:   1735 bytesused: 12441600 ts: 3306.111810 delta: 33.333 ms delta now: +33.316 ms fps: 30.00 (ts-monotonic, ts-src-eof)
cap dqbuf: 0 seq:   1736 bytesused: 12441600 ts: 3306.145144 delta: 33.334 ms delta now: +33.397 ms fps: 30.00 (ts-monotonic, ts-src-eof)
cap dqbuf: 1 seq:   1737 bytesused: 12441600 ts: 3306.178575 delta: 33.431 ms delta now: +32.203 ms fps: 30.00 (ts-monotonic, ts-src-eof)
cap dqbuf: 2 seq:   1738 bytesused: 12441600 ts: 3306.211808 delta: 33.233 ms delta now: +33.422 ms fps: 30.00 (ts-monotonic, ts-src-eof)
cap dqbuf: 3 seq:   1739 bytesused: 12441600 ts: 3306.245149 delta: 33.341 ms delta now: +33.295 ms fps: 30.00 (ts-monotonic, ts-src-eof)
cap dqbuf: 0 seq:   1740 bytesused: 12441600 ts: 3306.278594 delta: 33.445 ms delta now: +32.731 ms fps: 30.00 (ts-monotonic, ts-src-eof)
cap dqbuf: 1 seq:   1741 bytesused: 12441600 ts: 3306.311809 delta: 33.215 ms delta now: +33.372 ms fps: 30.00 (ts-monotonic, ts-src-eof)
cap dqbuf: 2 seq:   1742 bytesused: 12441600 ts: 3306.345247 delta: 33.438 ms delta now: +32.193 ms fps: 30.00 (ts-monotonic, ts-src-eof)
cap dqbuf: 3 seq:   1743 bytesused: 12441600 ts: 3306.378475 delta: 33.228 ms delta now: +32.296 ms fps: 30.00 (ts-monotonic, ts-src-eof)
cap dqbuf: 0 seq:   1744 bytesused: 12441600 ts: 3306.411808 delta: 33.333 ms delta now: +33.182 ms fps: 30.00 (ts-monotonic, ts-src-eof)
cap dqbuf: 1 seq:   1745 bytesused: 12441600 ts: 3306.445144 delta: 33.336 ms delta now: +33.396 ms fps: 30.00 (ts-monotonic, ts-src-eof)
cap dqbuf: 2 seq:   1746 bytesused: 12441600 ts: 3306.478478 delta: 33.334 ms delta now: +33.151 ms fps: 30.00 (ts-monotonic, ts-src-eof)
cap dqbuf: 3 seq:   1747 bytesused: 12441600 ts: 3306.511810 delta: 33.332 ms delta now: +33.289 ms fps: 30.00 (ts-monotonic, ts-src-eof)
cap dqbuf: 0 seq:   1748 bytesused: 12441600 ts: 3306.545243 delta: 33.433 ms delta now: +33.198 ms fps: 30.00 (ts-monotonic, ts-src-eof)
cap dqbuf: 1 seq:   1749 bytesused: 12441600 ts: 3306.578478 delta: 33.235 ms delta now: +32.292 ms fps: 30.00 (ts-monotonic, ts-src-eof)
cap dqbuf: 2 seq:   1750 bytesused: 12441600 ts: 3306.611809 delta: 33.331 ms delta now: +32.294 ms fps: 30.00 (ts-monotonic, ts-src-eof)
cap dqbuf: 3 seq:   1751 bytesused: 12441600 ts: 3306.645142 delta: 33.333 ms delta now: +33.343 ms fps: 30.00 (ts-monotonic, ts-src-eof)
cap dqbuf: 0 seq:   1752 bytesused: 12441600 ts: 3306.678477 delta: 33.335 ms delta now: +32.293 ms fps: 30.00 (ts-monotonic, ts-src-eof)
cap dqbuf: 1 seq:   1753 bytesused: 12441600 ts: 3306.711809 delta: 33.332 ms delta now: +32.296 ms fps: 30.00 (ts-monotonic, ts-src-eof)
cap dqbuf: 2 seq:   1754 bytesused: 12441600 ts: 3306.745142 delta: 33.333 ms delta now: +33.487 ms fps: 30.00 (ts-monotonic, ts-src-eof)
cap dqbuf: 3 seq:   1755 bytesused: 12441600 ts: 3306.778477 delta: 33.335 ms delta now: +33.410 ms fps: 30.00 (ts-monotonic, ts-src-eof)
cap dqbuf: 0 seq:   1756 bytesused: 12441600 ts: 3306.811820 delta: 33.343 ms delta now: +33.381 ms fps: 30.00 (ts-monotonic, ts-src-eof)
cap dqbuf: 1 seq:   1757 bytesused: 12441600 ts: 3306.845144 delta: 33.324 ms delta now: +33.172 ms fps: 30.00 (ts-monotonic, ts-src-eof)
cap dqbuf: 2 seq:   1758 bytesused: 12441600 ts: 3306.878477 delta: 33.333 ms delta now: +33.065 ms fps: 30.00 (ts-monotonic, ts-src-eof)
cap dqbuf: 3 seq:   1759 bytesused: 12441600 ts: 3306.911809 delta: 33.332 ms delta now: +33.179 ms fps: 30.00 (ts-monotonic, ts-src-eof)
cap dqbuf: 0 seq:   1760 bytesused: 12441600 ts: 3306.945144 delta: 33.335 ms delta now: +33.357 ms fps: 30.00 (ts-monotonic, ts-src-eof)
cap dqbuf: 1 seq:   1761 bytesused: 12441600 ts: 3306.978478 delta: 33.334 ms delta now: +33.192 ms fps: 30.00 (ts-monotonic, ts-src-eof)
cap dqbuf: 2 seq:   1762 bytesused: 12441600 ts: 3307.011810 delta: 33.332 ms delta now: +33.287 ms fps: 30.00 (ts-monotonic, ts-src-eof)
cap dqbuf: 3 seq:   1763 bytesused: 12441600 ts: 3307.045144 delta: 33.334 ms delta now: +33.155 ms fps: 30.00 (ts-monotonic, ts-src-eof)
cap dqbuf: 0 seq:   1764 bytesused: 12441600 ts: 3307.078477 delta: 33.333 ms delta now: +33.039 ms fps: 30.00 (ts-monotonic, ts-src-eof)
cap dqbuf: 1 seq:   1765 bytesused: 12441600 ts: 3307.111809 delta: 33.332 ms delta now: +33.154 ms fps: 30.00 (ts-monotonic, ts-src-eof)
cap dqbuf: 2 seq:   1766 bytesused: 12441600 ts: 3307.145144 delta: 33.335 ms delta now: +33.284 ms fps: 30.00 (ts-monotonic, ts-src-eof)
cap dqbuf: 3 seq:   1767 bytesused: 12441600 ts: 3307.178478 delta: 33.334 ms delta now: +32.305 ms fps: 30.00 (ts-monotonic, ts-src-eof)
cap dqbuf: 0 seq:   1768 bytesused: 12441600 ts: 3307.211809 delta: 33.331 ms delta now: +33.488 ms fps: 30.00 (ts-monotonic, ts-src-eof)
cap dqbuf: 1 seq:   1769 bytesused: 12441600 ts: 3307.245243 delta: 33.434 ms delta now: +33.262 ms fps: 30.00 (ts-monotonic, ts-src-eof)
cap dqbuf: 2 seq:   1770 bytesused: 12441600 ts: 3307.278478 delta: 33.235 ms delta now: +33.155 ms fps: 30.00 (ts-monotonic, ts-src-eof)
cap dqbuf: 3 seq:   1771 bytesused: 12441600 ts: 3307.311810 delta: 33.332 ms delta now: +33.289 ms fps: 30.00 (ts-monotonic, ts-src-eof)
cap dqbuf: 0 seq:   1772 bytesused: 12441600 ts: 3307.345144 delta: 33.334 ms delta now: +33.171 ms fps: 30.00 (ts-monotonic, ts-src-eof)
cap dqbuf: 1 seq:   1773 bytesused: 12441600 ts: 3307.378477 delta: 33.333 ms delta now: +33.082 ms fps: 30.00 (ts-monotonic, ts-src-eof)
cap dqbuf: 2 seq:   1774 bytesused: 12441600 ts: 3307.411809 delta: 33.332 ms delta now: +33.350 ms fps: 30.00 (ts-monotonic, ts-src-eof)
cap dqbuf: 3 seq:   1775 bytesused: 12441600 ts: 3307.445263 delta: 33.454 ms delta now: +33.029 ms fps: 30.00 (ts-monotonic, ts-src-eof)
cap dqbuf: 0 seq:   1776 bytesused: 12441600 ts: 3307.478477 delta: 33.214 ms delta now: +33.148 ms fps: 30.00 (ts-monotonic, ts-src-eof)
cap dqbuf: 1 seq:   1777 bytesused: 12441600 ts: 3307.511810 delta: 33.333 ms delta now: +33.285 ms fps: 30.00 (ts-monotonic, ts-src-eof)
cap dqbuf: 2 seq:   1778 bytesused: 12441600 ts: 3307.545144 delta: 33.334 ms delta now: +33.148 ms fps: 30.00 (ts-monotonic, ts-src-eof)
cap dqbuf: 3 seq:   1779 bytesused: 12441600 ts: 3307.578477 delta: 33.333 ms delta now: +33.303 ms fps: 30.00 (ts-monotonic, ts-src-eof)
cap dqbuf: 0 seq:   1780 bytesused: 12441600 ts: 3307.611811 delta: 33.334 ms delta now: +33.150 ms fps: 30.00 (ts-monotonic, ts-src-eof)
cap dqbuf: 1 seq:   1781 bytesused: 12441600 ts: 3307.645144 delta: 33.333 ms delta now: +33.282 ms fps: 30.00 (ts-monotonic, ts-src-eof)
cap dqbuf: 2 seq:   1782 bytesused: 12441600 ts: 3307.678477 delta: 33.333 ms delta now: +32.295 ms fps: 30.00 (ts-monotonic, ts-src-eof)
cap dqbuf: 3 seq:   1783 bytesused: 12441600 ts: 3307.711811 delta: 33.334 ms delta now: +33.291 ms fps: 30.00 (ts-monotonic, ts-src-eof)
cap dqbuf: 0 seq:   1784 bytesused: 12441600 ts: 3307.745246 delta: 33.435 ms delta now: +32.197 ms fps: 30.00 (ts-monotonic, ts-src-eof)
cap dqbuf: 1 seq:   1785 bytesused: 12441600 ts: 3307.778475 delta: 33.229 ms delta now: +32.297 ms fps: 30.00 (ts-monotonic, ts-src-eof)
cap dqbuf: 2 seq:   1786 bytesused: 12441600 ts: 3307.811809 delta: 33.334 ms delta now: +33.279 ms fps: 30.00 (ts-monotonic, ts-src-eof)
cap dqbuf: 3 seq:   1787 bytesused: 12441600 ts: 3307.845143 delta: 33.334 ms delta now: +33.367 ms fps: 30.00 (ts-monotonic, ts-src-eof)
cap dqbuf: 0 seq:   1788 bytesused: 12441600 ts: 3307.878477 delta: 33.334 ms delta now: +33.295 ms fps: 30.00 (ts-monotonic, ts-src-eof)
cap dqbuf: 1 seq:   1789 bytesused: 12441600 ts: 3307.911811 delta: 33.334 ms delta now: +32.294 ms fps: 30.00 (ts-monotonic, ts-src-eof)
cap dqbuf: 2 seq:   1790 bytesused: 12441600 ts: 3307.945142 delta: 33.331 ms delta now: +33.149 ms fps: 30.00 (ts-monotonic, ts-src-eof)
cap dqbuf: 3 seq:   1791 bytesused: 12441600 ts: 3307.978477 delta: 33.335 ms delta now: +32.712 ms fps: 30.00 (ts-monotonic, ts-src-eof)
cap dqbuf: 0 seq:   1792 bytesused: 12441600 ts: 3308.011809 delta: 33.332 ms delta now: +33.317 ms fps: 30.00 (ts-monotonic, ts-src-eof)
cap dqbuf: 1 seq:   1793 bytesused: 12441600 ts: 3308.045259 delta: 33.450 ms delta now: +32.183 ms fps: 30.00 (ts-monotonic, ts-src-eof)
cap dqbuf: 2 seq:   1794 bytesused: 12441600 ts: 3308.078475 delta: 33.216 ms delta now: +33.387 ms fps: 30.00 (ts-monotonic, ts-src-eof)
cap dqbuf: 3 seq:   1795 bytesused: 12441600 ts: 3308.111927 delta: 33.452 ms delta now: +33.210 ms fps: 30.00 (ts-monotonic, ts-src-eof)
cap dqbuf: 0 seq:   1796 bytesused: 12441600 ts: 3308.145261 delta: 33.334 ms delta now: +33.109 ms fps: 30.00 (ts-monotonic, ts-src-eof)
cap dqbuf: 1 seq:   1797 bytesused: 12441600 ts: 3308.178477 delta: 33.216 ms delta now: +33.382 ms fps: 30.00 (ts-monotonic, ts-src-eof)
cap dqbuf: 2 seq:   1798 bytesused: 12441600 ts: 3308.211811 delta: 33.334 ms delta now: +32.296 ms fps: 30.00 (ts-monotonic, ts-src-eof)
cap dqbuf: 3 seq:   1799 bytesused: 12441600 ts: 3308.245142 delta: 33.331 ms delta now: +33.152 ms fps: 30.00 (ts-monotonic, ts-src-eof)
cap dqbuf: 0 seq:   1800 bytesused: 12441600 ts: 3308.278477 delta: 33.335 ms delta now: +33.045 ms fps: 30.00 (ts-monotonic, ts-src-eof)
cap dqbuf: 1 seq:   1801 bytesused: 12441600 ts: 3308.311809 delta: 33.332 ms delta now: +33.159 ms fps: 30.00 (ts-monotonic, ts-src-eof)
cap dqbuf: 2 seq:   1802 bytesused: 12441600 ts: 3308.345144 delta: 33.335 ms delta now: +33.285 ms fps: 30.00 (ts-monotonic, ts-src-eof)
cap dqbuf: 3 seq:   1803 bytesused: 12441600 ts: 3308.378476 delta: 33.332 ms delta now: +32.296 ms fps: 30.00 (ts-monotonic, ts-src-eof)
cap dqbuf: 0 seq:   1804 bytesused: 12441600 ts: 3308.411809 delta: 33.333 ms delta now: +33.310 ms fps: 30.00 (ts-monotonic, ts-src-eof)
cap dqbuf: 1 seq:   1805 bytesused: 12441600 ts: 3308.445146 delta: 33.337 ms delta now: +33.271 ms fps: 30.00 (ts-monotonic, ts-src-eof)
cap dqbuf: 2 seq:   1806 bytesused: 12441600 ts: 3308.478477 delta: 33.331 ms delta now: +33.150 ms fps: 30.00 (ts-monotonic, ts-src-eof)
cap dqbuf: 3 seq:   1807 bytesused: 12441600 ts: 3308.511811 delta: 33.334 ms delta now: +33.096 ms fps: 30.00 (ts-monotonic, ts-src-eof)
cap dqbuf: 0 seq:   1808 bytesused: 12441600 ts: 3308.545143 delta: 33.332 ms delta now: +33.337 ms fps: 30.00 (ts-monotonic, ts-src-eof)
cap dqbuf: 1 seq:   1809 bytesused: 12441600 ts: 3308.578477 delta: 33.334 ms delta now: +33.294 ms fps: 30.00 (ts-monotonic, ts-src-eof)
cap dqbuf: 2 seq:   1810 bytesused: 12441600 ts: 3308.611810 delta: 33.333 ms delta now: +33.302 ms fps: 30.00 (ts-monotonic, ts-src-eof)
cap dqbuf: 3 seq:   1811 bytesused: 12441600 ts: 3308.645144 delta: 33.334 ms delta now: +33.161 ms fps: 30.00 (ts-monotonic, ts-src-eof)
cap dqbuf: 0 seq:   1812 bytesused: 12441600 ts: 3308.678477 delta: 33.333 ms delta now: +33.275 ms fps: 30.00 (ts-monotonic, ts-src-eof)
cap dqbuf: 1 seq:   1813 bytesused: 12441600 ts: 3308.711811 delta: 33.334 ms delta now: +32.294 ms fps: 30.00 (ts-monotonic, ts-src-eof)
cap dqbuf: 2 seq:   1814 bytesused: 12441600 ts: 3308.745142 delta: 33.331 ms delta now: +33.305 ms fps: 30.00 (ts-monotonic, ts-src-eof)
cap dqbuf: 3 seq:   1815 bytesused: 12441600 ts: 3308.778477 delta: 33.335 ms delta now: +33.342 ms fps: 30.00 (ts-monotonic, ts-src-eof)
cap dqbuf: 0 seq:   1816 bytesused: 12441600 ts: 3308.811811 delta: 33.334 ms delta now: +32.294 ms fps: 30.00 (ts-monotonic, ts-src-eof)
cap dqbuf: 1 seq:   1817 bytesused: 12441600 ts: 3308.845142 delta: 33.331 ms delta now: +33.434 ms fps: 30.00 (ts-monotonic, ts-src-eof)
cap dqbuf: 2 seq:   1818 bytesused: 12441600 ts: 3308.878478 delta: 33.336 ms delta now: +32.294 ms fps: 30.00 (ts-monotonic, ts-src-eof)
cap dqbuf: 3 seq:   1819 bytesused: 12441600 ts: 3308.911809 delta: 33.331 ms delta now: +32.295 ms fps: 30.00 (ts-monotonic, ts-src-eof)
cap dqbuf: 0 seq:   1820 bytesused: 12441600 ts: 3308.945142 delta: 33.333 ms delta now: +33.310 ms fps: 30.00 (ts-monotonic, ts-src-eof)
cap dqbuf: 1 seq:   1821 bytesused: 12441600 ts: 3308.978481 delta: 33.339 ms delta now: +33.157 ms fps: 30.00 (ts-monotonic, ts-src-eof)
cap dqbuf: 2 seq:   1822 bytesused: 12441600 ts: 3309.011809 delta: 33.328 ms delta now: +32.296 ms fps: 30.00 (ts-monotonic, ts-src-eof)
cap dqbuf: 3 seq:   1823 bytesused: 12441600 ts: 3309.045142 delta: 33.333 ms delta now: +33.350 ms fps: 30.00 (ts-monotonic, ts-src-eof)
cap dqbuf: 0 seq:   1824 bytesused: 12441600 ts: 3309.078478 delta: 33.336 ms delta now: +32.319 ms fps: 30.00 (ts-monotonic, ts-src-eof)
cap dqbuf: 1 seq:   1825 bytesused: 12441600 ts: 3309.111811 delta: 33.333 ms delta now: +33.172 ms fps: 30.00 (ts-monotonic, ts-src-eof)
cap dqbuf: 2 seq:   1826 bytesused: 12441600 ts: 3309.145144 delta: 33.333 ms delta now: +33.331 ms fps: 30.00 (ts-monotonic, ts-src-eof)
cap dqbuf: 3 seq:   1827 bytesused: 12441600 ts: 3309.178478 delta: 33.334 ms delta now: +32.307 ms fps: 30.00 (ts-monotonic, ts-src-eof)
cap dqbuf: 0 seq:   1828 bytesused: 12441600 ts: 3309.211809 delta: 33.331 ms delta now: +32.296 ms fps: 30.00 (ts-monotonic, ts-src-eof)
cap dqbuf: 1 seq:   1829 bytesused: 12441600 ts: 3309.245142 delta: 33.333 ms delta now: +33.153 ms fps: 30.00 (ts-monotonic, ts-src-eof)
cap dqbuf: 2 seq:   1830 bytesused: 12441600 ts: 3309.278477 delta: 33.335 ms delta now: +33.311 ms fps: 30.00 (ts-monotonic, ts-src-eof)
cap dqbuf: 3 seq:   1831 bytesused: 12441600 ts: 3309.311934 delta: 33.457 ms delta now: +32.171 ms fps: 30.00 (ts-monotonic, ts-src-eof)
cap dqbuf: 0 seq:   1832 bytesused: 12441600 ts: 3309.345142 delta: 33.208 ms delta now: +33.158 ms fps: 30.00 (ts-monotonic, ts-src-eof)
cap dqbuf: 1 seq:   1833 bytesused: 12441600 ts: 3309.378477 delta: 33.335 ms delta now: +33.287 ms fps: 30.00 (ts-monotonic, ts-src-eof)
cap dqbuf: 2 seq:   1834 bytesused: 12441600 ts: 3309.411811 delta: 33.334 ms delta now: +33.157 ms fps: 30.00 (ts-monotonic, ts-src-eof)
cap dqbuf: 3 seq:   1835 bytesused: 12441600 ts: 3309.445144 delta: 33.333 ms delta now: +33.272 ms fps: 30.00 (ts-monotonic, ts-src-eof)
cap dqbuf: 0 seq:   1836 bytesused: 12441600 ts: 3309.478478 delta: 33.334 ms delta now: +32.294 ms fps: 30.00 (ts-monotonic, ts-src-eof)
cap dqbuf: 1 seq:   1837 bytesused: 12441600 ts: 3309.511809 delta: 33.331 ms delta now: +32.295 ms fps: 30.00 (ts-monotonic, ts-src-eof)
cap dqbuf: 2 seq:   1838 bytesused: 12441600 ts: 3309.545144 delta: 33.335 ms delta now: +33.346 ms fps: 30.00 (ts-monotonic, ts-src-eof)
cap dqbuf: 3 seq:   1839 bytesused: 12441600 ts: 3309.578477 delta: 33.333 ms delta now: +32.300 ms fps: 30.00 (ts-monotonic, ts-src-eof)
cap dqbuf: 0 seq:   1840 bytesused: 12441600 ts: 3309.611809 delta: 33.332 ms delta now: +33.152 ms fps: 30.00 (ts-monotonic, ts-src-eof)
cap dqbuf: 1 seq:   1841 bytesused: 12441600 ts: 3309.645144 delta: 33.335 ms delta now: +32.294 ms fps: 30.00 (ts-monotonic, ts-src-eof)
cap dqbuf: 2 seq:   1842 bytesused: 12441600 ts: 3309.678476 delta: 33.332 ms delta now: +33.439 ms fps: 30.00 (ts-monotonic, ts-src-eof)
cap dqbuf: 3 seq:   1843 bytesused: 12441600 ts: 3309.711920 delta: 33.444 ms delta now: +32.185 ms fps: 30.00 (ts-monotonic, ts-src-eof)
cap dqbuf: 0 seq:   1844 bytesused: 12441600 ts: 3309.745142 delta: 33.222 ms delta now: +32.295 ms fps: 30.00 (ts-monotonic, ts-src-eof)
cap dqbuf: 1 seq:   1845 bytesused: 12441600 ts: 3309.778476 delta: 33.334 ms delta now: +32.296 ms fps: 30.00 (ts-monotonic, ts-src-eof)
cap dqbuf: 2 seq:   1846 bytesused: 12441600 ts: 3309.811811 delta: 33.335 ms delta now: +32.294 ms fps: 30.00 (ts-monotonic, ts-src-eof)
cap dqbuf: 3 seq:   1847 bytesused: 12441600 ts: 3309.845142 delta: 33.331 ms delta now: +33.300 ms fps: 30.00 (ts-monotonic, ts-src-eof)
cap dqbuf: 0 seq:   1848 bytesused: 12441600 ts: 3309.878476 delta: 33.334 ms delta now: +32.297 ms fps: 30.00 (ts-monotonic, ts-src-eof)
cap dqbuf: 1 seq:   1849 bytesused: 12441600 ts: 3309.911809 delta: 33.333 ms delta now: +33.322 ms fps: 30.00 (ts-monotonic, ts-src-eof)
cap dqbuf: 2 seq:   1850 bytesused: 12441600 ts: 3309.945248 delta: 33.439 ms delta now: +32.915 ms fps: 30.00 (ts-monotonic, ts-src-eof)
cap dqbuf: 3 seq:   1851 bytesused: 12441600 ts: 3309.978477 delta: 33.229 ms delta now: +33.314 ms fps: 30.00 (ts-monotonic, ts-src-eof)
cap dqbuf: 0 seq:   1852 bytesused: 12441600 ts: 3310.011811 delta: 33.334 ms delta now: +33.166 ms fps: 30.00 (ts-monotonic, ts-src-eof)
cap dqbuf: 1 seq:   1853 bytesused: 12441600 ts: 3310.045144 delta: 33.333 ms delta now: +33.348 ms fps: 30.00 (ts-monotonic, ts-src-eof)
cap dqbuf: 2 seq:   1854 bytesused: 12441600 ts: 3310.078582 delta: 33.438 ms delta now: +32.204 ms fps: 30.00 (ts-monotonic, ts-src-eof)
cap dqbuf: 3 seq:   1855 bytesused: 12441600 ts: 3310.111809 delta: 33.227 ms delta now: +33.169 ms fps: 30.00 (ts-monotonic, ts-src-eof)
cap dqbuf: 0 seq:   1856 bytesused: 12441600 ts: 3310.145144 delta: 33.335 ms delta now: +33.308 ms fps: 30.00 (ts-monotonic, ts-src-eof)
cap dqbuf: 1 seq:   1857 bytesused: 12441600 ts: 3310.178478 delta: 33.334 ms delta now: +33.161 ms fps: 30.00 (ts-monotonic, ts-src-eof)
cap dqbuf: 2 seq:   1858 bytesused: 12441600 ts: 3310.211811 delta: 33.333 ms delta now: +33.409 ms fps: 30.00 (ts-monotonic, ts-src-eof)
cap dqbuf: 3 seq:   1859 bytesused: 12441600 ts: 3310.245260 delta: 33.449 ms delta now: +33.069 ms fps: 30.00 (ts-monotonic, ts-src-eof)
cap dqbuf: 0 seq:   1860 bytesused: 12441600 ts: 3310.278478 delta: 33.218 ms delta now: +33.156 ms fps: 30.00 (ts-monotonic, ts-src-eof)
cap dqbuf: 1 seq:   1861 bytesused: 12441600 ts: 3310.311893 delta: 33.415 ms delta now: +33.040 ms fps: 30.00 (ts-monotonic, ts-src-eof)
cap dqbuf: 2 seq:   1862 bytesused: 12441600 ts: 3310.345143 delta: 33.250 ms delta now: +33.316 ms fps: 30.00 (ts-monotonic, ts-src-eof)
cap dqbuf: 3 seq:   1863 bytesused: 12441600 ts: 3310.378596 delta: 33.453 ms delta now: +32.176 ms fps: 30.00 (ts-monotonic, ts-src-eof)
cap dqbuf: 0 seq:   1864 bytesused: 12441600 ts: 3310.411809 delta: 33.213 ms delta now: +33.334 ms fps: 30.00 (ts-monotonic, ts-src-eof)
cap dqbuf: 1 seq:   1865 bytesused: 12441600 ts: 3310.445144 delta: 33.335 ms delta now: +33.144 ms fps: 30.00 (ts-monotonic, ts-src-eof)
cap dqbuf: 2 seq:   1866 bytesused: 12441600 ts: 3310.478477 delta: 33.333 ms delta now: +33.280 ms fps: 30.00 (ts-monotonic, ts-src-eof)
cap dqbuf: 3 seq:   1867 bytesused: 12441600 ts: 3310.511811 delta: 33.334 ms delta now: +32.293 ms fps: 30.00 (ts-monotonic, ts-src-eof)
cap dqbuf: 0 seq:   1868 bytesused: 12441600 ts: 3310.545142 delta: 33.331 ms delta now: +33.306 ms fps: 30.00 (ts-monotonic, ts-src-eof)
cap dqbuf: 1 seq:   1869 bytesused: 12441600 ts: 3310.578594 delta: 33.452 ms delta now: +32.455 ms fps: 30.00 (ts-monotonic, ts-src-eof)
cap dqbuf: 2 seq:   1870 bytesused: 12441600 ts: 3310.611809 delta: 33.215 ms delta now: +32.295 ms fps: 30.00 (ts-monotonic, ts-src-eof)
cap dqbuf: 3 seq:   1871 bytesused: 12441600 ts: 3310.645142 delta: 33.333 ms delta now: +33.311 ms fps: 30.00 (ts-monotonic, ts-src-eof)
cap dqbuf: 0 seq:   1872 bytesused: 12441600 ts: 3310.678596 delta: 33.454 ms delta now: +33.175 ms fps: 30.00 (ts-monotonic, ts-src-eof)
cap dqbuf: 1 seq:   1873 bytesused: 12441600 ts: 3310.711811 delta: 33.215 ms delta now: +33.137 ms fps: 30.00 (ts-monotonic, ts-src-eof)
cap dqbuf: 2 seq:   1874 bytesused: 12441600 ts: 3310.745144 delta: 33.333 ms delta now: +32.293 ms fps: 30.00 (ts-monotonic, ts-src-eof)
cap dqbuf: 3 seq:   1875 bytesused: 12441600 ts: 3310.778476 delta: 33.332 ms delta now: +33.317 ms fps: 30.00 (ts-monotonic, ts-src-eof)
cap dqbuf: 0 seq:   1876 bytesused: 12441600 ts: 3310.811910 delta: 33.434 ms delta now: +32.193 ms fps: 30.00 (ts-monotonic, ts-src-eof)
cap dqbuf: 1 seq:   1877 bytesused: 12441600 ts: 3310.845142 delta: 33.232 ms delta now: +33.326 ms fps: 30.00 (ts-monotonic, ts-src-eof)
cap dqbuf: 2 seq:   1878 bytesused: 12441600 ts: 3310.878593 delta: 33.451 ms delta now: +33.172 ms fps: 30.00 (ts-monotonic, ts-src-eof)
cap dqbuf: 3 seq:   1879 bytesused: 12441600 ts: 3310.911811 delta: 33.218 ms delta now: +32.294 ms fps: 30.00 (ts-monotonic, ts-src-eof)
cap dqbuf: 0 seq:   1880 bytesused: 12441600 ts: 3310.945142 delta: 33.331 ms delta now: +33.159 ms fps: 30.00 (ts-monotonic, ts-src-eof)
cap dqbuf: 1 seq:   1881 bytesused: 12441600 ts: 3310.978478 delta: 33.336 ms delta now: +33.304 ms fps: 30.00 (ts-monotonic, ts-src-eof)
cap dqbuf: 2 seq:   1882 bytesused: 12441600 ts: 3311.011811 delta: 33.333 ms delta now: +32.652 ms fps: 30.00 (ts-monotonic, ts-src-eof)
cap dqbuf: 3 seq:   1883 bytesused: 12441600 ts: 3311.045142 delta: 33.331 ms delta now: +32.340 ms fps: 30.00 (ts-monotonic, ts-src-eof)
cap dqbuf: 0 seq:   1884 bytesused: 12441600 ts: 3311.078476 delta: 33.334 ms delta now: +33.382 ms fps: 30.00 (ts-monotonic, ts-src-eof)
cap dqbuf: 1 seq:   1885 bytesused: 12441600 ts: 3311.111811 delta: 33.335 ms delta now: +32.317 ms fps: 30.00 (ts-monotonic, ts-src-eof)
cap dqbuf: 2 seq:   1886 bytesused: 12441600 ts: 3311.145142 delta: 33.331 ms delta now: +33.405 ms fps: 30.00 (ts-monotonic, ts-src-eof)
cap dqbuf: 3 seq:   1887 bytesused: 12441600 ts: 3311.178576 delta: 33.434 ms delta now: +33.180 ms fps: 30.00 (ts-monotonic, ts-src-eof)
cap dqbuf: 0 seq:   1888 bytesused: 12441600 ts: 3311.211811 delta: 33.235 ms delta now: +32.296 ms fps: 30.00 (ts-monotonic, ts-src-eof)
cap dqbuf: 1 seq:   1889 bytesused: 12441600 ts: 3311.245142 delta: 33.331 ms delta now: +32.297 ms fps: 30.00 (ts-monotonic, ts-src-eof)
cap dqbuf: 2 seq:   1890 bytesused: 12441600 ts: 3311.278476 delta: 33.334 ms delta now: +32.299 ms fps: 30.00 (ts-monotonic, ts-src-eof)
cap dqbuf: 3 seq:   1891 bytesused: 12441600 ts: 3311.311809 delta: 33.333 ms delta now: +33.367 ms fps: 30.00 (ts-monotonic, ts-src-eof)
cap dqbuf: 0 seq:   1892 bytesused: 12441600 ts: 3311.345145 delta: 33.336 ms delta now: +32.292 ms fps: 30.00 (ts-monotonic, ts-src-eof)
cap dqbuf: 1 seq:   1893 bytesused: 12441600 ts: 3311.378476 delta: 33.331 ms delta now: +33.334 ms fps: 30.00 (ts-monotonic, ts-src-eof)
cap dqbuf: 2 seq:   1894 bytesused: 12441600 ts: 3311.411942 delta: 33.466 ms delta now: +32.163 ms fps: 30.00 (ts-monotonic, ts-src-eof)
cap dqbuf: 3 seq:   1895 bytesused: 12441600 ts: 3311.445142 delta: 33.200 ms delta now: +33.152 ms fps: 30.00 (ts-monotonic, ts-src-eof)
cap dqbuf: 0 seq:   1896 bytesused: 12441600 ts: 3311.478477 delta: 33.335 ms delta now: +33.369 ms fps: 30.00 (ts-monotonic, ts-src-eof)
cap dqbuf: 1 seq:   1897 bytesused: 12441600 ts: 3311.511811 delta: 33.334 ms delta now: +33.168 ms fps: 30.00 (ts-monotonic, ts-src-eof)
cap dqbuf: 2 seq:   1898 bytesused: 12441600 ts: 3311.545144 delta: 33.333 ms delta now: +33.305 ms fps: 30.00 (ts-monotonic, ts-src-eof)
cap dqbuf: 3 seq:   1899 bytesused: 12441600 ts: 3311.578478 delta: 33.334 ms delta now: +33.345 ms fps: 30.00 (ts-monotonic, ts-src-eof)
cap dqbuf: 0 seq:   1900 bytesused: 12441600 ts: 3311.611811 delta: 33.333 ms delta now: +32.295 ms fps: 30.00 (ts-monotonic, ts-src-eof)
cap dqbuf: 1 seq:   1901 bytesused: 12441600 ts: 3311.645144 delta: 33.333 ms delta now: +33.296 ms fps: 30.00 (ts-monotonic, ts-src-eof)
cap dqbuf: 2 seq:   1902 bytesused: 12441600 ts: 3311.678478 delta: 33.334 ms delta now: +33.171 ms fps: 30.00 (ts-monotonic, ts-src-eof)
cap dqbuf: 3 seq:   1903 bytesused: 12441600 ts: 3311.711811 delta: 33.333 ms delta now: +33.308 ms fps: 30.00 (ts-monotonic, ts-src-eof)
cap dqbuf: 0 seq:   1904 bytesused: 12441600 ts: 3311.745143 delta: 33.332 ms delta now: +32.295 ms fps: 30.00 (ts-monotonic, ts-src-eof)
cap dqbuf: 1 seq:   1905 bytesused: 12441600 ts: 3311.778476 delta: 33.333 ms delta now: +33.149 ms fps: 30.00 (ts-monotonic, ts-src-eof)
cap dqbuf: 2 seq:   1906 bytesused: 12441600 ts: 3311.811811 delta: 33.335 ms delta now: +32.612 ms fps: 30.00 (ts-monotonic, ts-src-eof)
cap dqbuf: 3 seq:   1907 bytesused: 12441600 ts: 3311.845142 delta: 33.331 ms delta now: +33.156 ms fps: 30.00 (ts-monotonic, ts-src-eof)
cap dqbuf: 0 seq:   1908 bytesused: 12441600 ts: 3311.878478 delta: 33.336 ms delta now: +33.347 ms fps: 30.00 (ts-monotonic, ts-src-eof)
cap dqbuf: 1 seq:   1909 bytesused: 12441600 ts: 3311.911811 delta: 33.333 ms delta now: +33.258 ms fps: 30.00 (ts-monotonic, ts-src-eof)
cap dqbuf: 2 seq:   1910 bytesused: 12441600 ts: 3311.945259 delta: 33.448 ms delta now: +32.180 ms fps: 30.00 (ts-monotonic, ts-src-eof)
cap dqbuf: 3 seq:   1911 bytesused: 12441600 ts: 3311.978476 delta: 33.217 ms delta now: +33.356 ms fps: 30.00 (ts-monotonic, ts-src-eof)
cap dqbuf: 0 seq:   1912 bytesused: 12441600 ts: 3312.011812 delta: 33.336 ms delta now: +32.293 ms fps: 30.00 (ts-monotonic, ts-src-eof)
cap dqbuf: 1 seq:   1913 bytesused: 12441600 ts: 3312.045142 delta: 33.330 ms delta now: +33.183 ms fps: 30.00 (ts-monotonic, ts-src-eof)
cap dqbuf: 2 seq:   1914 bytesused: 12441600 ts: 3312.078478 delta: 33.336 ms delta now: +33.313 ms fps: 30.00 (ts-monotonic, ts-src-eof)
cap dqbuf: 3 seq:   1915 bytesused: 12441600 ts: 3312.111811 delta: 33.333 ms delta now: +32.305 ms fps: 30.00 (ts-monotonic, ts-src-eof)
cap dqbuf: 0 seq:   1916 bytesused: 12441600 ts: 3312.145142 delta: 33.331 ms delta now: +33.404 ms fps: 30.00 (ts-monotonic, ts-src-eof)
cap dqbuf: 1 seq:   1917 bytesused: 12441600 ts: 3312.178593 delta: 33.451 ms delta now: +32.185 ms fps: 30.00 (ts-monotonic, ts-src-eof)
cap dqbuf: 2 seq:   1918 bytesused: 12441600 ts: 3312.211809 delta: 33.216 ms delta now: +33.289 ms fps: 30.00 (ts-monotonic, ts-src-eof)
cap dqbuf: 3 seq:   1919 bytesused: 12441600 ts: 3312.245145 delta: 33.336 ms delta now: +33.163 ms fps: 30.00 (ts-monotonic, ts-src-eof)
cap dqbuf: 0 seq:   1920 bytesused: 12441600 ts: 3312.278477 delta: 33.332 ms delta now: +33.287 ms fps: 30.00 (ts-monotonic, ts-src-eof)
cap dqbuf: 1 seq:   1921 bytesused: 12441600 ts: 3312.311811 delta: 33.334 ms delta now: +32.308 ms fps: 30.00 (ts-monotonic, ts-src-eof)
cap dqbuf: 2 seq:   1922 bytesused: 12441600 ts: 3312.345143 delta: 33.332 ms delta now: +33.381 ms fps: 30.00 (ts-monotonic, ts-src-eof)
cap dqbuf: 3 seq:   1923 bytesused: 12441600 ts: 3312.378580 delta: 33.437 ms delta now: +33.254 ms fps: 30.00 (ts-monotonic, ts-src-eof)
cap dqbuf: 0 seq:   1924 bytesused: 12441600 ts: 3312.411811 delta: 33.231 ms delta now: +33.156 ms fps: 30.00 (ts-monotonic, ts-src-eof)
cap dqbuf: 1 seq:   1925 bytesused: 12441600 ts: 3312.445144 delta: 33.333 ms delta now: +32.295 ms fps: 30.00 (ts-monotonic, ts-src-eof)
cap dqbuf: 2 seq:   1926 bytesused: 12441600 ts: 3312.478476 delta: 33.332 ms delta now: +32.295 ms fps: 30.00 (ts-monotonic, ts-src-eof)
cap dqbuf: 3 seq:   1927 bytesused: 12441600 ts: 3312.511809 delta: 33.333 ms delta now: +33.397 ms fps: 30.00 (ts-monotonic, ts-src-eof)
cap dqbuf: 0 seq:   1928 bytesused: 12441600 ts: 3312.545147 delta: 33.338 ms delta now: +33.536 ms fps: 30.00 (ts-monotonic, ts-src-eof)
cap dqbuf: 1 seq:   1929 bytesused: 12441600 ts: 3312.578476 delta: 33.329 ms delta now: +33.389 ms fps: 30.00 (ts-monotonic, ts-src-eof)
cap dqbuf: 2 seq:   1930 bytesused: 12441600 ts: 3312.611814 delta: 33.338 ms delta now: +32.291 ms fps: 30.00 (ts-monotonic, ts-src-eof)
cap dqbuf: 3 seq:   1931 bytesused: 12441600 ts: 3312.645142 delta: 33.328 ms delta now: +33.178 ms fps: 30.00 (ts-monotonic, ts-src-eof)
cap dqbuf: 0 seq:   1932 bytesused: 12441600 ts: 3312.678478 delta: 33.336 ms delta now: +33.314 ms fps: 30.00 (ts-monotonic, ts-src-eof)
cap dqbuf: 1 seq:   1933 bytesused: 12441600 ts: 3312.711811 delta: 33.333 ms delta now: +33.386 ms fps: 30.00 (ts-monotonic, ts-src-eof)
cap dqbuf: 2 seq:   1934 bytesused: 12441600 ts: 3312.745260 delta: 33.449 ms delta now: +33.064 ms fps: 30.00 (ts-monotonic, ts-src-eof)
cap dqbuf: 3 seq:   1935 bytesused: 12441600 ts: 3312.778478 delta: 33.218 ms delta now: +33.317 ms fps: 30.00 (ts-monotonic, ts-src-eof)
cap dqbuf: 0 seq:   1936 bytesused: 12441600 ts: 3312.811811 delta: 33.333 ms delta now: +32.294 ms fps: 30.00 (ts-monotonic, ts-src-eof)
cap dqbuf: 1 seq:   1937 bytesused: 12441600 ts: 3312.845143 delta: 33.332 ms delta now: +32.294 ms fps: 30.00 (ts-monotonic, ts-src-eof)
cap dqbuf: 2 seq:   1938 bytesused: 12441600 ts: 3312.878476 delta: 33.333 ms delta now: +33.389 ms fps: 30.00 (ts-monotonic, ts-src-eof)
cap dqbuf: 3 seq:   1939 bytesused: 12441600 ts: 3312.911948 delta: 33.472 ms delta now: +33.129 ms fps: 30.00 (ts-monotonic, ts-src-eof)
cap dqbuf: 0 seq:   1940 bytesused: 12441600 ts: 3312.945270 delta: 33.322 ms delta now: +33.174 ms fps: 30.00 (ts-monotonic, ts-src-eof)
cap dqbuf: 1 seq:   1941 bytesused: 12441600 ts: 3312.978478 delta: 33.208 ms delta now: +33.293 ms fps: 30.00 (ts-monotonic, ts-src-eof)
cap dqbuf: 2 seq:   1942 bytesused: 12441600 ts: 3313.011928 delta: 33.450 ms delta now: +33.041 ms fps: 30.00 (ts-monotonic, ts-src-eof)
cap dqbuf: 3 seq:   1943 bytesused: 12441600 ts: 3313.045144 delta: 33.216 ms delta now: +33.178 ms fps: 30.00 (ts-monotonic, ts-src-eof)
cap dqbuf: 0 seq:   1944 bytesused: 12441600 ts: 3313.078477 delta: 33.333 ms delta now: +33.305 ms fps: 30.00 (ts-monotonic, ts-src-eof)
cap dqbuf: 1 seq:   1945 bytesused: 12441600 ts: 3313.111811 delta: 33.334 ms delta now: +32.302 ms fps: 30.00 (ts-monotonic, ts-src-eof)
cap dqbuf: 2 seq:   1946 bytesused: 12441600 ts: 3313.145143 delta: 33.332 ms delta now: +32.304 ms fps: 30.00 (ts-monotonic, ts-src-eof)
cap dqbuf: 3 seq:   1947 bytesused: 12441600 ts: 3313.178476 delta: 33.333 ms delta now: +33.281 ms fps: 30.00 (ts-monotonic, ts-src-eof)
cap dqbuf: 0 seq:   1948 bytesused: 12441600 ts: 3313.211811 delta: 33.335 ms delta now: +33.170 ms fps: 30.00 (ts-monotonic, ts-src-eof)
cap dqbuf: 1 seq:   1949 bytesused: 12441600 ts: 3313.245144 delta: 33.333 ms delta now: +33.292 ms fps: 30.00 (ts-monotonic, ts-src-eof)
cap dqbuf: 2 seq:   1950 bytesused: 12441600 ts: 3313.278477 delta: 33.333 ms delta now: +33.407 ms fps: 30.00 (ts-monotonic, ts-src-eof)
cap dqbuf: 3 seq:   1951 bytesused: 12441600 ts: 3313.311811 delta: 33.334 ms delta now: +33.177 ms fps: 30.00 (ts-monotonic, ts-src-eof)
cap dqbuf: 0 seq:   1952 bytesused: 12441600 ts: 3313.345144 delta: 33.333 ms delta now: +33.356 ms fps: 30.00 (ts-monotonic, ts-src-eof)
cap dqbuf: 1 seq:   1953 bytesused: 12441600 ts: 3313.378593 delta: 33.449 ms delta now: +32.179 ms fps: 30.00 (ts-monotonic, ts-src-eof)
cap dqbuf: 2 seq:   1954 bytesused: 12441600 ts: 3313.411809 delta: 33.216 ms delta now: +33.365 ms fps: 30.00 (ts-monotonic, ts-src-eof)
cap dqbuf: 3 seq:   1955 bytesused: 12441600 ts: 3313.445147 delta: 33.338 ms delta now: +33.378 ms fps: 30.00 (ts-monotonic, ts-src-eof)
cap dqbuf: 0 seq:   1956 bytesused: 12441600 ts: 3313.478478 delta: 33.331 ms delta now: +32.295 ms fps: 30.00 (ts-monotonic, ts-src-eof)
cap dqbuf: 1 seq:   1957 bytesused: 12441600 ts: 3313.511809 delta: 33.331 ms delta now: +33.304 ms fps: 30.00 (ts-monotonic, ts-src-eof)
cap dqbuf: 2 seq:   1958 bytesused: 12441600 ts: 3313.545262 delta: 33.453 ms delta now: +33.028 ms fps: 30.00 (ts-monotonic, ts-src-eof)
cap dqbuf: 3 seq:   1959 bytesused: 12441600 ts: 3313.578478 delta: 33.216 ms delta now: +33.315 ms fps: 30.00 (ts-monotonic, ts-src-eof)
cap dqbuf: 0 seq:   1960 bytesused: 12441600 ts: 3313.611928 delta: 33.450 ms delta now: +33.157 ms fps: 30.00 (ts-monotonic, ts-src-eof)
cap dqbuf: 1 seq:   1961 bytesused: 12441600 ts: 3313.645145 delta: 33.217 ms delta now: +32.292 ms fps: 30.00 (ts-monotonic, ts-src-eof)
cap dqbuf: 2 seq:   1962 bytesused: 12441600 ts: 3313.678476 delta: 33.331 ms delta now: +32.296 ms fps: 30.00 (ts-monotonic, ts-src-eof)
cap dqbuf: 3 seq:   1963 bytesused: 12441600 ts: 3313.711809 delta: 33.333 ms delta now: +32.353 ms fps: 30.00 (ts-monotonic, ts-src-eof)
cap dqbuf: 0 seq:   1964 bytesused: 12441600 ts: 3313.745142 delta: 33.333 ms delta now: +33.155 ms fps: 30.00 (ts-monotonic, ts-src-eof)
cap dqbuf: 1 seq:   1965 bytesused: 12441600 ts: 3313.778478 delta: 33.336 ms delta now: +32.306 ms fps: 30.00 (ts-monotonic, ts-src-eof)
cap dqbuf: 2 seq:   1966 bytesused: 12441600 ts: 3313.811811 delta: 33.333 ms delta now: +32.294 ms fps: 30.00 (ts-monotonic, ts-src-eof)
cap dqbuf: 3 seq:   1967 bytesused: 12441600 ts: 3313.845144 delta: 33.333 ms delta now: +33.307 ms fps: 30.00 (ts-monotonic, ts-src-eof)
cap dqbuf: 0 seq:   1968 bytesused: 12441600 ts: 3313.878478 delta: 33.334 ms delta now: +33.293 ms fps: 30.00 (ts-monotonic, ts-src-eof)
cap dqbuf: 1 seq:   1969 bytesused: 12441600 ts: 3313.911909 delta: 33.431 ms delta now: +32.296 ms fps: 30.00 (ts-monotonic, ts-src-eof)
cap dqbuf: 2 seq:   1970 bytesused: 12441600 ts: 3313.945143 delta: 33.234 ms delta now: +33.319 ms fps: 30.00 (ts-monotonic, ts-src-eof)
cap dqbuf: 3 seq:   1971 bytesused: 12441600 ts: 3313.978478 delta: 33.335 ms delta now: +32.295 ms fps: 30.00 (ts-monotonic, ts-src-eof)
cap dqbuf: 0 seq:   1972 bytesused: 12441600 ts: 3314.011809 delta: 33.331 ms delta now: +33.376 ms fps: 30.00 (ts-monotonic, ts-src-eof)
cap dqbuf: 1 seq:   1973 bytesused: 12441600 ts: 3314.045144 delta: 33.335 ms delta now: +33.164 ms fps: 30.00 (ts-monotonic, ts-src-eof)
cap dqbuf: 2 seq:   1974 bytesused: 12441600 ts: 3314.078478 delta: 33.334 ms delta now: +33.427 ms fps: 30.00 (ts-monotonic, ts-src-eof)
cap dqbuf: 3 seq:   1975 bytesused: 12441600 ts: 3314.111812 delta: 33.334 ms delta now: +33.152 ms fps: 30.00 (ts-monotonic, ts-src-eof)
cap dqbuf: 0 seq:   1976 bytesused: 12441600 ts: 3314.145144 delta: 33.332 ms delta now: +33.300 ms fps: 30.00 (ts-monotonic, ts-src-eof)
cap dqbuf: 1 seq:   1977 bytesused: 12441600 ts: 3314.178577 delta: 33.433 ms delta now: +32.484 ms fps: 30.00 (ts-monotonic, ts-src-eof)
cap dqbuf: 2 seq:   1978 bytesused: 12441600 ts: 3314.211809 delta: 33.232 ms delta now: +33.178 ms fps: 30.00 (ts-monotonic, ts-src-eof)
cap dqbuf: 3 seq:   1979 bytesused: 12441600 ts: 3314.245145 delta: 33.336 ms delta now: +32.295 ms fps: 30.00 (ts-monotonic, ts-src-eof)
cap dqbuf: 0 seq:   1980 bytesused: 12441600 ts: 3314.278476 delta: 33.331 ms delta now: +33.355 ms fps: 30.00 (ts-monotonic, ts-src-eof)
cap dqbuf: 1 seq:   1981 bytesused: 12441600 ts: 3314.311928 delta: 33.452 ms delta now: +33.173 ms fps: 30.00 (ts-monotonic, ts-src-eof)
cap dqbuf: 2 seq:   1982 bytesused: 12441600 ts: 3314.345243 delta: 33.315 ms delta now: +32.201 ms fps: 30.00 (ts-monotonic, ts-src-eof)
cap dqbuf: 3 seq:   1983 bytesused: 12441600 ts: 3314.378476 delta: 33.233 ms delta now: +33.177 ms fps: 30.00 (ts-monotonic, ts-src-eof)
cap dqbuf: 0 seq:   1984 bytesused: 12441600 ts: 3314.411811 delta: 33.335 ms delta now: +33.351 ms fps: 30.00 (ts-monotonic, ts-src-eof)
cap dqbuf: 1 seq:   1985 bytesused: 12441600 ts: 3314.445147 delta: 33.336 ms delta now: +33.271 ms fps: 30.00 (ts-monotonic, ts-src-eof)
cap dqbuf: 2 seq:   1986 bytesused: 12441600 ts: 3314.478478 delta: 33.331 ms delta now: +33.284 ms fps: 30.00 (ts-monotonic, ts-src-eof)
cap dqbuf: 3 seq:   1987 bytesused: 12441600 ts: 3314.511925 delta: 33.447 ms delta now: +32.186 ms fps: 30.00 (ts-monotonic, ts-src-eof)
cap dqbuf: 0 seq:   1988 bytesused: 12441600 ts: 3314.545143 delta: 33.218 ms delta now: +32.294 ms fps: 30.00 (ts-monotonic, ts-src-eof)
cap dqbuf: 1 seq:   1989 bytesused: 12441600 ts: 3314.578476 delta: 33.333 ms delta now: +32.296 ms fps: 30.00 (ts-monotonic, ts-src-eof)
cap dqbuf: 2 seq:   1990 bytesused: 12441600 ts: 3314.611809 delta: 33.333 ms delta now: +33.164 ms fps: 30.00 (ts-monotonic, ts-src-eof)
cap dqbuf: 3 seq:   1991 bytesused: 12441600 ts: 3314.645144 delta: 33.335 ms delta now: +33.177 ms fps: 30.00 (ts-monotonic, ts-src-eof)
cap dqbuf: 0 seq:   1992 bytesused: 12441600 ts: 3314.678478 delta: 33.334 ms delta now: +32.293 ms fps: 30.00 (ts-monotonic, ts-src-eof)
cap dqbuf: 1 seq:   1993 bytesused: 12441600 ts: 3314.711809 delta: 33.331 ms delta now: +33.294 ms fps: 30.00 (ts-monotonic, ts-src-eof)
cap dqbuf: 2 seq:   1994 bytesused: 12441600 ts: 3314.745244 delta: 33.435 ms delta now: +33.215 ms fps: 30.00 (ts-monotonic, ts-src-eof)
cap dqbuf: 3 seq:   1995 bytesused: 12441600 ts: 3314.778478 delta: 33.234 ms delta now: +32.295 ms fps: 30.00 (ts-monotonic, ts-src-eof)
cap dqbuf: 0 seq:   1996 bytesused: 12441600 ts: 3314.811810 delta: 33.332 ms delta now: +33.150 ms fps: 30.00 (ts-monotonic, ts-src-eof)
cap dqbuf: 1 seq:   1997 bytesused: 12441600 ts: 3314.845144 delta: 33.334 ms delta now: +33.147 ms fps: 30.00 (ts-monotonic, ts-src-eof)
cap dqbuf: 2 seq:   1998 bytesused: 12441600 ts: 3314.878478 delta: 33.334 ms delta now: +32.294 ms fps: 30.00 (ts-monotonic, ts-src-eof)
cap dqbuf: 3 seq:   1999 bytesused: 12441600 ts: 3314.911809 delta: 33.331 ms delta now: +33.001 ms fps: 30.00 (ts-monotonic, ts-src-eof)
cap dqbuf: 0 seq:   2000 bytesused: 12441600 ts: 3314.945145 delta: 33.336 ms delta now: +32.293 ms fps: 30.00 (ts-monotonic, ts-src-eof)
cap dqbuf: 1 seq:   2001 bytesused: 12441600 ts: 3314.978478 delta: 33.333 ms delta now: +33.299 ms fps: 30.00 (ts-monotonic, ts-src-eof)
cap dqbuf: 2 seq:   2002 bytesused: 12441600 ts: 3315.011814 delta: 33.336 ms delta now: +33.155 ms fps: 30.00 (ts-monotonic, ts-src-eof)
cap dqbuf: 3 seq:   2003 bytesused: 12441600 ts: 3315.045145 delta: 33.331 ms delta now: +33.400 ms fps: 30.00 (ts-monotonic, ts-src-eof)
cap dqbuf: 0 seq:   2004 bytesused: 12441600 ts: 3315.078478 delta: 33.333 ms delta now: +33.170 ms fps: 30.00 (ts-monotonic, ts-src-eof)
cap dqbuf: 1 seq:   2005 bytesused: 12441600 ts: 3315.111811 delta: 33.333 ms delta now: +33.304 ms fps: 30.00 (ts-monotonic, ts-src-eof)
cap dqbuf: 2 seq:   2006 bytesused: 12441600 ts: 3315.145144 delta: 33.333 ms delta now: +32.307 ms fps: 30.00 (ts-monotonic, ts-src-eof)
cap dqbuf: 3 seq:   2007 bytesused: 12441600 ts: 3315.178476 delta: 33.332 ms delta now: +33.339 ms fps: 30.00 (ts-monotonic, ts-src-eof)
cap dqbuf: 0 seq:   2008 bytesused: 12441600 ts: 3315.211815 delta: 33.339 ms delta now: +33.189 ms fps: 30.00 (ts-monotonic, ts-src-eof)
cap dqbuf: 1 seq:   2009 bytesused: 12441600 ts: 3315.245145 delta: 33.330 ms delta now: +33.362 ms fps: 30.00 (ts-monotonic, ts-src-eof)
cap dqbuf: 2 seq:   2010 bytesused: 12441600 ts: 3315.278477 delta: 33.332 ms delta now: +32.781 ms fps: 30.00 (ts-monotonic, ts-src-eof)
cap dqbuf: 3 seq:   2011 bytesused: 12441600 ts: 3315.311809 delta: 33.332 ms delta now: +33.262 ms fps: 30.00 (ts-monotonic, ts-src-eof)
cap dqbuf: 0 seq:   2012 bytesused: 12441600 ts: 3315.345183 delta: 33.374 ms delta now: +32.255 ms fps: 30.00 (ts-monotonic, ts-src-eof)
cap dqbuf: 1 seq:   2013 bytesused: 12441600 ts: 3315.378476 delta: 33.293 ms delta now: +33.190 ms fps: 30.00 (ts-monotonic, ts-src-eof)
cap dqbuf: 2 seq:   2014 bytesused: 12441600 ts: 3315.411811 delta: 33.335 ms delta now: +33.303 ms fps: 30.00 (ts-monotonic, ts-src-eof)
cap dqbuf: 3 seq:   2015 bytesused: 12441600 ts: 3315.445145 delta: 33.334 ms delta now: +33.149 ms fps: 30.00 (ts-monotonic, ts-src-eof)
cap dqbuf: 0 seq:   2016 bytesused: 12441600 ts: 3315.478478 delta: 33.333 ms delta now: +33.319 ms fps: 30.00 (ts-monotonic, ts-src-eof)
cap dqbuf: 1 seq:   2017 bytesused: 12441600 ts: 3315.511811 delta: 33.333 ms delta now: +33.335 ms fps: 30.00 (ts-monotonic, ts-src-eof)
cap dqbuf: 2 seq:   2018 bytesused: 12441600 ts: 3315.545144 delta: 33.333 ms delta now: +32.294 ms fps: 30.00 (ts-monotonic, ts-src-eof)
cap dqbuf: 3 seq:   2019 bytesused: 12441600 ts: 3315.578476 delta: 33.332 ms delta now: +33.155 ms fps: 30.00 (ts-monotonic, ts-src-eof)
cap dqbuf: 0 seq:   2020 bytesused: 12441600 ts: 3315.611811 delta: 33.335 ms delta now: +32.587 ms fps: 30.00 (ts-monotonic, ts-src-eof)
cap dqbuf: 1 seq:   2021 bytesused: 12441600 ts: 3315.645143 delta: 33.332 ms delta now: +33.158 ms fps: 30.00 (ts-monotonic, ts-src-eof)
cap dqbuf: 2 seq:   2022 bytesused: 12441600 ts: 3315.678478 delta: 33.335 ms delta now: +32.670 ms fps: 30.00 (ts-monotonic, ts-src-eof)
cap dqbuf: 3 seq:   2023 bytesused: 12441600 ts: 3315.711810 delta: 33.332 ms delta now: +33.150 ms fps: 30.00 (ts-monotonic, ts-src-eof)
cap dqbuf: 0 seq:   2024 bytesused: 12441600 ts: 3315.745144 delta: 33.334 ms delta now: +33.375 ms fps: 30.00 (ts-monotonic, ts-src-eof)
cap dqbuf: 1 seq:   2025 bytesused: 12441600 ts: 3315.778481 delta: 33.337 ms delta now: +33.288 ms fps: 30.00 (ts-monotonic, ts-src-eof)
cap dqbuf: 2 seq:   2026 bytesused: 12441600 ts: 3315.811812 delta: 33.331 ms delta now: +33.125 ms fps: 30.00 (ts-monotonic, ts-src-eof)
cap dqbuf: 3 seq:   2027 bytesused: 12441600 ts: 3315.845143 delta: 33.331 ms delta now: +33.326 ms fps: 30.00 (ts-monotonic, ts-src-eof)
cap dqbuf: 0 seq:   2028 bytesused: 12441600 ts: 3315.878478 delta: 33.335 ms delta now: +32.294 ms fps: 30.00 (ts-monotonic, ts-src-eof)
cap dqbuf: 1 seq:   2029 bytesused: 12441600 ts: 3315.911810 delta: 33.332 ms delta now: +33.158 ms fps: 30.00 (ts-monotonic, ts-src-eof)
cap dqbuf: 2 seq:   2030 bytesused: 12441600 ts: 3315.945145 delta: 33.335 ms delta now: +33.162 ms fps: 30.00 (ts-monotonic, ts-src-eof)
cap dqbuf: 3 seq:   2031 bytesused: 12441600 ts: 3315.978478 delta: 33.333 ms delta now: +32.295 ms fps: 30.00 (ts-monotonic, ts-src-eof)
cap dqbuf: 0 seq:   2032 bytesused: 12441600 ts: 3316.011810 delta: 33.332 ms delta now: +33.149 ms fps: 30.00 (ts-monotonic, ts-src-eof)
cap dqbuf: 1 seq:   2033 bytesused: 12441600 ts: 3316.045145 delta: 33.335 ms delta now: +33.155 ms fps: 30.00 (ts-monotonic, ts-src-eof)
cap dqbuf: 2 seq:   2034 bytesused: 12441600 ts: 3316.078478 delta: 33.333 ms delta now: +33.318 ms fps: 30.00 (ts-monotonic, ts-src-eof)
cap dqbuf: 3 seq:   2035 bytesused: 12441600 ts: 3316.111812 delta: 33.334 ms delta now: +33.151 ms fps: 30.00 (ts-monotonic, ts-src-eof)
cap dqbuf: 0 seq:   2036 bytesused: 12441600 ts: 3316.145144 delta: 33.332 ms delta now: +32.308 ms fps: 30.00 (ts-monotonic, ts-src-eof)
cap dqbuf: 1 seq:   2037 bytesused: 12441600 ts: 3316.178476 delta: 33.332 ms delta now: +32.301 ms fps: 30.00 (ts-monotonic, ts-src-eof)
cap dqbuf: 2 seq:   2038 bytesused: 12441600 ts: 3316.211809 delta: 33.333 ms delta now: +33.180 ms fps: 30.00 (ts-monotonic, ts-src-eof)
cap dqbuf: 3 seq:   2039 bytesused: 12441600 ts: 3316.245145 delta: 33.336 ms delta now: +33.341 ms fps: 30.00 (ts-monotonic, ts-src-eof)
cap dqbuf: 0 seq:   2040 bytesused: 12441600 ts: 3316.278580 delta: 33.435 ms delta now: +33.207 ms fps: 30.00 (ts-monotonic, ts-src-eof)
cap dqbuf: 1 seq:   2041 bytesused: 12441600 ts: 3316.311815 delta: 33.235 ms delta now: +33.304 ms fps: 30.00 (ts-monotonic, ts-src-eof)
cap dqbuf: 2 seq:   2042 bytesused: 12441600 ts: 3316.345145 delta: 33.330 ms delta now: +33.506 ms fps: 30.00 (ts-monotonic, ts-src-eof)
cap dqbuf: 3 seq:   2043 bytesused: 12441600 ts: 3316.378610 delta: 33.465 ms delta now: +33.164 ms fps: 30.00 (ts-monotonic, ts-src-eof)
cap dqbuf: 0 seq:   2044 bytesused: 12441600 ts: 3316.411928 delta: 33.318 ms delta now: +33.053 ms fps: 30.00 (ts-monotonic, ts-src-eof)
cap dqbuf: 1 seq:   2045 bytesused: 12441600 ts: 3316.445145 delta: 33.217 ms delta now: +33.377 ms fps: 30.00 (ts-monotonic, ts-src-eof)
cap dqbuf: 2 seq:   2046 bytesused: 12441600 ts: 3316.478479 delta: 33.334 ms delta now: +33.143 ms fps: 30.00 (ts-monotonic, ts-src-eof)
cap dqbuf: 3 seq:   2047 bytesused: 12441600 ts: 3316.511811 delta: 33.332 ms delta now: +32.525 ms fps: 30.00 (ts-monotonic, ts-src-eof)
cap dqbuf: 0 seq:   2048 bytesused: 12441600 ts: 3316.545143 delta: 33.332 ms delta now: +33.358 ms fps: 30.00 (ts-monotonic, ts-src-eof)
cap dqbuf: 1 seq:   2049 bytesused: 12441600 ts: 3316.578581 delta: 33.438 ms delta now: +33.228 ms fps: 30.00 (ts-monotonic, ts-src-eof)
cap dqbuf: 2 seq:   2050 bytesused: 12441600 ts: 3316.611928 delta: 33.347 ms delta now: +32.177 ms fps: 30.00 (ts-monotonic, ts-src-eof)
cap dqbuf: 3 seq:   2051 bytesused: 12441600 ts: 3316.645143 delta: 33.215 ms delta now: +32.301 ms fps: 30.00 (ts-monotonic, ts-src-eof)
cap dqbuf: 0 seq:   2052 bytesused: 12441600 ts: 3316.678478 delta: 33.335 ms delta now: +33.291 ms fps: 30.00 (ts-monotonic, ts-src-eof)
cap dqbuf: 1 seq:   2053 bytesused: 12441600 ts: 3316.711812 delta: 33.334 ms delta now: +33.179 ms fps: 30.00 (ts-monotonic, ts-src-eof)
cap dqbuf: 2 seq:   2054 bytesused: 12441600 ts: 3316.745145 delta: 33.333 ms delta now: +33.286 ms fps: 30.00 (ts-monotonic, ts-src-eof)
cap dqbuf: 3 seq:   2055 bytesused: 12441600 ts: 3316.778577 delta: 33.432 ms delta now: +33.205 ms fps: 30.00 (ts-monotonic, ts-src-eof)
cap dqbuf: 0 seq:   2056 bytesused: 12441600 ts: 3316.811812 delta: 33.235 ms delta now: +33.154 ms fps: 30.00 (ts-monotonic, ts-src-eof)
cap dqbuf: 1 seq:   2057 bytesused: 12441600 ts: 3316.845144 delta: 33.332 ms delta now: +33.303 ms fps: 30.00 (ts-monotonic, ts-src-eof)
cap dqbuf: 2 seq:   2058 bytesused: 12441600 ts: 3316.878594 delta: 33.450 ms delta now: +32.534 ms fps: 30.00 (ts-monotonic, ts-src-eof)
cap dqbuf: 3 seq:   2059 bytesused: 12441600 ts: 3316.911810 delta: 33.216 ms delta now: +33.152 ms fps: 30.00 (ts-monotonic, ts-src-eof)
cap dqbuf: 0 seq:   2060 bytesused: 12441600 ts: 3316.945145 delta: 33.335 ms delta now: +33.277 ms fps: 30.00 (ts-monotonic, ts-src-eof)
cap dqbuf: 1 seq:   2061 bytesused: 12441600 ts: 3316.978478 delta: 33.333 ms delta now: +33.419 ms fps: 30.00 (ts-monotonic, ts-src-eof)
cap dqbuf: 2 seq:   2062 bytesused: 12441600 ts: 3317.011810 delta: 33.332 ms delta now: +33.321 ms fps: 30.00 (ts-monotonic, ts-src-eof)
cap dqbuf: 3 seq:   2063 bytesused: 12441600 ts: 3317.045220 delta: 33.410 ms delta now: +33.101 ms fps: 30.00 (ts-monotonic, ts-src-eof)
cap dqbuf: 0 seq:   2064 bytesused: 12441600 ts: 3317.078478 delta: 33.258 ms delta now: +33.316 ms fps: 30.00 (ts-monotonic, ts-src-eof)
cap dqbuf: 1 seq:   2065 bytesused: 12441600 ts: 3317.111928 delta: 33.450 ms delta now: +33.183 ms fps: 30.00 (ts-monotonic, ts-src-eof)
cap dqbuf: 2 seq:   2066 bytesused: 12441600 ts: 3317.145244 delta: 33.316 ms delta now: +32.229 ms fps: 30.00 (ts-monotonic, ts-src-eof)
cap dqbuf: 3 seq:   2067 bytesused: 12441600 ts: 3317.178476 delta: 33.232 ms delta now: +32.312 ms fps: 30.00 (ts-monotonic, ts-src-eof)
cap dqbuf: 0 seq:   2068 bytesused: 12441600 ts: 3317.211809 delta: 33.333 ms delta now: +33.150 ms fps: 30.00 (ts-monotonic, ts-src-eof)
cap dqbuf: 1 seq:   2069 bytesused: 12441600 ts: 3317.245145 delta: 33.336 ms delta now: +33.287 ms fps: 30.00 (ts-monotonic, ts-src-eof)
cap dqbuf: 2 seq:   2070 bytesused: 12441600 ts: 3317.278577 delta: 33.432 ms delta now: +32.994 ms fps: 30.00 (ts-monotonic, ts-src-eof)
cap dqbuf: 3 seq:   2071 bytesused: 12441600 ts: 3317.311810 delta: 33.233 ms delta now: +33.178 ms fps: 30.00 (ts-monotonic, ts-src-eof)
cap dqbuf: 0 seq:   2072 bytesused: 12441600 ts: 3317.345145 delta: 33.335 ms delta now: +32.294 ms fps: 30.00 (ts-monotonic, ts-src-eof)
cap dqbuf: 1 seq:   2073 bytesused: 12441600 ts: 3317.378476 delta: 33.331 ms delta now: +33.420 ms fps: 30.00 (ts-monotonic, ts-src-eof)
cap dqbuf: 2 seq:   2074 bytesused: 12441600 ts: 3317.411914 delta: 33.438 ms delta now: +33.190 ms fps: 30.00 (ts-monotonic, ts-src-eof)
cap dqbuf: 3 seq:   2075 bytesused: 12441600 ts: 3317.445145 delta: 33.231 ms delta now: +32.304 ms fps: 30.00 (ts-monotonic, ts-src-eof)
cap dqbuf: 0 seq:   2076 bytesused: 12441600 ts: 3317.478476 delta: 33.331 ms delta now: +33.175 ms fps: 30.00 (ts-monotonic, ts-src-eof)
cap dqbuf: 1 seq:   2077 bytesused: 12441600 ts: 3317.511811 delta: 33.335 ms delta now: +33.306 ms fps: 30.00 (ts-monotonic, ts-src-eof)
cap dqbuf: 2 seq:   2078 bytesused: 12441600 ts: 3317.545145 delta: 33.334 ms delta now: +33.162 ms fps: 30.00 (ts-monotonic, ts-src-eof)
cap dqbuf: 3 seq:   2079 bytesused: 12441600 ts: 3317.578478 delta: 33.333 ms delta now: +33.347 ms fps: 30.00 (ts-monotonic, ts-src-eof)
cap dqbuf: 0 seq:   2080 bytesused: 12441600 ts: 3317.611812 delta: 33.334 ms delta now: +32.293 ms fps: 30.00 (ts-monotonic, ts-src-eof)
cap dqbuf: 1 seq:   2081 bytesused: 12441600 ts: 3317.645143 delta: 33.331 ms delta now: +33.194 ms fps: 30.00 (ts-monotonic, ts-src-eof)
cap dqbuf: 2 seq:   2082 bytesused: 12441600 ts: 3317.678478 delta: 33.335 ms delta now: +33.291 ms fps: 30.00 (ts-monotonic, ts-src-eof)
cap dqbuf: 3 seq:   2083 bytesused: 12441600 ts: 3317.711812 delta: 33.334 ms delta now: +33.426 ms fps: 30.00 (ts-monotonic, ts-src-eof)
cap dqbuf: 0 seq:   2084 bytesused: 12441600 ts: 3317.745263 delta: 33.451 ms delta now: +32.179 ms fps: 30.00 (ts-monotonic, ts-src-eof)
cap dqbuf: 1 seq:   2085 bytesused: 12441600 ts: 3317.778478 delta: 33.215 ms delta now: +33.283 ms fps: 30.00 (ts-monotonic, ts-src-eof)
cap dqbuf: 2 seq:   2086 bytesused: 12441600 ts: 3317.811812 delta: 33.334 ms delta now: +32.302 ms fps: 30.00 (ts-monotonic, ts-src-eof)
cap dqbuf: 3 seq:   2087 bytesused: 12441600 ts: 3317.845145 delta: 33.333 ms delta now: +33.415 ms fps: 30.00 (ts-monotonic, ts-src-eof)
cap dqbuf: 0 seq:   2088 bytesused: 12441600 ts: 3317.878478 delta: 33.333 ms delta now: +32.294 ms fps: 30.00 (ts-monotonic, ts-src-eof)
cap dqbuf: 1 seq:   2089 bytesused: 12441600 ts: 3317.911810 delta: 33.332 ms delta now: +32.295 ms fps: 30.00 (ts-monotonic, ts-src-eof)
cap dqbuf: 2 seq:   2090 bytesused: 12441600 ts: 3317.945143 delta: 33.333 ms delta now: +33.268 ms fps: 30.00 (ts-monotonic, ts-src-eof)
cap dqbuf: 3 seq:   2091 bytesused: 12441600 ts: 3317.978578 delta: 33.435 ms delta now: +33.201 ms fps: 30.00 (ts-monotonic, ts-src-eof)
cap dqbuf: 0 seq:   2092 bytesused: 12441600 ts: 3318.011812 delta: 33.234 ms delta now: +32.291 ms fps: 30.00 (ts-monotonic, ts-src-eof)
cap dqbuf: 1 seq:   2093 bytesused: 12441600 ts: 3318.045143 delta: 33.331 ms delta now: +33.326 ms fps: 30.00 (ts-monotonic, ts-src-eof)
cap dqbuf: 2 seq:   2094 bytesused: 12441600 ts: 3318.078597 delta: 33.454 ms delta now: +32.197 ms fps: 30.00 (ts-monotonic, ts-src-eof)
cap dqbuf: 3 seq:   2095 bytesused: 12441600 ts: 3318.111810 delta: 33.213 ms delta now: +33.328 ms fps: 30.00 (ts-monotonic, ts-src-eof)
cap dqbuf: 0 seq:   2096 bytesused: 12441600 ts: 3318.145244 delta: 33.434 ms delta now: +33.194 ms fps: 30.00 (ts-monotonic, ts-src-eof)
cap dqbuf: 1 seq:   2097 bytesused: 12441600 ts: 3318.178479 delta: 33.235 ms delta now: +32.300 ms fps: 30.00 (ts-monotonic, ts-src-eof)
cap dqbuf: 2 seq:   2098 bytesused: 12441600 ts: 3318.211810 delta: 33.331 ms delta now: +33.177 ms fps: 30.00 (ts-monotonic, ts-src-eof)
cap dqbuf: 3 seq:   2099 bytesused: 12441600 ts: 3318.245145 delta: 33.335 ms delta now: +33.287 ms fps: 30.00 (ts-monotonic, ts-src-eof)
cap dqbuf: 0 seq:   2100 bytesused: 12441600 ts: 3318.278479 delta: 33.334 ms delta now: +33.291 ms fps: 30.00 (ts-monotonic, ts-src-eof)
cap dqbuf: 1 seq:   2101 bytesused: 12441600 ts: 3318.311812 delta: 33.333 ms delta now: +33.164 ms fps: 30.00 (ts-monotonic, ts-src-eof)
cap dqbuf: 2 seq:   2102 bytesused: 12441600 ts: 3318.345144 delta: 33.332 ms delta now: +33.287 ms fps: 30.00 (ts-monotonic, ts-src-eof)
cap dqbuf: 3 seq:   2103 bytesused: 12441600 ts: 3318.378479 delta: 33.335 ms delta now: +32.294 ms fps: 30.00 (ts-monotonic, ts-src-eof)
cap dqbuf: 0 seq:   2104 bytesused: 12441600 ts: 3318.411810 delta: 33.331 ms delta now: +33.174 ms fps: 30.00 (ts-monotonic, ts-src-eof)
cap dqbuf: 1 seq:   2105 bytesused: 12441600 ts: 3318.445148 delta: 33.338 ms delta now: +32.341 ms fps: 30.00 (ts-monotonic, ts-src-eof)
cap dqbuf: 2 seq:   2106 bytesused: 12441600 ts: 3318.478476 delta: 33.328 ms delta now: +32.296 ms fps: 30.00 (ts-monotonic, ts-src-eof)
cap dqbuf: 3 seq:   2107 bytesused: 12441600 ts: 3318.511810 delta: 33.334 ms delta now: +33.289 ms fps: 30.00 (ts-monotonic, ts-src-eof)
cap dqbuf: 0 seq:   2108 bytesused: 12441600 ts: 3318.545145 delta: 33.335 ms delta now: +33.156 ms fps: 30.00 (ts-monotonic, ts-src-eof)
cap dqbuf: 1 seq:   2109 bytesused: 12441600 ts: 3318.578478 delta: 33.333 ms delta now: +33.396 ms fps: 30.00 (ts-monotonic, ts-src-eof)
cap dqbuf: 2 seq:   2110 bytesused: 12441600 ts: 3318.611814 delta: 33.336 ms delta now: +32.292 ms fps: 30.00 (ts-monotonic, ts-src-eof)
cap dqbuf: 3 seq:   2111 bytesused: 12441600 ts: 3318.645143 delta: 33.329 ms delta now: +33.340 ms fps: 30.00 (ts-monotonic, ts-src-eof)
cap dqbuf: 0 seq:   2112 bytesused: 12441600 ts: 3318.678479 delta: 33.336 ms delta now: +33.294 ms fps: 30.00 (ts-monotonic, ts-src-eof)
cap dqbuf: 1 seq:   2113 bytesused: 12441600 ts: 3318.711812 delta: 33.333 ms delta now: +33.433 ms fps: 30.00 (ts-monotonic, ts-src-eof)
cap dqbuf: 2 seq:   2114 bytesused: 12441600 ts: 3318.745243 delta: 33.431 ms delta now: +32.205 ms fps: 30.00 (ts-monotonic, ts-src-eof)
cap dqbuf: 3 seq:   2115 bytesused: 12441600 ts: 3318.778476 delta: 33.233 ms delta now: +32.297 ms fps: 30.00 (ts-monotonic, ts-src-eof)
cap dqbuf: 0 seq:   2116 bytesused: 12441600 ts: 3318.811812 delta: 33.336 ms delta now: +32.294 ms fps: 30.00 (ts-monotonic, ts-src-eof)
cap dqbuf: 1 seq:   2117 bytesused: 12441600 ts: 3318.845143 delta: 33.331 ms delta now: +33.159 ms fps: 30.00 (ts-monotonic, ts-src-eof)
cap dqbuf: 2 seq:   2118 bytesused: 12441600 ts: 3318.878478 delta: 33.335 ms delta now: +33.295 ms fps: 30.00 (ts-monotonic, ts-src-eof)
cap dqbuf: 3 seq:   2119 bytesused: 12441600 ts: 3318.911812 delta: 33.334 ms delta now: +32.294 ms fps: 30.00 (ts-monotonic, ts-src-eof)
cap dqbuf: 0 seq:   2120 bytesused: 12441600 ts: 3318.945143 delta: 33.331 ms delta now: +33.321 ms fps: 30.00 (ts-monotonic, ts-src-eof)
cap dqbuf: 1 seq:   2121 bytesused: 12441600 ts: 3318.978479 delta: 33.336 ms delta now: +33.154 ms fps: 30.00 (ts-monotonic, ts-src-eof)
cap dqbuf: 2 seq:   2122 bytesused: 12441600 ts: 3319.011811 delta: 33.332 ms delta now: +33.324 ms fps: 30.00 (ts-monotonic, ts-src-eof)
cap dqbuf: 3 seq:   2123 bytesused: 12441600 ts: 3319.045145 delta: 33.334 ms delta now: +32.302 ms fps: 30.00 (ts-monotonic, ts-src-eof)
cap dqbuf: 0 seq:   2124 bytesused: 12441600 ts: 3319.078478 delta: 33.333 ms delta now: +33.158 ms fps: 30.00 (ts-monotonic, ts-src-eof)
cap dqbuf: 1 seq:   2125 bytesused: 12441600 ts: 3319.111812 delta: 33.334 ms delta now: +32.301 ms fps: 30.00 (ts-monotonic, ts-src-eof)
cap dqbuf: 2 seq:   2126 bytesused: 12441600 ts: 3319.145143 delta: 33.331 ms delta now: +33.170 ms fps: 30.00 (ts-monotonic, ts-src-eof)
cap dqbuf: 3 seq:   2127 bytesused: 12441600 ts: 3319.178478 delta: 33.335 ms delta now: +33.305 ms fps: 30.00 (ts-monotonic, ts-src-eof)
cap dqbuf: 0 seq:   2128 bytesused: 12441600 ts: 3319.211812 delta: 33.334 ms delta now: +32.336 ms fps: 30.00 (ts-monotonic, ts-src-eof)
cap dqbuf: 1 seq:   2129 bytesused: 12441600 ts: 3319.245145 delta: 33.333 ms delta now: +33.293 ms fps: 30.00 (ts-monotonic, ts-src-eof)
cap dqbuf: 2 seq:   2130 bytesused: 12441600 ts: 3319.278479 delta: 33.334 ms delta now: +33.157 ms fps: 30.00 (ts-monotonic, ts-src-eof)
cap dqbuf: 3 seq:   2131 bytesused: 12441600 ts: 3319.311812 delta: 33.333 ms delta now: +32.294 ms fps: 30.00 (ts-monotonic, ts-src-eof)
cap dqbuf: 0 seq:   2132 bytesused: 12441600 ts: 3319.345143 delta: 33.331 ms delta now: +32.297 ms fps: 30.00 (ts-monotonic, ts-src-eof)
cap dqbuf: 1 seq:   2133 bytesused: 12441600 ts: 3319.378476 delta: 33.333 ms delta now: +33.336 ms fps: 30.00 (ts-monotonic, ts-src-eof)
cap dqbuf: 2 seq:   2134 bytesused: 12441600 ts: 3319.411815 delta: 33.339 ms delta now: +32.289 ms fps: 30.00 (ts-monotonic, ts-src-eof)
cap dqbuf: 3 seq:   2135 bytesused: 12441600 ts: 3319.445143 delta: 33.328 ms delta now: +33.172 ms fps: 30.00 (ts-monotonic, ts-src-eof)
cap dqbuf: 0 seq:   2136 bytesused: 12441600 ts: 3319.478478 delta: 33.335 ms delta now: +32.295 ms fps: 30.00 (ts-monotonic, ts-src-eof)
cap dqbuf: 1 seq:   2137 bytesused: 12441600 ts: 3319.511810 delta: 33.332 ms delta now: +33.362 ms fps: 30.00 (ts-monotonic, ts-src-eof)
cap dqbuf: 2 seq:   2138 bytesused: 12441600 ts: 3319.545145 delta: 33.335 ms delta now: +33.238 ms fps: 30.00 (ts-monotonic, ts-src-eof)
cap dqbuf: 3 seq:   2139 bytesused: 12441600 ts: 3319.578479 delta: 33.334 ms delta now: +32.293 ms fps: 30.00 (ts-monotonic, ts-src-eof)
cap dqbuf: 0 seq:   2140 bytesused: 12441600 ts: 3319.611810 delta: 33.331 ms delta now: +33.163 ms fps: 30.00 (ts-monotonic, ts-src-eof)
cap dqbuf: 1 seq:   2141 bytesused: 12441600 ts: 3319.645145 delta: 33.335 ms delta now: +33.393 ms fps: 30.00 (ts-monotonic, ts-src-eof)
cap dqbuf: 2 seq:   2142 bytesused: 12441600 ts: 3319.678550 delta: 33.405 ms delta now: +32.222 ms fps: 30.00 (ts-monotonic, ts-src-eof)
cap dqbuf: 3 seq:   2143 bytesused: 12441600 ts: 3319.711810 delta: 33.260 ms delta now: +32.297 ms fps: 30.00 (ts-monotonic, ts-src-eof)
cap dqbuf: 0 seq:   2144 bytesused: 12441600 ts: 3319.745143 delta: 33.333 ms delta now: +33.437 ms fps: 30.00 (ts-monotonic, ts-src-eof)
cap dqbuf: 1 seq:   2145 bytesused: 12441600 ts: 3319.778479 delta: 33.336 ms delta now: +33.157 ms fps: 30.00 (ts-monotonic, ts-src-eof)
cap dqbuf: 2 seq:   2146 bytesused: 12441600 ts: 3319.811812 delta: 33.333 ms delta now: +33.310 ms fps: 30.00 (ts-monotonic, ts-src-eof)
cap dqbuf: 3 seq:   2147 bytesused: 12441600 ts: 3319.845145 delta: 33.333 ms delta now: +33.157 ms fps: 30.00 (ts-monotonic, ts-src-eof)
cap dqbuf: 0 seq:   2148 bytesused: 12441600 ts: 3319.878478 delta: 33.333 ms delta now: +33.310 ms fps: 30.00 (ts-monotonic, ts-src-eof)
cap dqbuf: 1 seq:   2149 bytesused: 12441600 ts: 3319.911812 delta: 33.334 ms delta now: +33.293 ms fps: 30.00 (ts-monotonic, ts-src-eof)
cap dqbuf: 2 seq:   2150 bytesused: 12441600 ts: 3319.945143 delta: 33.331 ms delta now: +33.160 ms fps: 30.00 (ts-monotonic, ts-src-eof)
cap dqbuf: 3 seq:   2151 bytesused: 12441600 ts: 3319.978478 delta: 33.335 ms delta now: +33.344 ms fps: 30.00 (ts-monotonic, ts-src-eof)
cap dqbuf: 0 seq:   2152 bytesused: 12441600 ts: 3320.011812 delta: 33.334 ms delta now: +33.295 ms fps: 30.00 (ts-monotonic, ts-src-eof)
cap dqbuf: 1 seq:   2153 bytesused: 12441600 ts: 3320.045145 delta: 33.333 ms delta now: +33.393 ms fps: 30.00 (ts-monotonic, ts-src-eof)
cap dqbuf: 2 seq:   2154 bytesused: 12441600 ts: 3320.078479 delta: 33.334 ms delta now: +33.193 ms fps: 30.00 (ts-monotonic, ts-src-eof)
cap dqbuf: 3 seq:   2155 bytesused: 12441600 ts: 3320.111812 delta: 33.333 ms delta now: +33.321 ms fps: 30.00 (ts-monotonic, ts-src-eof)
cap dqbuf: 0 seq:   2156 bytesused: 12441600 ts: 3320.145244 delta: 33.432 ms delta now: +33.332 ms fps: 30.00 (ts-monotonic, ts-src-eof)
cap dqbuf: 1 seq:   2157 bytesused: 12441600 ts: 3320.178589 delta: 33.345 ms delta now: +32.194 ms fps: 30.00 (ts-monotonic, ts-src-eof)
cap dqbuf: 2 seq:   2158 bytesused: 12441600 ts: 3320.211812 delta: 33.223 ms delta now: +33.318 ms fps: 30.00 (ts-monotonic, ts-src-eof)
cap dqbuf: 3 seq:   2159 bytesused: 12441600 ts: 3320.245244 delta: 33.432 ms delta now: +32.196 ms fps: 30.00 (ts-monotonic, ts-src-eof)
cap dqbuf: 0 seq:   2160 bytesused: 12441600 ts: 3320.278476 delta: 33.232 ms delta now: +33.163 ms fps: 30.00 (ts-monotonic, ts-src-eof)
cap dqbuf: 1 seq:   2161 bytesused: 12441600 ts: 3320.311812 delta: 33.336 ms delta now: +33.289 ms fps: 30.00 (ts-monotonic, ts-src-eof)
cap dqbuf: 2 seq:   2162 bytesused: 12441600 ts: 3320.345145 delta: 33.333 ms delta now: +33.303 ms fps: 30.00 (ts-monotonic, ts-src-eof)
cap dqbuf: 3 seq:   2163 bytesused: 12441600 ts: 3320.378480 delta: 33.335 ms delta now: +33.145 ms fps: 30.00 (ts-monotonic, ts-src-eof)
cap dqbuf: 0 seq:   2164 bytesused: 12441600 ts: 3320.411812 delta: 33.332 ms delta now: +33.317 ms fps: 30.00 (ts-monotonic, ts-src-eof)
cap dqbuf: 1 seq:   2165 bytesused: 12441600 ts: 3320.445145 delta: 33.333 ms delta now: +32.292 ms fps: 30.00 (ts-monotonic, ts-src-eof)
cap dqbuf: 2 seq:   2166 bytesused: 12441600 ts: 3320.478477 delta: 33.332 ms delta now: +32.295 ms fps: 30.00 (ts-monotonic, ts-src-eof)
cap dqbuf: 3 seq:   2167 bytesused: 12441600 ts: 3320.511810 delta: 33.333 ms delta now: +33.279 ms fps: 30.00 (ts-monotonic, ts-src-eof)
cap dqbuf: 0 seq:   2168 bytesused: 12441600 ts: 3320.545146 delta: 33.336 ms delta now: +33.378 ms fps: 30.00 (ts-monotonic, ts-src-eof)
cap dqbuf: 1 seq:   2169 bytesused: 12441600 ts: 3320.578489 delta: 33.343 ms delta now: +32.285 ms fps: 30.00 (ts-monotonic, ts-src-eof)
cap dqbuf: 2 seq:   2170 bytesused: 12441600 ts: 3320.611812 delta: 33.323 ms delta now: +33.157 ms fps: 30.00 (ts-monotonic, ts-src-eof)
cap dqbuf: 3 seq:   2171 bytesused: 12441600 ts: 3320.645145 delta: 33.333 ms delta now: +32.301 ms fps: 30.00 (ts-monotonic, ts-src-eof)
cap dqbuf: 0 seq:   2172 bytesused: 12441600 ts: 3320.678477 delta: 33.332 ms delta now: +33.470 ms fps: 30.00 (ts-monotonic, ts-src-eof)
cap dqbuf: 1 seq:   2173 bytesused: 12441600 ts: 3320.711815 delta: 33.338 ms delta now: +33.294 ms fps: 30.00 (ts-monotonic, ts-src-eof)
cap dqbuf: 2 seq:   2174 bytesused: 12441600 ts: 3320.745262 delta: 33.447 ms delta now: +33.199 ms fps: 30.00 (ts-monotonic, ts-src-eof)
cap dqbuf: 3 seq:   2175 bytesused: 12441600 ts: 3320.778596 delta: 33.334 ms delta now: +32.178 ms fps: 30.00 (ts-monotonic, ts-src-eof)
cap dqbuf: 0 seq:   2176 bytesused: 12441600 ts: 3320.811810 delta: 33.214 ms delta now: +33.343 ms fps: 30.00 (ts-monotonic, ts-src-eof)
cap dqbuf: 1 seq:   2177 bytesused: 12441600 ts: 3320.845146 delta: 33.336 ms delta now: +33.149 ms fps: 30.00 (ts-monotonic, ts-src-eof)
cap dqbuf: 2 seq:   2178 bytesused: 12441600 ts: 3320.878478 delta: 33.332 ms delta now: +33.313 ms fps: 30.00 (ts-monotonic, ts-src-eof)
cap dqbuf: 3 seq:   2179 bytesused: 12441600 ts: 3320.911911 delta: 33.433 ms delta now: +32.195 ms fps: 30.00 (ts-monotonic, ts-src-eof)
cap dqbuf: 0 seq:   2180 bytesused: 12441600 ts: 3320.945143 delta: 33.232 ms delta now: +33.159 ms fps: 30.00 (ts-monotonic, ts-src-eof)
cap dqbuf: 1 seq:   2181 bytesused: 12441600 ts: 3320.978479 delta: 33.336 ms delta now: +33.287 ms fps: 30.00 (ts-monotonic, ts-src-eof)
cap dqbuf: 2 seq:   2182 bytesused: 12441600 ts: 3321.011812 delta: 33.333 ms delta now: +33.179 ms fps: 30.00 (ts-monotonic, ts-src-eof)
cap dqbuf: 3 seq:   2183 bytesused: 12441600 ts: 3321.045145 delta: 33.333 ms delta now: +33.415 ms fps: 30.00 (ts-monotonic, ts-src-eof)
cap dqbuf: 0 seq:   2184 bytesused: 12441600 ts: 3321.078615 delta: 33.470 ms delta now: +33.161 ms fps: 30.00 (ts-monotonic, ts-src-eof)
cap dqbuf: 1 seq:   2185 bytesused: 12441600 ts: 3321.111911 delta: 33.296 ms delta now: +33.049 ms fps: 30.00 (ts-monotonic, ts-src-eof)
cap dqbuf: 2 seq:   2186 bytesused: 12441600 ts: 3321.145145 delta: 33.234 ms delta now: +33.319 ms fps: 30.00 (ts-monotonic, ts-src-eof)
cap dqbuf: 3 seq:   2187 bytesused: 12441600 ts: 3321.178598 delta: 33.453 ms delta now: +32.177 ms fps: 30.00 (ts-monotonic, ts-src-eof)
cap dqbuf: 0 seq:   2188 bytesused: 12441600 ts: 3321.211812 delta: 33.214 ms delta now: +33.148 ms fps: 30.00 (ts-monotonic, ts-src-eof)
cap dqbuf: 1 seq:   2189 bytesused: 12441600 ts: 3321.245145 delta: 33.333 ms delta now: +32.305 ms fps: 30.00 (ts-monotonic, ts-src-eof)
cap dqbuf: 2 seq:   2190 bytesused: 12441600 ts: 3321.278478 delta: 33.333 ms delta now: +32.296 ms fps: 30.00 (ts-monotonic, ts-src-eof)
cap dqbuf: 3 seq:   2191 bytesused: 12441600 ts: 3321.311810 delta: 33.332 ms delta now: +33.154 ms fps: 30.00 (ts-monotonic, ts-src-eof)
cap dqbuf: 0 seq:   2192 bytesused: 12441600 ts: 3321.345162 delta: 33.352 ms delta now: +33.392 ms fps: 30.00 (ts-monotonic, ts-src-eof)
cap dqbuf: 1 seq:   2193 bytesused: 12441600 ts: 3321.378580 delta: 33.418 ms delta now: +32.193 ms fps: 30.00 (ts-monotonic, ts-src-eof)
cap dqbuf: 2 seq:   2194 bytesused: 12441600 ts: 3321.411810 delta: 33.230 ms delta now: +32.305 ms fps: 30.00 (ts-monotonic, ts-src-eof)
cap dqbuf: 3 seq:   2195 bytesused: 12441600 ts: 3321.445143 delta: 33.333 ms delta now: +33.348 ms fps: 30.00 (ts-monotonic, ts-src-eof)
cap dqbuf: 0 seq:   2196 bytesused: 12441600 ts: 3321.478479 delta: 33.336 ms delta now: +32.293 ms fps: 30.00 (ts-monotonic, ts-src-eof)
cap dqbuf: 1 seq:   2197 bytesused: 12441600 ts: 3321.511810 delta: 33.331 ms delta now: +33.285 ms fps: 30.00 (ts-monotonic, ts-src-eof)
cap dqbuf: 2 seq:   2198 bytesused: 12441600 ts: 3321.545244 delta: 33.434 ms delta now: +33.131 ms fps: 30.00 (ts-monotonic, ts-src-eof)
cap dqbuf: 3 seq:   2199 bytesused: 12441600 ts: 3321.578478 delta: 33.234 ms delta now: +33.333 ms fps: 30.00 (ts-monotonic, ts-src-eof)
cap dqbuf: 0 seq:   2200 bytesused: 12441600 ts: 3321.611815 delta: 33.337 ms delta now: +33.146 ms fps: 30.00 (ts-monotonic, ts-src-eof)
cap dqbuf: 1 seq:   2201 bytesused: 12441600 ts: 3321.645145 delta: 33.330 ms delta now: +33.423 ms fps: 30.00 (ts-monotonic, ts-src-eof)
cap dqbuf: 2 seq:   2202 bytesused: 12441600 ts: 3321.678597 delta: 33.452 ms delta now: +33.267 ms fps: 30.00 (ts-monotonic, ts-src-eof)
cap dqbuf: 3 seq:   2203 bytesused: 12441600 ts: 3321.711812 delta: 33.215 ms delta now: +32.295 ms fps: 30.00 (ts-monotonic, ts-src-eof)
cap dqbuf: 0 seq:   2204 bytesused: 12441600 ts: 3321.745143 delta: 33.331 ms delta now: +33.290 ms fps: 30.00 (ts-monotonic, ts-src-eof)
cap dqbuf: 1 seq:   2205 bytesused: 12441600 ts: 3321.778479 delta: 33.336 ms delta now: +32.343 ms fps: 30.00 (ts-monotonic, ts-src-eof)
cap dqbuf: 2 seq:   2206 bytesused: 12441600 ts: 3321.811810 delta: 33.331 ms delta now: +33.399 ms fps: 30.00 (ts-monotonic, ts-src-eof)
cap dqbuf: 3 seq:   2207 bytesused: 12441600 ts: 3321.845264 delta: 33.454 ms delta now: +33.196 ms fps: 30.00 (ts-monotonic, ts-src-eof)
cap dqbuf: 0 seq:   2208 bytesused: 12441600 ts: 3321.878577 delta: 33.313 ms delta now: +33.201 ms fps: 30.00 (ts-monotonic, ts-src-eof)
cap dqbuf: 1 seq:   2209 bytesused: 12441600 ts: 3321.911812 delta: 33.235 ms delta now: +32.294 ms fps: 30.00 (ts-monotonic, ts-src-eof)
cap dqbuf: 2 seq:   2210 bytesused: 12441600 ts: 3321.945146 delta: 33.334 ms delta now: +33.408 ms fps: 30.00 (ts-monotonic, ts-src-eof)
cap dqbuf: 3 seq:   2211 bytesused: 12441600 ts: 3321.978584 delta: 33.438 ms delta now: +32.190 ms fps: 30.00 (ts-monotonic, ts-src-eof)
cap dqbuf: 0 seq:   2212 bytesused: 12441600 ts: 3322.011812 delta: 33.228 ms delta now: +33.370 ms fps: 30.00 (ts-monotonic, ts-src-eof)
cap dqbuf: 1 seq:   2213 bytesused: 12441600 ts: 3322.045146 delta: 33.334 ms delta now: +32.593 ms fps: 30.00 (ts-monotonic, ts-src-eof)
cap dqbuf: 2 seq:   2214 bytesused: 12441600 ts: 3322.078477 delta: 33.331 ms delta now: +33.414 ms fps: 30.00 (ts-monotonic, ts-src-eof)
cap dqbuf: 3 seq:   2215 bytesused: 12441600 ts: 3322.111926 delta: 33.449 ms delta now: +32.198 ms fps: 30.00 (ts-monotonic, ts-src-eof)
cap dqbuf: 0 seq:   2216 bytesused: 12441600 ts: 3322.145143 delta: 33.217 ms delta now: +33.171 ms fps: 30.00 (ts-monotonic, ts-src-eof)
cap dqbuf: 1 seq:   2217 bytesused: 12441600 ts: 3322.178479 delta: 33.336 ms delta now: +33.386 ms fps: 30.00 (ts-monotonic, ts-src-eof)
cap dqbuf: 2 seq:   2218 bytesused: 12441600 ts: 3322.211916 delta: 33.437 ms delta now: +32.191 ms fps: 30.00 (ts-monotonic, ts-src-eof)
cap dqbuf: 3 seq:   2219 bytesused: 12441600 ts: 3322.245143 delta: 33.227 ms delta now: +33.152 ms fps: 30.00 (ts-monotonic, ts-src-eof)
cap dqbuf: 0 seq:   2220 bytesused: 12441600 ts: 3322.278479 delta: 33.336 ms delta now: +33.352 ms fps: 30.00 (ts-monotonic, ts-src-eof)
cap dqbuf: 1 seq:   2221 bytesused: 12441600 ts: 3322.311812 delta: 33.333 ms delta now: +32.294 ms fps: 30.00 (ts-monotonic, ts-src-eof)
cap dqbuf: 2 seq:   2222 bytesused: 12441600 ts: 3322.345143 delta: 33.331 ms delta now: +33.461 ms fps: 30.00 (ts-monotonic, ts-src-eof)
cap dqbuf: 3 seq:   2223 bytesused: 12441600 ts: 3322.378479 delta: 33.336 ms delta now: +32.295 ms fps: 30.00 (ts-monotonic, ts-src-eof)
cap dqbuf: 0 seq:   2224 bytesused: 12441600 ts: 3322.411810 delta: 33.331 ms delta now: +33.348 ms fps: 30.00 (ts-monotonic, ts-src-eof)
cap dqbuf: 1 seq:   2225 bytesused: 12441600 ts: 3322.445259 delta: 33.449 ms delta now: +32.181 ms fps: 30.00 (ts-monotonic, ts-src-eof)
cap dqbuf: 2 seq:   2226 bytesused: 12441600 ts: 3322.478477 delta: 33.218 ms delta now: +33.147 ms fps: 30.00 (ts-monotonic, ts-src-eof)
cap dqbuf: 3 seq:   2227 bytesused: 12441600 ts: 3322.511812 delta: 33.335 ms delta now: +32.756 ms fps: 30.00 (ts-monotonic, ts-src-eof)
cap dqbuf: 0 seq:   2228 bytesused: 12441600 ts: 3322.545144 delta: 33.332 ms delta now: +33.008 ms fps: 30.00 (ts-monotonic, ts-src-eof)
cap dqbuf: 1 seq:   2229 bytesused: 12441600 ts: 3322.578479 delta: 33.335 ms delta now: +33.300 ms fps: 30.00 (ts-monotonic, ts-src-eof)
cap dqbuf: 2 seq:   2230 bytesused: 12441600 ts: 3322.611812 delta: 33.333 ms delta now: +32.294 ms fps: 30.00 (ts-monotonic, ts-src-eof)
cap dqbuf: 3 seq:   2231 bytesused: 12441600 ts: 3322.645144 delta: 33.332 ms delta now: +33.157 ms fps: 30.00 (ts-monotonic, ts-src-eof)
cap dqbuf: 0 seq:   2232 bytesused: 12441600 ts: 3322.678479 delta: 33.335 ms delta now: +33.379 ms fps: 30.00 (ts-monotonic, ts-src-eof)
cap dqbuf: 1 seq:   2233 bytesused: 12441600 ts: 3322.711908 delta: 33.429 ms delta now: +32.200 ms fps: 30.00 (ts-monotonic, ts-src-eof)
cap dqbuf: 2 seq:   2234 bytesused: 12441600 ts: 3322.745144 delta: 33.236 ms delta now: +32.295 ms fps: 30.00 (ts-monotonic, ts-src-eof)
cap dqbuf: 3 seq:   2235 bytesused: 12441600 ts: 3322.778477 delta: 33.333 ms delta now: +33.156 ms fps: 30.00 (ts-monotonic, ts-src-eof)
cap dqbuf: 0 seq:   2236 bytesused: 12441600 ts: 3322.811925 delta: 33.448 ms delta now: +32.422 ms fps: 30.00 (ts-monotonic, ts-src-eof)
cap dqbuf: 1 seq:   2237 bytesused: 12441600 ts: 3322.845143 delta: 33.218 ms delta now: +33.191 ms fps: 30.00 (ts-monotonic, ts-src-eof)
cap dqbuf: 2 seq:   2238 bytesused: 12441600 ts: 3322.878479 delta: 33.336 ms delta now: +33.327 ms fps: 30.00 (ts-monotonic, ts-src-eof)
cap dqbuf: 3 seq:   2239 bytesused: 12441600 ts: 3322.911812 delta: 33.333 ms delta now: +32.293 ms fps: 30.00 (ts-monotonic, ts-src-eof)
cap dqbuf: 0 seq:   2240 bytesused: 12441600 ts: 3322.945143 delta: 33.331 ms delta now: +33.376 ms fps: 30.00 (ts-monotonic, ts-src-eof)
cap dqbuf: 1 seq:   2241 bytesused: 12441600 ts: 3322.978578 delta: 33.435 ms delta now: +33.193 ms fps: 30.00 (ts-monotonic, ts-src-eof)
cap dqbuf: 2 seq:   2242 bytesused: 12441600 ts: 3323.011813 delta: 33.235 ms delta now: +32.294 ms fps: 30.00 (ts-monotonic, ts-src-eof)
cap dqbuf: 3 seq:   2243 bytesused: 12441600 ts: 3323.045143 delta: 33.330 ms delta now: +33.206 ms fps: 30.00 (ts-monotonic, ts-src-eof)
cap dqbuf: 0 seq:   2244 bytesused: 12441600 ts: 3323.078479 delta: 33.336 ms delta now: +33.425 ms fps: 30.00 (ts-monotonic, ts-src-eof)
cap dqbuf: 1 seq:   2245 bytesused: 12441600 ts: 3323.111812 delta: 33.333 ms delta now: +33.160 ms fps: 30.00 (ts-monotonic, ts-src-eof)
cap dqbuf: 2 seq:   2246 bytesused: 12441600 ts: 3323.145145 delta: 33.333 ms delta now: +33.384 ms fps: 30.00 (ts-monotonic, ts-src-eof)
cap dqbuf: 3 seq:   2247 bytesused: 12441600 ts: 3323.178597 delta: 33.452 ms delta now: +33.188 ms fps: 30.00 (ts-monotonic, ts-src-eof)
cap dqbuf: 0 seq:   2248 bytesused: 12441600 ts: 3323.211812 delta: 33.215 ms delta now: +33.171 ms fps: 30.00 (ts-monotonic, ts-src-eof)
cap dqbuf: 1 seq:   2249 bytesused: 12441600 ts: 3323.245145 delta: 33.333 ms delta now: +33.416 ms fps: 30.00 (ts-monotonic, ts-src-eof)
cap dqbuf: 2 seq:   2250 bytesused: 12441600 ts: 3323.278479 delta: 33.334 ms delta now: +33.402 ms fps: 30.00 (ts-monotonic, ts-src-eof)
cap dqbuf: 3 seq:   2251 bytesused: 12441600 ts: 3323.311813 delta: 33.334 ms delta now: +33.321 ms fps: 30.00 (ts-monotonic, ts-src-eof)
cap dqbuf: 0 seq:   2252 bytesused: 12441600 ts: 3323.345251 delta: 33.438 ms delta now: +33.199 ms fps: 30.00 (ts-monotonic, ts-src-eof)
cap dqbuf: 1 seq:   2253 bytesused: 12441600 ts: 3323.378479 delta: 33.228 ms delta now: +33.156 ms fps: 30.00 (ts-monotonic, ts-src-eof)
cap dqbuf: 2 seq:   2254 bytesused: 12441600 ts: 3323.411812 delta: 33.333 ms delta now: +33.329 ms fps: 30.00 (ts-monotonic, ts-src-eof)
cap dqbuf: 3 seq:   2255 bytesused: 12441600 ts: 3323.445146 delta: 33.334 ms delta now: +33.188 ms fps: 30.00 (ts-monotonic, ts-src-eof)
cap dqbuf: 0 seq:   2256 bytesused: 12441600 ts: 3323.478479 delta: 33.333 ms delta now: +33.149 ms fps: 30.00 (ts-monotonic, ts-src-eof)
cap dqbuf: 1 seq:   2257 bytesused: 12441600 ts: 3323.511812 delta: 33.333 ms delta now: +33.376 ms fps: 30.00 (ts-monotonic, ts-src-eof)
cap dqbuf: 2 seq:   2258 bytesused: 12441600 ts: 3323.545249 delta: 33.437 ms delta now: +32.650 ms fps: 30.00 (ts-monotonic, ts-src-eof)
cap dqbuf: 3 seq:   2259 bytesused: 12441600 ts: 3323.578477 delta: 33.228 ms delta now: +33.312 ms fps: 30.00 (ts-monotonic, ts-src-eof)
cap dqbuf: 0 seq:   2260 bytesused: 12441600 ts: 3323.611930 delta: 33.453 ms delta now: +33.167 ms fps: 30.00 (ts-monotonic, ts-src-eof)
cap dqbuf: 1 seq:   2261 bytesused: 12441600 ts: 3323.645244 delta: 33.314 ms delta now: +32.196 ms fps: 30.00 (ts-monotonic, ts-src-eof)
cap dqbuf: 2 seq:   2262 bytesused: 12441600 ts: 3323.678477 delta: 33.233 ms delta now: +33.295 ms fps: 30.00 (ts-monotonic, ts-src-eof)
cap dqbuf: 3 seq:   2263 bytesused: 12441600 ts: 3323.711812 delta: 33.335 ms delta now: +32.293 ms fps: 30.00 (ts-monotonic, ts-src-eof)
cap dqbuf: 0 seq:   2264 bytesused: 12441600 ts: 3323.745144 delta: 33.332 ms delta now: +33.313 ms fps: 30.00 (ts-monotonic, ts-src-eof)
cap dqbuf: 1 seq:   2265 bytesused: 12441600 ts: 3323.778479 delta: 33.335 ms delta now: +33.156 ms fps: 30.00 (ts-monotonic, ts-src-eof)
cap dqbuf: 2 seq:   2266 bytesused: 12441600 ts: 3323.811812 delta: 33.333 ms delta now: +33.151 ms fps: 30.00 (ts-monotonic, ts-src-eof)
cap dqbuf: 3 seq:   2267 bytesused: 12441600 ts: 3323.845146 delta: 33.334 ms delta now: +33.412 ms fps: 30.00 (ts-monotonic, ts-src-eof)
cap dqbuf: 0 seq:   2268 bytesused: 12441600 ts: 3323.878479 delta: 33.333 ms delta now: +33.170 ms fps: 30.00 (ts-monotonic, ts-src-eof)
cap dqbuf: 1 seq:   2269 bytesused: 12441600 ts: 3323.911813 delta: 33.334 ms delta now: +32.294 ms fps: 30.00 (ts-monotonic, ts-src-eof)
cap dqbuf: 2 seq:   2270 bytesused: 12441600 ts: 3323.945144 delta: 33.331 ms delta now: +33.301 ms fps: 30.00 (ts-monotonic, ts-src-eof)
cap dqbuf: 3 seq:   2271 bytesused: 12441600 ts: 3323.978479 delta: 33.335 ms delta now: +33.200 ms fps: 30.00 (ts-monotonic, ts-src-eof)
cap dqbuf: 0 seq:   2272 bytesused: 12441600 ts: 3324.011812 delta: 33.333 ms delta now: +33.302 ms fps: 30.00 (ts-monotonic, ts-src-eof)
cap dqbuf: 1 seq:   2273 bytesused: 12441600 ts: 3324.045146 delta: 33.334 ms delta now: +33.168 ms fps: 30.00 (ts-monotonic, ts-src-eof)
cap dqbuf: 2 seq:   2274 bytesused: 12441600 ts: 3324.078479 delta: 33.333 ms delta now: +33.310 ms fps: 30.00 (ts-monotonic, ts-src-eof)
cap dqbuf: 3 seq:   2275 bytesused: 12441600 ts: 3324.111812 delta: 33.333 ms delta now: +32.304 ms fps: 30.00 (ts-monotonic, ts-src-eof)
cap dqbuf: 0 seq:   2276 bytesused: 12441600 ts: 3324.145144 delta: 33.332 ms delta now: +32.303 ms fps: 30.00 (ts-monotonic, ts-src-eof)
cap dqbuf: 1 seq:   2277 bytesused: 12441600 ts: 3324.178477 delta: 33.333 ms delta now: +33.159 ms fps: 30.00 (ts-monotonic, ts-src-eof)
cap dqbuf: 2 seq:   2278 bytesused: 12441600 ts: 3324.211812 delta: 33.335 ms delta now: +33.275 ms fps: 30.00 (ts-monotonic, ts-src-eof)
cap dqbuf: 3 seq:   2279 bytesused: 12441600 ts: 3324.245146 delta: 33.334 ms delta now: +32.295 ms fps: 30.00 (ts-monotonic, ts-src-eof)
cap dqbuf: 0 seq:   2280 bytesused: 12441600 ts: 3324.278479 delta: 33.333 ms delta now: +33.353 ms fps: 30.00 (ts-monotonic, ts-src-eof)
cap dqbuf: 1 seq:   2281 bytesused: 12441600 ts: 3324.311813 delta: 33.334 ms delta now: +33.187 ms fps: 30.00 (ts-monotonic, ts-src-eof)
cap dqbuf: 2 seq:   2282 bytesused: 12441600 ts: 3324.345145 delta: 33.332 ms delta now: +33.316 ms fps: 30.00 (ts-monotonic, ts-src-eof)
cap dqbuf: 3 seq:   2283 bytesused: 12441600 ts: 3324.378595 delta: 33.450 ms delta now: +33.204 ms fps: 30.00 (ts-monotonic, ts-src-eof)
cap dqbuf: 0 seq:   2284 bytesused: 12441600 ts: 3324.411929 delta: 33.334 ms delta now: +32.178 ms fps: 30.00 (ts-monotonic, ts-src-eof)
cap dqbuf: 1 seq:   2285 bytesused: 12441600 ts: 3324.445144 delta: 33.215 ms delta now: +33.157 ms fps: 30.00 (ts-monotonic, ts-src-eof)
cap dqbuf: 2 seq:   2286 bytesused: 12441600 ts: 3324.478479 delta: 33.335 ms delta now: +33.176 ms fps: 30.00 (ts-monotonic, ts-src-eof)
cap dqbuf: 3 seq:   2287 bytesused: 12441600 ts: 3324.511812 delta: 33.333 ms delta now: +32.294 ms fps: 30.00 (ts-monotonic, ts-src-eof)
cap dqbuf: 0 seq:   2288 bytesused: 12441600 ts: 3324.545144 delta: 33.332 ms delta now: +33.407 ms fps: 30.00 (ts-monotonic, ts-src-eof)
cap dqbuf: 1 seq:   2289 bytesused: 12441600 ts: 3324.578580 delta: 33.436 ms delta now: +32.812 ms fps: 30.00 (ts-monotonic, ts-src-eof)
cap dqbuf: 2 seq:   2290 bytesused: 12441600 ts: 3324.611810 delta: 33.230 ms delta now: +32.298 ms fps: 30.00 (ts-monotonic, ts-src-eof)
cap dqbuf: 3 seq:   2291 bytesused: 12441600 ts: 3324.645146 delta: 33.336 ms delta now: +33.329 ms fps: 30.00 (ts-monotonic, ts-src-eof)
cap dqbuf: 0 seq:   2292 bytesused: 12441600 ts: 3324.678479 delta: 33.333 ms delta now: +33.143 ms fps: 30.00 (ts-monotonic, ts-src-eof)
cap dqbuf: 1 seq:   2293 bytesused: 12441600 ts: 3324.711915 delta: 33.436 ms delta now: +33.197 ms fps: 30.00 (ts-monotonic, ts-src-eof)
cap dqbuf: 2 seq:   2294 bytesused: 12441600 ts: 3324.745146 delta: 33.231 ms delta now: +32.295 ms fps: 30.00 (ts-monotonic, ts-src-eof)
cap dqbuf: 3 seq:   2295 bytesused: 12441600 ts: 3324.778477 delta: 33.331 ms delta now: +33.294 ms fps: 30.00 (ts-monotonic, ts-src-eof)
cap dqbuf: 0 seq:   2296 bytesused: 12441600 ts: 3324.811911 delta: 33.434 ms delta now: +33.191 ms fps: 30.00 (ts-monotonic, ts-src-eof)
cap dqbuf: 1 seq:   2297 bytesused: 12441600 ts: 3324.845245 delta: 33.334 ms delta now: +33.198 ms fps: 30.00 (ts-monotonic, ts-src-eof)
cap dqbuf: 2 seq:   2298 bytesused: 12441600 ts: 3324.878479 delta: 33.234 ms delta now: +32.293 ms fps: 30.00 (ts-monotonic, ts-src-eof)
cap dqbuf: 3 seq:   2299 bytesused: 12441600 ts: 3324.911810 delta: 33.331 ms delta now: +33.180 ms fps: 30.00 (ts-monotonic, ts-src-eof)
cap dqbuf: 0 seq:   2300 bytesused: 12441600 ts: 3324.945146 delta: 33.336 ms delta now: +32.300 ms fps: 30.00 (ts-monotonic, ts-src-eof)
cap dqbuf: 1 seq:   2301 bytesused: 12441600 ts: 3324.978477 delta: 33.331 ms delta now: +32.297 ms fps: 30.00 (ts-monotonic, ts-src-eof)
cap dqbuf: 2 seq:   2302 bytesused: 12441600 ts: 3325.011810 delta: 33.333 ms delta now: +32.297 ms fps: 30.00 (ts-monotonic, ts-src-eof)
cap dqbuf: 3 seq:   2303 bytesused: 12441600 ts: 3325.045144 delta: 33.334 ms delta now: +33.461 ms fps: 30.00 (ts-monotonic, ts-src-eof)
cap dqbuf: 0 seq:   2304 bytesused: 12441600 ts: 3325.078583 delta: 33.439 ms delta now: +32.203 ms fps: 30.00 (ts-monotonic, ts-src-eof)
cap dqbuf: 1 seq:   2305 bytesused: 12441600 ts: 3325.111810 delta: 33.227 ms delta now: +32.305 ms fps: 30.00 (ts-monotonic, ts-src-eof)
cap dqbuf: 2 seq:   2306 bytesused: 12441600 ts: 3325.145144 delta: 33.334 ms delta now: +33.154 ms fps: 30.00 (ts-monotonic, ts-src-eof)
cap dqbuf: 3 seq:   2307 bytesused: 12441600 ts: 3325.178479 delta: 33.335 ms delta now: +33.181 ms fps: 30.00 (ts-monotonic, ts-src-eof)
cap dqbuf: 0 seq:   2308 bytesused: 12441600 ts: 3325.211812 delta: 33.333 ms delta now: +33.355 ms fps: 30.00 (ts-monotonic, ts-src-eof)
cap dqbuf: 1 seq:   2309 bytesused: 12441600 ts: 3325.245146 delta: 33.334 ms delta now: +33.176 ms fps: 30.00 (ts-monotonic, ts-src-eof)
cap dqbuf: 2 seq:   2310 bytesused: 12441600 ts: 3325.278479 delta: 33.333 ms delta now: +33.308 ms fps: 30.00 (ts-monotonic, ts-src-eof)
cap dqbuf: 3 seq:   2311 bytesused: 12441600 ts: 3325.311912 delta: 33.433 ms delta now: +33.192 ms fps: 30.00 (ts-monotonic, ts-src-eof)
cap dqbuf: 0 seq:   2312 bytesused: 12441600 ts: 3325.345263 delta: 33.351 ms delta now: +33.175 ms fps: 30.00 (ts-monotonic, ts-src-eof)
cap dqbuf: 1 seq:   2313 bytesused: 12441600 ts: 3325.378481 delta: 33.218 ms delta now: +33.030 ms fps: 30.00 (ts-monotonic, ts-src-eof)
cap dqbuf: 2 seq:   2314 bytesused: 12441600 ts: 3325.411812 delta: 33.331 ms delta now: +33.355 ms fps: 30.00 (ts-monotonic, ts-src-eof)
cap dqbuf: 3 seq:   2315 bytesused: 12441600 ts: 3325.445146 delta: 33.334 ms delta now: +32.294 ms fps: 30.00 (ts-monotonic, ts-src-eof)
cap dqbuf: 0 seq:   2316 bytesused: 12441600 ts: 3325.478477 delta: 33.331 ms delta now: +33.276 ms fps: 30.00 (ts-monotonic, ts-src-eof)
cap dqbuf: 1 seq:   2317 bytesused: 12441600 ts: 3325.511813 delta: 33.336 ms delta now: +33.302 ms fps: 30.00 (ts-monotonic, ts-src-eof)
cap dqbuf: 2 seq:   2318 bytesused: 12441600 ts: 3325.545244 delta: 33.431 ms delta now: +32.197 ms fps: 30.00 (ts-monotonic, ts-src-eof)
cap dqbuf: 3 seq:   2319 bytesused: 12441600 ts: 3325.578477 delta: 33.233 ms delta now: +33.153 ms fps: 30.00 (ts-monotonic, ts-src-eof)
cap dqbuf: 0 seq:   2320 bytesused: 12441600 ts: 3325.611812 delta: 33.335 ms delta now: +33.336 ms fps: 30.00 (ts-monotonic, ts-src-eof)
cap dqbuf: 1 seq:   2321 bytesused: 12441600 ts: 3325.645251 delta: 33.439 ms delta now: +33.206 ms fps: 30.00 (ts-monotonic, ts-src-eof)
cap dqbuf: 2 seq:   2322 bytesused: 12441600 ts: 3325.678479 delta: 33.228 ms delta now: +32.294 ms fps: 30.00 (ts-monotonic, ts-src-eof)
cap dqbuf: 3 seq:   2323 bytesused: 12441600 ts: 3325.711810 delta: 33.331 ms delta now: +33.408 ms fps: 30.00 (ts-monotonic, ts-src-eof)
cap dqbuf: 0 seq:   2324 bytesused: 12441600 ts: 3325.745146 delta: 33.336 ms delta now: +33.148 ms fps: 30.00 (ts-monotonic, ts-src-eof)
cap dqbuf: 1 seq:   2325 bytesused: 12441600 ts: 3325.778479 delta: 33.333 ms delta now: +33.150 ms fps: 30.00 (ts-monotonic, ts-src-eof)
cap dqbuf: 2 seq:   2326 bytesused: 12441600 ts: 3325.811812 delta: 33.333 ms delta now: +33.310 ms fps: 30.00 (ts-monotonic, ts-src-eof)
cap dqbuf: 3 seq:   2327 bytesused: 12441600 ts: 3325.845250 delta: 33.438 ms delta now: +33.325 ms fps: 30.00 (ts-monotonic, ts-src-eof)
cap dqbuf: 0 seq:   2328 bytesused: 12441600 ts: 3325.878481 delta: 33.231 ms delta now: +32.293 ms fps: 30.00 (ts-monotonic, ts-src-eof)
cap dqbuf: 1 seq:   2329 bytesused: 12441600 ts: 3325.911810 delta: 33.329 ms delta now: +33.166 ms fps: 30.00 (ts-monotonic, ts-src-eof)
cap dqbuf: 2 seq:   2330 bytesused: 12441600 ts: 3325.945146 delta: 33.336 ms delta now: +33.457 ms fps: 30.00 (ts-monotonic, ts-src-eof)
cap dqbuf: 3 seq:   2331 bytesused: 12441600 ts: 3325.978580 delta: 33.434 ms delta now: +32.193 ms fps: 30.00 (ts-monotonic, ts-src-eof)
cap dqbuf: 0 seq:   2332 bytesused: 12441600 ts: 3326.011810 delta: 33.230 ms delta now: +33.324 ms fps: 30.00 (ts-monotonic, ts-src-eof)
cap dqbuf: 1 seq:   2333 bytesused: 12441600 ts: 3326.045149 delta: 33.339 ms delta now: +32.298 ms fps: 30.00 (ts-monotonic, ts-src-eof)
cap dqbuf: 2 seq:   2334 bytesused: 12441600 ts: 3326.078479 delta: 33.330 ms delta now: +33.303 ms fps: 30.00 (ts-monotonic, ts-src-eof)
cap dqbuf: 3 seq:   2335 bytesused: 12441600 ts: 3326.111813 delta: 33.334 ms delta now: +32.309 ms fps: 30.00 (ts-monotonic, ts-src-eof)
cap dqbuf: 0 seq:   2336 bytesused: 12441600 ts: 3326.145144 delta: 33.331 ms delta now: +33.167 ms fps: 30.00 (ts-monotonic, ts-src-eof)
cap dqbuf: 1 seq:   2337 bytesused: 12441600 ts: 3326.178479 delta: 33.335 ms delta now: +32.487 ms fps: 30.00 (ts-monotonic, ts-src-eof)
cap dqbuf: 2 seq:   2338 bytesused: 12441600 ts: 3326.211811 delta: 33.332 ms delta now: +33.322 ms fps: 30.00 (ts-monotonic, ts-src-eof)
cap dqbuf: 3 seq:   2339 bytesused: 12441600 ts: 3326.245149 delta: 33.338 ms delta now: +32.294 ms fps: 30.00 (ts-monotonic, ts-src-eof)
cap dqbuf: 0 seq:   2340 bytesused: 12441600 ts: 3326.278479 delta: 33.330 ms delta now: +33.300 ms fps: 30.00 (ts-monotonic, ts-src-eof)
cap dqbuf: 1 seq:   2341 bytesused: 12441600 ts: 3326.311813 delta: 33.334 ms delta now: +32.293 ms fps: 30.00 (ts-monotonic, ts-src-eof)
cap dqbuf: 2 seq:   2342 bytesused: 12441600 ts: 3326.345146 delta: 33.333 ms delta now: +33.331 ms fps: 30.00 (ts-monotonic, ts-src-eof)
cap dqbuf: 3 seq:   2343 bytesused: 12441600 ts: 3326.378607 delta: 33.461 ms delta now: +32.167 ms fps: 30.00 (ts-monotonic, ts-src-eof)
cap dqbuf: 0 seq:   2344 bytesused: 12441600 ts: 3326.411810 delta: 33.203 ms delta now: +33.311 ms fps: 30.00 (ts-monotonic, ts-src-eof)
cap dqbuf: 1 seq:   2345 bytesused: 12441600 ts: 3326.445281 delta: 33.471 ms delta now: +33.037 ms fps: 30.00 (ts-monotonic, ts-src-eof)
cap dqbuf: 2 seq:   2346 bytesused: 12441600 ts: 3326.478479 delta: 33.198 ms delta now: +33.327 ms fps: 30.00 (ts-monotonic, ts-src-eof)
cap dqbuf: 3 seq:   2347 bytesused: 12441600 ts: 3326.511813 delta: 33.334 ms delta now: +33.152 ms fps: 30.00 (ts-monotonic, ts-src-eof)
cap dqbuf: 0 seq:   2348 bytesused: 12441600 ts: 3326.545144 delta: 33.331 ms delta now: +33.379 ms fps: 30.00 (ts-monotonic, ts-src-eof)
cap dqbuf: 1 seq:   2349 bytesused: 12441600 ts: 3326.578609 delta: 33.465 ms delta now: +32.169 ms fps: 30.00 (ts-monotonic, ts-src-eof)
cap dqbuf: 2 seq:   2350 bytesused: 12441600 ts: 3326.611810 delta: 33.201 ms delta now: +32.297 ms fps: 30.00 (ts-monotonic, ts-src-eof)
cap dqbuf: 3 seq:   2351 bytesused: 12441600 ts: 3326.645146 delta: 33.336 ms delta now: +33.312 ms fps: 30.00 (ts-monotonic, ts-src-eof)
cap dqbuf: 0 seq:   2352 bytesused: 12441600 ts: 3326.678480 delta: 33.334 ms delta now: +32.296 ms fps: 30.00 (ts-monotonic, ts-src-eof)
cap dqbuf: 1 seq:   2353 bytesused: 12441600 ts: 3326.711812 delta: 33.332 ms delta now: +33.321 ms fps: 30.00 (ts-monotonic, ts-src-eof)
cap dqbuf: 2 seq:   2354 bytesused: 12441600 ts: 3326.745146 delta: 33.334 ms delta now: +33.172 ms fps: 30.00 (ts-monotonic, ts-src-eof)
cap dqbuf: 3 seq:   2355 bytesused: 12441600 ts: 3326.778479 delta: 33.333 ms delta now: +33.300 ms fps: 30.00 (ts-monotonic, ts-src-eof)
cap dqbuf: 0 seq:   2356 bytesused: 12441600 ts: 3326.811813 delta: 33.334 ms delta now: +33.375 ms fps: 30.00 (ts-monotonic, ts-src-eof)
cap dqbuf: 1 seq:   2357 bytesused: 12441600 ts: 3326.845146 delta: 33.333 ms delta now: +33.084 ms fps: 30.00 (ts-monotonic, ts-src-eof)
cap dqbuf: 2 seq:   2358 bytesused: 12441600 ts: 3326.878477 delta: 33.331 ms delta now: +33.179 ms fps: 30.00 (ts-monotonic, ts-src-eof)
cap dqbuf: 3 seq:   2359 bytesused: 12441600 ts: 3326.911812 delta: 33.335 ms delta now: +33.295 ms fps: 30.00 (ts-monotonic, ts-src-eof)
cap dqbuf: 0 seq:   2360 bytesused: 12441600 ts: 3326.945146 delta: 33.334 ms delta now: +33.310 ms fps: 30.00 (ts-monotonic, ts-src-eof)
cap dqbuf: 1 seq:   2361 bytesused: 12441600 ts: 3326.978479 delta: 33.333 ms delta now: +33.157 ms fps: 30.00 (ts-monotonic, ts-src-eof)
cap dqbuf: 2 seq:   2362 bytesused: 12441600 ts: 3327.011812 delta: 33.333 ms delta now: +33.288 ms fps: 30.00 (ts-monotonic, ts-src-eof)
cap dqbuf: 3 seq:   2363 bytesused: 12441600 ts: 3327.045145 delta: 33.333 ms delta now: +32.302 ms fps: 30.00 (ts-monotonic, ts-src-eof)
cap dqbuf: 0 seq:   2364 bytesused: 12441600 ts: 3327.078477 delta: 33.332 ms delta now: +33.348 ms fps: 30.00 (ts-monotonic, ts-src-eof)
cap dqbuf: 1 seq:   2365 bytesused: 12441600 ts: 3327.111928 delta: 33.451 ms delta now: +32.194 ms fps: 30.00 (ts-monotonic, ts-src-eof)
cap dqbuf: 2 seq:   2366 bytesused: 12441600 ts: 3327.145144 delta: 33.216 ms delta now: +33.173 ms fps: 30.00 (ts-monotonic, ts-src-eof)
cap dqbuf: 3 seq:   2367 bytesused: 12441600 ts: 3327.178479 delta: 33.335 ms delta now: +33.295 ms fps: 30.00 (ts-monotonic, ts-src-eof)
cap dqbuf: 0 seq:   2368 bytesused: 12441600 ts: 3327.211813 delta: 33.334 ms delta now: +33.157 ms fps: 30.00 (ts-monotonic, ts-src-eof)
cap dqbuf: 1 seq:   2369 bytesused: 12441600 ts: 3327.245146 delta: 33.333 ms delta now: +33.323 ms fps: 30.00 (ts-monotonic, ts-src-eof)
cap dqbuf: 2 seq:   2370 bytesused: 12441600 ts: 3327.278480 delta: 33.334 ms delta now: +33.382 ms fps: 30.00 (ts-monotonic, ts-src-eof)
cap dqbuf: 3 seq:   2371 bytesused: 12441600 ts: 3327.311925 delta: 33.445 ms delta now: +32.675 ms fps: 30.00 (ts-monotonic, ts-src-eof)
cap dqbuf: 0 seq:   2372 bytesused: 12441600 ts: 3327.345146 delta: 33.221 ms delta now: +33.386 ms fps: 30.00 (ts-monotonic, ts-src-eof)
cap dqbuf: 1 seq:   2373 bytesused: 12441600 ts: 3327.378480 delta: 33.334 ms delta now: +32.327 ms fps: 30.00 (ts-monotonic, ts-src-eof)
cap dqbuf: 2 seq:   2374 bytesused: 12441600 ts: 3327.411811 delta: 33.331 ms delta now: +32.297 ms fps: 30.00 (ts-monotonic, ts-src-eof)
cap dqbuf: 3 seq:   2375 bytesused: 12441600 ts: 3327.445144 delta: 33.333 ms delta now: +33.166 ms fps: 30.00 (ts-monotonic, ts-src-eof)
cap dqbuf: 0 seq:   2376 bytesused: 12441600 ts: 3327.478479 delta: 33.335 ms delta now: +32.300 ms fps: 30.00 (ts-monotonic, ts-src-eof)
cap dqbuf: 1 seq:   2377 bytesused: 12441600 ts: 3327.511812 delta: 33.333 ms delta now: +33.391 ms fps: 30.00 (ts-monotonic, ts-src-eof)
cap dqbuf: 2 seq:   2378 bytesused: 12441600 ts: 3327.545148 delta: 33.336 ms delta now: +33.282 ms fps: 30.00 (ts-monotonic, ts-src-eof)
cap dqbuf: 3 seq:   2379 bytesused: 12441600 ts: 3327.578480 delta: 33.332 ms delta now: +33.176 ms fps: 30.00 (ts-monotonic, ts-src-eof)
cap dqbuf: 0 seq:   2380 bytesused: 12441600 ts: 3327.611812 delta: 33.332 ms delta now: +32.295 ms fps: 30.00 (ts-monotonic, ts-src-eof)
cap dqbuf: 1 seq:   2381 bytesused: 12441600 ts: 3327.645144 delta: 33.332 ms delta now: +33.152 ms fps: 30.00 (ts-monotonic, ts-src-eof)
cap dqbuf: 2 seq:   2382 bytesused: 12441600 ts: 3327.678479 delta: 33.335 ms delta now: +33.288 ms fps: 30.00 (ts-monotonic, ts-src-eof)
cap dqbuf: 3 seq:   2383 bytesused: 12441600 ts: 3327.711812 delta: 33.333 ms delta now: +32.295 ms fps: 30.00 (ts-monotonic, ts-src-eof)
cap dqbuf: 0 seq:   2384 bytesused: 12441600 ts: 3327.745144 delta: 33.332 ms delta now: +33.330 ms fps: 30.00 (ts-monotonic, ts-src-eof)
cap dqbuf: 1 seq:   2385 bytesused: 12441600 ts: 3327.778480 delta: 33.336 ms delta now: +33.305 ms fps: 30.00 (ts-monotonic, ts-src-eof)
cap dqbuf: 2 seq:   2386 bytesused: 12441600 ts: 3327.811886 delta: 33.406 ms delta now: +33.099 ms fps: 30.00 (ts-monotonic, ts-src-eof)
cap dqbuf: 3 seq:   2387 bytesused: 12441600 ts: 3327.845146 delta: 33.260 ms delta now: +33.280 ms fps: 30.00 (ts-monotonic, ts-src-eof)
cap dqbuf: 0 seq:   2388 bytesused: 12441600 ts: 3327.878479 delta: 33.333 ms delta now: +33.179 ms fps: 30.00 (ts-monotonic, ts-src-eof)
cap dqbuf: 1 seq:   2389 bytesused: 12441600 ts: 3327.911812 delta: 33.333 ms delta now: +33.288 ms fps: 30.00 (ts-monotonic, ts-src-eof)
cap dqbuf: 2 seq:   2390 bytesused: 12441600 ts: 3327.945146 delta: 33.334 ms delta now: +33.157 ms fps: 30.00 (ts-monotonic, ts-src-eof)
cap dqbuf: 3 seq:   2391 bytesused: 12441600 ts: 3327.978479 delta: 33.333 ms delta now: +33.273 ms fps: 30.00 (ts-monotonic, ts-src-eof)
cap dqbuf: 0 seq:   2392 bytesused: 12441600 ts: 3328.011813 delta: 33.334 ms delta now: +33.416 ms fps: 30.00 (ts-monotonic, ts-src-eof)
cap dqbuf: 1 seq:   2393 bytesused: 12441600 ts: 3328.045288 delta: 33.475 ms delta now: +32.201 ms fps: 30.00 (ts-monotonic, ts-src-eof)
cap dqbuf: 2 seq:   2394 bytesused: 12441600 ts: 3328.078479 delta: 33.191 ms delta now: +33.336 ms fps: 30.00 (ts-monotonic, ts-src-eof)
cap dqbuf: 3 seq:   2395 bytesused: 12441600 ts: 3328.111911 delta: 33.432 ms delta now: +32.208 ms fps: 30.00 (ts-monotonic, ts-src-eof)
cap dqbuf: 0 seq:   2396 bytesused: 12441600 ts: 3328.145144 delta: 33.233 ms delta now: +32.305 ms fps: 30.00 (ts-monotonic, ts-src-eof)
cap dqbuf: 1 seq:   2397 bytesused: 12441600 ts: 3328.178480 delta: 33.336 ms delta now: +32.297 ms fps: 30.00 (ts-monotonic, ts-src-eof)
cap dqbuf: 2 seq:   2398 bytesused: 12441600 ts: 3328.211811 delta: 33.331 ms delta now: +33.396 ms fps: 30.00 (ts-monotonic, ts-src-eof)
cap dqbuf: 3 seq:   2399 bytesused: 12441600 ts: 3328.245250 delta: 33.439 ms delta now: +32.212 ms fps: 30.00 (ts-monotonic, ts-src-eof)
cap dqbuf: 0 seq:   2400 bytesused: 12441600 ts: 3328.278477 delta: 33.227 ms delta now: +33.458 ms fps: 30.00 (ts-monotonic, ts-src-eof)
cap dqbuf: 1 seq:   2401 bytesused: 12441600 ts: 3328.311817 delta: 33.340 ms delta now: +33.314 ms fps: 30.00 (ts-monotonic, ts-src-eof)
cap dqbuf: 2 seq:   2402 bytesused: 12441600 ts: 3328.345146 delta: 33.329 ms delta now: +32.296 ms fps: 30.00 (ts-monotonic, ts-src-eof)
cap dqbuf: 3 seq:   2403 bytesused: 12441600 ts: 3328.378477 delta: 33.331 ms delta now: +33.139 ms fps: 30.00 (ts-monotonic, ts-src-eof)
cap dqbuf: 0 seq:   2404 bytesused: 12441600 ts: 3328.411812 delta: 33.335 ms delta now: +33.279 ms fps: 30.00 (ts-monotonic, ts-src-eof)
cap dqbuf: 1 seq:   2405 bytesused: 12441600 ts: 3328.445146 delta: 33.334 ms delta now: +32.294 ms fps: 30.00 (ts-monotonic, ts-src-eof)
cap dqbuf: 2 seq:   2406 bytesused: 12441600 ts: 3328.478479 delta: 33.333 ms delta now: +33.164 ms fps: 30.00 (ts-monotonic, ts-src-eof)
cap dqbuf: 3 seq:   2407 bytesused: 12441600 ts: 3328.511812 delta: 33.333 ms delta now: +33.339 ms fps: 30.00 (ts-monotonic, ts-src-eof)
cap dqbuf: 0 seq:   2408 bytesused: 12441600 ts: 3328.545146 delta: 33.334 ms delta now: +32.293 ms fps: 30.00 (ts-monotonic, ts-src-eof)
cap dqbuf: 1 seq:   2409 bytesused: 12441600 ts: 3328.578478 delta: 33.332 ms delta now: +33.267 ms fps: 30.00 (ts-monotonic, ts-src-eof)
cap dqbuf: 2 seq:   2410 bytesused: 12441600 ts: 3328.611927 delta: 33.449 ms delta now: +33.049 ms fps: 30.00 (ts-monotonic, ts-src-eof)
cap dqbuf: 3 seq:   2411 bytesused: 12441600 ts: 3328.645146 delta: 33.219 ms delta now: +33.417 ms fps: 30.00 (ts-monotonic, ts-src-eof)
cap dqbuf: 0 seq:   2412 bytesused: 12441600 ts: 3328.678480 delta: 33.334 ms delta now: +32.294 ms fps: 30.00 (ts-monotonic, ts-src-eof)
cap dqbuf: 1 seq:   2413 bytesused: 12441600 ts: 3328.711811 delta: 33.331 ms delta now: +32.296 ms fps: 30.00 (ts-monotonic, ts-src-eof)
cap dqbuf: 2 seq:   2414 bytesused: 12441600 ts: 3328.745144 delta: 33.333 ms delta now: +33.170 ms fps: 30.00 (ts-monotonic, ts-src-eof)
cap dqbuf: 3 seq:   2415 bytesused: 12441600 ts: 3328.778479 delta: 33.335 ms delta now: +33.355 ms fps: 30.00 (ts-monotonic, ts-src-eof)
cap dqbuf: 0 seq:   2416 bytesused: 12441600 ts: 3328.811813 delta: 33.334 ms delta now: +33.150 ms fps: 30.00 (ts-monotonic, ts-src-eof)
cap dqbuf: 1 seq:   2417 bytesused: 12441600 ts: 3328.845146 delta: 33.333 ms delta now: +32.854 ms fps: 30.00 (ts-monotonic, ts-src-eof)
cap dqbuf: 2 seq:   2418 bytesused: 12441600 ts: 3328.878477 delta: 33.331 ms delta now: +32.297 ms fps: 30.00 (ts-monotonic, ts-src-eof)
cap dqbuf: 3 seq:   2419 bytesused: 12441600 ts: 3328.911811 delta: 33.334 ms delta now: +33.317 ms fps: 30.00 (ts-monotonic, ts-src-eof)
cap dqbuf: 0 seq:   2420 bytesused: 12441600 ts: 3328.945146 delta: 33.335 ms delta now: +32.295 ms fps: 30.00 (ts-monotonic, ts-src-eof)
cap dqbuf: 1 seq:   2421 bytesused: 12441600 ts: 3328.978477 delta: 33.331 ms delta now: +33.267 ms fps: 30.00 (ts-monotonic, ts-src-eof)
cap dqbuf: 2 seq:   2422 bytesused: 12441600 ts: 3329.011917 delta: 33.440 ms delta now: +33.210 ms fps: 30.00 (ts-monotonic, ts-src-eof)
cap dqbuf: 3 seq:   2423 bytesused: 12441600 ts: 3329.045147 delta: 33.230 ms delta now: +33.301 ms fps: 30.00 (ts-monotonic, ts-src-eof)
cap dqbuf: 0 seq:   2424 bytesused: 12441600 ts: 3329.078593 delta: 33.446 ms delta now: +32.244 ms fps: 30.00 (ts-monotonic, ts-src-eof)
cap dqbuf: 1 seq:   2425 bytesused: 12441600 ts: 3329.111811 delta: 33.218 ms delta now: +33.160 ms fps: 30.00 (ts-monotonic, ts-src-eof)
cap dqbuf: 2 seq:   2426 bytesused: 12441600 ts: 3329.145146 delta: 33.335 ms delta now: +33.304 ms fps: 30.00 (ts-monotonic, ts-src-eof)
cap dqbuf: 3 seq:   2427 bytesused: 12441600 ts: 3329.178578 delta: 33.432 ms delta now: +32.210 ms fps: 30.00 (ts-monotonic, ts-src-eof)
cap dqbuf: 0 seq:   2428 bytesused: 12441600 ts: 3329.211811 delta: 33.233 ms delta now: +33.025 ms fps: 30.00 (ts-monotonic, ts-src-eof)
cap dqbuf: 1 seq:   2429 bytesused: 12441600 ts: 3329.245144 delta: 33.333 ms delta now: +32.299 ms fps: 30.00 (ts-monotonic, ts-src-eof)
cap dqbuf: 2 seq:   2430 bytesused: 12441600 ts: 3329.278478 delta: 33.334 ms delta now: +33.150 ms fps: 30.00 (ts-monotonic, ts-src-eof)
cap dqbuf: 3 seq:   2431 bytesused: 12441600 ts: 3329.311812 delta: 33.334 ms delta now: +32.296 ms fps: 30.00 (ts-monotonic, ts-src-eof)
cap dqbuf: 0 seq:   2432 bytesused: 12441600 ts: 3329.345144 delta: 33.332 ms delta now: +33.168 ms fps: 30.00 (ts-monotonic, ts-src-eof)
cap dqbuf: 1 seq:   2433 bytesused: 12441600 ts: 3329.378479 delta: 33.335 ms delta now: +33.047 ms fps: 30.00 (ts-monotonic, ts-src-eof)
cap dqbuf: 2 seq:   2434 bytesused: 12441600 ts: 3329.411811 delta: 33.332 ms delta now: +32.296 ms fps: 30.00 (ts-monotonic, ts-src-eof)
cap dqbuf: 3 seq:   2435 bytesused: 12441600 ts: 3329.445144 delta: 33.333 ms delta now: +32.307 ms fps: 30.00 (ts-monotonic, ts-src-eof)
cap dqbuf: 0 seq:   2436 bytesused: 12441600 ts: 3329.478479 delta: 33.335 ms delta now: +32.296 ms fps: 30.00 (ts-monotonic, ts-src-eof)
cap dqbuf: 1 seq:   2437 bytesused: 12441600 ts: 3329.511811 delta: 33.332 ms delta now: +33.189 ms fps: 30.00 (ts-monotonic, ts-src-eof)
cap dqbuf: 2 seq:   2438 bytesused: 12441600 ts: 3329.545146 delta: 33.335 ms delta now: +33.271 ms fps: 30.00 (ts-monotonic, ts-src-eof)
cap dqbuf: 3 seq:   2439 bytesused: 12441600 ts: 3329.578480 delta: 33.334 ms delta now: +32.296 ms fps: 30.00 (ts-monotonic, ts-src-eof)
cap dqbuf: 0 seq:   2440 bytesused: 12441600 ts: 3329.611811 delta: 33.331 ms delta now: +33.289 ms fps: 30.00 (ts-monotonic, ts-src-eof)
cap dqbuf: 1 seq:   2441 bytesused: 12441600 ts: 3329.645145 delta: 33.334 ms delta now: +33.150 ms fps: 30.00 (ts-monotonic, ts-src-eof)
cap dqbuf: 2 seq:   2442 bytesused: 12441600 ts: 3329.678479 delta: 33.334 ms delta now: +33.364 ms fps: 30.00 (ts-monotonic, ts-src-eof)
cap dqbuf: 3 seq:   2443 bytesused: 12441600 ts: 3329.711814 delta: 33.335 ms delta now: +32.290 ms fps: 30.00 (ts-monotonic, ts-src-eof)
cap dqbuf: 0 seq:   2444 bytesused: 12441600 ts: 3329.745144 delta: 33.330 ms delta now: +33.313 ms fps: 30.00 (ts-monotonic, ts-src-eof)
cap dqbuf: 1 seq:   2445 bytesused: 12441600 ts: 3329.778595 delta: 33.451 ms delta now: +32.178 ms fps: 30.00 (ts-monotonic, ts-src-eof)
cap dqbuf: 2 seq:   2446 bytesused: 12441600 ts: 3329.811811 delta: 33.216 ms delta now: +33.293 ms fps: 30.00 (ts-monotonic, ts-src-eof)
cap dqbuf: 3 seq:   2447 bytesused: 12441600 ts: 3329.845264 delta: 33.453 ms delta now: +32.192 ms fps: 30.00 (ts-monotonic, ts-src-eof)
cap dqbuf: 0 seq:   2448 bytesused: 12441600 ts: 3329.878477 delta: 33.213 ms delta now: +33.319 ms fps: 30.00 (ts-monotonic, ts-src-eof)
cap dqbuf: 1 seq:   2449 bytesused: 12441600 ts: 3329.911930 delta: 33.453 ms delta now: +33.237 ms fps: 30.00 (ts-monotonic, ts-src-eof)
cap dqbuf: 2 seq:   2450 bytesused: 12441600 ts: 3329.945146 delta: 33.216 ms delta now: +33.171 ms fps: 30.00 (ts-monotonic, ts-src-eof)
cap dqbuf: 3 seq:   2451 bytesused: 12441600 ts: 3329.978479 delta: 33.333 ms delta now: +33.095 ms fps: 30.00 (ts-monotonic, ts-src-eof)
cap dqbuf: 0 seq:   2452 bytesused: 12441600 ts: 3330.011811 delta: 33.332 ms delta now: +33.330 ms fps: 30.00 (ts-monotonic, ts-src-eof)
cap dqbuf: 1 seq:   2453 bytesused: 12441600 ts: 3330.045146 delta: 33.335 ms delta now: +33.198 ms fps: 30.00 (ts-monotonic, ts-src-eof)
cap dqbuf: 2 seq:   2454 bytesused: 12441600 ts: 3330.078480 delta: 33.334 ms delta now: +33.302 ms fps: 30.00 (ts-monotonic, ts-src-eof)
cap dqbuf: 3 seq:   2455 bytesused: 12441600 ts: 3330.111813 delta: 33.333 ms delta now: +33.151 ms fps: 30.00 (ts-monotonic, ts-src-eof)
cap dqbuf: 0 seq:   2456 bytesused: 12441600 ts: 3330.145146 delta: 33.333 ms delta now: +33.303 ms fps: 30.00 (ts-monotonic, ts-src-eof)
cap dqbuf: 1 seq:   2457 bytesused: 12441600 ts: 3330.178480 delta: 33.334 ms delta now: +33.266 ms fps: 30.00 (ts-monotonic, ts-src-eof)
cap dqbuf: 2 seq:   2458 bytesused: 12441600 ts: 3330.211918 delta: 33.438 ms delta now: +33.191 ms fps: 30.00 (ts-monotonic, ts-src-eof)
cap dqbuf: 3 seq:   2459 bytesused: 12441600 ts: 3330.245146 delta: 33.228 ms delta now: +32.296 ms fps: 30.00 (ts-monotonic, ts-src-eof)
cap dqbuf: 0 seq:   2460 bytesused: 12441600 ts: 3330.278478 delta: 33.332 ms delta now: +33.402 ms fps: 30.00 (ts-monotonic, ts-src-eof)
cap dqbuf: 1 seq:   2461 bytesused: 12441600 ts: 3330.311918 delta: 33.440 ms delta now: +32.203 ms fps: 30.00 (ts-monotonic, ts-src-eof)
cap dqbuf: 2 seq:   2462 bytesused: 12441600 ts: 3330.345144 delta: 33.226 ms delta now: +33.497 ms fps: 30.00 (ts-monotonic, ts-src-eof)
cap dqbuf: 3 seq:   2463 bytesused: 12441600 ts: 3330.378482 delta: 33.338 ms delta now: +32.372 ms fps: 30.00 (ts-monotonic, ts-src-eof)
cap dqbuf: 0 seq:   2464 bytesused: 12441600 ts: 3330.411813 delta: 33.331 ms delta now: +33.347 ms fps: 30.00 (ts-monotonic, ts-src-eof)
cap dqbuf: 1 seq:   2465 bytesused: 12441600 ts: 3330.445146 delta: 33.333 ms delta now: +32.295 ms fps: 30.00 (ts-monotonic, ts-src-eof)
cap dqbuf: 2 seq:   2466 bytesused: 12441600 ts: 3330.478477 delta: 33.331 ms delta now: +33.324 ms fps: 30.00 (ts-monotonic, ts-src-eof)
cap dqbuf: 3 seq:   2467 bytesused: 12441600 ts: 3330.511927 delta: 33.450 ms delta now: +32.181 ms fps: 30.00 (ts-monotonic, ts-src-eof)
cap dqbuf: 0 seq:   2468 bytesused: 12441600 ts: 3330.545144 delta: 33.217 ms delta now: +33.159 ms fps: 30.00 (ts-monotonic, ts-src-eof)
cap dqbuf: 1 seq:   2469 bytesused: 12441600 ts: 3330.578480 delta: 33.336 ms delta now: +33.287 ms fps: 30.00 (ts-monotonic, ts-src-eof)
cap dqbuf: 2 seq:   2470 bytesused: 12441600 ts: 3330.611813 delta: 33.333 ms delta now: +33.147 ms fps: 30.00 (ts-monotonic, ts-src-eof)
cap dqbuf: 3 seq:   2471 bytesused: 12441600 ts: 3330.645145 delta: 33.332 ms delta now: +32.297 ms fps: 30.00 (ts-monotonic, ts-src-eof)
cap dqbuf: 0 seq:   2472 bytesused: 12441600 ts: 3330.678478 delta: 33.333 ms delta now: +33.155 ms fps: 30.00 (ts-monotonic, ts-src-eof)
cap dqbuf: 1 seq:   2473 bytesused: 12441600 ts: 3330.711813 delta: 33.335 ms delta now: +33.364 ms fps: 30.00 (ts-monotonic, ts-src-eof)
cap dqbuf: 2 seq:   2474 bytesused: 12441600 ts: 3330.745146 delta: 33.333 ms delta now: +33.283 ms fps: 30.00 (ts-monotonic, ts-src-eof)
cap dqbuf: 3 seq:   2475 bytesused: 12441600 ts: 3330.778480 delta: 33.334 ms delta now: +33.150 ms fps: 30.00 (ts-monotonic, ts-src-eof)
cap dqbuf: 0 seq:   2476 bytesused: 12441600 ts: 3330.811813 delta: 33.333 ms delta now: +33.287 ms fps: 30.00 (ts-monotonic, ts-src-eof)
cap dqbuf: 1 seq:   2477 bytesused: 12441600 ts: 3330.845146 delta: 33.333 ms delta now: +33.157 ms fps: 30.00 (ts-monotonic, ts-src-eof)
cap dqbuf: 2 seq:   2478 bytesused: 12441600 ts: 3330.878479 delta: 33.333 ms delta now: +33.311 ms fps: 30.00 (ts-monotonic, ts-src-eof)
cap dqbuf: 3 seq:   2479 bytesused: 12441600 ts: 3330.911932 delta: 33.453 ms delta now: +32.176 ms fps: 30.00 (ts-monotonic, ts-src-eof)
cap dqbuf: 0 seq:   2480 bytesused: 12441600 ts: 3330.945144 delta: 33.212 ms delta now: +33.152 ms fps: 30.00 (ts-monotonic, ts-src-eof)
cap dqbuf: 1 seq:   2481 bytesused: 12441600 ts: 3330.978480 delta: 33.336 ms delta now: +33.164 ms fps: 30.00 (ts-monotonic, ts-src-eof)
cap dqbuf: 2 seq:   2482 bytesused: 12441600 ts: 3331.011895 delta: 33.415 ms delta now: +33.235 ms fps: 30.00 (ts-monotonic, ts-src-eof)
cap dqbuf: 3 seq:   2483 bytesused: 12441600 ts: 3331.045245 delta: 33.350 ms delta now: +32.198 ms fps: 30.00 (ts-monotonic, ts-src-eof)
cap dqbuf: 0 seq:   2484 bytesused: 12441600 ts: 3331.078480 delta: 33.235 ms delta now: +33.425 ms fps: 30.00 (ts-monotonic, ts-src-eof)
cap dqbuf: 1 seq:   2485 bytesused: 12441600 ts: 3331.111817 delta: 33.337 ms delta now: +32.303 ms fps: 30.00 (ts-monotonic, ts-src-eof)
cap dqbuf: 2 seq:   2486 bytesused: 12441600 ts: 3331.145144 delta: 33.327 ms delta now: +33.403 ms fps: 30.00 (ts-monotonic, ts-src-eof)
cap dqbuf: 3 seq:   2487 bytesused: 12441600 ts: 3331.178483 delta: 33.339 ms delta now: +32.294 ms fps: 30.00 (ts-monotonic, ts-src-eof)
cap dqbuf: 0 seq:   2488 bytesused: 12441600 ts: 3331.211811 delta: 33.328 ms delta now: +33.278 ms fps: 30.00 (ts-monotonic, ts-src-eof)
cap dqbuf: 1 seq:   2489 bytesused: 12441600 ts: 3331.245275 delta: 33.464 ms delta now: +32.167 ms fps: 30.00 (ts-monotonic, ts-src-eof)
cap dqbuf: 2 seq:   2490 bytesused: 12441600 ts: 3331.278478 delta: 33.203 ms delta now: +33.149 ms fps: 30.00 (ts-monotonic, ts-src-eof)
cap dqbuf: 3 seq:   2491 bytesused: 12441600 ts: 3331.311813 delta: 33.335 ms delta now: +33.299 ms fps: 30.00 (ts-monotonic, ts-src-eof)
cap dqbuf: 0 seq:   2492 bytesused: 12441600 ts: 3331.345254 delta: 33.441 ms delta now: +32.190 ms fps: 30.00 (ts-monotonic, ts-src-eof)
cap dqbuf: 1 seq:   2493 bytesused: 12441600 ts: 3331.378478 delta: 33.224 ms delta now: +33.335 ms fps: 30.00 (ts-monotonic, ts-src-eof)
cap dqbuf: 2 seq:   2494 bytesused: 12441600 ts: 3331.411816 delta: 33.338 ms delta now: +33.151 ms fps: 30.00 (ts-monotonic, ts-src-eof)
cap dqbuf: 3 seq:   2495 bytesused: 12441600 ts: 3331.445146 delta: 33.330 ms delta now: +32.295 ms fps: 30.00 (ts-monotonic, ts-src-eof)
cap dqbuf: 0 seq:   2496 bytesused: 12441600 ts: 3331.478478 delta: 33.332 ms delta now: +33.158 ms fps: 30.00 (ts-monotonic, ts-src-eof)
cap dqbuf: 1 seq:   2497 bytesused: 12441600 ts: 3331.511813 delta: 33.335 ms delta now: +33.307 ms fps: 30.00 (ts-monotonic, ts-src-eof)
cap dqbuf: 2 seq:   2498 bytesused: 12441600 ts: 3331.545147 delta: 33.334 ms delta now: +33.163 ms fps: 30.00 (ts-monotonic, ts-src-eof)
cap dqbuf: 3 seq:   2499 bytesused: 12441600 ts: 3331.578480 delta: 33.333 ms delta now: +33.355 ms fps: 30.00 (ts-monotonic, ts-src-eof)
cap dqbuf: 0 seq:   2500 bytesused: 12441600 ts: 3331.611814 delta: 33.334 ms delta now: +33.149 ms fps: 30.00 (ts-monotonic, ts-src-eof)
cap dqbuf: 1 seq:   2501 bytesused: 12441600 ts: 3331.645146 delta: 33.332 ms delta now: +33.174 ms fps: 30.00 (ts-monotonic, ts-src-eof)
cap dqbuf: 2 seq:   2502 bytesused: 12441600 ts: 3331.678479 delta: 33.333 ms delta now: +33.384 ms fps: 30.00 (ts-monotonic, ts-src-eof)
cap dqbuf: 3 seq:   2503 bytesused: 12441600 ts: 3331.711917 delta: 33.438 ms delta now: +32.190 ms fps: 30.00 (ts-monotonic, ts-src-eof)
cap dqbuf: 0 seq:   2504 bytesused: 12441600 ts: 3331.745144 delta: 33.227 ms delta now: +33.287 ms fps: 30.00 (ts-monotonic, ts-src-eof)
cap dqbuf: 1 seq:   2505 bytesused: 12441600 ts: 3331.778597 delta: 33.453 ms delta now: +32.177 ms fps: 30.00 (ts-monotonic, ts-src-eof)
cap dqbuf: 2 seq:   2506 bytesused: 12441600 ts: 3331.811811 delta: 33.214 ms delta now: +33.161 ms fps: 30.00 (ts-monotonic, ts-src-eof)
cap dqbuf: 3 seq:   2507 bytesused: 12441600 ts: 3331.845146 delta: 33.335 ms delta now: +33.290 ms fps: 30.00 (ts-monotonic, ts-src-eof)
cap dqbuf: 0 seq:   2508 bytesused: 12441600 ts: 3331.878479 delta: 33.333 ms delta now: +33.143 ms fps: 30.00 (ts-monotonic, ts-src-eof)
cap dqbuf: 1 seq:   2509 bytesused: 12441600 ts: 3331.911937 delta: 33.458 ms delta now: +32.923 ms fps: 30.00 (ts-monotonic, ts-src-eof)
cap dqbuf: 2 seq:   2510 bytesused: 12441600 ts: 3331.945145 delta: 33.208 ms delta now: +33.289 ms fps: 30.00 (ts-monotonic, ts-src-eof)
cap dqbuf: 3 seq:   2511 bytesused: 12441600 ts: 3331.978480 delta: 33.335 ms delta now: +33.162 ms fps: 30.00 (ts-monotonic, ts-src-eof)
cap dqbuf: 0 seq:   2512 bytesused: 12441600 ts: 3332.011813 delta: 33.333 ms delta now: +33.297 ms fps: 30.00 (ts-monotonic, ts-src-eof)
cap dqbuf: 1 seq:   2513 bytesused: 12441600 ts: 3332.045147 delta: 33.334 ms delta now: +33.338 ms fps: 30.00 (ts-monotonic, ts-src-eof)
cap dqbuf: 2 seq:   2514 bytesused: 12441600 ts: 3332.078483 delta: 33.336 ms delta now: +32.304 ms fps: 30.00 (ts-monotonic, ts-src-eof)
cap dqbuf: 3 seq:   2515 bytesused: 12441600 ts: 3332.111811 delta: 33.328 ms delta now: +33.145 ms fps: 30.00 (ts-monotonic, ts-src-eof)
cap dqbuf: 0 seq:   2516 bytesused: 12441600 ts: 3332.145146 delta: 33.335 ms delta now: +33.296 ms fps: 30.00 (ts-monotonic, ts-src-eof)
cap dqbuf: 1 seq:   2517 bytesused: 12441600 ts: 3332.178480 delta: 33.334 ms delta now: +33.170 ms fps: 30.00 (ts-monotonic, ts-src-eof)
cap dqbuf: 2 seq:   2518 bytesused: 12441600 ts: 3332.211813 delta: 33.333 ms delta now: +33.379 ms fps: 30.00 (ts-monotonic, ts-src-eof)
cap dqbuf: 3 seq:   2519 bytesused: 12441600 ts: 3332.245250 delta: 33.437 ms delta now: +32.190 ms fps: 30.00 (ts-monotonic, ts-src-eof)
cap dqbuf: 0 seq:   2520 bytesused: 12441600 ts: 3332.278478 delta: 33.228 ms delta now: +33.179 ms fps: 30.00 (ts-monotonic, ts-src-eof)
cap dqbuf: 1 seq:   2521 bytesused: 12441600 ts: 3332.311813 delta: 33.335 ms delta now: +33.163 ms fps: 30.00 (ts-monotonic, ts-src-eof)
cap dqbuf: 2 seq:   2522 bytesused: 12441600 ts: 3332.345146 delta: 33.333 ms delta now: +33.308 ms fps: 30.00 (ts-monotonic, ts-src-eof)
cap dqbuf: 3 seq:   2523 bytesused: 12441600 ts: 3332.378583 delta: 33.437 ms delta now: +33.075 ms fps: 30.00 (ts-monotonic, ts-src-eof)
cap dqbuf: 0 seq:   2524 bytesused: 12441600 ts: 3332.411813 delta: 33.230 ms delta now: +33.290 ms fps: 30.00 (ts-monotonic, ts-src-eof)
cap dqbuf: 1 seq:   2525 bytesused: 12441600 ts: 3332.445246 delta: 33.433 ms delta now: +33.199 ms fps: 30.00 (ts-monotonic, ts-src-eof)
cap dqbuf: 2 seq:   2526 bytesused: 12441600 ts: 3332.478595 delta: 33.349 ms delta now: +32.244 ms fps: 30.00 (ts-monotonic, ts-src-eof)
cap dqbuf: 3 seq:   2527 bytesused: 12441600 ts: 3332.511811 delta: 33.216 ms delta now: +33.359 ms fps: 30.00 (ts-monotonic, ts-src-eof)
cap dqbuf: 0 seq:   2528 bytesused: 12441600 ts: 3332.545263 delta: 33.452 ms delta now: +33.258 ms fps: 30.00 (ts-monotonic, ts-src-eof)
cap dqbuf: 1 seq:   2529 bytesused: 12441600 ts: 3332.578480 delta: 33.217 ms delta now: +33.262 ms fps: 30.00 (ts-monotonic, ts-src-eof)
cap dqbuf: 2 seq:   2530 bytesused: 12441600 ts: 3332.611813 delta: 33.333 ms delta now: +33.356 ms fps: 30.00 (ts-monotonic, ts-src-eof)
cap dqbuf: 3 seq:   2531 bytesused: 12441600 ts: 3332.645147 delta: 33.334 ms delta now: +32.293 ms fps: 30.00 (ts-monotonic, ts-src-eof)
cap dqbuf: 0 seq:   2532 bytesused: 12441600 ts: 3332.678478 delta: 33.331 ms delta now: +33.290 ms fps: 30.00 (ts-monotonic, ts-src-eof)
cap dqbuf: 1 seq:   2533 bytesused: 12441600 ts: 3332.711813 delta: 33.335 ms delta now: +33.140 ms fps: 30.00 (ts-monotonic, ts-src-eof)
cap dqbuf: 2 seq:   2534 bytesused: 12441600 ts: 3332.745146 delta: 33.333 ms delta now: +33.293 ms fps: 30.00 (ts-monotonic, ts-src-eof)
cap dqbuf: 3 seq:   2535 bytesused: 12441600 ts: 3332.778579 delta: 33.433 ms delta now: +33.195 ms fps: 30.00 (ts-monotonic, ts-src-eof)
cap dqbuf: 0 seq:   2536 bytesused: 12441600 ts: 3332.811927 delta: 33.348 ms delta now: +33.271 ms fps: 30.00 (ts-monotonic, ts-src-eof)
cap dqbuf: 1 seq:   2537 bytesused: 12441600 ts: 3332.845147 delta: 33.220 ms delta now: +33.175 ms fps: 30.00 (ts-monotonic, ts-src-eof)
cap dqbuf: 2 seq:   2538 bytesused: 12441600 ts: 3332.878480 delta: 33.333 ms delta now: +33.425 ms fps: 30.00 (ts-monotonic, ts-src-eof)
cap dqbuf: 3 seq:   2539 bytesused: 12441600 ts: 3332.911935 delta: 33.455 ms delta now: +32.172 ms fps: 30.00 (ts-monotonic, ts-src-eof)
cap dqbuf: 0 seq:   2540 bytesused: 12441600 ts: 3332.945144 delta: 33.209 ms delta now: +33.321 ms fps: 30.00 (ts-monotonic, ts-src-eof)
cap dqbuf: 1 seq:   2541 bytesused: 12441600 ts: 3332.978598 delta: 33.454 ms delta now: +32.176 ms fps: 30.00 (ts-monotonic, ts-src-eof)
cap dqbuf: 2 seq:   2542 bytesused: 12441600 ts: 3333.011813 delta: 33.215 ms delta now: +33.342 ms fps: 30.00 (ts-monotonic, ts-src-eof)
cap dqbuf: 3 seq:   2543 bytesused: 12441600 ts: 3333.045147 delta: 33.334 ms delta now: +33.181 ms fps: 30.00 (ts-monotonic, ts-src-eof)
cap dqbuf: 0 seq:   2544 bytesused: 12441600 ts: 3333.078480 delta: 33.333 ms delta now: +33.376 ms fps: 30.00 (ts-monotonic, ts-src-eof)
cap dqbuf: 1 seq:   2545 bytesused: 12441600 ts: 3333.111813 delta: 33.333 ms delta now: +32.303 ms fps: 30.00 (ts-monotonic, ts-src-eof)
cap dqbuf: 2 seq:   2546 bytesused: 12441600 ts: 3333.145146 delta: 33.333 ms delta now: +33.299 ms fps: 30.00 (ts-monotonic, ts-src-eof)
cap dqbuf: 3 seq:   2547 bytesused: 12441600 ts: 3333.178480 delta: 33.334 ms delta now: +33.150 ms fps: 30.00 (ts-monotonic, ts-src-eof)
cap dqbuf: 0 seq:   2548 bytesused: 12441600 ts: 3333.211813 delta: 33.333 ms delta now: +33.362 ms fps: 30.00 (ts-monotonic, ts-src-eof)
cap dqbuf: 1 seq:   2549 bytesused: 12441600 ts: 3333.245146 delta: 33.333 ms delta now: +33.406 ms fps: 30.00 (ts-monotonic, ts-src-eof)
cap dqbuf: 2 seq:   2550 bytesused: 12441600 ts: 3333.278597 delta: 33.451 ms delta now: +33.191 ms fps: 30.00 (ts-monotonic, ts-src-eof)
cap dqbuf: 3 seq:   2551 bytesused: 12441600 ts: 3333.311912 delta: 33.315 ms delta now: +33.207 ms fps: 30.00 (ts-monotonic, ts-src-eof)
cap dqbuf: 0 seq:   2552 bytesused: 12441600 ts: 3333.345147 delta: 33.235 ms delta now: +32.295 ms fps: 30.00 (ts-monotonic, ts-src-eof)
cap dqbuf: 1 seq:   2553 bytesused: 12441600 ts: 3333.378478 delta: 33.331 ms delta now: +33.159 ms fps: 30.00 (ts-monotonic, ts-src-eof)
cap dqbuf: 2 seq:   2554 bytesused: 12441600 ts: 3333.411813 delta: 33.335 ms delta now: +33.163 ms fps: 30.00 (ts-monotonic, ts-src-eof)
cap dqbuf: 3 seq:   2555 bytesused: 12441600 ts: 3333.445146 delta: 33.333 ms delta now: +33.193 ms fps: 30.00 (ts-monotonic, ts-src-eof)
cap dqbuf: 0 seq:   2556 bytesused: 12441600 ts: 3333.478480 delta: 33.334 ms delta now: +33.286 ms fps: 30.00 (ts-monotonic, ts-src-eof)
cap dqbuf: 1 seq:   2557 bytesused: 12441600 ts: 3333.511930 delta: 33.450 ms delta now: +32.177 ms fps: 30.00 (ts-monotonic, ts-src-eof)
cap dqbuf: 2 seq:   2558 bytesused: 12441600 ts: 3333.545147 delta: 33.217 ms delta now: +32.292 ms fps: 30.00 (ts-monotonic, ts-src-eof)
cap dqbuf: 3 seq:   2559 bytesused: 12441600 ts: 3333.578480 delta: 33.333 ms delta now: +33.291 ms fps: 30.00 (ts-monotonic, ts-src-eof)
cap dqbuf: 0 seq:   2560 bytesused: 12441600 ts: 3333.611930 delta: 33.450 ms delta now: +33.180 ms fps: 30.00 (ts-monotonic, ts-src-eof)
cap dqbuf: 1 seq:   2561 bytesused: 12441600 ts: 3333.645147 delta: 33.217 ms delta now: +33.153 ms fps: 30.00 (ts-monotonic, ts-src-eof)
cap dqbuf: 2 seq:   2562 bytesused: 12441600 ts: 3333.678479 delta: 33.332 ms delta now: +32.798 ms fps: 30.00 (ts-monotonic, ts-src-eof)
cap dqbuf: 3 seq:   2563 bytesused: 12441600 ts: 3333.711811 delta: 33.332 ms delta now: +33.384 ms fps: 30.00 (ts-monotonic, ts-src-eof)
cap dqbuf: 0 seq:   2564 bytesused: 12441600 ts: 3333.745287 delta: 33.476 ms delta now: +32.153 ms fps: 30.00 (ts-monotonic, ts-src-eof)
cap dqbuf: 1 seq:   2565 bytesused: 12441600 ts: 3333.778478 delta: 33.191 ms delta now: +33.297 ms fps: 30.00 (ts-monotonic, ts-src-eof)
cap dqbuf: 2 seq:   2566 bytesused: 12441600 ts: 3333.811930 delta: 33.452 ms delta now: +33.053 ms fps: 30.00 (ts-monotonic, ts-src-eof)
cap dqbuf: 3 seq:   2567 bytesused: 12441600 ts: 3333.845146 delta: 33.216 ms delta now: +33.306 ms fps: 30.00 (ts-monotonic, ts-src-eof)
cap dqbuf: 0 seq:   2568 bytesused: 12441600 ts: 3333.878480 delta: 33.334 ms delta now: +33.391 ms fps: 30.00 (ts-monotonic, ts-src-eof)
cap dqbuf: 1 seq:   2569 bytesused: 12441600 ts: 3333.911912 delta: 33.432 ms delta now: +33.199 ms fps: 30.00 (ts-monotonic, ts-src-eof)
cap dqbuf: 2 seq:   2570 bytesused: 12441600 ts: 3333.945265 delta: 33.353 ms delta now: +33.063 ms fps: 30.00 (ts-monotonic, ts-src-eof)
cap dqbuf: 3 seq:   2571 bytesused: 12441600 ts: 3333.978480 delta: 33.215 ms delta now: +33.295 ms fps: 30.00 (ts-monotonic, ts-src-eof)
cap dqbuf: 0 seq:   2572 bytesused: 12441600 ts: 3334.011813 delta: 33.333 ms delta now: +32.295 ms fps: 30.00 (ts-monotonic, ts-src-eof)
cap dqbuf: 1 seq:   2573 bytesused: 12441600 ts: 3334.045145 delta: 33.332 ms delta now: +33.302 ms fps: 30.00 (ts-monotonic, ts-src-eof)
cap dqbuf: 2 seq:   2574 bytesused: 12441600 ts: 3334.078483 delta: 33.338 ms delta now: +32.310 ms fps: 30.00 (ts-monotonic, ts-src-eof)
cap dqbuf: 3 seq:   2575 bytesused: 12441600 ts: 3334.111811 delta: 33.328 ms delta now: +33.370 ms fps: 30.00 (ts-monotonic, ts-src-eof)
cap dqbuf: 0 seq:   2576 bytesused: 12441600 ts: 3334.145263 delta: 33.452 ms delta now: +32.183 ms fps: 30.00 (ts-monotonic, ts-src-eof)
cap dqbuf: 1 seq:   2577 bytesused: 12441600 ts: 3334.178478 delta: 33.215 ms delta now: +33.288 ms fps: 30.00 (ts-monotonic, ts-src-eof)
cap dqbuf: 2 seq:   2578 bytesused: 12441600 ts: 3334.211813 delta: 33.335 ms delta now: +33.310 ms fps: 30.00 (ts-monotonic, ts-src-eof)
cap dqbuf: 3 seq:   2579 bytesused: 12441600 ts: 3334.245146 delta: 33.333 ms delta now: +33.322 ms fps: 30.00 (ts-monotonic, ts-src-eof)
cap dqbuf: 0 seq:   2580 bytesused: 12441600 ts: 3334.278597 delta: 33.451 ms delta now: +33.161 ms fps: 30.00 (ts-monotonic, ts-src-eof)
cap dqbuf: 1 seq:   2581 bytesused: 12441600 ts: 3334.311814 delta: 33.217 ms delta now: +32.291 ms fps: 30.00 (ts-monotonic, ts-src-eof)
cap dqbuf: 2 seq:   2582 bytesused: 12441600 ts: 3334.345145 delta: 33.331 ms delta now: +32.299 ms fps: 30.00 (ts-monotonic, ts-src-eof)
cap dqbuf: 3 seq:   2583 bytesused: 12441600 ts: 3334.378478 delta: 33.333 ms delta now: +33.161 ms fps: 30.00 (ts-monotonic, ts-src-eof)
cap dqbuf: 0 seq:   2584 bytesused: 12441600 ts: 3334.411813 delta: 33.335 ms delta now: +33.290 ms fps: 30.00 (ts-monotonic, ts-src-eof)
cap dqbuf: 1 seq:   2585 bytesused: 12441600 ts: 3334.445262 delta: 33.449 ms delta now: +33.176 ms fps: 30.00 (ts-monotonic, ts-src-eof)
cap dqbuf: 2 seq:   2586 bytesused: 12441600 ts: 3334.478595 delta: 33.333 ms delta now: +33.177 ms fps: 30.00 (ts-monotonic, ts-src-eof)
cap dqbuf: 3 seq:   2587 bytesused: 12441600 ts: 3334.511813 delta: 33.218 ms delta now: +32.303 ms fps: 30.00 (ts-monotonic, ts-src-eof)
cap dqbuf: 0 seq:   2588 bytesused: 12441600 ts: 3334.545145 delta: 33.332 ms delta now: +33.191 ms fps: 30.00 (ts-monotonic, ts-src-eof)
cap dqbuf: 1 seq:   2589 bytesused: 12441600 ts: 3334.578480 delta: 33.335 ms delta now: +33.357 ms fps: 30.00 (ts-monotonic, ts-src-eof)
cap dqbuf: 2 seq:   2590 bytesused: 12441600 ts: 3334.611928 delta: 33.448 ms delta now: +32.179 ms fps: 30.00 (ts-monotonic, ts-src-eof)
cap dqbuf: 3 seq:   2591 bytesused: 12441600 ts: 3334.645145 delta: 33.217 ms delta now: +32.297 ms fps: 30.00 (ts-monotonic, ts-src-eof)
cap dqbuf: 0 seq:   2592 bytesused: 12441600 ts: 3334.678478 delta: 33.333 ms delta now: +33.180 ms fps: 30.00 (ts-monotonic, ts-src-eof)
cap dqbuf: 1 seq:   2593 bytesused: 12441600 ts: 3334.711813 delta: 33.335 ms delta now: +33.301 ms fps: 30.00 (ts-monotonic, ts-src-eof)
cap dqbuf: 2 seq:   2594 bytesused: 12441600 ts: 3334.745147 delta: 33.334 ms delta now: +33.331 ms fps: 30.00 (ts-monotonic, ts-src-eof)
cap dqbuf: 3 seq:   2595 bytesused: 12441600 ts: 3334.778480 delta: 33.333 ms delta now: +32.294 ms fps: 30.00 (ts-monotonic, ts-src-eof)
cap dqbuf: 0 seq:   2596 bytesused: 12441600 ts: 3334.811811 delta: 33.331 ms delta now: +32.297 ms fps: 30.00 (ts-monotonic, ts-src-eof)
cap dqbuf: 1 seq:   2597 bytesused: 12441600 ts: 3334.845145 delta: 33.334 ms delta now: +33.152 ms fps: 30.00 (ts-monotonic, ts-src-eof)
cap dqbuf: 2 seq:   2598 bytesused: 12441600 ts: 3334.878480 delta: 33.335 ms delta now: +33.273 ms fps: 30.00 (ts-monotonic, ts-src-eof)
cap dqbuf: 3 seq:   2599 bytesused: 12441600 ts: 3334.911812 delta: 33.332 ms delta now: +33.151 ms fps: 30.00 (ts-monotonic, ts-src-eof)
cap dqbuf: 0 seq:   2600 bytesused: 12441600 ts: 3334.945146 delta: 33.334 ms delta now: +33.335 ms fps: 30.00 (ts-monotonic, ts-src-eof)
cap dqbuf: 1 seq:   2601 bytesused: 12441600 ts: 3334.978483 delta: 33.337 ms delta now: +32.291 ms fps: 30.00 (ts-monotonic, ts-src-eof)
cap dqbuf: 2 seq:   2602 bytesused: 12441600 ts: 3335.011811 delta: 33.328 ms delta now: +32.298 ms fps: 30.00 (ts-monotonic, ts-src-eof)
cap dqbuf: 3 seq:   2603 bytesused: 12441600 ts: 3335.045145 delta: 33.334 ms delta now: +33.160 ms fps: 30.00 (ts-monotonic, ts-src-eof)
cap dqbuf: 0 seq:   2604 bytesused: 12441600 ts: 3335.078480 delta: 33.335 ms delta now: +33.354 ms fps: 30.00 (ts-monotonic, ts-src-eof)
cap dqbuf: 1 seq:   2605 bytesused: 12441600 ts: 3335.111814 delta: 33.334 ms delta now: +32.302 ms fps: 30.00 (ts-monotonic, ts-src-eof)
cap dqbuf: 2 seq:   2606 bytesused: 12441600 ts: 3335.145145 delta: 33.331 ms delta now: +33.383 ms fps: 30.00 (ts-monotonic, ts-src-eof)
cap dqbuf: 3 seq:   2607 bytesused: 12441600 ts: 3335.178596 delta: 33.451 ms delta now: +32.182 ms fps: 30.00 (ts-monotonic, ts-src-eof)
cap dqbuf: 0 seq:   2608 bytesused: 12441600 ts: 3335.211812 delta: 33.216 ms delta now: +33.175 ms fps: 30.00 (ts-monotonic, ts-src-eof)
cap dqbuf: 1 seq:   2609 bytesused: 12441600 ts: 3335.245147 delta: 33.335 ms delta now: +33.288 ms fps: 30.00 (ts-monotonic, ts-src-eof)
cap dqbuf: 2 seq:   2610 bytesused: 12441600 ts: 3335.278480 delta: 33.333 ms delta now: +33.174 ms fps: 30.00 (ts-monotonic, ts-src-eof)
cap dqbuf: 3 seq:   2611 bytesused: 12441600 ts: 3335.311813 delta: 33.333 ms delta now: +33.299 ms fps: 30.00 (ts-monotonic, ts-src-eof)
cap dqbuf: 0 seq:   2612 bytesused: 12441600 ts: 3335.345147 delta: 33.334 ms delta now: +32.295 ms fps: 30.00 (ts-monotonic, ts-src-eof)
cap dqbuf: 1 seq:   2613 bytesused: 12441600 ts: 3335.378478 delta: 33.331 ms delta now: +33.155 ms fps: 30.00 (ts-monotonic, ts-src-eof)
cap dqbuf: 2 seq:   2614 bytesused: 12441600 ts: 3335.411813 delta: 33.335 ms delta now: +32.293 ms fps: 30.00 (ts-monotonic, ts-src-eof)
cap dqbuf: 3 seq:   2615 bytesused: 12441600 ts: 3335.445145 delta: 33.332 ms delta now: +32.924 ms fps: 30.00 (ts-monotonic, ts-src-eof)
cap dqbuf: 0 seq:   2616 bytesused: 12441600 ts: 3335.478478 delta: 33.333 ms delta now: +33.326 ms fps: 30.00 (ts-monotonic, ts-src-eof)
cap dqbuf: 1 seq:   2617 bytesused: 12441600 ts: 3335.511915 delta: 33.437 ms delta now: +32.191 ms fps: 30.00 (ts-monotonic, ts-src-eof)
cap dqbuf: 2 seq:   2618 bytesused: 12441600 ts: 3335.545147 delta: 33.232 ms delta now: +33.309 ms fps: 30.00 (ts-monotonic, ts-src-eof)
cap dqbuf: 3 seq:   2619 bytesused: 12441600 ts: 3335.578595 delta: 33.448 ms delta now: +32.230 ms fps: 30.00 (ts-monotonic, ts-src-eof)
cap dqbuf: 0 seq:   2620 bytesused: 12441600 ts: 3335.611811 delta: 33.216 ms delta now: +33.163 ms fps: 30.00 (ts-monotonic, ts-src-eof)
cap dqbuf: 1 seq:   2621 bytesused: 12441600 ts: 3335.645146 delta: 33.335 ms delta now: +33.290 ms fps: 30.00 (ts-monotonic, ts-src-eof)
cap dqbuf: 2 seq:   2622 bytesused: 12441600 ts: 3335.678480 delta: 33.334 ms delta now: +33.156 ms fps: 30.00 (ts-monotonic, ts-src-eof)
cap dqbuf: 3 seq:   2623 bytesused: 12441600 ts: 3335.711813 delta: 33.333 ms delta now: +33.303 ms fps: 30.00 (ts-monotonic, ts-src-eof)
cap dqbuf: 0 seq:   2624 bytesused: 12441600 ts: 3335.745147 delta: 33.334 ms delta now: +32.297 ms fps: 30.00 (ts-monotonic, ts-src-eof)
cap dqbuf: 1 seq:   2625 bytesused: 12441600 ts: 3335.778478 delta: 33.331 ms delta now: +32.298 ms fps: 30.00 (ts-monotonic, ts-src-eof)
cap dqbuf: 2 seq:   2626 bytesused: 12441600 ts: 3335.811811 delta: 33.333 ms delta now: +33.317 ms fps: 30.00 (ts-monotonic, ts-src-eof)
cap dqbuf: 3 seq:   2627 bytesused: 12441600 ts: 3335.845278 delta: 33.467 ms delta now: +32.168 ms fps: 30.00 (ts-monotonic, ts-src-eof)
cap dqbuf: 0 seq:   2628 bytesused: 12441600 ts: 3335.878480 delta: 33.202 ms delta now: +33.322 ms fps: 30.00 (ts-monotonic, ts-src-eof)
cap dqbuf: 1 seq:   2629 bytesused: 12441600 ts: 3335.911814 delta: 33.334 ms delta now: +33.156 ms fps: 30.00 (ts-monotonic, ts-src-eof)
cap dqbuf: 2 seq:   2630 bytesused: 12441600 ts: 3335.945147 delta: 33.333 ms delta now: +33.312 ms fps: 30.00 (ts-monotonic, ts-src-eof)
cap dqbuf: 3 seq:   2631 bytesused: 12441600 ts: 3335.978481 delta: 33.334 ms delta now: +33.155 ms fps: 30.00 (ts-monotonic, ts-src-eof)
cap dqbuf: 0 seq:   2632 bytesused: 12441600 ts: 3336.011813 delta: 33.332 ms delta now: +32.576 ms fps: 30.00 (ts-monotonic, ts-src-eof)
cap dqbuf: 1 seq:   2633 bytesused: 12441600 ts: 3336.045145 delta: 33.332 ms delta now: +33.178 ms fps: 30.00 (ts-monotonic, ts-src-eof)
cap dqbuf: 2 seq:   2634 bytesused: 12441600 ts: 3336.078480 delta: 33.335 ms delta now: +33.277 ms fps: 30.00 (ts-monotonic, ts-src-eof)
cap dqbuf: 3 seq:   2635 bytesused: 12441600 ts: 3336.111814 delta: 33.334 ms delta now: +33.158 ms fps: 30.00 (ts-monotonic, ts-src-eof)
cap dqbuf: 0 seq:   2636 bytesused: 12441600 ts: 3336.145146 delta: 33.332 ms delta now: +33.391 ms fps: 30.00 (ts-monotonic, ts-src-eof)
cap dqbuf: 1 seq:   2637 bytesused: 12441600 ts: 3336.178598 delta: 33.452 ms delta now: +32.187 ms fps: 30.00 (ts-monotonic, ts-src-eof)
cap dqbuf: 2 seq:   2638 bytesused: 12441600 ts: 3336.211812 delta: 33.214 ms delta now: +33.291 ms fps: 30.00 (ts-monotonic, ts-src-eof)
cap dqbuf: 3 seq:   2639 bytesused: 12441600 ts: 3336.245147 delta: 33.335 ms delta now: +32.302 ms fps: 30.00 (ts-monotonic, ts-src-eof)
cap dqbuf: 0 seq:   2640 bytesused: 12441600 ts: 3336.278478 delta: 33.331 ms delta now: +33.486 ms fps: 30.00 (ts-monotonic, ts-src-eof)
cap dqbuf: 1 seq:   2641 bytesused: 12441600 ts: 3336.311814 delta: 33.336 ms delta now: +32.294 ms fps: 30.00 (ts-monotonic, ts-src-eof)
cap dqbuf: 2 seq:   2642 bytesused: 12441600 ts: 3336.345145 delta: 33.331 ms delta now: +33.315 ms fps: 30.00 (ts-monotonic, ts-src-eof)
cap dqbuf: 3 seq:   2643 bytesused: 12441600 ts: 3336.378579 delta: 33.434 ms delta now: +32.197 ms fps: 30.00 (ts-monotonic, ts-src-eof)
cap dqbuf: 0 seq:   2644 bytesused: 12441600 ts: 3336.411811 delta: 33.232 ms delta now: +33.299 ms fps: 30.00 (ts-monotonic, ts-src-eof)
cap dqbuf: 1 seq:   2645 bytesused: 12441600 ts: 3336.445147 delta: 33.336 ms delta now: +33.164 ms fps: 30.00 (ts-monotonic, ts-src-eof)
cap dqbuf: 2 seq:   2646 bytesused: 12441600 ts: 3336.478480 delta: 33.333 ms delta now: +33.265 ms fps: 30.00 (ts-monotonic, ts-src-eof)
cap dqbuf: 3 seq:   2647 bytesused: 12441600 ts: 3336.511812 delta: 33.332 ms delta now: +33.139 ms fps: 30.00 (ts-monotonic, ts-src-eof)
cap dqbuf: 0 seq:   2648 bytesused: 12441600 ts: 3336.545147 delta: 33.335 ms delta now: +33.399 ms fps: 30.00 (ts-monotonic, ts-src-eof)
cap dqbuf: 1 seq:   2649 bytesused: 12441600 ts: 3336.578579 delta: 33.432 ms delta now: +32.430 ms fps: 30.00 (ts-monotonic, ts-src-eof)
cap dqbuf: 2 seq:   2650 bytesused: 12441600 ts: 3336.611812 delta: 33.233 ms delta now: +33.320 ms fps: 30.00 (ts-monotonic, ts-src-eof)
cap dqbuf: 3 seq:   2651 bytesused: 12441600 ts: 3336.645291 delta: 33.479 ms delta now: +33.152 ms fps: 30.00 (ts-monotonic, ts-src-eof)
cap dqbuf: 0 seq:   2652 bytesused: 12441600 ts: 3336.678480 delta: 33.189 ms delta now: +33.290 ms fps: 30.00 (ts-monotonic, ts-src-eof)
cap dqbuf: 1 seq:   2653 bytesused: 12441600 ts: 3336.711813 delta: 33.333 ms delta now: +33.317 ms fps: 30.00 (ts-monotonic, ts-src-eof)
cap dqbuf: 2 seq:   2654 bytesused: 12441600 ts: 3336.745246 delta: 33.433 ms delta now: +33.202 ms fps: 30.00 (ts-monotonic, ts-src-eof)
cap dqbuf: 3 seq:   2655 bytesused: 12441600 ts: 3336.778594 delta: 33.348 ms delta now: +33.180 ms fps: 30.00 (ts-monotonic, ts-src-eof)
cap dqbuf: 0 seq:   2656 bytesused: 12441600 ts: 3336.811912 delta: 33.318 ms delta now: +33.205 ms fps: 30.00 (ts-monotonic, ts-src-eof)
cap dqbuf: 1 seq:   2657 bytesused: 12441600 ts: 3336.845263 delta: 33.351 ms delta now: +32.563 ms fps: 30.00 (ts-monotonic, ts-src-eof)
cap dqbuf: 2 seq:   2658 bytesused: 12441600 ts: 3336.878478 delta: 33.215 ms delta now: +32.298 ms fps: 30.00 (ts-monotonic, ts-src-eof)
cap dqbuf: 3 seq:   2659 bytesused: 12441600 ts: 3336.911812 delta: 33.334 ms delta now: +32.296 ms fps: 30.00 (ts-monotonic, ts-src-eof)
cap dqbuf: 0 seq:   2660 bytesused: 12441600 ts: 3336.945145 delta: 33.333 ms delta now: +33.327 ms fps: 30.00 (ts-monotonic, ts-src-eof)
cap dqbuf: 1 seq:   2661 bytesused: 12441600 ts: 3336.978585 delta: 33.440 ms delta now: +33.334 ms fps: 30.00 (ts-monotonic, ts-src-eof)
cap dqbuf: 2 seq:   2662 bytesused: 12441600 ts: 3337.011814 delta: 33.229 ms delta now: +33.147 ms fps: 30.00 (ts-monotonic, ts-src-eof)
cap dqbuf: 3 seq:   2663 bytesused: 12441600 ts: 3337.045147 delta: 33.333 ms delta now: +33.294 ms fps: 30.00 (ts-monotonic, ts-src-eof)
cap dqbuf: 0 seq:   2664 bytesused: 12441600 ts: 3337.078480 delta: 33.333 ms delta now: +33.427 ms fps: 30.00 (ts-monotonic, ts-src-eof)
cap dqbuf: 1 seq:   2665 bytesused: 12441600 ts: 3337.111814 delta: 33.334 ms delta now: +32.302 ms fps: 30.00 (ts-monotonic, ts-src-eof)
cap dqbuf: 2 seq:   2666 bytesused: 12441600 ts: 3337.145145 delta: 33.331 ms delta now: +33.301 ms fps: 30.00 (ts-monotonic, ts-src-eof)
cap dqbuf: 3 seq:   2667 bytesused: 12441600 ts: 3337.178597 delta: 33.452 ms delta now: +32.268 ms fps: 30.00 (ts-monotonic, ts-src-eof)
cap dqbuf: 0 seq:   2668 bytesused: 12441600 ts: 3337.211812 delta: 33.215 ms delta now: +33.401 ms fps: 30.00 (ts-monotonic, ts-src-eof)
cap dqbuf: 1 seq:   2669 bytesused: 12441600 ts: 3337.245249 delta: 33.437 ms delta now: +33.078 ms fps: 30.00 (ts-monotonic, ts-src-eof)
cap dqbuf: 2 seq:   2670 bytesused: 12441600 ts: 3337.278480 delta: 33.231 ms delta now: +33.293 ms fps: 30.00 (ts-monotonic, ts-src-eof)
cap dqbuf: 3 seq:   2671 bytesused: 12441600 ts: 3337.311814 delta: 33.334 ms delta now: +32.294 ms fps: 30.00 (ts-monotonic, ts-src-eof)
cap dqbuf: 0 seq:   2672 bytesused: 12441600 ts: 3337.345145 delta: 33.331 ms delta now: +32.515 ms fps: 30.00 (ts-monotonic, ts-src-eof)
cap dqbuf: 1 seq:   2673 bytesused: 12441600 ts: 3337.378478 delta: 33.333 ms delta now: +33.173 ms fps: 30.00 (ts-monotonic, ts-src-eof)
cap dqbuf: 2 seq:   2674 bytesused: 12441600 ts: 3337.411813 delta: 33.335 ms delta now: +33.295 ms fps: 30.00 (ts-monotonic, ts-src-eof)
cap dqbuf: 3 seq:   2675 bytesused: 12441600 ts: 3337.445147 delta: 33.334 ms delta now: +32.294 ms fps: 30.00 (ts-monotonic, ts-src-eof)
cap dqbuf: 0 seq:   2676 bytesused: 12441600 ts: 3337.478478 delta: 33.331 ms delta now: +33.318 ms fps: 30.00 (ts-monotonic, ts-src-eof)
cap dqbuf: 1 seq:   2677 bytesused: 12441600 ts: 3337.511817 delta: 33.339 ms delta now: +32.291 ms fps: 30.00 (ts-monotonic, ts-src-eof)
cap dqbuf: 2 seq:   2678 bytesused: 12441600 ts: 3337.545147 delta: 33.330 ms delta now: +33.257 ms fps: 30.00 (ts-monotonic, ts-src-eof)
cap dqbuf: 3 seq:   2679 bytesused: 12441600 ts: 3337.578595 delta: 33.448 ms delta now: +32.181 ms fps: 30.00 (ts-monotonic, ts-src-eof)
cap dqbuf: 0 seq:   2680 bytesused: 12441600 ts: 3337.611812 delta: 33.217 ms delta now: +32.295 ms fps: 30.00 (ts-monotonic, ts-src-eof)
cap dqbuf: 1 seq:   2681 bytesused: 12441600 ts: 3337.645145 delta: 33.333 ms delta now: +32.342 ms fps: 30.00 (ts-monotonic, ts-src-eof)
cap dqbuf: 2 seq:   2682 bytesused: 12441600 ts: 3337.678478 delta: 33.333 ms delta now: +33.259 ms fps: 30.00 (ts-monotonic, ts-src-eof)
cap dqbuf: 3 seq:   2683 bytesused: 12441600 ts: 3337.711942 delta: 33.464 ms delta now: +32.214 ms fps: 30.00 (ts-monotonic, ts-src-eof)
cap dqbuf: 0 seq:   2684 bytesused: 12441600 ts: 3337.745145 delta: 33.203 ms delta now: +33.427 ms fps: 30.00 (ts-monotonic, ts-src-eof)
cap dqbuf: 1 seq:   2685 bytesused: 12441600 ts: 3337.778594 delta: 33.449 ms delta now: +32.225 ms fps: 30.00 (ts-monotonic, ts-src-eof)
cap dqbuf: 2 seq:   2686 bytesused: 12441600 ts: 3337.811812 delta: 33.218 ms delta now: +32.296 ms fps: 30.00 (ts-monotonic, ts-src-eof)
cap dqbuf: 3 seq:   2687 bytesused: 12441600 ts: 3337.845145 delta: 33.333 ms delta now: +33.181 ms fps: 30.00 (ts-monotonic, ts-src-eof)
cap dqbuf: 0 seq:   2688 bytesused: 12441600 ts: 3337.878480 delta: 33.335 ms delta now: +33.310 ms fps: 30.00 (ts-monotonic, ts-src-eof)
cap dqbuf: 1 seq:   2689 bytesused: 12441600 ts: 3337.911919 delta: 33.439 ms delta now: +33.179 ms fps: 30.00 (ts-monotonic, ts-src-eof)
cap dqbuf: 2 seq:   2690 bytesused: 12441600 ts: 3337.945147 delta: 33.228 ms delta now: +33.163 ms fps: 30.00 (ts-monotonic, ts-src-eof)
cap dqbuf: 3 seq:   2691 bytesused: 12441600 ts: 3337.978480 delta: 33.333 ms delta now: +33.296 ms fps: 30.00 (ts-monotonic, ts-src-eof)
cap dqbuf: 0 seq:   2692 bytesused: 12441600 ts: 3338.011814 delta: 33.334 ms delta now: +32.293 ms fps: 30.00 (ts-monotonic, ts-src-eof)
cap dqbuf: 1 seq:   2693 bytesused: 12441600 ts: 3338.045145 delta: 33.331 ms delta now: +33.164 ms fps: 30.00 (ts-monotonic, ts-src-eof)
cap dqbuf: 2 seq:   2694 bytesused: 12441600 ts: 3338.078480 delta: 33.335 ms delta now: +33.458 ms fps: 30.00 (ts-monotonic, ts-src-eof)
cap dqbuf: 3 seq:   2695 bytesused: 12441600 ts: 3338.111814 delta: 33.334 ms delta now: +33.180 ms fps: 30.00 (ts-monotonic, ts-src-eof)
cap dqbuf: 0 seq:   2696 bytesused: 12441600 ts: 3338.145147 delta: 33.333 ms delta now: +33.287 ms fps: 30.00 (ts-monotonic, ts-src-eof)
cap dqbuf: 1 seq:   2697 bytesused: 12441600 ts: 3338.178579 delta: 33.432 ms delta now: +33.259 ms fps: 30.00 (ts-monotonic, ts-src-eof)
cap dqbuf: 2 seq:   2698 bytesused: 12441600 ts: 3338.211913 delta: 33.334 ms delta now: +33.196 ms fps: 30.00 (ts-monotonic, ts-src-eof)
cap dqbuf: 3 seq:   2699 bytesused: 12441600 ts: 3338.245246 delta: 33.333 ms delta now: +33.198 ms fps: 30.00 (ts-monotonic, ts-src-eof)
cap dqbuf: 0 seq:   2700 bytesused: 12441600 ts: 3338.278481 delta: 33.235 ms delta now: +33.355 ms fps: 30.00 (ts-monotonic, ts-src-eof)
cap dqbuf: 1 seq:   2701 bytesused: 12441600 ts: 3338.311814 delta: 33.333 ms delta now: +33.336 ms fps: 30.00 (ts-monotonic, ts-src-eof)
cap dqbuf: 2 seq:   2702 bytesused: 12441600 ts: 3338.345147 delta: 33.333 ms delta now: +33.292 ms fps: 30.00 (ts-monotonic, ts-src-eof)
cap dqbuf: 3 seq:   2703 bytesused: 12441600 ts: 3338.378482 delta: 33.335 ms delta now: +32.292 ms fps: 30.00 (ts-monotonic, ts-src-eof)
cap dqbuf: 0 seq:   2704 bytesused: 12441600 ts: 3338.411813 delta: 33.331 ms delta now: +33.310 ms fps: 30.00 (ts-monotonic, ts-src-eof)
cap dqbuf: 1 seq:   2705 bytesused: 12441600 ts: 3338.445247 delta: 33.434 ms delta now: +33.268 ms fps: 30.00 (ts-monotonic, ts-src-eof)
cap dqbuf: 2 seq:   2706 bytesused: 12441600 ts: 3338.478596 delta: 33.349 ms delta now: +33.203 ms fps: 30.00 (ts-monotonic, ts-src-eof)
cap dqbuf: 3 seq:   2707 bytesused: 12441600 ts: 3338.511912 delta: 33.316 ms delta now: +33.197 ms fps: 30.00 (ts-monotonic, ts-src-eof)
cap dqbuf: 0 seq:   2708 bytesused: 12441600 ts: 3338.545147 delta: 33.235 ms delta now: +33.176 ms fps: 30.00 (ts-monotonic, ts-src-eof)
cap dqbuf: 1 seq:   2709 bytesused: 12441600 ts: 3338.578480 delta: 33.333 ms delta now: +33.316 ms fps: 30.00 (ts-monotonic, ts-src-eof)
cap dqbuf: 2 seq:   2710 bytesused: 12441600 ts: 3338.611816 delta: 33.336 ms delta now: +33.172 ms fps: 30.00 (ts-monotonic, ts-src-eof)
cap dqbuf: 3 seq:   2711 bytesused: 12441600 ts: 3338.645147 delta: 33.331 ms delta now: +33.171 ms fps: 30.00 (ts-monotonic, ts-src-eof)
cap dqbuf: 0 seq:   2712 bytesused: 12441600 ts: 3338.678480 delta: 33.333 ms delta now: +32.751 ms fps: 30.00 (ts-monotonic, ts-src-eof)
cap dqbuf: 1 seq:   2713 bytesused: 12441600 ts: 3338.711812 delta: 33.332 ms delta now: +32.299 ms fps: 30.00 (ts-monotonic, ts-src-eof)
cap dqbuf: 2 seq:   2714 bytesused: 12441600 ts: 3338.745145 delta: 33.333 ms delta now: +32.297 ms fps: 30.00 (ts-monotonic, ts-src-eof)
cap dqbuf: 3 seq:   2715 bytesused: 12441600 ts: 3338.778478 delta: 33.333 ms delta now: +33.032 ms fps: 30.00 (ts-monotonic, ts-src-eof)
cap dqbuf: 0 seq:   2716 bytesused: 12441600 ts: 3338.811814 delta: 33.336 ms delta now: +33.284 ms fps: 30.00 (ts-monotonic, ts-src-eof)
cap dqbuf: 1 seq:   2717 bytesused: 12441600 ts: 3338.845147 delta: 33.333 ms delta now: +33.365 ms fps: 30.00 (ts-monotonic, ts-src-eof)
cap dqbuf: 2 seq:   2718 bytesused: 12441600 ts: 3338.878607 delta: 33.460 ms delta now: +32.167 ms fps: 30.00 (ts-monotonic, ts-src-eof)
cap dqbuf: 3 seq:   2719 bytesused: 12441600 ts: 3338.911812 delta: 33.205 ms delta now: +33.333 ms fps: 30.00 (ts-monotonic, ts-src-eof)
cap dqbuf: 0 seq:   2720 bytesused: 12441600 ts: 3338.945147 delta: 33.335 ms delta now: +33.171 ms fps: 30.00 (ts-monotonic, ts-src-eof)
cap dqbuf: 1 seq:   2721 bytesused: 12441600 ts: 3338.978480 delta: 33.333 ms delta now: +33.311 ms fps: 30.00 (ts-monotonic, ts-src-eof)
cap dqbuf: 2 seq:   2722 bytesused: 12441600 ts: 3339.011814 delta: 33.334 ms delta now: +33.319 ms fps: 30.00 (ts-monotonic, ts-src-eof)
cap dqbuf: 3 seq:   2723 bytesused: 12441600 ts: 3339.045246 delta: 33.432 ms delta now: +33.162 ms fps: 30.00 (ts-monotonic, ts-src-eof)
cap dqbuf: 0 seq:   2724 bytesused: 12441600 ts: 3339.078480 delta: 33.234 ms delta now: +33.362 ms fps: 30.00 (ts-monotonic, ts-src-eof)
cap dqbuf: 1 seq:   2725 bytesused: 12441600 ts: 3339.111813 delta: 33.333 ms delta now: +33.181 ms fps: 30.00 (ts-monotonic, ts-src-eof)
cap dqbuf: 2 seq:   2726 bytesused: 12441600 ts: 3339.145147 delta: 33.334 ms delta now: +33.339 ms fps: 30.00 (ts-monotonic, ts-src-eof)
cap dqbuf: 3 seq:   2727 bytesused: 12441600 ts: 3339.178481 delta: 33.334 ms delta now: +32.298 ms fps: 30.00 (ts-monotonic, ts-src-eof)
cap dqbuf: 0 seq:   2728 bytesused: 12441600 ts: 3339.211812 delta: 33.331 ms delta now: +33.165 ms fps: 30.00 (ts-monotonic, ts-src-eof)
cap dqbuf: 1 seq:   2729 bytesused: 12441600 ts: 3339.245147 delta: 33.335 ms delta now: +32.294 ms fps: 30.00 (ts-monotonic, ts-src-eof)
cap dqbuf: 2 seq:   2730 bytesused: 12441600 ts: 3339.278478 delta: 33.331 ms delta now: +33.165 ms fps: 30.00 (ts-monotonic, ts-src-eof)
cap dqbuf: 3 seq:   2731 bytesused: 12441600 ts: 3339.311813 delta: 33.335 ms delta now: +33.354 ms fps: 30.00 (ts-monotonic, ts-src-eof)
cap dqbuf: 0 seq:   2732 bytesused: 12441600 ts: 3339.345147 delta: 33.334 ms delta now: +32.357 ms fps: 30.00 (ts-monotonic, ts-src-eof)
cap dqbuf: 1 seq:   2733 bytesused: 12441600 ts: 3339.378480 delta: 33.333 ms delta now: +33.194 ms fps: 30.00 (ts-monotonic, ts-src-eof)
cap dqbuf: 2 seq:   2734 bytesused: 12441600 ts: 3339.411814 delta: 33.334 ms delta now: +32.298 ms fps: 30.00 (ts-monotonic, ts-src-eof)
cap dqbuf: 3 seq:   2735 bytesused: 12441600 ts: 3339.445145 delta: 33.331 ms delta now: +32.296 ms fps: 30.00 (ts-monotonic, ts-src-eof)
cap dqbuf: 0 seq:   2736 bytesused: 12441600 ts: 3339.478479 delta: 33.334 ms delta now: +33.151 ms fps: 30.00 (ts-monotonic, ts-src-eof)
cap dqbuf: 1 seq:   2737 bytesused: 12441600 ts: 3339.511814 delta: 33.335 ms delta now: +33.353 ms fps: 30.00 (ts-monotonic, ts-src-eof)
cap dqbuf: 2 seq:   2738 bytesused: 12441600 ts: 3339.545147 delta: 33.333 ms delta now: +32.294 ms fps: 30.00 (ts-monotonic, ts-src-eof)
cap dqbuf: 3 seq:   2739 bytesused: 12441600 ts: 3339.578478 delta: 33.331 ms delta now: +32.339 ms fps: 30.00 (ts-monotonic, ts-src-eof)
cap dqbuf: 0 seq:   2740 bytesused: 12441600 ts: 3339.611812 delta: 33.334 ms delta now: +33.163 ms fps: 30.00 (ts-monotonic, ts-src-eof)
cap dqbuf: 1 seq:   2741 bytesused: 12441600 ts: 3339.645147 delta: 33.335 ms delta now: +32.295 ms fps: 30.00 (ts-monotonic, ts-src-eof)
cap dqbuf: 2 seq:   2742 bytesused: 12441600 ts: 3339.678478 delta: 33.331 ms delta now: +33.180 ms fps: 30.00 (ts-monotonic, ts-src-eof)
cap dqbuf: 3 seq:   2743 bytesused: 12441600 ts: 3339.711814 delta: 33.336 ms delta now: +33.318 ms fps: 30.00 (ts-monotonic, ts-src-eof)
cap dqbuf: 0 seq:   2744 bytesused: 12441600 ts: 3339.745247 delta: 33.433 ms delta now: +32.195 ms fps: 30.00 (ts-monotonic, ts-src-eof)
cap dqbuf: 1 seq:   2745 bytesused: 12441600 ts: 3339.778478 delta: 33.231 ms delta now: +33.299 ms fps: 30.00 (ts-monotonic, ts-src-eof)
cap dqbuf: 2 seq:   2746 bytesused: 12441600 ts: 3339.811913 delta: 33.435 ms delta now: +33.257 ms fps: 30.00 (ts-monotonic, ts-src-eof)
cap dqbuf: 3 seq:   2747 bytesused: 12441600 ts: 3339.845263 delta: 33.350 ms delta now: +33.249 ms fps: 30.00 (ts-monotonic, ts-src-eof)
cap dqbuf: 0 seq:   2748 bytesused: 12441600 ts: 3339.878481 delta: 33.218 ms delta now: +33.292 ms fps: 30.00 (ts-monotonic, ts-src-eof)
cap dqbuf: 1 seq:   2749 bytesused: 12441600 ts: 3339.911912 delta: 33.431 ms delta now: +33.194 ms fps: 30.00 (ts-monotonic, ts-src-eof)
cap dqbuf: 2 seq:   2750 bytesused: 12441600 ts: 3339.945148 delta: 33.236 ms delta now: +33.154 ms fps: 30.00 (ts-monotonic, ts-src-eof)
cap dqbuf: 3 seq:   2751 bytesused: 12441600 ts: 3339.978480 delta: 33.332 ms delta now: +32.294 ms fps: 30.00 (ts-monotonic, ts-src-eof)
cap dqbuf: 0 seq:   2752 bytesused: 12441600 ts: 3340.011812 delta: 33.332 ms delta now: +33.321 ms fps: 30.00 (ts-monotonic, ts-src-eof)
cap dqbuf: 1 seq:   2753 bytesused: 12441600 ts: 3340.045246 delta: 33.434 ms delta now: +32.207 ms fps: 30.00 (ts-monotonic, ts-src-eof)
cap dqbuf: 2 seq:   2754 bytesused: 12441600 ts: 3340.078479 delta: 33.233 ms delta now: +33.330 ms fps: 30.00 (ts-monotonic, ts-src-eof)
cap dqbuf: 3 seq:   2755 bytesused: 12441600 ts: 3340.111931 delta: 33.452 ms delta now: +32.184 ms fps: 30.00 (ts-monotonic, ts-src-eof)
cap dqbuf: 0 seq:   2756 bytesused: 12441600 ts: 3340.145145 delta: 33.214 ms delta now: +33.383 ms fps: 30.00 (ts-monotonic, ts-src-eof)
cap dqbuf: 1 seq:   2757 bytesused: 12441600 ts: 3340.178596 delta: 33.451 ms delta now: +33.184 ms fps: 30.00 (ts-monotonic, ts-src-eof)
cap dqbuf: 2 seq:   2758 bytesused: 12441600 ts: 3340.211930 delta: 33.334 ms delta now: +33.229 ms fps: 30.00 (ts-monotonic, ts-src-eof)
cap dqbuf: 3 seq:   2759 bytesused: 12441600 ts: 3340.245147 delta: 33.217 ms delta now: +33.294 ms fps: 30.00 (ts-monotonic, ts-src-eof)
cap dqbuf: 0 seq:   2760 bytesused: 12441600 ts: 3340.278580 delta: 33.433 ms delta now: +33.216 ms fps: 30.00 (ts-monotonic, ts-src-eof)
cap dqbuf: 1 seq:   2761 bytesused: 12441600 ts: 3340.311913 delta: 33.333 ms delta now: +32.235 ms fps: 30.00 (ts-monotonic, ts-src-eof)
cap dqbuf: 2 seq:   2762 bytesused: 12441600 ts: 3340.345145 delta: 33.232 ms delta now: +33.158 ms fps: 30.00 (ts-monotonic, ts-src-eof)
cap dqbuf: 3 seq:   2763 bytesused: 12441600 ts: 3340.378480 delta: 33.335 ms delta now: +32.294 ms fps: 30.00 (ts-monotonic, ts-src-eof)
cap dqbuf: 0 seq:   2764 bytesused: 12441600 ts: 3340.411812 delta: 33.332 ms delta now: +32.295 ms fps: 30.00 (ts-monotonic, ts-src-eof)
cap dqbuf: 1 seq:   2765 bytesused: 12441600 ts: 3340.445145 delta: 33.333 ms delta now: +33.303 ms fps: 30.00 (ts-monotonic, ts-src-eof)
cap dqbuf: 2 seq:   2766 bytesused: 12441600 ts: 3340.478483 delta: 33.338 ms delta now: +33.286 ms fps: 30.00 (ts-monotonic, ts-src-eof)
cap dqbuf: 3 seq:   2767 bytesused: 12441600 ts: 3340.511913 delta: 33.430 ms delta now: +33.260 ms fps: 30.00 (ts-monotonic, ts-src-eof)
cap dqbuf: 0 seq:   2768 bytesused: 12441600 ts: 3340.545250 delta: 33.337 ms delta now: +33.362 ms fps: 30.00 (ts-monotonic, ts-src-eof)
cap dqbuf: 1 seq:   2769 bytesused: 12441600 ts: 3340.578481 delta: 33.231 ms delta now: +33.289 ms fps: 30.00 (ts-monotonic, ts-src-eof)
cap dqbuf: 2 seq:   2770 bytesused: 12441600 ts: 3340.611929 delta: 33.448 ms delta now: +33.247 ms fps: 30.00 (ts-monotonic, ts-src-eof)
cap dqbuf: 3 seq:   2771 bytesused: 12441600 ts: 3340.645148 delta: 33.219 ms delta now: +33.147 ms fps: 30.00 (ts-monotonic, ts-src-eof)
cap dqbuf: 0 seq:   2772 bytesused: 12441600 ts: 3340.678480 delta: 33.332 ms delta now: +32.294 ms fps: 30.00 (ts-monotonic, ts-src-eof)
cap dqbuf: 1 seq:   2773 bytesused: 12441600 ts: 3340.711812 delta: 33.332 ms delta now: +32.302 ms fps: 30.00 (ts-monotonic, ts-src-eof)
cap dqbuf: 2 seq:   2774 bytesused: 12441600 ts: 3340.745145 delta: 33.333 ms delta now: +33.385 ms fps: 30.00 (ts-monotonic, ts-src-eof)
cap dqbuf: 3 seq:   2775 bytesused: 12441600 ts: 3340.778580 delta: 33.435 ms delta now: +33.055 ms fps: 30.00 (ts-monotonic, ts-src-eof)
cap dqbuf: 0 seq:   2776 bytesused: 12441600 ts: 3340.811814 delta: 33.234 ms delta now: +33.148 ms fps: 30.00 (ts-monotonic, ts-src-eof)
cap dqbuf: 1 seq:   2777 bytesused: 12441600 ts: 3340.845147 delta: 33.333 ms delta now: +33.291 ms fps: 30.00 (ts-monotonic, ts-src-eof)
cap dqbuf: 2 seq:   2778 bytesused: 12441600 ts: 3340.878595 delta: 33.448 ms delta now: +32.186 ms fps: 30.00 (ts-monotonic, ts-src-eof)
cap dqbuf: 3 seq:   2779 bytesused: 12441600 ts: 3340.911812 delta: 33.217 ms delta now: +32.295 ms fps: 30.00 (ts-monotonic, ts-src-eof)
cap dqbuf: 0 seq:   2780 bytesused: 12441600 ts: 3340.945145 delta: 33.333 ms delta now: +33.352 ms fps: 30.00 (ts-monotonic, ts-src-eof)
cap dqbuf: 1 seq:   2781 bytesused: 12441600 ts: 3340.978481 delta: 33.336 ms delta now: +32.294 ms fps: 30.00 (ts-monotonic, ts-src-eof)
cap dqbuf: 2 seq:   2782 bytesused: 12441600 ts: 3341.011812 delta: 33.331 ms delta now: +33.430 ms fps: 30.00 (ts-monotonic, ts-src-eof)
cap dqbuf: 3 seq:   2783 bytesused: 12441600 ts: 3341.045151 delta: 33.339 ms delta now: +32.291 ms fps: 30.00 (ts-monotonic, ts-src-eof)
cap dqbuf: 0 seq:   2784 bytesused: 12441600 ts: 3341.078481 delta: 33.330 ms delta now: +33.315 ms fps: 30.00 (ts-monotonic, ts-src-eof)
cap dqbuf: 1 seq:   2785 bytesused: 12441600 ts: 3341.111814 delta: 33.333 ms delta now: +33.299 ms fps: 30.00 (ts-monotonic, ts-src-eof)
cap dqbuf: 2 seq:   2786 bytesused: 12441600 ts: 3341.145147 delta: 33.333 ms delta now: +33.178 ms fps: 30.00 (ts-monotonic, ts-src-eof)
cap dqbuf: 3 seq:   2787 bytesused: 12441600 ts: 3341.178481 delta: 33.334 ms delta now: +33.299 ms fps: 30.00 (ts-monotonic, ts-src-eof)
cap dqbuf: 0 seq:   2788 bytesused: 12441600 ts: 3341.211814 delta: 33.333 ms delta now: +32.295 ms fps: 30.00 (ts-monotonic, ts-src-eof)
cap dqbuf: 1 seq:   2789 bytesused: 12441600 ts: 3341.245145 delta: 33.331 ms delta now: +33.373 ms fps: 30.00 (ts-monotonic, ts-src-eof)
cap dqbuf: 2 seq:   2790 bytesused: 12441600 ts: 3341.278481 delta: 33.336 ms delta now: +33.178 ms fps: 30.00 (ts-monotonic, ts-src-eof)
cap dqbuf: 3 seq:   2791 bytesused: 12441600 ts: 3341.311814 delta: 33.333 ms delta now: +32.294 ms fps: 30.00 (ts-monotonic, ts-src-eof)
cap dqbuf: 0 seq:   2792 bytesused: 12441600 ts: 3341.345145 delta: 33.331 ms delta now: +33.327 ms fps: 30.00 (ts-monotonic, ts-src-eof)
cap dqbuf: 1 seq:   2793 bytesused: 12441600 ts: 3341.378481 delta: 33.336 ms delta now: +33.359 ms fps: 30.00 (ts-monotonic, ts-src-eof)
cap dqbuf: 2 seq:   2794 bytesused: 12441600 ts: 3341.411814 delta: 33.333 ms delta now: +32.294 ms fps: 30.00 (ts-monotonic, ts-src-eof)
cap dqbuf: 3 seq:   2795 bytesused: 12441600 ts: 3341.445145 delta: 33.331 ms delta now: +33.176 ms fps: 30.00 (ts-monotonic, ts-src-eof)
cap dqbuf: 0 seq:   2796 bytesused: 12441600 ts: 3341.478481 delta: 33.336 ms delta now: +33.314 ms fps: 30.00 (ts-monotonic, ts-src-eof)
cap dqbuf: 1 seq:   2797 bytesused: 12441600 ts: 3341.511815 delta: 33.334 ms delta now: +33.176 ms fps: 30.00 (ts-monotonic, ts-src-eof)
cap dqbuf: 2 seq:   2798 bytesused: 12441600 ts: 3341.545147 delta: 33.332 ms delta now: +33.417 ms fps: 30.00 (ts-monotonic, ts-src-eof)
cap dqbuf: 3 seq:   2799 bytesused: 12441600 ts: 3341.578481 delta: 33.334 ms delta now: +32.294 ms fps: 30.00 (ts-monotonic, ts-src-eof)
cap dqbuf: 0 seq:   2800 bytesused: 12441600 ts: 3341.611812 delta: 33.331 ms delta now: +33.312 ms fps: 30.00 (ts-monotonic, ts-src-eof)
cap dqbuf: 1 seq:   2801 bytesused: 12441600 ts: 3341.645246 delta: 33.434 ms delta now: +33.195 ms fps: 30.00 (ts-monotonic, ts-src-eof)
cap dqbuf: 2 seq:   2802 bytesused: 12441600 ts: 3341.678481 delta: 33.235 ms delta now: +33.147 ms fps: 30.00 (ts-monotonic, ts-src-eof)
cap dqbuf: 3 seq:   2803 bytesused: 12441600 ts: 3341.711814 delta: 33.333 ms delta now: +32.293 ms fps: 30.00 (ts-monotonic, ts-src-eof)
cap dqbuf: 0 seq:   2804 bytesused: 12441600 ts: 3341.745145 delta: 33.331 ms delta now: +33.337 ms fps: 30.00 (ts-monotonic, ts-src-eof)
cap dqbuf: 1 seq:   2805 bytesused: 12441600 ts: 3341.778483 delta: 33.338 ms delta now: +33.296 ms fps: 30.00 (ts-monotonic, ts-src-eof)
cap dqbuf: 2 seq:   2806 bytesused: 12441600 ts: 3341.811814 delta: 33.331 ms delta now: +32.294 ms fps: 30.00 (ts-monotonic, ts-src-eof)
cap dqbuf: 3 seq:   2807 bytesused: 12441600 ts: 3341.845146 delta: 33.332 ms delta now: +33.148 ms fps: 30.00 (ts-monotonic, ts-src-eof)
cap dqbuf: 0 seq:   2808 bytesused: 12441600 ts: 3341.878480 delta: 33.334 ms delta now: +33.317 ms fps: 30.00 (ts-monotonic, ts-src-eof)
cap dqbuf: 1 seq:   2809 bytesused: 12441600 ts: 3341.911817 delta: 33.337 ms delta now: +33.172 ms fps: 30.00 (ts-monotonic, ts-src-eof)
cap dqbuf: 2 seq:   2810 bytesused: 12441600 ts: 3341.945147 delta: 33.330 ms delta now: +33.170 ms fps: 30.00 (ts-monotonic, ts-src-eof)
cap dqbuf: 3 seq:   2811 bytesused: 12441600 ts: 3341.978481 delta: 33.334 ms delta now: +33.319 ms fps: 30.00 (ts-monotonic, ts-src-eof)
cap dqbuf: 0 seq:   2812 bytesused: 12441600 ts: 3342.011933 delta: 33.452 ms delta now: +32.180 ms fps: 30.00 (ts-monotonic, ts-src-eof)
cap dqbuf: 1 seq:   2813 bytesused: 12441600 ts: 3342.045145 delta: 33.212 ms delta now: +33.317 ms fps: 30.00 (ts-monotonic, ts-src-eof)
cap dqbuf: 2 seq:   2814 bytesused: 12441600 ts: 3342.078581 delta: 33.436 ms delta now: +32.214 ms fps: 30.00 (ts-monotonic, ts-src-eof)
cap dqbuf: 3 seq:   2815 bytesused: 12441600 ts: 3342.111812 delta: 33.231 ms delta now: +33.499 ms fps: 30.00 (ts-monotonic, ts-src-eof)
cap dqbuf: 0 seq:   2816 bytesused: 12441600 ts: 3342.145246 delta: 33.434 ms delta now: +33.206 ms fps: 30.00 (ts-monotonic, ts-src-eof)
cap dqbuf: 1 seq:   2817 bytesused: 12441600 ts: 3342.178481 delta: 33.235 ms delta now: +33.166 ms fps: 30.00 (ts-monotonic, ts-src-eof)
cap dqbuf: 2 seq:   2818 bytesused: 12441600 ts: 3342.211814 delta: 33.333 ms delta now: +33.369 ms fps: 30.00 (ts-monotonic, ts-src-eof)
cap dqbuf: 3 seq:   2819 bytesused: 12441600 ts: 3342.245252 delta: 33.438 ms delta now: +33.188 ms fps: 30.00 (ts-monotonic, ts-src-eof)
cap dqbuf: 0 seq:   2820 bytesused: 12441600 ts: 3342.278580 delta: 33.328 ms delta now: +33.118 ms fps: 30.00 (ts-monotonic, ts-src-eof)
cap dqbuf: 1 seq:   2821 bytesused: 12441600 ts: 3342.311814 delta: 33.234 ms delta now: +33.295 ms fps: 30.00 (ts-monotonic, ts-src-eof)
cap dqbuf: 2 seq:   2822 bytesused: 12441600 ts: 3342.345265 delta: 33.451 ms delta now: +33.031 ms fps: 30.00 (ts-monotonic, ts-src-eof)
cap dqbuf: 3 seq:   2823 bytesused: 12441600 ts: 3342.378481 delta: 33.216 ms delta now: +33.507 ms fps: 30.00 (ts-monotonic, ts-src-eof)
cap dqbuf: 0 seq:   2824 bytesused: 12441600 ts: 3342.411957 delta: 33.476 ms delta now: +33.035 ms fps: 30.00 (ts-monotonic, ts-src-eof)
cap dqbuf: 1 seq:   2825 bytesused: 12441600 ts: 3342.445147 delta: 33.190 ms delta now: +33.298 ms fps: 30.00 (ts-monotonic, ts-src-eof)
cap dqbuf: 2 seq:   2826 bytesused: 12441600 ts: 3342.478481 delta: 33.334 ms delta now: +33.176 ms fps: 30.00 (ts-monotonic, ts-src-eof)
cap dqbuf: 3 seq:   2827 bytesused: 12441600 ts: 3342.511814 delta: 33.333 ms delta now: +33.287 ms fps: 30.00 (ts-monotonic, ts-src-eof)
cap dqbuf: 0 seq:   2828 bytesused: 12441600 ts: 3342.545148 delta: 33.334 ms delta now: +33.293 ms fps: 30.00 (ts-monotonic, ts-src-eof)
cap dqbuf: 1 seq:   2829 bytesused: 12441600 ts: 3342.578598 delta: 33.450 ms delta now: +32.177 ms fps: 30.00 (ts-monotonic, ts-src-eof)
cap dqbuf: 2 seq:   2830 bytesused: 12441600 ts: 3342.611812 delta: 33.214 ms delta now: +32.295 ms fps: 30.00 (ts-monotonic, ts-src-eof)
cap dqbuf: 3 seq:   2831 bytesused: 12441600 ts: 3342.645146 delta: 33.334 ms delta now: +32.296 ms fps: 30.00 (ts-monotonic, ts-src-eof)
cap dqbuf: 0 seq:   2832 bytesused: 12441600 ts: 3342.678479 delta: 33.333 ms delta now: +33.374 ms fps: 30.00 (ts-monotonic, ts-src-eof)
cap dqbuf: 1 seq:   2833 bytesused: 12441600 ts: 3342.711920 delta: 33.441 ms delta now: +32.190 ms fps: 30.00 (ts-monotonic, ts-src-eof)
cap dqbuf: 2 seq:   2834 bytesused: 12441600 ts: 3342.745146 delta: 33.226 ms delta now: +33.291 ms fps: 30.00 (ts-monotonic, ts-src-eof)
cap dqbuf: 3 seq:   2835 bytesused: 12441600 ts: 3342.778604 delta: 33.458 ms delta now: +32.171 ms fps: 30.00 (ts-monotonic, ts-src-eof)
cap dqbuf: 0 seq:   2836 bytesused: 12441600 ts: 3342.811812 delta: 33.208 ms delta now: +33.141 ms fps: 30.00 (ts-monotonic, ts-src-eof)
cap dqbuf: 1 seq:   2837 bytesused: 12441600 ts: 3342.845147 delta: 33.335 ms delta now: +33.294 ms fps: 30.00 (ts-monotonic, ts-src-eof)
cap dqbuf: 2 seq:   2838 bytesused: 12441600 ts: 3342.878580 delta: 33.433 ms delta now: +33.190 ms fps: 30.00 (ts-monotonic, ts-src-eof)
cap dqbuf: 3 seq:   2839 bytesused: 12441600 ts: 3342.911931 delta: 33.351 ms delta now: +33.178 ms fps: 30.00 (ts-monotonic, ts-src-eof)
cap dqbuf: 0 seq:   2840 bytesused: 12441600 ts: 3342.945246 delta: 33.315 ms delta now: +33.189 ms fps: 30.00 (ts-monotonic, ts-src-eof)
cap dqbuf: 1 seq:   2841 bytesused: 12441600 ts: 3342.978580 delta: 33.334 ms delta now: +32.194 ms fps: 30.00 (ts-monotonic, ts-src-eof)
cap dqbuf: 2 seq:   2842 bytesused: 12441600 ts: 3343.011812 delta: 33.232 ms delta now: +33.162 ms fps: 30.00 (ts-monotonic, ts-src-eof)
cap dqbuf: 3 seq:   2843 bytesused: 12441600 ts: 3343.045147 delta: 33.335 ms delta now: +33.288 ms fps: 30.00 (ts-monotonic, ts-src-eof)
cap dqbuf: 0 seq:   2844 bytesused: 12441600 ts: 3343.078481 delta: 33.334 ms delta now: +32.311 ms fps: 30.00 (ts-monotonic, ts-src-eof)
cap dqbuf: 1 seq:   2845 bytesused: 12441600 ts: 3343.111812 delta: 33.331 ms delta now: +33.332 ms fps: 30.00 (ts-monotonic, ts-src-eof)
cap dqbuf: 2 seq:   2846 bytesused: 12441600 ts: 3343.145258 delta: 33.446 ms delta now: +33.180 ms fps: 30.00 (ts-monotonic, ts-src-eof)
cap dqbuf: 3 seq:   2847 bytesused: 12441600 ts: 3343.178597 delta: 33.339 ms delta now: +33.245 ms fps: 30.00 (ts-monotonic, ts-src-eof)
cap dqbuf: 0 seq:   2848 bytesused: 12441600 ts: 3343.211815 delta: 33.218 ms delta now: +33.312 ms fps: 30.00 (ts-monotonic, ts-src-eof)
cap dqbuf: 1 seq:   2849 bytesused: 12441600 ts: 3343.245147 delta: 33.332 ms delta now: +33.343 ms fps: 30.00 (ts-monotonic, ts-src-eof)
cap dqbuf: 2 seq:   2850 bytesused: 12441600 ts: 3343.278481 delta: 33.334 ms delta now: +33.180 ms fps: 30.00 (ts-monotonic, ts-src-eof)
cap dqbuf: 3 seq:   2851 bytesused: 12441600 ts: 3343.311814 delta: 33.333 ms delta now: +33.322 ms fps: 30.00 (ts-monotonic, ts-src-eof)
cap dqbuf: 0 seq:   2852 bytesused: 12441600 ts: 3343.345148 delta: 33.334 ms delta now: +33.165 ms fps: 30.00 (ts-monotonic, ts-src-eof)
cap dqbuf: 1 seq:   2853 bytesused: 12441600 ts: 3343.378481 delta: 33.333 ms delta now: +33.282 ms fps: 30.00 (ts-monotonic, ts-src-eof)
cap dqbuf: 2 seq:   2854 bytesused: 12441600 ts: 3343.411815 delta: 33.334 ms delta now: +32.292 ms fps: 30.00 (ts-monotonic, ts-src-eof)
cap dqbuf: 3 seq:   2855 bytesused: 12441600 ts: 3343.445146 delta: 33.331 ms delta now: +33.364 ms fps: 30.00 (ts-monotonic, ts-src-eof)
cap dqbuf: 0 seq:   2856 bytesused: 12441600 ts: 3343.478485 delta: 33.339 ms delta now: +33.168 ms fps: 30.00 (ts-monotonic, ts-src-eof)
cap dqbuf: 1 seq:   2857 bytesused: 12441600 ts: 3343.511814 delta: 33.329 ms delta now: +32.293 ms fps: 30.00 (ts-monotonic, ts-src-eof)
cap dqbuf: 2 seq:   2858 bytesused: 12441600 ts: 3343.545146 delta: 33.332 ms delta now: +33.412 ms fps: 30.00 (ts-monotonic, ts-src-eof)
cap dqbuf: 3 seq:   2859 bytesused: 12441600 ts: 3343.578481 delta: 33.335 ms delta now: +33.156 ms fps: 30.00 (ts-monotonic, ts-src-eof)
cap dqbuf: 0 seq:   2860 bytesused: 12441600 ts: 3343.611814 delta: 33.333 ms delta now: +33.286 ms fps: 30.00 (ts-monotonic, ts-src-eof)
cap dqbuf: 1 seq:   2861 bytesused: 12441600 ts: 3343.645148 delta: 33.334 ms delta now: +33.148 ms fps: 30.00 (ts-monotonic, ts-src-eof)
cap dqbuf: 2 seq:   2862 bytesused: 12441600 ts: 3343.678480 delta: 33.332 ms delta now: +33.292 ms fps: 30.00 (ts-monotonic, ts-src-eof)
cap dqbuf: 3 seq:   2863 bytesused: 12441600 ts: 3343.711814 delta: 33.334 ms delta now: +33.358 ms fps: 30.00 (ts-monotonic, ts-src-eof)
cap dqbuf: 0 seq:   2864 bytesused: 12441600 ts: 3343.745148 delta: 33.334 ms delta now: +32.294 ms fps: 30.00 (ts-monotonic, ts-src-eof)
cap dqbuf: 1 seq:   2865 bytesused: 12441600 ts: 3343.778479 delta: 33.331 ms delta now: +33.286 ms fps: 30.00 (ts-monotonic, ts-src-eof)
cap dqbuf: 2 seq:   2866 bytesused: 12441600 ts: 3343.811884 delta: 33.405 ms delta now: +33.077 ms fps: 30.00 (ts-monotonic, ts-src-eof)
cap dqbuf: 3 seq:   2867 bytesused: 12441600 ts: 3343.845147 delta: 33.263 ms delta now: +33.154 ms fps: 30.00 (ts-monotonic, ts-src-eof)
cap dqbuf: 0 seq:   2868 bytesused: 12441600 ts: 3343.878481 delta: 33.334 ms delta now: +33.298 ms fps: 30.00 (ts-monotonic, ts-src-eof)
cap dqbuf: 1 seq:   2869 bytesused: 12441600 ts: 3343.911914 delta: 33.433 ms delta now: +33.189 ms fps: 30.00 (ts-monotonic, ts-src-eof)
cap dqbuf: 2 seq:   2870 bytesused: 12441600 ts: 3343.945261 delta: 33.347 ms delta now: +32.181 ms fps: 30.00 (ts-monotonic, ts-src-eof)
cap dqbuf: 3 seq:   2871 bytesused: 12441600 ts: 3343.978479 delta: 33.218 ms delta now: +32.296 ms fps: 30.00 (ts-monotonic, ts-src-eof)
cap dqbuf: 0 seq:   2872 bytesused: 12441600 ts: 3344.011812 delta: 33.333 ms delta now: +33.314 ms fps: 30.00 (ts-monotonic, ts-src-eof)
cap dqbuf: 1 seq:   2873 bytesused: 12441600 ts: 3344.045148 delta: 33.336 ms delta now: +32.299 ms fps: 30.00 (ts-monotonic, ts-src-eof)
cap dqbuf: 2 seq:   2874 bytesused: 12441600 ts: 3344.078481 delta: 33.333 ms delta now: +33.311 ms fps: 30.00 (ts-monotonic, ts-src-eof)
cap dqbuf: 3 seq:   2875 bytesused: 12441600 ts: 3344.111912 delta: 33.431 ms delta now: +33.056 ms fps: 30.00 (ts-monotonic, ts-src-eof)
cap dqbuf: 0 seq:   2876 bytesused: 12441600 ts: 3344.145147 delta: 33.235 ms delta now: +33.294 ms fps: 30.00 (ts-monotonic, ts-src-eof)
cap dqbuf: 1 seq:   2877 bytesused: 12441600 ts: 3344.178481 delta: 33.334 ms delta now: +33.145 ms fps: 30.00 (ts-monotonic, ts-src-eof)
cap dqbuf: 2 seq:   2878 bytesused: 12441600 ts: 3344.211814 delta: 33.333 ms delta now: +33.388 ms fps: 30.00 (ts-monotonic, ts-src-eof)
cap dqbuf: 3 seq:   2879 bytesused: 12441600 ts: 3344.245265 delta: 33.451 ms delta now: +32.178 ms fps: 30.00 (ts-monotonic, ts-src-eof)
cap dqbuf: 0 seq:   2880 bytesused: 12441600 ts: 3344.278479 delta: 33.214 ms delta now: +32.296 ms fps: 30.00 (ts-monotonic, ts-src-eof)
cap dqbuf: 1 seq:   2881 bytesused: 12441600 ts: 3344.311812 delta: 33.333 ms delta now: +33.293 ms fps: 30.00 (ts-monotonic, ts-src-eof)
cap dqbuf: 2 seq:   2882 bytesused: 12441600 ts: 3344.345148 delta: 33.336 ms delta now: +32.294 ms fps: 30.00 (ts-monotonic, ts-src-eof)
cap dqbuf: 3 seq:   2883 bytesused: 12441600 ts: 3344.378479 delta: 33.331 ms delta now: +32.555 ms fps: 30.00 (ts-monotonic, ts-src-eof)
cap dqbuf: 0 seq:   2884 bytesused: 12441600 ts: 3344.411814 delta: 33.335 ms delta now: +33.274 ms fps: 30.00 (ts-monotonic, ts-src-eof)
cap dqbuf: 1 seq:   2885 bytesused: 12441600 ts: 3344.445148 delta: 33.334 ms delta now: +33.171 ms fps: 30.00 (ts-monotonic, ts-src-eof)
cap dqbuf: 2 seq:   2886 bytesused: 12441600 ts: 3344.478481 delta: 33.333 ms delta now: +33.287 ms fps: 30.00 (ts-monotonic, ts-src-eof)
cap dqbuf: 3 seq:   2887 bytesused: 12441600 ts: 3344.511914 delta: 33.433 ms delta now: +32.545 ms fps: 30.00 (ts-monotonic, ts-src-eof)
cap dqbuf: 0 seq:   2888 bytesused: 12441600 ts: 3344.545146 delta: 33.232 ms delta now: +33.384 ms fps: 30.00 (ts-monotonic, ts-src-eof)
cap dqbuf: 1 seq:   2889 bytesused: 12441600 ts: 3344.578581 delta: 33.435 ms delta now: +32.974 ms fps: 30.00 (ts-monotonic, ts-src-eof)
cap dqbuf: 2 seq:   2890 bytesused: 12441600 ts: 3344.611814 delta: 33.233 ms delta now: +32.295 ms fps: 30.00 (ts-monotonic, ts-src-eof)
cap dqbuf: 3 seq:   2891 bytesused: 12441600 ts: 3344.645146 delta: 33.332 ms delta now: +32.299 ms fps: 30.00 (ts-monotonic, ts-src-eof)
cap dqbuf: 0 seq:   2892 bytesused: 12441600 ts: 3344.678479 delta: 33.333 ms delta now: +33.358 ms fps: 30.00 (ts-monotonic, ts-src-eof)
cap dqbuf: 1 seq:   2893 bytesused: 12441600 ts: 3344.711815 delta: 33.336 ms delta now: +32.837 ms fps: 30.00 (ts-monotonic, ts-src-eof)
cap dqbuf: 2 seq:   2894 bytesused: 12441600 ts: 3344.745146 delta: 33.331 ms delta now: +33.411 ms fps: 30.00 (ts-monotonic, ts-src-eof)
cap dqbuf: 3 seq:   2895 bytesused: 12441600 ts: 3344.778585 delta: 33.439 ms delta now: +32.403 ms fps: 30.00 (ts-monotonic, ts-src-eof)
cap dqbuf: 0 seq:   2896 bytesused: 12441600 ts: 3344.811814 delta: 33.229 ms delta now: +33.292 ms fps: 30.00 (ts-monotonic, ts-src-eof)
cap dqbuf: 1 seq:   2897 bytesused: 12441600 ts: 3344.845248 delta: 33.434 ms delta now: +33.192 ms fps: 30.00 (ts-monotonic, ts-src-eof)
cap dqbuf: 2 seq:   2898 bytesused: 12441600 ts: 3344.878481 delta: 33.233 ms delta now: +32.312 ms fps: 30.00 (ts-monotonic, ts-src-eof)
cap dqbuf: 3 seq:   2899 bytesused: 12441600 ts: 3344.911812 delta: 33.331 ms delta now: +33.330 ms fps: 30.00 (ts-monotonic, ts-src-eof)
cap dqbuf: 0 seq:   2900 bytesused: 12441600 ts: 3344.945150 delta: 33.338 ms delta now: +32.293 ms fps: 30.00 (ts-monotonic, ts-src-eof)
cap dqbuf: 1 seq:   2901 bytesused: 12441600 ts: 3344.978479 delta: 33.329 ms delta now: +33.312 ms fps: 30.00 (ts-monotonic, ts-src-eof)
cap dqbuf: 2 seq:   2902 bytesused: 12441600 ts: 3345.011814 delta: 33.335 ms delta now: +32.296 ms fps: 30.00 (ts-monotonic, ts-src-eof)
cap dqbuf: 3 seq:   2903 bytesused: 12441600 ts: 3345.045146 delta: 33.332 ms delta now: +33.188 ms fps: 30.00 (ts-monotonic, ts-src-eof)
cap dqbuf: 0 seq:   2904 bytesused: 12441600 ts: 3345.078481 delta: 33.335 ms delta now: +33.287 ms fps: 30.00 (ts-monotonic, ts-src-eof)
cap dqbuf: 1 seq:   2905 bytesused: 12441600 ts: 3345.111815 delta: 33.334 ms delta now: +32.302 ms fps: 30.00 (ts-monotonic, ts-src-eof)
cap dqbuf: 2 seq:   2906 bytesused: 12441600 ts: 3345.145146 delta: 33.331 ms delta now: +33.316 ms fps: 30.00 (ts-monotonic, ts-src-eof)
cap dqbuf: 3 seq:   2907 bytesused: 12441600 ts: 3345.178580 delta: 33.434 ms delta now: +32.200 ms fps: 30.00 (ts-monotonic, ts-src-eof)
cap dqbuf: 0 seq:   2908 bytesused: 12441600 ts: 3345.211812 delta: 33.232 ms delta now: +33.301 ms fps: 30.00 (ts-monotonic, ts-src-eof)
cap dqbuf: 1 seq:   2909 bytesused: 12441600 ts: 3345.245148 delta: 33.336 ms delta now: +32.295 ms fps: 30.00 (ts-monotonic, ts-src-eof)
cap dqbuf: 2 seq:   2910 bytesused: 12441600 ts: 3345.278479 delta: 33.331 ms delta now: +33.179 ms fps: 30.00 (ts-monotonic, ts-src-eof)
cap dqbuf: 3 seq:   2911 bytesused: 12441600 ts: 3345.311814 delta: 33.335 ms delta now: +33.149 ms fps: 30.00 (ts-monotonic, ts-src-eof)
cap dqbuf: 0 seq:   2912 bytesused: 12441600 ts: 3345.345147 delta: 33.333 ms delta now: +33.324 ms fps: 30.00 (ts-monotonic, ts-src-eof)
cap dqbuf: 1 seq:   2913 bytesused: 12441600 ts: 3345.378481 delta: 33.334 ms delta now: +33.295 ms fps: 30.00 (ts-monotonic, ts-src-eof)
cap dqbuf: 2 seq:   2914 bytesused: 12441600 ts: 3345.411816 delta: 33.335 ms delta now: +33.154 ms fps: 30.00 (ts-monotonic, ts-src-eof)
cap dqbuf: 3 seq:   2915 bytesused: 12441600 ts: 3345.445148 delta: 33.332 ms delta now: +32.293 ms fps: 30.00 (ts-monotonic, ts-src-eof)
cap dqbuf: 0 seq:   2916 bytesused: 12441600 ts: 3345.478479 delta: 33.331 ms delta now: +32.296 ms fps: 30.00 (ts-monotonic, ts-src-eof)
cap dqbuf: 1 seq:   2917 bytesused: 12441600 ts: 3345.511812 delta: 33.333 ms delta now: +33.394 ms fps: 30.00 (ts-monotonic, ts-src-eof)
cap dqbuf: 2 seq:   2918 bytesused: 12441600 ts: 3345.545155 delta: 33.343 ms delta now: +33.390 ms fps: 30.00 (ts-monotonic, ts-src-eof)
cap dqbuf: 3 seq:   2919 bytesused: 12441600 ts: 3345.578481 delta: 33.326 ms delta now: +33.383 ms fps: 30.00 (ts-monotonic, ts-src-eof)
cap dqbuf: 0 seq:   2920 bytesused: 12441600 ts: 3345.611835 delta: 33.354 ms delta now: +33.292 ms fps: 30.00 (ts-monotonic, ts-src-eof)
cap dqbuf: 1 seq:   2921 bytesused: 12441600 ts: 3345.645148 delta: 33.313 ms delta now: +33.148 ms fps: 30.00 (ts-monotonic, ts-src-eof)
cap dqbuf: 2 seq:   2922 bytesused: 12441600 ts: 3345.678481 delta: 33.333 ms delta now: +33.369 ms fps: 30.00 (ts-monotonic, ts-src-eof)
cap dqbuf: 3 seq:   2923 bytesused: 12441600 ts: 3345.711815 delta: 33.334 ms delta now: +32.294 ms fps: 30.00 (ts-monotonic, ts-src-eof)
cap dqbuf: 0 seq:   2924 bytesused: 12441600 ts: 3345.745146 delta: 33.331 ms delta now: +33.373 ms fps: 30.00 (ts-monotonic, ts-src-eof)
cap dqbuf: 1 seq:   2925 bytesused: 12441600 ts: 3345.778482 delta: 33.336 ms delta now: +33.146 ms fps: 30.00 (ts-monotonic, ts-src-eof)
cap dqbuf: 2 seq:   2926 bytesused: 12441600 ts: 3345.811814 delta: 33.332 ms delta now: +33.286 ms fps: 30.00 (ts-monotonic, ts-src-eof)
cap dqbuf: 3 seq:   2927 bytesused: 12441600 ts: 3345.845246 delta: 33.432 ms delta now: +33.196 ms fps: 30.00 (ts-monotonic, ts-src-eof)
cap dqbuf: 0 seq:   2928 bytesused: 12441600 ts: 3345.878580 delta: 33.334 ms delta now: +33.079 ms fps: 30.00 (ts-monotonic, ts-src-eof)
cap dqbuf: 1 seq:   2929 bytesused: 12441600 ts: 3345.911814 delta: 33.234 ms delta now: +33.342 ms fps: 30.00 (ts-monotonic, ts-src-eof)
cap dqbuf: 2 seq:   2930 bytesused: 12441600 ts: 3345.945254 delta: 33.440 ms delta now: +32.682 ms fps: 30.00 (ts-monotonic, ts-src-eof)
cap dqbuf: 3 seq:   2931 bytesused: 12441600 ts: 3345.978479 delta: 33.225 ms delta now: +32.296 ms fps: 30.00 (ts-monotonic, ts-src-eof)
cap dqbuf: 0 seq:   2932 bytesused: 12441600 ts: 3346.011814 delta: 33.335 ms delta now: +32.295 ms fps: 30.00 (ts-monotonic, ts-src-eof)
cap dqbuf: 1 seq:   2933 bytesused: 12441600 ts: 3346.045146 delta: 33.332 ms delta now: +33.415 ms fps: 30.00 (ts-monotonic, ts-src-eof)
cap dqbuf: 2 seq:   2934 bytesused: 12441600 ts: 3346.078482 delta: 33.336 ms delta now: +33.222 ms fps: 30.00 (ts-monotonic, ts-src-eof)
cap dqbuf: 3 seq:   2935 bytesused: 12441600 ts: 3346.111814 delta: 33.332 ms delta now: +32.308 ms fps: 30.00 (ts-monotonic, ts-src-eof)
cap dqbuf: 0 seq:   2936 bytesused: 12441600 ts: 3346.145146 delta: 33.332 ms delta now: +32.311 ms fps: 30.00 (ts-monotonic, ts-src-eof)
cap dqbuf: 1 seq:   2937 bytesused: 12441600 ts: 3346.178479 delta: 33.333 ms delta now: +32.340 ms fps: 30.00 (ts-monotonic, ts-src-eof)
cap dqbuf: 2 seq:   2938 bytesused: 12441600 ts: 3346.211813 delta: 33.334 ms delta now: +32.295 ms fps: 30.00 (ts-monotonic, ts-src-eof)
cap dqbuf: 3 seq:   2939 bytesused: 12441600 ts: 3346.245146 delta: 33.333 ms delta now: +33.290 ms fps: 30.00 (ts-monotonic, ts-src-eof)
cap dqbuf: 0 seq:   2940 bytesused: 12441600 ts: 3346.278584 delta: 33.438 ms delta now: +33.195 ms fps: 30.00 (ts-monotonic, ts-src-eof)
cap dqbuf: 1 seq:   2941 bytesused: 12441600 ts: 3346.311815 delta: 33.231 ms delta now: +32.294 ms fps: 30.00 (ts-monotonic, ts-src-eof)
cap dqbuf: 2 seq:   2942 bytesused: 12441600 ts: 3346.345146 delta: 33.331 ms delta now: +33.360 ms fps: 30.00 (ts-monotonic, ts-src-eof)
cap dqbuf: 3 seq:   2943 bytesused: 12441600 ts: 3346.378570 delta: 33.424 ms delta now: +33.211 ms fps: 30.00 (ts-monotonic, ts-src-eof)
cap dqbuf: 0 seq:   2944 bytesused: 12441600 ts: 3346.411815 delta: 33.245 ms delta now: +33.169 ms fps: 30.00 (ts-monotonic, ts-src-eof)
cap dqbuf: 1 seq:   2945 bytesused: 12441600 ts: 3346.445148 delta: 33.333 ms delta now: +32.294 ms fps: 30.00 (ts-monotonic, ts-src-eof)
cap dqbuf: 2 seq:   2946 bytesused: 12441600 ts: 3346.478479 delta: 33.331 ms delta now: +33.149 ms fps: 30.00 (ts-monotonic, ts-src-eof)
cap dqbuf: 3 seq:   2947 bytesused: 12441600 ts: 3346.511814 delta: 33.335 ms delta now: +32.293 ms fps: 30.00 (ts-monotonic, ts-src-eof)
cap dqbuf: 0 seq:   2948 bytesused: 12441600 ts: 3346.545146 delta: 33.332 ms delta now: +33.294 ms fps: 30.00 (ts-monotonic, ts-src-eof)
cap dqbuf: 1 seq:   2949 bytesused: 12441600 ts: 3346.578482 delta: 33.336 ms delta now: +32.293 ms fps: 30.00 (ts-monotonic, ts-src-eof)
cap dqbuf: 2 seq:   2950 bytesused: 12441600 ts: 3346.611814 delta: 33.332 ms delta now: +32.294 ms fps: 30.00 (ts-monotonic, ts-src-eof)
cap dqbuf: 3 seq:   2951 bytesused: 12441600 ts: 3346.645146 delta: 33.332 ms delta now: +32.295 ms fps: 30.00 (ts-monotonic, ts-src-eof)
cap dqbuf: 0 seq:   2952 bytesused: 12441600 ts: 3346.678479 delta: 33.333 ms delta now: +32.296 ms fps: 30.00 (ts-monotonic, ts-src-eof)
cap dqbuf: 1 seq:   2953 bytesused: 12441600 ts: 3346.711813 delta: 33.334 ms delta now: +33.366 ms fps: 30.00 (ts-monotonic, ts-src-eof)
cap dqbuf: 2 seq:   2954 bytesused: 12441600 ts: 3346.745148 delta: 33.335 ms delta now: +32.299 ms fps: 30.00 (ts-monotonic, ts-src-eof)
cap dqbuf: 3 seq:   2955 bytesused: 12441600 ts: 3346.778479 delta: 33.331 ms delta now: +32.297 ms fps: 30.00 (ts-monotonic, ts-src-eof)
cap dqbuf: 0 seq:   2956 bytesused: 12441600 ts: 3346.811813 delta: 33.334 ms delta now: +33.347 ms fps: 30.00 (ts-monotonic, ts-src-eof)
cap dqbuf: 1 seq:   2957 bytesused: 12441600 ts: 3346.845148 delta: 33.335 ms delta now: +33.352 ms fps: 30.00 (ts-monotonic, ts-src-eof)
cap dqbuf: 2 seq:   2958 bytesused: 12441600 ts: 3346.878481 delta: 33.333 ms delta now: +32.298 ms fps: 30.00 (ts-monotonic, ts-src-eof)
cap dqbuf: 3 seq:   2959 bytesused: 12441600 ts: 3346.911813 delta: 33.332 ms delta now: +33.458 ms fps: 30.00 (ts-monotonic, ts-src-eof)
cap dqbuf: 0 seq:   2960 bytesused: 12441600 ts: 3346.945148 delta: 33.335 ms delta now: +33.363 ms fps: 30.00 (ts-monotonic, ts-src-eof)
cap dqbuf: 1 seq:   2961 bytesused: 12441600 ts: 3346.978492 delta: 33.344 ms delta now: +32.284 ms fps: 30.00 (ts-monotonic, ts-src-eof)
cap dqbuf: 2 seq:   2962 bytesused: 12441600 ts: 3347.011813 delta: 33.321 ms delta now: +33.304 ms fps: 30.00 (ts-monotonic, ts-src-eof)
cap dqbuf: 3 seq:   2963 bytesused: 12441600 ts: 3347.045147 delta: 33.334 ms delta now: +33.187 ms fps: 30.00 (ts-monotonic, ts-src-eof)
cap dqbuf: 0 seq:   2964 bytesused: 12441600 ts: 3347.078481 delta: 33.334 ms delta now: +33.352 ms fps: 30.00 (ts-monotonic, ts-src-eof)
cap dqbuf: 1 seq:   2965 bytesused: 12441600 ts: 3347.111815 delta: 33.334 ms delta now: +33.338 ms fps: 30.00 (ts-monotonic, ts-src-eof)
cap dqbuf: 2 seq:   2966 bytesused: 12441600 ts: 3347.145148 delta: 33.333 ms delta now: +32.297 ms fps: 30.00 (ts-monotonic, ts-src-eof)
cap dqbuf: 3 seq:   2967 bytesused: 12441600 ts: 3347.178479 delta: 33.331 ms delta now: +33.166 ms fps: 30.00 (ts-monotonic, ts-src-eof)
cap dqbuf: 0 seq:   2968 bytesused: 12441600 ts: 3347.211814 delta: 33.335 ms delta now: +32.786 ms fps: 30.00 (ts-monotonic, ts-src-eof)
cap dqbuf: 1 seq:   2969 bytesused: 12441600 ts: 3347.245146 delta: 33.332 ms delta now: +33.415 ms fps: 30.00 (ts-monotonic, ts-src-eof)
cap dqbuf: 2 seq:   2970 bytesused: 12441600 ts: 3347.278583 delta: 33.437 ms delta now: +32.193 ms fps: 30.00 (ts-monotonic, ts-src-eof)
cap dqbuf: 3 seq:   2971 bytesused: 12441600 ts: 3347.311812 delta: 33.229 ms delta now: +33.283 ms fps: 30.00 (ts-monotonic, ts-src-eof)
cap dqbuf: 0 seq:   2972 bytesused: 12441600 ts: 3347.345148 delta: 33.336 ms delta now: +33.179 ms fps: 30.00 (ts-monotonic, ts-src-eof)
cap dqbuf: 1 seq:   2973 bytesused: 12441600 ts: 3347.378481 delta: 33.333 ms delta now: +33.154 ms fps: 30.00 (ts-monotonic, ts-src-eof)
cap dqbuf: 2 seq:   2974 bytesused: 12441600 ts: 3347.411814 delta: 33.333 ms delta now: +33.272 ms fps: 30.00 (ts-monotonic, ts-src-eof)
cap dqbuf: 3 seq:   2975 bytesused: 12441600 ts: 3347.445148 delta: 33.334 ms delta now: +32.838 ms fps: 30.00 (ts-monotonic, ts-src-eof)
cap dqbuf: 0 seq:   2976 bytesused: 12441600 ts: 3347.478479 delta: 33.331 ms delta now: +32.296 ms fps: 30.00 (ts-monotonic, ts-src-eof)
cap dqbuf: 1 seq:   2977 bytesused: 12441600 ts: 3347.511813 delta: 33.334 ms delta now: +32.296 ms fps: 30.00 (ts-monotonic, ts-src-eof)
cap dqbuf: 2 seq:   2978 bytesused: 12441600 ts: 3347.545146 delta: 33.333 ms delta now: +33.296 ms fps: 30.00 (ts-monotonic, ts-src-eof)
cap dqbuf: 3 seq:   2979 bytesused: 12441600 ts: 3347.578580 delta: 33.434 ms delta now: +32.238 ms fps: 30.00 (ts-monotonic, ts-src-eof)
cap dqbuf: 0 seq:   2980 bytesused: 12441600 ts: 3347.611813 delta: 33.233 ms delta now: +33.343 ms fps: 30.00 (ts-monotonic, ts-src-eof)
cap dqbuf: 1 seq:   2981 bytesused: 12441600 ts: 3347.645151 delta: 33.338 ms delta now: +33.158 ms fps: 30.00 (ts-monotonic, ts-src-eof)
cap dqbuf: 2 seq:   2982 bytesused: 12441600 ts: 3347.678481 delta: 33.330 ms delta now: +33.267 ms fps: 30.00 (ts-monotonic, ts-src-eof)
cap dqbuf: 3 seq:   2983 bytesused: 12441600 ts: 3347.711914 delta: 33.433 ms delta now: +32.495 ms fps: 30.00 (ts-monotonic, ts-src-eof)
cap dqbuf: 0 seq:   2984 bytesused: 12441600 ts: 3347.745146 delta: 33.232 ms delta now: +32.296 ms fps: 30.00 (ts-monotonic, ts-src-eof)
cap dqbuf: 1 seq:   2985 bytesused: 12441600 ts: 3347.778481 delta: 33.335 ms delta now: +33.293 ms fps: 30.00 (ts-monotonic, ts-src-eof)
cap dqbuf: 2 seq:   2986 bytesused: 12441600 ts: 3347.811815 delta: 33.334 ms delta now: +32.294 ms fps: 30.00 (ts-monotonic, ts-src-eof)
cap dqbuf: 3 seq:   2987 bytesused: 12441600 ts: 3347.845146 delta: 33.331 ms delta now: +32.298 ms fps: 30.00 (ts-monotonic, ts-src-eof)
cap dqbuf: 0 seq:   2988 bytesused: 12441600 ts: 3347.878479 delta: 33.333 ms delta now: +33.178 ms fps: 30.00 (ts-monotonic, ts-src-eof)
cap dqbuf: 1 seq:   2989 bytesused: 12441600 ts: 3347.911815 delta: 33.336 ms delta now: +33.302 ms fps: 30.00 (ts-monotonic, ts-src-eof)
cap dqbuf: 2 seq:   2990 bytesused: 12441600 ts: 3347.945148 delta: 33.333 ms delta now: +33.294 ms fps: 30.00 (ts-monotonic, ts-src-eof)
cap dqbuf: 3 seq:   2991 bytesused: 12441600 ts: 3347.978567 delta: 33.419 ms delta now: +32.208 ms fps: 30.00 (ts-monotonic, ts-src-eof)
cap dqbuf: 0 seq:   2992 bytesused: 12441600 ts: 3348.011813 delta: 33.246 ms delta now: +33.355 ms fps: 30.00 (ts-monotonic, ts-src-eof)
cap dqbuf: 1 seq:   2993 bytesused: 12441600 ts: 3348.045148 delta: 33.335 ms delta now: +33.165 ms fps: 30.00 (ts-monotonic, ts-src-eof)
cap dqbuf: 2 seq:   2994 bytesused: 12441600 ts: 3348.078486 delta: 33.338 ms delta now: +33.284 ms fps: 30.00 (ts-monotonic, ts-src-eof)
cap dqbuf: 3 seq:   2995 bytesused: 12441600 ts: 3348.111815 delta: 33.329 ms delta now: +33.410 ms fps: 30.00 (ts-monotonic, ts-src-eof)
cap dqbuf: 0 seq:   2996 bytesused: 12441600 ts: 3348.145263 delta: 33.448 ms delta now: +33.066 ms fps: 30.00 (ts-monotonic, ts-src-eof)
cap dqbuf: 1 seq:   2997 bytesused: 12441600 ts: 3348.178481 delta: 33.218 ms delta now: +33.166 ms fps: 30.00 (ts-monotonic, ts-src-eof)
cap dqbuf: 2 seq:   2998 bytesused: 12441600 ts: 3348.211813 delta: 33.332 ms delta now: +32.297 ms fps: 30.00 (ts-monotonic, ts-src-eof)
cap dqbuf: 3 seq:   2999 bytesused: 12441600 ts: 3348.245146 delta: 33.333 ms delta now: +33.149 ms fps: 30.00 (ts-monotonic, ts-src-eof)
cap dqbuf: 0 seq:   3000 bytesused: 12441600 ts: 3348.278481 delta: 33.335 ms delta now: +33.340 ms fps: 30.00 (ts-monotonic, ts-src-eof)
cap dqbuf: 1 seq:   3001 bytesused: 12441600 ts: 3348.311815 delta: 33.334 ms delta now: +32.294 ms fps: 30.00 (ts-monotonic, ts-src-eof)
cap dqbuf: 2 seq:   3002 bytesused: 12441600 ts: 3348.345146 delta: 33.331 ms delta now: +33.304 ms fps: 30.00 (ts-monotonic, ts-src-eof)
cap dqbuf: 3 seq:   3003 bytesused: 12441600 ts: 3348.378482 delta: 33.336 ms delta now: +32.293 ms fps: 30.00 (ts-monotonic, ts-src-eof)
cap dqbuf: 0 seq:   3004 bytesused: 12441600 ts: 3348.411813 delta: 33.331 ms delta now: +32.297 ms fps: 30.00 (ts-monotonic, ts-src-eof)
cap dqbuf: 1 seq:   3005 bytesused: 12441600 ts: 3348.445146 delta: 33.333 ms delta now: +32.303 ms fps: 30.00 (ts-monotonic, ts-src-eof)
cap dqbuf: 2 seq:   3006 bytesused: 12441600 ts: 3348.478479 delta: 33.333 ms delta now: +33.309 ms fps: 30.00 (ts-monotonic, ts-src-eof)
cap dqbuf: 3 seq:   3007 bytesused: 12441600 ts: 3348.511817 delta: 33.338 ms delta now: +32.291 ms fps: 30.00 (ts-monotonic, ts-src-eof)

VIDIOC_QUERYCAP: ok
VIDIOC_G_FMT: ok
VIDIOC_S_FMT: ok
Format Video Capture Multiplanar:
	Width/Height      : 3840/2160
	Pixel Format      : 'NV12' (Y/CbCr 4:2:0)
	Field             : None
	Number of planes  : 1
	Flags             : 
	Colorspace        : Default
	Transfer Function : Default
	YCbCr/HSV Encoding: Default
	Quantization      : Full Range
	Plane 0           :
	   Bytes per Line : 3840
	   Size Image     : 12441600
