		VIDIOC_REQBUFS returned 0 (Success)
		VIDIOC_QUERYBUF returned 0 (Success)
		VIDIOC_QUERYBUF returned 0 (Success)
		VIDIOC_QUERYBUF returned 0 (Success)
		VIDIOC_QUERYBUF returned 0 (Success)
		VIDIOC_QBUF returned 0 (Success)
		VIDIOC_QBUF returned 0 (Success)
		VIDIOC_QBUF returned 0 (Success)
		VIDIOC_QBUF returned 0 (Success)
		VIDIOC_STREAMON returned 0 (Success)
cap dqbuf: 0 seq:      0 bytesused: 10506240 ts: 1889.720427 delta now: +33.882 ms (ts-monotonic, ts-src-eof)
cap dqbuf: 1 seq:      1 bytesused: 10506240 ts: 1889.753678 delta: 33.251 ms delta now: +33.804 ms (ts-monotonic, ts-src-eof)
cap dqbuf: 2 seq:      2 bytesused: 10506240 ts: 1889.787010 delta: 33.332 ms delta now: +33.796 ms (ts-monotonic, ts-src-eof)
cap dqbuf: 3 seq:      3 bytesused: 10506240 ts: 1889.820343 delta: 33.333 ms delta now: +33.796 ms (ts-monotonic, ts-src-eof)
cap dqbuf: 0 seq:      4 bytesused: 10506240 ts: 1889.853677 delta: 33.334 ms delta now: +33.946 ms fps: 30.02 (ts-monotonic, ts-src-eof)
cap dqbuf: 1 seq:      5 bytesused: 10506240 ts: 1889.887011 delta: 33.334 ms delta now: +33.795 ms fps: 30.01 (ts-monotonic, ts-src-eof)
cap dqbuf: 2 seq:      6 bytesused: 10506240 ts: 1889.920343 delta: 33.332 ms delta now: +33.794 ms fps: 30.01 (ts-monotonic, ts-src-eof)
cap dqbuf: 3 seq:      7 bytesused: 10506240 ts: 1889.953677 delta: 33.334 ms delta now: +34.003 ms fps: 30.01 (ts-monotonic, ts-src-eof)
cap dqbuf: 0 seq:      8 bytesused: 10506240 ts: 1889.987011 delta: 33.334 ms delta now: +33.792 ms fps: 30.01 (ts-monotonic, ts-src-eof)
cap dqbuf: 1 seq:      9 bytesused: 10506240 ts: 1890.020344 delta: 33.333 ms delta now: +33.967 ms fps: 30.01 (ts-monotonic, ts-src-eof)
cap dqbuf: 2 seq:     10 bytesused: 10506240 ts: 1890.053678 delta: 33.334 ms delta now: +33.802 ms fps: 30.01 (ts-monotonic, ts-src-eof)
cap dqbuf: 3 seq:     11 bytesused: 10506240 ts: 1890.087010 delta: 33.332 ms delta now: +33.949 ms fps: 30.01 (ts-monotonic, ts-src-eof)
cap dqbuf: 0 seq:     12 bytesused: 10506240 ts: 1890.120344 delta: 33.334 ms delta now: +33.820 ms fps: 30.01 (ts-monotonic, ts-src-eof)
cap dqbuf: 1 seq:     13 bytesused: 10506240 ts: 1890.153677 delta: 33.333 ms delta now: +33.793 ms fps: 30.01 (ts-monotonic, ts-src-eof)
cap dqbuf: 2 seq:     14 bytesused: 10506240 ts: 1890.187010 delta: 33.333 ms delta now: +33.944 ms fps: 30.01 (ts-monotonic, ts-src-eof)
cap dqbuf: 3 seq:     15 bytesused: 10506240 ts: 1890.220344 delta: 33.334 ms delta now: +33.794 ms fps: 30.00 (ts-monotonic, ts-src-eof)
cap dqbuf: 0 seq:     16 bytesused: 10506240 ts: 1890.253677 delta: 33.333 ms delta now: +33.942 ms fps: 30.00 (ts-monotonic, ts-src-eof)
cap dqbuf: 1 seq:     17 bytesused: 10506240 ts: 1890.287011 delta: 33.334 ms delta now: +33.793 ms fps: 30.00 (ts-monotonic, ts-src-eof)
cap dqbuf: 2 seq:     18 bytesused: 10506240 ts: 1890.320343 delta: 33.332 ms delta now: +33.935 ms fps: 30.00 (ts-monotonic, ts-src-eof)
cap dqbuf: 3 seq:     19 bytesused: 10506240 ts: 1890.353677 delta: 33.334 ms delta now: +33.935 ms fps: 30.00 (ts-monotonic, ts-src-eof)
cap dqbuf: 0 seq:     20 bytesused: 10506240 ts: 1890.387011 delta: 33.334 ms delta now: +33.792 ms fps: 30.00 (ts-monotonic, ts-src-eof)
cap dqbuf: 1 seq:     21 bytesused: 10506240 ts: 1890.420343 delta: 33.332 ms delta now: +33.792 ms fps: 30.00 (ts-monotonic, ts-src-eof)
cap dqbuf: 2 seq:     22 bytesused: 10506240 ts: 1890.453677 delta: 33.334 ms delta now: +33.791 ms fps: 30.00 (ts-monotonic, ts-src-eof)
cap dqbuf: 3 seq:     23 bytesused: 10506240 ts: 1890.487010 delta: 33.333 ms delta now: +33.932 ms fps: 30.00 (ts-monotonic, ts-src-eof)
cap dqbuf: 0 seq:     24 bytesused: 10506240 ts: 1890.520344 delta: 33.334 ms delta now: +33.939 ms fps: 30.00 (ts-monotonic, ts-src-eof)
cap dqbuf: 1 seq:     25 bytesused: 10506240 ts: 1890.553678 delta: 33.334 ms delta now: +33.792 ms fps: 30.00 (ts-monotonic, ts-src-eof)
cap dqbuf: 2 seq:     26 bytesused: 10506240 ts: 1890.587010 delta: 33.332 ms delta now: +34.002 ms fps: 30.00 (ts-monotonic, ts-src-eof)
cap dqbuf: 3 seq:     27 bytesused: 10506240 ts: 1890.620344 delta: 33.334 ms delta now: +33.804 ms fps: 30.00 (ts-monotonic, ts-src-eof)
cap dqbuf: 0 seq:     28 bytesused: 10506240 ts: 1890.653677 delta: 33.333 ms delta now: +33.940 ms fps: 30.00 (ts-monotonic, ts-src-eof)
cap dqbuf: 1 seq:     29 bytesused: 10506240 ts: 1890.687011 delta: 33.334 ms delta now: +33.795 ms fps: 30.00 (ts-monotonic, ts-src-eof)
cap dqbuf: 2 seq:     30 bytesused: 10506240 ts: 1890.720343 delta: 33.332 ms delta now: +33.803 ms fps: 30.00 (ts-monotonic, ts-src-eof)
cap dqbuf: 3 seq:     31 bytesused: 10506240 ts: 1890.753677 delta: 33.334 ms delta now: +34.005 ms fps: 30.00 (ts-monotonic, ts-src-eof)
cap dqbuf: 0 seq:     32 bytesused: 10506240 ts: 1890.787011 delta: 33.334 ms delta now: +33.964 ms fps: 30.00 (ts-monotonic, ts-src-eof)
cap dqbuf: 1 seq:     33 bytesused: 10506240 ts: 1890.820344 delta: 33.333 ms delta now: +33.791 ms fps: 30.00 (ts-monotonic, ts-src-eof)
cap dqbuf: 2 seq:     34 bytesused: 10506240 ts: 1890.853677 delta: 33.333 ms delta now: +33.792 ms fps: 30.00 (ts-monotonic, ts-src-eof)
cap dqbuf: 3 seq:     35 bytesused: 10506240 ts: 1890.887010 delta: 33.333 ms delta now: +33.995 ms fps: 30.00 (ts-monotonic, ts-src-eof)
cap dqbuf: 0 seq:     36 bytesused: 10506240 ts: 1890.920344 delta: 33.334 ms delta now: +33.997 ms fps: 30.00 (ts-monotonic, ts-src-eof)
cap dqbuf: 1 seq:     37 bytesused: 10506240 ts: 1890.953678 delta: 33.334 ms delta now: +33.932 ms fps: 30.00 (ts-monotonic, ts-src-eof)
cap dqbuf: 2 seq:     38 bytesused: 10506240 ts: 1890.987011 delta: 33.333 ms delta now: +33.792 ms fps: 30.00 (ts-monotonic, ts-src-eof)
cap dqbuf: 3 seq:     39 bytesused: 10506240 ts: 1891.020344 delta: 33.333 ms delta now: +33.917 ms fps: 30.00 (ts-monotonic, ts-src-eof)
cap dqbuf: 0 seq:     40 bytesused: 10506240 ts: 1891.053678 delta: 33.334 ms delta now: +33.868 ms fps: 30.00 (ts-monotonic, ts-src-eof)
cap dqbuf: 1 seq:     41 bytesused: 10506240 ts: 1891.087011 delta: 33.333 ms delta now: +33.951 ms fps: 30.00 (ts-monotonic, ts-src-eof)
cap dqbuf: 2 seq:     42 bytesused: 10506240 ts: 1891.120344 delta: 33.333 ms delta now: +33.799 ms fps: 30.00 (ts-monotonic, ts-src-eof)
cap dqbuf: 3 seq:     43 bytesused: 10506240 ts: 1891.153677 delta: 33.333 ms delta now: +33.941 ms fps: 30.00 (ts-monotonic, ts-src-eof)
cap dqbuf: 0 seq:     44 bytesused: 10506240 ts: 1891.187011 delta: 33.334 ms delta now: +33.791 ms fps: 30.00 (ts-monotonic, ts-src-eof)
cap dqbuf: 1 seq:     45 bytesused: 10506240 ts: 1891.220343 delta: 33.332 ms delta now: +33.990 ms fps: 30.00 (ts-monotonic, ts-src-eof)
cap dqbuf: 2 seq:     46 bytesused: 10506240 ts: 1891.253677 delta: 33.334 ms delta now: +33.791 ms fps: 30.00 (ts-monotonic, ts-src-eof)
cap dqbuf: 3 seq:     47 bytesused: 10506240 ts: 1891.287010 delta: 33.333 ms delta now: +33.804 ms fps: 30.00 (ts-monotonic, ts-src-eof)
cap dqbuf: 0 seq:     48 bytesused: 10506240 ts: 1891.320343 delta: 33.333 ms delta now: +33.956 ms fps: 30.00 (ts-monotonic, ts-src-eof)
cap dqbuf: 1 seq:     49 bytesused: 10506240 ts: 1891.353677 delta: 33.334 ms delta now: +33.934 ms fps: 30.00 (ts-monotonic, ts-src-eof)
cap dqbuf: 2 seq:     50 bytesused: 10506240 ts: 1891.387011 delta: 33.334 ms delta now: +33.790 ms fps: 30.00 (ts-monotonic, ts-src-eof)
cap dqbuf: 3 seq:     51 bytesused: 10506240 ts: 1891.420343 delta: 33.332 ms delta now: +33.793 ms fps: 30.00 (ts-monotonic, ts-src-eof)
cap dqbuf: 0 seq:     52 bytesused: 10506240 ts: 1891.453677 delta: 33.334 ms delta now: +33.937 ms fps: 30.00 (ts-monotonic, ts-src-eof)
cap dqbuf: 1 seq:     53 bytesused: 10506240 ts: 1891.487011 delta: 33.334 ms delta now: +33.939 ms fps: 30.00 (ts-monotonic, ts-src-eof)
cap dqbuf: 2 seq:     54 bytesused: 10506240 ts: 1891.520344 delta: 33.333 ms delta now: +33.792 ms fps: 30.00 (ts-monotonic, ts-src-eof)
cap dqbuf: 3 seq:     55 bytesused: 10506240 ts: 1891.553677 delta: 33.333 ms delta now: +33.939 ms fps: 30.00 (ts-monotonic, ts-src-eof)
cap dqbuf: 0 seq:     56 bytesused: 10506240 ts: 1891.587011 delta: 33.334 ms delta now: +33.793 ms fps: 30.00 (ts-monotonic, ts-src-eof)
cap dqbuf: 1 seq:     57 bytesused: 10506240 ts: 1891.620344 delta: 33.333 ms delta now: +33.806 ms fps: 30.00 (ts-monotonic, ts-src-eof)
cap dqbuf: 2 seq:     58 bytesused: 10506240 ts: 1891.653677 delta: 33.333 ms delta now: +33.793 ms fps: 30.00 (ts-monotonic, ts-src-eof)
cap dqbuf: 3 seq:     59 bytesused: 10506240 ts: 1891.687010 delta: 33.333 ms delta now: +33.944 ms fps: 30.00 (ts-monotonic, ts-src-eof)
cap dqbuf: 0 seq:     60 bytesused: 10506240 ts: 1891.720344 delta: 33.334 ms delta now: +33.944 ms fps: 30.00 (ts-monotonic, ts-src-eof)
cap dqbuf: 1 seq:     61 bytesused: 10506240 ts: 1891.753677 delta: 33.333 ms delta now: +33.942 ms fps: 30.00 (ts-monotonic, ts-src-eof)
cap dqbuf: 2 seq:     62 bytesused: 10506240 ts: 1891.787011 delta: 33.334 ms delta now: +33.944 ms fps: 30.00 (ts-monotonic, ts-src-eof)
cap dqbuf: 3 seq:     63 bytesused: 10506240 ts: 1891.820344 delta: 33.333 ms delta now: +33.793 ms fps: 30.00 (ts-monotonic, ts-src-eof)
cap dqbuf: 0 seq:     64 bytesused: 10506240 ts: 1891.853677 delta: 33.333 ms delta now: +34.001 ms fps: 30.00 (ts-monotonic, ts-src-eof)
cap dqbuf: 1 seq:     65 bytesused: 10506240 ts: 1891.887011 delta: 33.334 ms delta now: +33.938 ms fps: 30.00 (ts-monotonic, ts-src-eof)
cap dqbuf: 2 seq:     66 bytesused: 10506240 ts: 1891.920344 delta: 33.333 ms delta now: +33.940 ms fps: 30.00 (ts-monotonic, ts-src-eof)
cap dqbuf: 3 seq:     67 bytesused: 10506240 ts: 1891.953678 delta: 33.334 ms delta now: +33.940 ms fps: 30.00 (ts-monotonic, ts-src-eof)
cap dqbuf: 0 seq:     68 bytesused: 10506240 ts: 1891.987011 delta: 33.333 ms delta now: +33.945 ms fps: 30.00 (ts-monotonic, ts-src-eof)
cap dqbuf: 1 seq:     69 bytesused: 10506240 ts: 1892.020344 delta: 33.333 ms delta now: +33.794 ms fps: 30.00 (ts-monotonic, ts-src-eof)
cap dqbuf: 2 seq:     70 bytesused: 10506240 ts: 1892.053677 delta: 33.333 ms delta now: +34.243 ms fps: 30.00 (ts-monotonic, ts-src-eof)
cap dqbuf: 3 seq:     71 bytesused: 10506240 ts: 1892.087011 delta: 33.334 ms delta now: +33.951 ms fps: 30.00 (ts-monotonic, ts-src-eof)
cap dqbuf: 0 seq:     72 bytesused: 10506240 ts: 1892.120344 delta: 33.333 ms delta now: +33.792 ms fps: 30.00 (ts-monotonic, ts-src-eof)
cap dqbuf: 1 seq:     73 bytesused: 10506240 ts: 1892.153677 delta: 33.333 ms delta now: +33.938 ms fps: 30.00 (ts-monotonic, ts-src-eof)
cap dqbuf: 2 seq:     74 bytesused: 10506240 ts: 1892.187011 delta: 33.334 ms delta now: +33.791 ms fps: 30.00 (ts-monotonic, ts-src-eof)
cap dqbuf: 3 seq:     75 bytesused: 10506240 ts: 1892.220343 delta: 33.332 ms delta now: +33.945 ms fps: 30.00 (ts-monotonic, ts-src-eof)
cap dqbuf: 0 seq:     76 bytesused: 10506240 ts: 1892.253678 delta: 33.335 ms delta now: +33.934 ms fps: 30.00 (ts-monotonic, ts-src-eof)
cap dqbuf: 1 seq:     77 bytesused: 10506240 ts: 1892.287011 delta: 33.333 ms delta now: +33.796 ms fps: 30.00 (ts-monotonic, ts-src-eof)
cap dqbuf: 2 seq:     78 bytesused: 10506240 ts: 1892.320344 delta: 33.333 ms delta now: +33.943 ms fps: 30.00 (ts-monotonic, ts-src-eof)
cap dqbuf: 3 seq:     79 bytesused: 10506240 ts: 1892.353678 delta: 33.334 ms delta now: +34.042 ms fps: 30.00 (ts-monotonic, ts-src-eof)
cap dqbuf: 0 seq:     80 bytesused: 10506240 ts: 1892.387011 delta: 33.333 ms delta now: +34.045 ms fps: 30.00 (ts-monotonic, ts-src-eof)
cap dqbuf: 1 seq:     81 bytesused: 10506240 ts: 1892.420345 delta: 33.334 ms delta now: +33.941 ms fps: 30.00 (ts-monotonic, ts-src-eof)
cap dqbuf: 2 seq:     82 bytesused: 10506240 ts: 1892.453678 delta: 33.333 ms delta now: +33.794 ms fps: 30.00 (ts-monotonic, ts-src-eof)
cap dqbuf: 3 seq:     83 bytesused: 10506240 ts: 1892.487010 delta: 33.332 ms delta now: +33.794 ms fps: 30.00 (ts-monotonic, ts-src-eof)
cap dqbuf: 0 seq:     84 bytesused: 10506240 ts: 1892.520344 delta: 33.334 ms delta now: +33.791 ms fps: 30.00 (ts-monotonic, ts-src-eof)
cap dqbuf: 1 seq:     85 bytesused: 10506240 ts: 1892.553677 delta: 33.333 ms delta now: +33.932 ms fps: 30.00 (ts-monotonic, ts-src-eof)
cap dqbuf: 2 seq:     86 bytesused: 10506240 ts: 1892.587011 delta: 33.334 ms delta now: +33.794 ms fps: 30.00 (ts-monotonic, ts-src-eof)
cap dqbuf: 3 seq:     87 bytesused: 10506240 ts: 1892.620344 delta: 33.333 ms delta now: +34.047 ms fps: 30.00 (ts-monotonic, ts-src-eof)
cap dqbuf: 0 seq:     88 bytesused: 10506240 ts: 1892.653678 delta: 33.334 ms delta now: +33.813 ms fps: 30.00 (ts-monotonic, ts-src-eof)
cap dqbuf: 1 seq:     89 bytesused: 10506240 ts: 1892.687010 delta: 33.332 ms delta now: +33.931 ms fps: 30.00 (ts-monotonic, ts-src-eof)
cap dqbuf: 2 seq:     90 bytesused: 10506240 ts: 1892.720344 delta: 33.334 ms delta now: +33.795 ms fps: 30.00 (ts-monotonic, ts-src-eof)
cap dqbuf: 3 seq:     91 bytesused: 10506240 ts: 1892.753677 delta: 33.333 ms delta now: +34.026 ms fps: 30.00 (ts-monotonic, ts-src-eof)
cap dqbuf: 0 seq:     92 bytesused: 10506240 ts: 1892.787011 delta: 33.334 ms delta now: +33.790 ms fps: 30.00 (ts-monotonic, ts-src-eof)
cap dqbuf: 1 seq:     93 bytesused: 10506240 ts: 1892.820344 delta: 33.333 ms delta now: +33.792 ms fps: 30.00 (ts-monotonic, ts-src-eof)
cap dqbuf: 2 seq:     94 bytesused: 10506240 ts: 1892.853677 delta: 33.333 ms delta now: +33.930 ms fps: 30.00 (ts-monotonic, ts-src-eof)
cap dqbuf: 3 seq:     95 bytesused: 10506240 ts: 1892.887011 delta: 33.334 ms delta now: +33.792 ms fps: 30.00 (ts-monotonic, ts-src-eof)
cap dqbuf: 0 seq:     96 bytesused: 10506240 ts: 1892.920344 delta: 33.333 ms delta now: +33.937 ms fps: 30.00 (ts-monotonic, ts-src-eof)
cap dqbuf: 1 seq:     97 bytesused: 10506240 ts: 1892.953678 delta: 33.334 ms delta now: +33.792 ms fps: 30.00 (ts-monotonic, ts-src-eof)
cap dqbuf: 2 seq:     98 bytesused: 10506240 ts: 1892.987010 delta: 33.332 ms delta now: +33.792 ms fps: 30.00 (ts-monotonic, ts-src-eof)
cap dqbuf: 3 seq:     99 bytesused: 10506240 ts: 1893.020344 delta: 33.334 ms delta now: +33.918 ms fps: 30.00 (ts-monotonic, ts-src-eof)
cap dqbuf: 0 seq:    100 bytesused: 10506240 ts: 1893.053678 delta: 33.334 ms delta now: +33.803 ms fps: 30.00 (ts-monotonic, ts-src-eof)
cap dqbuf: 1 seq:    101 bytesused: 10506240 ts: 1893.087010 delta: 33.332 ms delta now: +33.950 ms fps: 30.00 (ts-monotonic, ts-src-eof)
cap dqbuf: 2 seq:    102 bytesused: 10506240 ts: 1893.120344 delta: 33.334 ms delta now: +33.795 ms fps: 30.00 (ts-monotonic, ts-src-eof)
cap dqbuf: 3 seq:    103 bytesused: 10506240 ts: 1893.153677 delta: 33.333 ms delta now: +33.944 ms fps: 30.00 (ts-monotonic, ts-src-eof)
cap dqbuf: 0 seq:    104 bytesused: 10506240 ts: 1893.187011 delta: 33.334 ms delta now: +33.791 ms fps: 30.00 (ts-monotonic, ts-src-eof)
cap dqbuf: 1 seq:    105 bytesused: 10506240 ts: 1893.220344 delta: 33.333 ms delta now: +33.792 ms fps: 30.00 (ts-monotonic, ts-src-eof)
cap dqbuf: 2 seq:    106 bytesused: 10506240 ts: 1893.253677 delta: 33.333 ms delta now: +33.792 ms fps: 30.00 (ts-monotonic, ts-src-eof)
cap dqbuf: 3 seq:    107 bytesused: 10506240 ts: 1893.287010 delta: 33.333 ms delta now: +33.944 ms fps: 30.00 (ts-monotonic, ts-src-eof)
cap dqbuf: 0 seq:    108 bytesused: 10506240 ts: 1893.320345 delta: 33.335 ms delta now: +33.788 ms fps: 30.00 (ts-monotonic, ts-src-eof)
cap dqbuf: 1 seq:    109 bytesused: 10506240 ts: 1893.353677 delta: 33.332 ms delta now: +33.917 ms fps: 30.00 (ts-monotonic, ts-src-eof)
cap dqbuf: 2 seq:    110 bytesused: 10506240 ts: 1893.387010 delta: 33.333 ms delta now: +33.979 ms fps: 30.00 (ts-monotonic, ts-src-eof)
cap dqbuf: 3 seq:    111 bytesused: 10506240 ts: 1893.420344 delta: 33.334 ms delta now: +33.793 ms fps: 30.00 (ts-monotonic, ts-src-eof)
cap dqbuf: 0 seq:    112 bytesused: 10506240 ts: 1893.453677 delta: 33.333 ms delta now: +33.790 ms fps: 30.00 (ts-monotonic, ts-src-eof)
cap dqbuf: 1 seq:    113 bytesused: 10506240 ts: 1893.487010 delta: 33.333 ms delta now: +33.936 ms fps: 30.00 (ts-monotonic, ts-src-eof)
cap dqbuf: 2 seq:    114 bytesused: 10506240 ts: 1893.520344 delta: 33.334 ms delta now: +33.939 ms fps: 30.00 (ts-monotonic, ts-src-eof)
cap dqbuf: 3 seq:    115 bytesused: 10506240 ts: 1893.553678 delta: 33.334 ms delta now: +33.810 ms fps: 30.00 (ts-monotonic, ts-src-eof)
cap dqbuf: 0 seq:    116 bytesused: 10506240 ts: 1893.587010 delta: 33.332 ms delta now: +33.802 ms fps: 30.00 (ts-monotonic, ts-src-eof)
cap dqbuf: 1 seq:    117 bytesused: 10506240 ts: 1893.620344 delta: 33.334 ms delta now: +33.793 ms fps: 30.00 (ts-monotonic, ts-src-eof)
cap dqbuf: 2 seq:    118 bytesused: 10506240 ts: 1893.653677 delta: 33.333 ms delta now: +33.832 ms fps: 30.00 (ts-monotonic, ts-src-eof)
cap dqbuf: 3 seq:    119 bytesused: 10506240 ts: 1893.687011 delta: 33.334 ms delta now: +33.794 ms fps: 30.00 (ts-monotonic, ts-src-eof)
cap dqbuf: 0 seq:    120 bytesused: 10506240 ts: 1893.720344 delta: 33.333 ms delta now: +33.938 ms fps: 30.00 (ts-monotonic, ts-src-eof)
cap dqbuf: 1 seq:    121 bytesused: 10506240 ts: 1893.753678 delta: 33.334 ms delta now: +33.793 ms fps: 30.00 (ts-monotonic, ts-src-eof)
cap dqbuf: 2 seq:    122 bytesused: 10506240 ts: 1893.787010 delta: 33.332 ms delta now: +33.795 ms fps: 30.00 (ts-monotonic, ts-src-eof)
cap dqbuf: 3 seq:    123 bytesused: 10506240 ts: 1893.820344 delta: 33.334 ms delta now: +33.792 ms fps: 30.00 (ts-monotonic, ts-src-eof)
cap dqbuf: 0 seq:    124 bytesused: 10506240 ts: 1893.853677 delta: 33.333 ms delta now: +33.793 ms fps: 30.00 (ts-monotonic, ts-src-eof)
cap dqbuf: 1 seq:    125 bytesused: 10506240 ts: 1893.887010 delta: 33.333 ms delta now: +33.952 ms fps: 30.00 (ts-monotonic, ts-src-eof)
cap dqbuf: 2 seq:    126 bytesused: 10506240 ts: 1893.920344 delta: 33.334 ms delta now: +33.947 ms fps: 30.00 (ts-monotonic, ts-src-eof)
cap dqbuf: 3 seq:    127 bytesused: 10506240 ts: 1893.953678 delta: 33.334 ms delta now: +33.795 ms fps: 30.00 (ts-monotonic, ts-src-eof)
cap dqbuf: 0 seq:    128 bytesused: 10506240 ts: 1893.987010 delta: 33.332 ms delta now: +33.939 ms fps: 30.00 (ts-monotonic, ts-src-eof)
cap dqbuf: 1 seq:    129 bytesused: 10506240 ts: 1894.020345 delta: 33.335 ms delta now: +33.936 ms fps: 30.00 (ts-monotonic, ts-src-eof)
cap dqbuf: 2 seq:    130 bytesused: 10506240 ts: 1894.053678 delta: 33.333 ms delta now: +33.820 ms fps: 30.00 (ts-monotonic, ts-src-eof)
cap dqbuf: 3 seq:    131 bytesused: 10506240 ts: 1894.087010 delta: 33.332 ms delta now: +33.955 ms fps: 30.00 (ts-monotonic, ts-src-eof)
cap dqbuf: 0 seq:    132 bytesused: 10506240 ts: 1894.120345 delta: 33.335 ms delta now: +33.797 ms fps: 30.00 (ts-monotonic, ts-src-eof)
cap dqbuf: 1 seq:    133 bytesused: 10506240 ts: 1894.153677 delta: 33.332 ms delta now: +33.998 ms fps: 30.00 (ts-monotonic, ts-src-eof)
cap dqbuf: 2 seq:    134 bytesused: 10506240 ts: 1894.187011 delta: 33.334 ms delta now: +33.821 ms fps: 30.00 (ts-monotonic, ts-src-eof)
cap dqbuf: 3 seq:    135 bytesused: 10506240 ts: 1894.220344 delta: 33.333 ms delta now: +33.857 ms fps: 30.00 (ts-monotonic, ts-src-eof)
cap dqbuf: 0 seq:    136 bytesused: 10506240 ts: 1894.253678 delta: 33.334 ms delta now: +33.798 ms fps: 30.00 (ts-monotonic, ts-src-eof)
cap dqbuf: 1 seq:    137 bytesused: 10506240 ts: 1894.287011 delta: 33.333 ms delta now: +33.947 ms fps: 30.00 (ts-monotonic, ts-src-eof)
cap dqbuf: 2 seq:    138 bytesused: 10506240 ts: 1894.320345 delta: 33.334 ms delta now: +33.997 ms fps: 30.00 (ts-monotonic, ts-src-eof)
cap dqbuf: 3 seq:    139 bytesused: 10506240 ts: 1894.353678 delta: 33.333 ms delta now: +33.794 ms fps: 30.00 (ts-monotonic, ts-src-eof)
cap dqbuf: 0 seq:    140 bytesused: 10506240 ts: 1894.387010 delta: 33.332 ms delta now: +33.933 ms fps: 30.00 (ts-monotonic, ts-src-eof)
cap dqbuf: 1 seq:    141 bytesused: 10506240 ts: 1894.420345 delta: 33.335 ms delta now: +34.036 ms fps: 30.00 (ts-monotonic, ts-src-eof)
cap dqbuf: 2 seq:    142 bytesused: 10506240 ts: 1894.453678 delta: 33.333 ms delta now: +33.945 ms fps: 30.00 (ts-monotonic, ts-src-eof)
cap dqbuf: 3 seq:    143 bytesused: 10506240 ts: 1894.487011 delta: 33.333 ms delta now: +33.795 ms fps: 30.00 (ts-monotonic, ts-src-eof)
cap dqbuf: 0 seq:    144 bytesused: 10506240 ts: 1894.520344 delta: 33.333 ms delta now: +33.942 ms fps: 30.00 (ts-monotonic, ts-src-eof)
cap dqbuf: 1 seq:    145 bytesused: 10506240 ts: 1894.553678 delta: 33.334 ms delta now: +33.790 ms fps: 30.00 (ts-monotonic, ts-src-eof)
cap dqbuf: 2 seq:    146 bytesused: 10506240 ts: 1894.587010 delta: 33.332 ms delta now: +33.868 ms fps: 30.00 (ts-monotonic, ts-src-eof)
cap dqbuf: 3 seq:    147 bytesused: 10506240 ts: 1894.620344 delta: 33.334 ms delta now: +33.795 ms fps: 30.00 (ts-monotonic, ts-src-eof)
cap dqbuf: 0 seq:    148 bytesused: 10506240 ts: 1894.653677 delta: 33.333 ms delta now: +33.794 ms fps: 30.00 (ts-monotonic, ts-src-eof)
cap dqbuf: 1 seq:    149 bytesused: 10506240 ts: 1894.687010 delta: 33.333 ms delta now: +33.794 ms fps: 30.00 (ts-monotonic, ts-src-eof)
cap dqbuf: 2 seq:    150 bytesused: 10506240 ts: 1894.720344 delta: 33.334 ms delta now: +33.793 ms fps: 30.00 (ts-monotonic, ts-src-eof)
cap dqbuf: 3 seq:    151 bytesused: 10506240 ts: 1894.753677 delta: 33.333 ms delta now: +33.939 ms fps: 30.00 (ts-monotonic, ts-src-eof)
cap dqbuf: 0 seq:    152 bytesused: 10506240 ts: 1894.787011 delta: 33.334 ms delta now: +33.794 ms fps: 30.00 (ts-monotonic, ts-src-eof)
cap dqbuf: 1 seq:    153 bytesused: 10506240 ts: 1894.820344 delta: 33.333 ms delta now: +33.796 ms fps: 30.00 (ts-monotonic, ts-src-eof)
cap dqbuf: 2 seq:    154 bytesused: 10506240 ts: 1894.853677 delta: 33.333 ms delta now: +33.794 ms fps: 30.00 (ts-monotonic, ts-src-eof)
cap dqbuf: 3 seq:    155 bytesused: 10506240 ts: 1894.887011 delta: 33.334 ms delta now: +33.794 ms fps: 30.00 (ts-monotonic, ts-src-eof)
cap dqbuf: 0 seq:    156 bytesused: 10506240 ts: 1894.920344 delta: 33.333 ms delta now: +33.793 ms fps: 30.00 (ts-monotonic, ts-src-eof)
cap dqbuf: 1 seq:    157 bytesused: 10506240 ts: 1894.953677 delta: 33.333 ms delta now: +33.948 ms fps: 30.00 (ts-monotonic, ts-src-eof)
cap dqbuf: 2 seq:    158 bytesused: 10506240 ts: 1894.987011 delta: 33.334 ms delta now: +33.939 ms fps: 30.00 (ts-monotonic, ts-src-eof)
cap dqbuf: 3 seq:    159 bytesused: 10506240 ts: 1895.020345 delta: 33.334 ms delta now: +33.938 ms fps: 30.00 (ts-monotonic, ts-src-eof)
cap dqbuf: 0 seq:    160 bytesused: 10506240 ts: 1895.053678 delta: 33.333 ms delta now: +33.807 ms fps: 30.00 (ts-monotonic, ts-src-eof)
cap dqbuf: 1 seq:    161 bytesused: 10506240 ts: 1895.087011 delta: 33.333 ms delta now: +33.948 ms fps: 30.00 (ts-monotonic, ts-src-eof)
cap dqbuf: 2 seq:    162 bytesused: 10506240 ts: 1895.120345 delta: 33.334 ms delta now: +33.935 ms fps: 30.00 (ts-monotonic, ts-src-eof)
cap dqbuf: 3 seq:    163 bytesused: 10506240 ts: 1895.153678 delta: 33.333 ms delta now: +33.793 ms fps: 30.00 (ts-monotonic, ts-src-eof)
cap dqbuf: 0 seq:    164 bytesused: 10506240 ts: 1895.187011 delta: 33.333 ms delta now: +33.945 ms fps: 30.00 (ts-monotonic, ts-src-eof)
cap dqbuf: 1 seq:    165 bytesused: 10506240 ts: 1895.220345 delta: 33.334 ms delta now: +33.793 ms fps: 30.00 (ts-monotonic, ts-src-eof)
cap dqbuf: 2 seq:    166 bytesused: 10506240 ts: 1895.253677 delta: 33.332 ms delta now: +34.093 ms fps: 30.00 (ts-monotonic, ts-src-eof)
cap dqbuf: 3 seq:    167 bytesused: 10506240 ts: 1895.287011 delta: 33.334 ms delta now: +33.946 ms fps: 30.00 (ts-monotonic, ts-src-eof)
cap dqbuf: 0 seq:    168 bytesused: 10506240 ts: 1895.320345 delta: 33.334 ms delta now: +33.807 ms fps: 30.00 (ts-monotonic, ts-src-eof)
cap dqbuf: 1 seq:    169 bytesused: 10506240 ts: 1895.353677 delta: 33.332 ms delta now: +33.937 ms fps: 30.00 (ts-monotonic, ts-src-eof)
cap dqbuf: 2 seq:    170 bytesused: 10506240 ts: 1895.387011 delta: 33.334 ms delta now: +33.793 ms fps: 30.00 (ts-monotonic, ts-src-eof)
cap dqbuf: 3 seq:    171 bytesused: 10506240 ts: 1895.420344 delta: 33.333 ms delta now: +33.790 ms fps: 30.00 (ts-monotonic, ts-src-eof)
cap dqbuf: 0 seq:    172 bytesused: 10506240 ts: 1895.453677 delta: 33.333 ms delta now: +33.792 ms fps: 30.00 (ts-monotonic, ts-src-eof)
cap dqbuf: 1 seq:    173 bytesused: 10506240 ts: 1895.487010 delta: 33.333 ms delta now: +33.945 ms fps: 30.00 (ts-monotonic, ts-src-eof)
cap dqbuf: 2 seq:    174 bytesused: 10506240 ts: 1895.520345 delta: 33.335 ms delta now: +33.791 ms fps: 30.00 (ts-monotonic, ts-src-eof)
cap dqbuf: 3 seq:    175 bytesused: 10506240 ts: 1895.553677 delta: 33.332 ms delta now: +33.939 ms fps: 30.00 (ts-monotonic, ts-src-eof)
cap dqbuf: 0 seq:    176 bytesused: 10506240 ts: 1895.587011 delta: 33.334 ms delta now: +33.794 ms fps: 30.00 (ts-monotonic, ts-src-eof)
cap dqbuf: 1 seq:    177 bytesused: 10506240 ts: 1895.620344 delta: 33.333 ms delta now: +33.937 ms fps: 30.00 (ts-monotonic, ts-src-eof)
cap dqbuf: 2 seq:    178 bytesused: 10506240 ts: 1895.653678 delta: 33.334 ms delta now: +33.791 ms fps: 30.00 (ts-monotonic, ts-src-eof)
cap dqbuf: 3 seq:    179 bytesused: 10506240 ts: 1895.687011 delta: 33.333 ms delta now: +34.006 ms fps: 30.00 (ts-monotonic, ts-src-eof)
cap dqbuf: 0 seq:    180 bytesused: 10506240 ts: 1895.720345 delta: 33.334 ms delta now: +33.793 ms fps: 30.00 (ts-monotonic, ts-src-eof)
cap dqbuf: 1 seq:    181 bytesused: 10506240 ts: 1895.753677 delta: 33.332 ms delta now: +33.796 ms fps: 30.00 (ts-monotonic, ts-src-eof)
cap dqbuf: 2 seq:    182 bytesused: 10506240 ts: 1895.787011 delta: 33.334 ms delta now: +34.000 ms fps: 30.00 (ts-monotonic, ts-src-eof)
cap dqbuf: 3 seq:    183 bytesused: 10506240 ts: 1895.820345 delta: 33.334 ms delta now: +33.948 ms fps: 30.00 (ts-monotonic, ts-src-eof)
cap dqbuf: 0 seq:    184 bytesused: 10506240 ts: 1895.853678 delta: 33.333 ms delta now: +33.793 ms fps: 30.00 (ts-monotonic, ts-src-eof)
cap dqbuf: 1 seq:    185 bytesused: 10506240 ts: 1895.887011 delta: 33.333 ms delta now: +33.790 ms fps: 30.00 (ts-monotonic, ts-src-eof)
cap dqbuf: 2 seq:    186 bytesused: 10506240 ts: 1895.920344 delta: 33.333 ms delta now: +33.791 ms fps: 30.00 (ts-monotonic, ts-src-eof)
cap dqbuf: 3 seq:    187 bytesused: 10506240 ts: 1895.953677 delta: 33.333 ms delta now: +33.795 ms fps: 30.00 (ts-monotonic, ts-src-eof)
cap dqbuf: 0 seq:    188 bytesused: 10506240 ts: 1895.987011 delta: 33.334 ms delta now: +33.989 ms fps: 30.00 (ts-monotonic, ts-src-eof)
cap dqbuf: 1 seq:    189 bytesused: 10506240 ts: 1896.020345 delta: 33.334 ms delta now: +33.981 ms fps: 30.00 (ts-monotonic, ts-src-eof)
cap dqbuf: 2 seq:    190 bytesused: 10506240 ts: 1896.053678 delta: 33.333 ms delta now: +33.950 ms fps: 30.00 (ts-monotonic, ts-src-eof)
cap dqbuf: 3 seq:    191 bytesused: 10506240 ts: 1896.087011 delta: 33.333 ms delta now: +33.800 ms fps: 30.00 (ts-monotonic, ts-src-eof)
cap dqbuf: 0 seq:    192 bytesused: 10506240 ts: 1896.120344 delta: 33.333 ms delta now: +33.813 ms fps: 30.00 (ts-monotonic, ts-src-eof)
cap dqbuf: 1 seq:    193 bytesused: 10506240 ts: 1896.153677 delta: 33.333 ms delta now: +33.954 ms fps: 30.00 (ts-monotonic, ts-src-eof)
cap dqbuf: 2 seq:    194 bytesused: 10506240 ts: 1896.187011 delta: 33.334 ms delta now: +33.792 ms fps: 30.00 (ts-monotonic, ts-src-eof)
cap dqbuf: 3 seq:    195 bytesused: 10506240 ts: 1896.220344 delta: 33.333 ms delta now: +33.792 ms fps: 30.00 (ts-monotonic, ts-src-eof)
cap dqbuf: 0 seq:    196 bytesused: 10506240 ts: 1896.253677 delta: 33.333 ms delta now: +33.801 ms fps: 30.00 (ts-monotonic, ts-src-eof)
cap dqbuf: 1 seq:    197 bytesused: 10506240 ts: 1896.287011 delta: 33.334 ms delta now: +33.802 ms fps: 30.00 (ts-monotonic, ts-src-eof)
cap dqbuf: 2 seq:    198 bytesused: 10506240 ts: 1896.320344 delta: 33.333 ms delta now: +33.796 ms fps: 30.00 (ts-monotonic, ts-src-eof)
cap dqbuf: 3 seq:    199 bytesused: 10506240 ts: 1896.353677 delta: 33.333 ms delta now: +33.916 ms fps: 30.00 (ts-monotonic, ts-src-eof)
cap dqbuf: 0 seq:    200 bytesused: 10506240 ts: 1896.387011 delta: 33.334 ms delta now: +33.792 ms fps: 30.00 (ts-monotonic, ts-src-eof)
cap dqbuf: 1 seq:    201 bytesused: 10506240 ts: 1896.420344 delta: 33.333 ms delta now: +33.795 ms fps: 30.00 (ts-monotonic, ts-src-eof)
cap dqbuf: 2 seq:    202 bytesused: 10506240 ts: 1896.453677 delta: 33.333 ms delta now: +34.007 ms fps: 30.00 (ts-monotonic, ts-src-eof)
cap dqbuf: 3 seq:    203 bytesused: 10506240 ts: 1896.487012 delta: 33.335 ms delta now: +33.931 ms fps: 30.00 (ts-monotonic, ts-src-eof)
cap dqbuf: 0 seq:    204 bytesused: 10506240 ts: 1896.520345 delta: 33.333 ms delta now: +33.792 ms fps: 30.00 (ts-monotonic, ts-src-eof)
cap dqbuf: 1 seq:    205 bytesused: 10506240 ts: 1896.553677 delta: 33.332 ms delta now: +34.044 ms fps: 30.00 (ts-monotonic, ts-src-eof)
cap dqbuf: 2 seq:    206 bytesused: 10506240 ts: 1896.587011 delta: 33.334 ms delta now: +33.796 ms fps: 30.00 (ts-monotonic, ts-src-eof)
cap dqbuf: 3 seq:    207 bytesused: 10506240 ts: 1896.620344 delta: 33.333 ms delta now: +33.792 ms fps: 30.00 (ts-monotonic, ts-src-eof)
cap dqbuf: 0 seq:    208 bytesused: 10506240 ts: 1896.653677 delta: 33.333 ms delta now: +33.793 ms fps: 30.00 (ts-monotonic, ts-src-eof)
cap dqbuf: 1 seq:    209 bytesused: 10506240 ts: 1896.687011 delta: 33.334 ms delta now: +34.039 ms fps: 30.00 (ts-monotonic, ts-src-eof)
cap dqbuf: 2 seq:    210 bytesused: 10506240 ts: 1896.720345 delta: 33.334 ms delta now: +33.794 ms fps: 30.00 (ts-monotonic, ts-src-eof)
cap dqbuf: 3 seq:    211 bytesused: 10506240 ts: 1896.753677 delta: 33.332 ms delta now: +33.940 ms fps: 30.00 (ts-monotonic, ts-src-eof)
cap dqbuf: 0 seq:    212 bytesused: 10506240 ts: 1896.787012 delta: 33.335 ms delta now: +33.793 ms fps: 30.00 (ts-monotonic, ts-src-eof)
cap dqbuf: 1 seq:    213 bytesused: 10506240 ts: 1896.820344 delta: 33.332 ms delta now: +33.789 ms fps: 30.00 (ts-monotonic, ts-src-eof)
cap dqbuf: 2 seq:    214 bytesused: 10506240 ts: 1896.853677 delta: 33.333 ms delta now: +33.998 ms fps: 30.00 (ts-monotonic, ts-src-eof)
cap dqbuf: 3 seq:    215 bytesused: 10506240 ts: 1896.887011 delta: 33.334 ms delta now: +33.794 ms fps: 30.00 (ts-monotonic, ts-src-eof)
cap dqbuf: 0 seq:    216 bytesused: 10506240 ts: 1896.920344 delta: 33.333 ms delta now: +33.934 ms fps: 30.00 (ts-monotonic, ts-src-eof)
cap dqbuf: 1 seq:    217 bytesused: 10506240 ts: 1896.953678 delta: 33.334 ms delta now: +33.795 ms fps: 30.00 (ts-monotonic, ts-src-eof)
cap dqbuf: 2 seq:    218 bytesused: 10506240 ts: 1896.987011 delta: 33.333 ms delta now: +33.812 ms fps: 30.00 (ts-monotonic, ts-src-eof)
cap dqbuf: 3 seq:    219 bytesused: 10506240 ts: 1897.020345 delta: 33.334 ms delta now: +33.951 ms fps: 30.00 (ts-monotonic, ts-src-eof)
cap dqbuf: 0 seq:    220 bytesused: 10506240 ts: 1897.053678 delta: 33.333 ms delta now: +33.959 ms fps: 30.00 (ts-monotonic, ts-src-eof)
cap dqbuf: 1 seq:    221 bytesused: 10506240 ts: 1897.087011 delta: 33.333 ms delta now: +33.800 ms fps: 30.00 (ts-monotonic, ts-src-eof)
cap dqbuf: 2 seq:    222 bytesused: 10506240 ts: 1897.120344 delta: 33.333 ms delta now: +33.916 ms fps: 30.00 (ts-monotonic, ts-src-eof)
cap dqbuf: 3 seq:    223 bytesused: 10506240 ts: 1897.153677 delta: 33.333 ms delta now: +33.796 ms fps: 30.00 (ts-monotonic, ts-src-eof)
cap dqbuf: 0 seq:    224 bytesused: 10506240 ts: 1897.187011 delta: 33.334 ms delta now: +33.795 ms fps: 30.00 (ts-monotonic, ts-src-eof)
cap dqbuf: 1 seq:    225 bytesused: 10506240 ts: 1897.220344 delta: 33.333 ms delta now: +33.999 ms fps: 30.00 (ts-monotonic, ts-src-eof)
cap dqbuf: 2 seq:    226 bytesused: 10506240 ts: 1897.253678 delta: 33.334 ms delta now: +33.794 ms fps: 30.00 (ts-monotonic, ts-src-eof)
cap dqbuf: 3 seq:    227 bytesused: 10506240 ts: 1897.287011 delta: 33.333 ms delta now: +33.791 ms fps: 30.00 (ts-monotonic, ts-src-eof)
cap dqbuf: 0 seq:    228 bytesused: 10506240 ts: 1897.320344 delta: 33.333 ms delta now: +33.788 ms fps: 30.00 (ts-monotonic, ts-src-eof)
cap dqbuf: 1 seq:    229 bytesused: 10506240 ts: 1897.353677 delta: 33.333 ms delta now: +33.997 ms fps: 30.00 (ts-monotonic, ts-src-eof)
cap dqbuf: 2 seq:    230 bytesused: 10506240 ts: 1897.387012 delta: 33.335 ms delta now: +33.798 ms fps: 30.00 (ts-monotonic, ts-src-eof)
cap dqbuf: 3 seq:    231 bytesused: 10506240 ts: 1897.420344 delta: 33.332 ms delta now: +33.915 ms fps: 30.00 (ts-monotonic, ts-src-eof)
cap dqbuf: 0 seq:    232 bytesused: 10506240 ts: 1897.453678 delta: 33.334 ms delta now: +33.937 ms fps: 30.00 (ts-monotonic, ts-src-eof)
cap dqbuf: 1 seq:    233 bytesused: 10506240 ts: 1897.487012 delta: 33.334 ms delta now: +33.792 ms fps: 30.00 (ts-monotonic, ts-src-eof)
cap dqbuf: 2 seq:    234 bytesused: 10506240 ts: 1897.520344 delta: 33.332 ms delta now: +33.789 ms fps: 30.00 (ts-monotonic, ts-src-eof)
cap dqbuf: 3 seq:    235 bytesused: 10506240 ts: 1897.553677 delta: 33.333 ms delta now: +33.803 ms fps: 30.00 (ts-monotonic, ts-src-eof)
cap dqbuf: 0 seq:    236 bytesused: 10506240 ts: 1897.587011 delta: 33.334 ms delta now: +33.920 ms fps: 30.00 (ts-monotonic, ts-src-eof)
cap dqbuf: 1 seq:    237 bytesused: 10506240 ts: 1897.620345 delta: 33.334 ms delta now: +34.001 ms fps: 30.00 (ts-monotonic, ts-src-eof)
cap dqbuf: 2 seq:    238 bytesused: 10506240 ts: 1897.653678 delta: 33.333 ms delta now: +33.793 ms fps: 30.00 (ts-monotonic, ts-src-eof)
cap dqbuf: 3 seq:    239 bytesused: 10506240 ts: 1897.687011 delta: 33.333 ms delta now: +33.939 ms fps: 30.00 (ts-monotonic, ts-src-eof)
cap dqbuf: 0 seq:    240 bytesused: 10506240 ts: 1897.720345 delta: 33.334 ms delta now: +33.792 ms fps: 30.00 (ts-monotonic, ts-src-eof)
cap dqbuf: 1 seq:    241 bytesused: 10506240 ts: 1897.753677 delta: 33.332 ms delta now: +33.933 ms fps: 30.00 (ts-monotonic, ts-src-eof)
cap dqbuf: 2 seq:    242 bytesused: 10506240 ts: 1897.787012 delta: 33.335 ms delta now: +33.791 ms fps: 30.00 (ts-monotonic, ts-src-eof)
cap dqbuf: 3 seq:    243 bytesused: 10506240 ts: 1897.820344 delta: 33.332 ms delta now: +33.795 ms fps: 30.00 (ts-monotonic, ts-src-eof)
cap dqbuf: 0 seq:    244 bytesused: 10506240 ts: 1897.853677 delta: 33.333 ms delta now: +33.940 ms fps: 30.00 (ts-monotonic, ts-src-eof)
cap dqbuf: 1 seq:    245 bytesused: 10506240 ts: 1897.887012 delta: 33.335 ms delta now: +33.933 ms fps: 30.00 (ts-monotonic, ts-src-eof)
cap dqbuf: 2 seq:    246 bytesused: 10506240 ts: 1897.920345 delta: 33.333 ms delta now: +33.792 ms fps: 30.00 (ts-monotonic, ts-src-eof)
cap dqbuf: 3 seq:    247 bytesused: 10506240 ts: 1897.953677 delta: 33.332 ms delta now: +34.015 ms fps: 30.00 (ts-monotonic, ts-src-eof)
cap dqbuf: 0 seq:    248 bytesused: 10506240 ts: 1897.987011 delta: 33.334 ms delta now: +33.794 ms fps: 30.00 (ts-monotonic, ts-src-eof)
cap dqbuf: 1 seq:    249 bytesused: 10506240 ts: 1898.020344 delta: 33.333 ms delta now: +33.792 ms fps: 30.00 (ts-monotonic, ts-src-eof)
cap dqbuf: 2 seq:    250 bytesused: 10506240 ts: 1898.053677 delta: 33.333 ms delta now: +33.961 ms fps: 30.00 (ts-monotonic, ts-src-eof)
cap dqbuf: 3 seq:    251 bytesused: 10506240 ts: 1898.087012 delta: 33.335 ms delta now: +33.796 ms fps: 30.00 (ts-monotonic, ts-src-eof)
cap dqbuf: 0 seq:    252 bytesused: 10506240 ts: 1898.120344 delta: 33.332 ms delta now: +33.942 ms fps: 30.00 (ts-monotonic, ts-src-eof)
cap dqbuf: 1 seq:    253 bytesused: 10506240 ts: 1898.153678 delta: 33.334 ms delta now: +33.819 ms fps: 30.00 (ts-monotonic, ts-src-eof)
cap dqbuf: 2 seq:    254 bytesused: 10506240 ts: 1898.187011 delta: 33.333 ms delta now: +33.934 ms fps: 30.00 (ts-monotonic, ts-src-eof)
cap dqbuf: 3 seq:    255 bytesused: 10506240 ts: 1898.220345 delta: 33.334 ms delta now: +33.804 ms fps: 30.00 (ts-monotonic, ts-src-eof)
cap dqbuf: 0 seq:    256 bytesused: 10506240 ts: 1898.253678 delta: 33.333 ms delta now: +33.792 ms fps: 30.00 (ts-monotonic, ts-src-eof)
cap dqbuf: 1 seq:    257 bytesused: 10506240 ts: 1898.287011 delta: 33.333 ms delta now: +33.998 ms fps: 30.00 (ts-monotonic, ts-src-eof)
cap dqbuf: 2 seq:    258 bytesused: 10506240 ts: 1898.320345 delta: 33.334 ms delta now: +33.793 ms fps: 30.00 (ts-monotonic, ts-src-eof)
cap dqbuf: 3 seq:    259 bytesused: 10506240 ts: 1898.353678 delta: 33.333 ms delta now: +33.792 ms fps: 30.00 (ts-monotonic, ts-src-eof)
cap dqbuf: 0 seq:    260 bytesused: 10506240 ts: 1898.387011 delta: 33.333 ms delta now: +33.790 ms fps: 30.00 (ts-monotonic, ts-src-eof)
cap dqbuf: 1 seq:    261 bytesused: 10506240 ts: 1898.420344 delta: 33.333 ms delta now: +34.031 ms fps: 30.00 (ts-monotonic, ts-src-eof)
cap dqbuf: 2 seq:    262 bytesused: 10506240 ts: 1898.453678 delta: 33.334 ms delta now: +33.793 ms fps: 30.00 (ts-monotonic, ts-src-eof)
cap dqbuf: 3 seq:    263 bytesused: 10506240 ts: 1898.487011 delta: 33.333 ms delta now: +33.942 ms fps: 30.00 (ts-monotonic, ts-src-eof)
cap dqbuf: 0 seq:    264 bytesused: 10506240 ts: 1898.520345 delta: 33.334 ms delta now: +34.041 ms fps: 30.00 (ts-monotonic, ts-src-eof)
cap dqbuf: 1 seq:    265 bytesused: 10506240 ts: 1898.553678 delta: 33.333 ms delta now: +33.939 ms fps: 30.00 (ts-monotonic, ts-src-eof)
cap dqbuf: 2 seq:    266 bytesused: 10506240 ts: 1898.587012 delta: 33.334 ms delta now: +33.792 ms fps: 30.00 (ts-monotonic, ts-src-eof)
cap dqbuf: 3 seq:    267 bytesused: 10506240 ts: 1898.620344 delta: 33.332 ms delta now: +33.936 ms fps: 30.00 (ts-monotonic, ts-src-eof)
cap dqbuf: 0 seq:    268 bytesused: 10506240 ts: 1898.653678 delta: 33.334 ms delta now: +33.792 ms fps: 30.00 (ts-monotonic, ts-src-eof)
cap dqbuf: 1 seq:    269 bytesused: 10506240 ts: 1898.687011 delta: 33.333 ms delta now: +33.792 ms fps: 30.00 (ts-monotonic, ts-src-eof)
cap dqbuf: 2 seq:    270 bytesused: 10506240 ts: 1898.720344 delta: 33.333 ms delta now: +33.912 ms fps: 30.00 (ts-monotonic, ts-src-eof)
cap dqbuf: 3 seq:    271 bytesused: 10506240 ts: 1898.753678 delta: 33.334 ms delta now: +33.792 ms fps: 30.00 (ts-monotonic, ts-src-eof)
cap dqbuf: 0 seq:    272 bytesused: 10506240 ts: 1898.787011 delta: 33.333 ms delta now: +33.788 ms fps: 30.00 (ts-monotonic, ts-src-eof)
cap dqbuf: 1 seq:    273 bytesused: 10506240 ts: 1898.820344 delta: 33.333 ms delta now: +33.933 ms fps: 30.00 (ts-monotonic, ts-src-eof)
cap dqbuf: 2 seq:    274 bytesused: 10506240 ts: 1898.853678 delta: 33.334 ms delta now: +33.791 ms fps: 30.00 (ts-monotonic, ts-src-eof)
cap dqbuf: 3 seq:    275 bytesused: 10506240 ts: 1898.887011 delta: 33.333 ms delta now: +33.934 ms fps: 30.00 (ts-monotonic, ts-src-eof)
cap dqbuf: 0 seq:    276 bytesused: 10506240 ts: 1898.920345 delta: 33.334 ms delta now: +33.860 ms fps: 30.00 (ts-monotonic, ts-src-eof)
cap dqbuf: 1 seq:    277 bytesused: 10506240 ts: 1898.953678 delta: 33.333 ms delta now: +33.794 ms fps: 30.00 (ts-monotonic, ts-src-eof)
cap dqbuf: 2 seq:    278 bytesused: 10506240 ts: 1898.987011 delta: 33.333 ms delta now: +33.942 ms fps: 30.00 (ts-monotonic, ts-src-eof)
cap dqbuf: 3 seq:    279 bytesused: 10506240 ts: 1899.020345 delta: 33.334 ms delta now: +33.921 ms fps: 30.00 (ts-monotonic, ts-src-eof)
cap dqbuf: 0 seq:    280 bytesused: 10506240 ts: 1899.053678 delta: 33.333 ms delta now: +33.957 ms fps: 30.00 (ts-monotonic, ts-src-eof)
cap dqbuf: 1 seq:    281 bytesused: 10506240 ts: 1899.087012 delta: 33.334 ms delta now: +33.951 ms fps: 30.00 (ts-monotonic, ts-src-eof)
cap dqbuf: 2 seq:    282 bytesused: 10506240 ts: 1899.120345 delta: 33.333 ms delta now: +33.823 ms fps: 30.00 (ts-monotonic, ts-src-eof)
cap dqbuf: 3 seq:    283 bytesused: 10506240 ts: 1899.153678 delta: 33.333 ms delta now: +33.940 ms fps: 30.00 (ts-monotonic, ts-src-eof)
cap dqbuf: 0 seq:    284 bytesused: 10506240 ts: 1899.187012 delta: 33.334 ms delta now: +33.791 ms fps: 30.00 (ts-monotonic, ts-src-eof)
cap dqbuf: 1 seq:    285 bytesused: 10506240 ts: 1899.220344 delta: 33.332 ms delta now: +33.793 ms fps: 30.00 (ts-monotonic, ts-src-eof)
cap dqbuf: 2 seq:    286 bytesused: 10506240 ts: 1899.253678 delta: 33.334 ms delta now: +33.948 ms fps: 30.00 (ts-monotonic, ts-src-eof)
cap dqbuf: 3 seq:    287 bytesused: 10506240 ts: 1899.287012 delta: 33.334 ms delta now: +33.940 ms fps: 30.00 (ts-monotonic, ts-src-eof)
cap dqbuf: 0 seq:    288 bytesused: 10506240 ts: 1899.320345 delta: 33.333 ms delta now: +34.000 ms fps: 30.00 (ts-monotonic, ts-src-eof)
cap dqbuf: 1 seq:    289 bytesused: 10506240 ts: 1899.353678 delta: 33.333 ms delta now: +33.807 ms fps: 30.00 (ts-monotonic, ts-src-eof)
cap dqbuf: 2 seq:    290 bytesused: 10506240 ts: 1899.387011 delta: 33.333 ms delta now: +33.789 ms fps: 30.00 (ts-monotonic, ts-src-eof)
cap dqbuf: 3 seq:    291 bytesused: 10506240 ts: 1899.420344 delta: 33.333 ms delta now: +33.793 ms fps: 30.00 (ts-monotonic, ts-src-eof)
cap dqbuf: 0 seq:    292 bytesused: 10506240 ts: 1899.453678 delta: 33.334 ms delta now: +33.793 ms fps: 30.00 (ts-monotonic, ts-src-eof)
cap dqbuf: 1 seq:    293 bytesused: 10506240 ts: 1899.487011 delta: 33.333 ms delta now: +33.940 ms fps: 30.00 (ts-monotonic, ts-src-eof)
cap dqbuf: 2 seq:    294 bytesused: 10506240 ts: 1899.520345 delta: 33.334 ms delta now: +33.800 ms fps: 30.00 (ts-monotonic, ts-src-eof)
cap dqbuf: 3 seq:    295 bytesused: 10506240 ts: 1899.553678 delta: 33.333 ms delta now: +33.792 ms fps: 30.00 (ts-monotonic, ts-src-eof)
cap dqbuf: 0 seq:    296 bytesused: 10506240 ts: 1899.587011 delta: 33.333 ms delta now: +33.791 ms fps: 30.00 (ts-monotonic, ts-src-eof)
cap dqbuf: 1 seq:    297 bytesused: 10506240 ts: 1899.620344 delta: 33.333 ms delta now: +33.938 ms fps: 30.00 (ts-monotonic, ts-src-eof)
cap dqbuf: 2 seq:    298 bytesused: 10506240 ts: 1899.653678 delta: 33.334 ms delta now: +33.791 ms fps: 30.00 (ts-monotonic, ts-src-eof)
cap dqbuf: 3 seq:    299 bytesused: 10506240 ts: 1899.687011 delta: 33.333 ms delta now: +33.938 ms fps: 30.00 (ts-monotonic, ts-src-eof)
cap dqbuf: 0 seq:    300 bytesused: 10506240 ts: 1899.720345 delta: 33.334 ms delta now: +33.831 ms fps: 30.00 (ts-monotonic, ts-src-eof)
cap dqbuf: 1 seq:    301 bytesused: 10506240 ts: 1899.753677 delta: 33.332 ms delta now: +33.795 ms fps: 30.00 (ts-monotonic, ts-src-eof)
cap dqbuf: 2 seq:    302 bytesused: 10506240 ts: 1899.787011 delta: 33.334 ms delta now: +33.791 ms fps: 30.00 (ts-monotonic, ts-src-eof)
cap dqbuf: 3 seq:    303 bytesused: 10506240 ts: 1899.820344 delta: 33.333 ms delta now: +33.800 ms fps: 30.00 (ts-monotonic, ts-src-eof)
cap dqbuf: 0 seq:    304 bytesused: 10506240 ts: 1899.853677 delta: 33.333 ms delta now: +33.795 ms fps: 30.00 (ts-monotonic, ts-src-eof)
cap dqbuf: 1 seq:    305 bytesused: 10506240 ts: 1899.887011 delta: 33.334 ms delta now: +33.940 ms fps: 30.00 (ts-monotonic, ts-src-eof)
cap dqbuf: 2 seq:    306 bytesused: 10506240 ts: 1899.920345 delta: 33.334 ms delta now: +34.021 ms fps: 30.00 (ts-monotonic, ts-src-eof)
cap dqbuf: 3 seq:    307 bytesused: 10506240 ts: 1899.953678 delta: 33.333 ms delta now: +33.792 ms fps: 30.00 (ts-monotonic, ts-src-eof)
cap dqbuf: 0 seq:    308 bytesused: 10506240 ts: 1899.987011 delta: 33.333 ms delta now: +33.797 ms fps: 30.00 (ts-monotonic, ts-src-eof)
cap dqbuf: 1 seq:    309 bytesused: 10506240 ts: 1900.020345 delta: 33.334 ms delta now: +33.793 ms fps: 30.00 (ts-monotonic, ts-src-eof)
cap dqbuf: 2 seq:    310 bytesused: 10506240 ts: 1900.053678 delta: 33.333 ms delta now: +34.016 ms fps: 30.00 (ts-monotonic, ts-src-eof)
cap dqbuf: 3 seq:    311 bytesused: 10506240 ts: 1900.087012 delta: 33.334 ms delta now: +33.798 ms fps: 30.00 (ts-monotonic, ts-src-eof)
cap dqbuf: 0 seq:    312 bytesused: 10506240 ts: 1900.120344 delta: 33.332 ms delta now: +34.008 ms fps: 30.00 (ts-monotonic, ts-src-eof)
cap dqbuf: 1 seq:    313 bytesused: 10506240 ts: 1900.153678 delta: 33.334 ms delta now: +33.793 ms fps: 30.00 (ts-monotonic, ts-src-eof)
cap dqbuf: 2 seq:    314 bytesused: 10506240 ts: 1900.187011 delta: 33.333 ms delta now: +33.796 ms fps: 30.00 (ts-monotonic, ts-src-eof)
cap dqbuf: 3 seq:    315 bytesused: 10506240 ts: 1900.220344 delta: 33.333 ms delta now: +33.941 ms fps: 30.00 (ts-monotonic, ts-src-eof)
cap dqbuf: 0 seq:    316 bytesused: 10506240 ts: 1900.253678 delta: 33.334 ms delta now: +33.931 ms fps: 30.00 (ts-monotonic, ts-src-eof)
cap dqbuf: 1 seq:    317 bytesused: 10506240 ts: 1900.287012 delta: 33.334 ms delta now: +33.943 ms fps: 30.00 (ts-monotonic, ts-src-eof)
cap dqbuf: 2 seq:    318 bytesused: 10506240 ts: 1900.320345 delta: 33.333 ms delta now: +33.939 ms fps: 30.00 (ts-monotonic, ts-src-eof)
cap dqbuf: 3 seq:    319 bytesused: 10506240 ts: 1900.353679 delta: 33.334 ms delta now: +33.792 ms fps: 30.00 (ts-monotonic, ts-src-eof)
cap dqbuf: 0 seq:    320 bytesused: 10506240 ts: 1900.387011 delta: 33.332 ms delta now: +33.946 ms fps: 30.00 (ts-monotonic, ts-src-eof)
cap dqbuf: 1 seq:    321 bytesused: 10506240 ts: 1900.420345 delta: 33.334 ms delta now: +33.792 ms fps: 30.00 (ts-monotonic, ts-src-eof)
cap dqbuf: 2 seq:    322 bytesused: 10506240 ts: 1900.453678 delta: 33.333 ms delta now: +33.792 ms fps: 30.00 (ts-monotonic, ts-src-eof)
cap dqbuf: 3 seq:    323 bytesused: 10506240 ts: 1900.487011 delta: 33.333 ms delta now: +34.014 ms fps: 30.00 (ts-monotonic, ts-src-eof)
cap dqbuf: 0 seq:    324 bytesused: 10506240 ts: 1900.520345 delta: 33.334 ms delta now: +33.825 ms fps: 30.00 (ts-monotonic, ts-src-eof)
cap dqbuf: 1 seq:    325 bytesused: 10506240 ts: 1900.553679 delta: 33.334 ms delta now: +33.798 ms fps: 30.00 (ts-monotonic, ts-src-eof)
cap dqbuf: 2 seq:    326 bytesused: 10506240 ts: 1900.587011 delta: 33.332 ms delta now: +33.792 ms fps: 30.00 (ts-monotonic, ts-src-eof)
cap dqbuf: 3 seq:    327 bytesused: 10506240 ts: 1900.620344 delta: 33.333 ms delta now: +33.794 ms fps: 30.00 (ts-monotonic, ts-src-eof)
cap dqbuf: 0 seq:    328 bytesused: 10506240 ts: 1900.653678 delta: 33.334 ms delta now: +34.051 ms fps: 30.00 (ts-monotonic, ts-src-eof)
cap dqbuf: 1 seq:    329 bytesused: 10506240 ts: 1900.687011 delta: 33.333 ms delta now: +34.002 ms fps: 30.00 (ts-monotonic, ts-src-eof)
cap dqbuf: 2 seq:    330 bytesused: 10506240 ts: 1900.720345 delta: 33.334 ms delta now: +33.791 ms fps: 30.00 (ts-monotonic, ts-src-eof)
cap dqbuf: 3 seq:    331 bytesused: 10506240 ts: 1900.753678 delta: 33.333 ms delta now: +33.934 ms fps: 30.00 (ts-monotonic, ts-src-eof)
cap dqbuf: 0 seq:    332 bytesused: 10506240 ts: 1900.787012 delta: 33.334 ms delta now: +34.000 ms fps: 30.00 (ts-monotonic, ts-src-eof)
cap dqbuf: 1 seq:    333 bytesused: 10506240 ts: 1900.820345 delta: 33.333 ms delta now: +33.791 ms fps: 30.00 (ts-monotonic, ts-src-eof)
cap dqbuf: 2 seq:    334 bytesused: 10506240 ts: 1900.853678 delta: 33.333 ms delta now: +33.795 ms fps: 30.00 (ts-monotonic, ts-src-eof)
cap dqbuf: 3 seq:    335 bytesused: 10506240 ts: 1900.887011 delta: 33.333 ms delta now: +34.045 ms fps: 30.00 (ts-monotonic, ts-src-eof)
cap dqbuf: 0 seq:    336 bytesused: 10506240 ts: 1900.920345 delta: 33.334 ms delta now: +33.793 ms fps: 30.00 (ts-monotonic, ts-src-eof)
cap dqbuf: 1 seq:    337 bytesused: 10506240 ts: 1900.953678 delta: 33.333 ms delta now: +33.794 ms fps: 30.00 (ts-monotonic, ts-src-eof)
cap dqbuf: 2 seq:    338 bytesused: 10506240 ts: 1900.987011 delta: 33.333 ms delta now: +33.793 ms fps: 30.00 (ts-monotonic, ts-src-eof)
cap dqbuf: 3 seq:    339 bytesused: 10506240 ts: 1901.020344 delta: 33.333 ms delta now: +33.791 ms fps: 30.00 (ts-monotonic, ts-src-eof)
cap dqbuf: 0 seq:    340 bytesused: 10506240 ts: 1901.053678 delta: 33.334 ms delta now: +33.811 ms fps: 30.00 (ts-monotonic, ts-src-eof)
cap dqbuf: 1 seq:    341 bytesused: 10506240 ts: 1901.087011 delta: 33.333 ms delta now: +33.799 ms fps: 30.00 (ts-monotonic, ts-src-eof)
cap dqbuf: 2 seq:    342 bytesused: 10506240 ts: 1901.120344 delta: 33.333 ms delta now: +33.941 ms fps: 30.00 (ts-monotonic, ts-src-eof)
cap dqbuf: 3 seq:    343 bytesused: 10506240 ts: 1901.153678 delta: 33.334 ms delta now: +33.793 ms fps: 30.00 (ts-monotonic, ts-src-eof)
cap dqbuf: 0 seq:    344 bytesused: 10506240 ts: 1901.187011 delta: 33.333 ms delta now: +33.943 ms fps: 30.00 (ts-monotonic, ts-src-eof)
cap dqbuf: 1 seq:    345 bytesused: 10506240 ts: 1901.220345 delta: 33.334 ms delta now: +33.791 ms fps: 30.00 (ts-monotonic, ts-src-eof)
cap dqbuf: 2 seq:    346 bytesused: 10506240 ts: 1901.253678 delta: 33.333 ms delta now: +33.792 ms fps: 30.00 (ts-monotonic, ts-src-eof)
cap dqbuf: 3 seq:    347 bytesused: 10506240 ts: 1901.287011 delta: 33.333 ms delta now: +34.002 ms fps: 30.00 (ts-monotonic, ts-src-eof)
cap dqbuf: 0 seq:    348 bytesused: 10506240 ts: 1901.320345 delta: 33.334 ms delta now: +33.793 ms fps: 30.00 (ts-monotonic, ts-src-eof)
cap dqbuf: 1 seq:    349 bytesused: 10506240 ts: 1901.353678 delta: 33.333 ms delta now: +33.944 ms fps: 30.00 (ts-monotonic, ts-src-eof)
cap dqbuf: 2 seq:    350 bytesused: 10506240 ts: 1901.387012 delta: 33.334 ms delta now: +33.791 ms fps: 30.00 (ts-monotonic, ts-src-eof)
cap dqbuf: 3 seq:    351 bytesused: 10506240 ts: 1901.420344 delta: 33.332 ms delta now: +33.944 ms fps: 30.00 (ts-monotonic, ts-src-eof)
cap dqbuf: 0 seq:    352 bytesused: 10506240 ts: 1901.453679 delta: 33.335 ms delta now: +33.938 ms fps: 30.00 (ts-monotonic, ts-src-eof)
cap dqbuf: 1 seq:    353 bytesused: 10506240 ts: 1901.487012 delta: 33.333 ms delta now: +33.943 ms fps: 30.00 (ts-monotonic, ts-src-eof)
cap dqbuf: 2 seq:    354 bytesused: 10506240 ts: 1901.520345 delta: 33.333 ms delta now: +34.004 ms fps: 30.00 (ts-monotonic, ts-src-eof)
cap dqbuf: 3 seq:    355 bytesused: 10506240 ts: 1901.553679 delta: 33.334 ms delta now: +33.789 ms fps: 30.00 (ts-monotonic, ts-src-eof)
cap dqbuf: 0 seq:    356 bytesused: 10506240 ts: 1901.587011 delta: 33.332 ms delta now: +33.944 ms fps: 30.00 (ts-monotonic, ts-src-eof)
cap dqbuf: 1 seq:    357 bytesused: 10506240 ts: 1901.620345 delta: 33.334 ms delta now: +33.793 ms fps: 30.00 (ts-monotonic, ts-src-eof)
cap dqbuf: 2 seq:    358 bytesused: 10506240 ts: 1901.653678 delta: 33.333 ms delta now: +33.939 ms fps: 30.00 (ts-monotonic, ts-src-eof)
cap dqbuf: 3 seq:    359 bytesused: 10506240 ts: 1901.687012 delta: 33.334 ms delta now: +33.932 ms fps: 30.00 (ts-monotonic, ts-src-eof)
cap dqbuf: 0 seq:    360 bytesused: 10506240 ts: 1901.720345 delta: 33.333 ms delta now: +33.791 ms fps: 30.00 (ts-monotonic, ts-src-eof)
cap dqbuf: 1 seq:    361 bytesused: 10506240 ts: 1901.753678 delta: 33.333 ms delta now: +33.794 ms fps: 30.00 (ts-monotonic, ts-src-eof)
cap dqbuf: 2 seq:    362 bytesused: 10506240 ts: 1901.787011 delta: 33.333 ms delta now: +33.997 ms fps: 30.00 (ts-monotonic, ts-src-eof)
cap dqbuf: 3 seq:    363 bytesused: 10506240 ts: 1901.820345 delta: 33.334 ms delta now: +33.794 ms fps: 30.00 (ts-monotonic, ts-src-eof)
cap dqbuf: 0 seq:    364 bytesused: 10506240 ts: 1901.853678 delta: 33.333 ms delta now: +34.007 ms fps: 30.00 (ts-monotonic, ts-src-eof)
cap dqbuf: 1 seq:    365 bytesused: 10506240 ts: 1901.887012 delta: 33.334 ms delta now: +33.791 ms fps: 30.00 (ts-monotonic, ts-src-eof)
cap dqbuf: 2 seq:    366 bytesused: 10506240 ts: 1901.920345 delta: 33.333 ms delta now: +33.793 ms fps: 30.00 (ts-monotonic, ts-src-eof)
cap dqbuf: 3 seq:    367 bytesused: 10506240 ts: 1901.953678 delta: 33.333 ms delta now: +33.794 ms fps: 30.00 (ts-monotonic, ts-src-eof)
cap dqbuf: 0 seq:    368 bytesused: 10506240 ts: 1901.987011 delta: 33.333 ms delta now: +33.958 ms fps: 30.00 (ts-monotonic, ts-src-eof)
cap dqbuf: 1 seq:    369 bytesused: 10506240 ts: 1902.020345 delta: 33.334 ms delta now: +33.792 ms fps: 30.00 (ts-monotonic, ts-src-eof)
cap dqbuf: 2 seq:    370 bytesused: 10506240 ts: 1902.053678 delta: 33.333 ms delta now: +33.831 ms fps: 30.00 (ts-monotonic, ts-src-eof)
cap dqbuf: 3 seq:    371 bytesused: 10506240 ts: 1902.087011 delta: 33.333 ms delta now: +34.061 ms fps: 30.00 (ts-monotonic, ts-src-eof)
cap dqbuf: 0 seq:    372 bytesused: 10506240 ts: 1902.120346 delta: 33.335 ms delta now: +33.797 ms fps: 30.00 (ts-monotonic, ts-src-eof)
cap dqbuf: 1 seq:    373 bytesused: 10506240 ts: 1902.153678 delta: 33.332 ms delta now: +33.794 ms fps: 30.00 (ts-monotonic, ts-src-eof)
cap dqbuf: 2 seq:    374 bytesused: 10506240 ts: 1902.187011 delta: 33.333 ms delta now: +33.920 ms fps: 30.00 (ts-monotonic, ts-src-eof)
cap dqbuf: 3 seq:    375 bytesused: 10506240 ts: 1902.220344 delta: 33.333 ms delta now: +33.796 ms fps: 30.00 (ts-monotonic, ts-src-eof)
cap dqbuf: 0 seq:    376 bytesused: 10506240 ts: 1902.253678 delta: 33.334 ms delta now: +33.812 ms fps: 30.00 (ts-monotonic, ts-src-eof)
cap dqbuf: 1 seq:    377 bytesused: 10506240 ts: 1902.287011 delta: 33.333 ms delta now: +34.003 ms fps: 30.00 (ts-monotonic, ts-src-eof)
cap dqbuf: 2 seq:    378 bytesused: 10506240 ts: 1902.320345 delta: 33.334 ms delta now: +33.940 ms fps: 30.00 (ts-monotonic, ts-src-eof)
cap dqbuf: 3 seq:    379 bytesused: 10506240 ts: 1902.353679 delta: 33.334 ms delta now: +34.032 ms fps: 30.00 (ts-monotonic, ts-src-eof)
cap dqbuf: 0 seq:    380 bytesused: 10506240 ts: 1902.387012 delta: 33.333 ms delta now: +34.001 ms fps: 30.00 (ts-monotonic, ts-src-eof)
cap dqbuf: 1 seq:    381 bytesused: 10506240 ts: 1902.420345 delta: 33.333 ms delta now: +33.820 ms fps: 30.00 (ts-monotonic, ts-src-eof)
cap dqbuf: 2 seq:    382 bytesused: 10506240 ts: 1902.453678 delta: 33.333 ms delta now: +34.005 ms fps: 30.00 (ts-monotonic, ts-src-eof)
cap dqbuf: 3 seq:    383 bytesused: 10506240 ts: 1902.487012 delta: 33.334 ms delta now: +33.794 ms fps: 30.00 (ts-monotonic, ts-src-eof)
cap dqbuf: 0 seq:    384 bytesused: 10506240 ts: 1902.520345 delta: 33.333 ms delta now: +33.790 ms fps: 30.00 (ts-monotonic, ts-src-eof)
cap dqbuf: 1 seq:    385 bytesused: 10506240 ts: 1902.553678 delta: 33.333 ms delta now: +33.795 ms fps: 30.00 (ts-monotonic, ts-src-eof)
cap dqbuf: 2 seq:    386 bytesused: 10506240 ts: 1902.587011 delta: 33.333 ms delta now: +33.797 ms fps: 30.00 (ts-monotonic, ts-src-eof)
cap dqbuf: 3 seq:    387 bytesused: 10506240 ts: 1902.620345 delta: 33.334 ms delta now: +33.934 ms fps: 30.00 (ts-monotonic, ts-src-eof)
cap dqbuf: 0 seq:    388 bytesused: 10506240 ts: 1902.653679 delta: 33.334 ms delta now: +33.808 ms fps: 30.00 (ts-monotonic, ts-src-eof)
cap dqbuf: 1 seq:    389 bytesused: 10506240 ts: 1902.687011 delta: 33.332 ms delta now: +33.916 ms fps: 30.00 (ts-monotonic, ts-src-eof)
cap dqbuf: 2 seq:    390 bytesused: 10506240 ts: 1902.720345 delta: 33.334 ms delta now: +34.048 ms fps: 30.00 (ts-monotonic, ts-src-eof)
cap dqbuf: 3 seq:    391 bytesused: 10506240 ts: 1902.753679 delta: 33.334 ms delta now: +33.814 ms fps: 30.00 (ts-monotonic, ts-src-eof)
cap dqbuf: 0 seq:    392 bytesused: 10506240 ts: 1902.787012 delta: 33.333 ms delta now: +33.797 ms fps: 30.00 (ts-monotonic, ts-src-eof)
cap dqbuf: 1 seq:    393 bytesused: 10506240 ts: 1902.820345 delta: 33.333 ms delta now: +33.947 ms fps: 30.00 (ts-monotonic, ts-src-eof)
cap dqbuf: 2 seq:    394 bytesused: 10506240 ts: 1902.853679 delta: 33.334 ms delta now: +33.793 ms fps: 30.00 (ts-monotonic, ts-src-eof)
cap dqbuf: 3 seq:    395 bytesused: 10506240 ts: 1902.887011 delta: 33.332 ms delta now: +33.796 ms fps: 30.00 (ts-monotonic, ts-src-eof)
cap dqbuf: 0 seq:    396 bytesused: 10506240 ts: 1902.920344 delta: 33.333 ms delta now: +33.793 ms fps: 30.00 (ts-monotonic, ts-src-eof)
cap dqbuf: 1 seq:    397 bytesused: 10506240 ts: 1902.953678 delta: 33.334 ms delta now: +33.792 ms fps: 30.00 (ts-monotonic, ts-src-eof)
cap dqbuf: 2 seq:    398 bytesused: 10506240 ts: 1902.987011 delta: 33.333 ms delta now: +33.936 ms fps: 30.00 (ts-monotonic, ts-src-eof)
cap dqbuf: 3 seq:    399 bytesused: 10506240 ts: 1903.020345 delta: 33.334 ms delta now: +33.792 ms fps: 30.00 (ts-monotonic, ts-src-eof)
cap dqbuf: 0 seq:    400 bytesused: 10506240 ts: 1903.053678 delta: 33.333 ms delta now: +33.808 ms fps: 30.00 (ts-monotonic, ts-src-eof)
cap dqbuf: 1 seq:    401 bytesused: 10506240 ts: 1903.087011 delta: 33.333 ms delta now: +33.950 ms fps: 30.00 (ts-monotonic, ts-src-eof)
cap dqbuf: 2 seq:    402 bytesused: 10506240 ts: 1903.120346 delta: 33.335 ms delta now: +33.793 ms fps: 30.00 (ts-monotonic, ts-src-eof)
cap dqbuf: 3 seq:    403 bytesused: 10506240 ts: 1903.153678 delta: 33.332 ms delta now: +34.053 ms fps: 30.00 (ts-monotonic, ts-src-eof)
cap dqbuf: 0 seq:    404 bytesused: 10506240 ts: 1903.187012 delta: 33.334 ms delta now: +33.794 ms fps: 30.00 (ts-monotonic, ts-src-eof)
cap dqbuf: 1 seq:    405 bytesused: 10506240 ts: 1903.220345 delta: 33.333 ms delta now: +33.795 ms fps: 30.00 (ts-monotonic, ts-src-eof)
cap dqbuf: 2 seq:    406 bytesused: 10506240 ts: 1903.253678 delta: 33.333 ms delta now: +33.969 ms fps: 30.00 (ts-monotonic, ts-src-eof)
cap dqbuf: 3 seq:    407 bytesused: 10506240 ts: 1903.287012 delta: 33.334 ms delta now: +33.826 ms fps: 30.00 (ts-monotonic, ts-src-eof)
cap dqbuf: 0 seq:    408 bytesused: 10506240 ts: 1903.320346 delta: 33.334 ms delta now: +33.791 ms fps: 30.00 (ts-monotonic, ts-src-eof)
cap dqbuf: 1 seq:    409 bytesused: 10506240 ts: 1903.353678 delta: 33.332 ms delta now: +33.940 ms fps: 30.00 (ts-monotonic, ts-src-eof)
cap dqbuf: 2 seq:    410 bytesused: 10506240 ts: 1903.387012 delta: 33.334 ms delta now: +33.792 ms fps: 30.00 (ts-monotonic, ts-src-eof)
cap dqbuf: 3 seq:    411 bytesused: 10506240 ts: 1903.420345 delta: 33.333 ms delta now: +33.808 ms fps: 30.00 (ts-monotonic, ts-src-eof)
cap dqbuf: 0 seq:    412 bytesused: 10506240 ts: 1903.453678 delta: 33.333 ms delta now: +33.942 ms fps: 30.00 (ts-monotonic, ts-src-eof)
cap dqbuf: 1 seq:    413 bytesused: 10506240 ts: 1903.487012 delta: 33.334 ms delta now: +33.800 ms fps: 30.00 (ts-monotonic, ts-src-eof)
cap dqbuf: 2 seq:    414 bytesused: 10506240 ts: 1903.520345 delta: 33.333 ms delta now: +33.822 ms fps: 30.00 (ts-monotonic, ts-src-eof)
cap dqbuf: 3 seq:    415 bytesused: 10506240 ts: 1903.553679 delta: 33.334 ms delta now: +33.940 ms fps: 30.00 (ts-monotonic, ts-src-eof)
cap dqbuf: 0 seq:    416 bytesused: 10506240 ts: 1903.587012 delta: 33.333 ms delta now: +33.945 ms fps: 30.00 (ts-monotonic, ts-src-eof)
cap dqbuf: 1 seq:    417 bytesused: 10506240 ts: 1903.620345 delta: 33.333 ms delta now: +33.792 ms fps: 30.00 (ts-monotonic, ts-src-eof)
cap dqbuf: 2 seq:    418 bytesused: 10506240 ts: 1903.653678 delta: 33.333 ms delta now: +33.938 ms fps: 30.00 (ts-monotonic, ts-src-eof)
cap dqbuf: 3 seq:    419 bytesused: 10506240 ts: 1903.687012 delta: 33.334 ms delta now: +33.793 ms fps: 30.00 (ts-monotonic, ts-src-eof)
cap dqbuf: 0 seq:    420 bytesused: 10506240 ts: 1903.720345 delta: 33.333 ms delta now: +33.796 ms fps: 30.00 (ts-monotonic, ts-src-eof)
cap dqbuf: 1 seq:    421 bytesused: 10506240 ts: 1903.753678 delta: 33.333 ms delta now: +33.814 ms fps: 30.00 (ts-monotonic, ts-src-eof)
cap dqbuf: 2 seq:    422 bytesused: 10506240 ts: 1903.787012 delta: 33.334 ms delta now: +33.790 ms fps: 30.00 (ts-monotonic, ts-src-eof)
cap dqbuf: 3 seq:    423 bytesused: 10506240 ts: 1903.820345 delta: 33.333 ms delta now: +33.941 ms fps: 30.00 (ts-monotonic, ts-src-eof)
cap dqbuf: 0 seq:    424 bytesused: 10506240 ts: 1903.853679 delta: 33.334 ms delta now: +33.793 ms fps: 30.00 (ts-monotonic, ts-src-eof)
cap dqbuf: 1 seq:    425 bytesused: 10506240 ts: 1903.887011 delta: 33.332 ms delta now: +33.921 ms fps: 30.00 (ts-monotonic, ts-src-eof)
cap dqbuf: 2 seq:    426 bytesused: 10506240 ts: 1903.920345 delta: 33.334 ms delta now: +33.794 ms fps: 30.00 (ts-monotonic, ts-src-eof)
cap dqbuf: 3 seq:    427 bytesused: 10506240 ts: 1903.953678 delta: 33.333 ms delta now: +33.793 ms fps: 30.00 (ts-monotonic, ts-src-eof)
cap dqbuf: 0 seq:    428 bytesused: 10506240 ts: 1903.987011 delta: 33.333 ms delta now: +33.944 ms fps: 30.00 (ts-monotonic, ts-src-eof)
cap dqbuf: 1 seq:    429 bytesused: 10506240 ts: 1904.020346 delta: 33.335 ms delta now: +33.787 ms fps: 30.00 (ts-monotonic, ts-src-eof)
cap dqbuf: 2 seq:    430 bytesused: 10506240 ts: 1904.053678 delta: 33.332 ms delta now: +33.803 ms fps: 30.00 (ts-monotonic, ts-src-eof)
cap dqbuf: 3 seq:    431 bytesused: 10506240 ts: 1904.087011 delta: 33.333 ms delta now: +34.055 ms fps: 30.00 (ts-monotonic, ts-src-eof)
cap dqbuf: 0 seq:    432 bytesused: 10506240 ts: 1904.120346 delta: 33.335 ms delta now: +33.795 ms fps: 30.00 (ts-monotonic, ts-src-eof)
cap dqbuf: 1 seq:    433 bytesused: 10506240 ts: 1904.153678 delta: 33.332 ms delta now: +33.942 ms fps: 30.00 (ts-monotonic, ts-src-eof)
cap dqbuf: 2 seq:    434 bytesused: 10506240 ts: 1904.187012 delta: 33.334 ms delta now: +33.793 ms fps: 30.00 (ts-monotonic, ts-src-eof)
cap dqbuf: 3 seq:    435 bytesused: 10506240 ts: 1904.220345 delta: 33.333 ms delta now: +33.795 ms fps: 30.00 (ts-monotonic, ts-src-eof)
cap dqbuf: 0 seq:    436 bytesused: 10506240 ts: 1904.253678 delta: 33.333 ms delta now: +33.937 ms fps: 30.00 (ts-monotonic, ts-src-eof)
cap dqbuf: 1 seq:    437 bytesused: 10506240 ts: 1904.287012 delta: 33.334 ms delta now: +33.793 ms fps: 30.00 (ts-monotonic, ts-src-eof)
cap dqbuf: 2 seq:    438 bytesused: 10506240 ts: 1904.320345 delta: 33.333 ms delta now: +33.794 ms fps: 30.00 (ts-monotonic, ts-src-eof)
cap dqbuf: 3 seq:    439 bytesused: 10506240 ts: 1904.353678 delta: 33.333 ms delta now: +34.002 ms fps: 30.00 (ts-monotonic, ts-src-eof)
cap dqbuf: 0 seq:    440 bytesused: 10506240 ts: 1904.387012 delta: 33.334 ms delta now: +33.791 ms fps: 30.00 (ts-monotonic, ts-src-eof)
cap dqbuf: 1 seq:    441 bytesused: 10506240 ts: 1904.420345 delta: 33.333 ms delta now: +34.045 ms fps: 30.00 (ts-monotonic, ts-src-eof)
cap dqbuf: 2 seq:    442 bytesused: 10506240 ts: 1904.453679 delta: 33.334 ms delta now: +33.794 ms fps: 30.00 (ts-monotonic, ts-src-eof)
cap dqbuf: 3 seq:    443 bytesused: 10506240 ts: 1904.487011 delta: 33.332 ms delta now: +33.861 ms fps: 30.00 (ts-monotonic, ts-src-eof)
cap dqbuf: 0 seq:    444 bytesused: 10506240 ts: 1904.520345 delta: 33.334 ms delta now: +33.944 ms fps: 30.00 (ts-monotonic, ts-src-eof)
cap dqbuf: 1 seq:    445 bytesused: 10506240 ts: 1904.553679 delta: 33.334 ms delta now: +33.935 ms fps: 30.00 (ts-monotonic, ts-src-eof)
cap dqbuf: 2 seq:    446 bytesused: 10506240 ts: 1904.587012 delta: 33.333 ms delta now: +33.790 ms fps: 30.00 (ts-monotonic, ts-src-eof)
cap dqbuf: 3 seq:    447 bytesused: 10506240 ts: 1904.620345 delta: 33.333 ms delta now: +33.794 ms fps: 30.00 (ts-monotonic, ts-src-eof)
cap dqbuf: 0 seq:    448 bytesused: 10506240 ts: 1904.653678 delta: 33.333 ms delta now: +33.838 ms fps: 30.00 (ts-monotonic, ts-src-eof)
cap dqbuf: 1 seq:    449 bytesused: 10506240 ts: 1904.687011 delta: 33.333 ms delta now: +33.944 ms fps: 30.00 (ts-monotonic, ts-src-eof)
cap dqbuf: 2 seq:    450 bytesused: 10506240 ts: 1904.720346 delta: 33.335 ms delta now: +33.793 ms fps: 30.00 (ts-monotonic, ts-src-eof)
cap dqbuf: 3 seq:    451 bytesused: 10506240 ts: 1904.753678 delta: 33.332 ms delta now: +33.937 ms fps: 30.00 (ts-monotonic, ts-src-eof)
cap dqbuf: 0 seq:    452 bytesused: 10506240 ts: 1904.787012 delta: 33.334 ms delta now: +33.789 ms fps: 30.00 (ts-monotonic, ts-src-eof)
cap dqbuf: 1 seq:    453 bytesused: 10506240 ts: 1904.820345 delta: 33.333 ms delta now: +33.861 ms fps: 30.00 (ts-monotonic, ts-src-eof)
cap dqbuf: 2 seq:    454 bytesused: 10506240 ts: 1904.853679 delta: 33.334 ms delta now: +33.795 ms fps: 30.00 (ts-monotonic, ts-src-eof)
cap dqbuf: 3 seq:    455 bytesused: 10506240 ts: 1904.887012 delta: 33.333 ms delta now: +34.008 ms fps: 30.00 (ts-monotonic, ts-src-eof)
cap dqbuf: 0 seq:    456 bytesused: 10506240 ts: 1904.920346 delta: 33.334 ms delta now: +33.791 ms fps: 30.00 (ts-monotonic, ts-src-eof)
cap dqbuf: 1 seq:    457 bytesused: 10506240 ts: 1904.953678 delta: 33.332 ms delta now: +33.927 ms fps: 30.00 (ts-monotonic, ts-src-eof)
cap dqbuf: 2 seq:    458 bytesused: 10506240 ts: 1904.987012 delta: 33.334 ms delta now: +33.793 ms fps: 30.00 (ts-monotonic, ts-src-eof)
cap dqbuf: 3 seq:    459 bytesused: 10506240 ts: 1905.020345 delta: 33.333 ms delta now: +33.793 ms fps: 30.00 (ts-monotonic, ts-src-eof)
cap dqbuf: 0 seq:    460 bytesused: 10506240 ts: 1905.053678 delta: 33.333 ms delta now: +33.992 ms fps: 30.00 (ts-monotonic, ts-src-eof)
cap dqbuf: 1 seq:    461 bytesused: 10506240 ts: 1905.087012 delta: 33.334 ms delta now: +33.951 ms fps: 30.00 (ts-monotonic, ts-src-eof)
cap dqbuf: 2 seq:    462 bytesused: 10506240 ts: 1905.120346 delta: 33.334 ms delta now: +33.944 ms fps: 30.00 (ts-monotonic, ts-src-eof)
cap dqbuf: 3 seq:    463 bytesused: 10506240 ts: 1905.153679 delta: 33.333 ms delta now: +33.933 ms fps: 30.00 (ts-monotonic, ts-src-eof)
cap dqbuf: 0 seq:    464 bytesused: 10506240 ts: 1905.187012 delta: 33.333 ms delta now: +33.950 ms fps: 30.00 (ts-monotonic, ts-src-eof)
cap dqbuf: 1 seq:    465 bytesused: 10506240 ts: 1905.220345 delta: 33.333 ms delta now: +33.793 ms fps: 30.00 (ts-monotonic, ts-src-eof)
cap dqbuf: 2 seq:    466 bytesused: 10506240 ts: 1905.253678 delta: 33.333 ms delta now: +33.795 ms fps: 30.00 (ts-monotonic, ts-src-eof)
cap dqbuf: 3 seq:    467 bytesused: 10506240 ts: 1905.287011 delta: 33.333 ms delta now: +33.994 ms fps: 30.00 (ts-monotonic, ts-src-eof)
cap dqbuf: 0 seq:    468 bytesused: 10506240 ts: 1905.320346 delta: 33.335 ms delta now: +33.792 ms fps: 30.00 (ts-monotonic, ts-src-eof)
cap dqbuf: 1 seq:    469 bytesused: 10506240 ts: 1905.353678 delta: 33.332 ms delta now: +33.916 ms fps: 30.00 (ts-monotonic, ts-src-eof)
cap dqbuf: 2 seq:    470 bytesused: 10506240 ts: 1905.387011 delta: 33.333 ms delta now: +33.939 ms fps: 30.00 (ts-monotonic, ts-src-eof)
cap dqbuf: 3 seq:    471 bytesused: 10506240 ts: 1905.420346 delta: 33.335 ms delta now: +33.794 ms fps: 30.00 (ts-monotonic, ts-src-eof)
cap dqbuf: 0 seq:    472 bytesused: 10506240 ts: 1905.453678 delta: 33.332 ms delta now: +34.008 ms fps: 30.00 (ts-monotonic, ts-src-eof)
cap dqbuf: 1 seq:    473 bytesused: 10506240 ts: 1905.487012 delta: 33.334 ms delta now: +33.792 ms fps: 30.00 (ts-monotonic, ts-src-eof)
cap dqbuf: 2 seq:    474 bytesused: 10506240 ts: 1905.520345 delta: 33.333 ms delta now: +33.793 ms fps: 30.00 (ts-monotonic, ts-src-eof)
cap dqbuf: 3 seq:    475 bytesused: 10506240 ts: 1905.553678 delta: 33.333 ms delta now: +33.938 ms fps: 30.00 (ts-monotonic, ts-src-eof)
cap dqbuf: 0 seq:    476 bytesused: 10506240 ts: 1905.587012 delta: 33.334 ms delta now: +33.793 ms fps: 30.00 (ts-monotonic, ts-src-eof)
cap dqbuf: 1 seq:    477 bytesused: 10506240 ts: 1905.620345 delta: 33.333 ms delta now: +33.934 ms fps: 30.00 (ts-monotonic, ts-src-eof)
cap dqbuf: 2 seq:    478 bytesused: 10506240 ts: 1905.653679 delta: 33.334 ms delta now: +33.792 ms fps: 30.00 (ts-monotonic, ts-src-eof)
cap dqbuf: 3 seq:    479 bytesused: 10506240 ts: 1905.687012 delta: 33.333 ms delta now: +33.794 ms fps: 30.00 (ts-monotonic, ts-src-eof)
cap dqbuf: 0 seq:    480 bytesused: 10506240 ts: 1905.720345 delta: 33.333 ms delta now: +33.934 ms fps: 30.00 (ts-monotonic, ts-src-eof)
cap dqbuf: 1 seq:    481 bytesused: 10506240 ts: 1905.753679 delta: 33.334 ms delta now: +33.795 ms fps: 30.00 (ts-monotonic, ts-src-eof)
cap dqbuf: 2 seq:    482 bytesused: 10506240 ts: 1905.787012 delta: 33.333 ms delta now: +33.791 ms fps: 30.00 (ts-monotonic, ts-src-eof)
cap dqbuf: 3 seq:    483 bytesused: 10506240 ts: 1905.820345 delta: 33.333 ms delta now: +33.944 ms fps: 30.00 (ts-monotonic, ts-src-eof)
cap dqbuf: 0 seq:    484 bytesused: 10506240 ts: 1905.853679 delta: 33.334 ms delta now: +33.793 ms fps: 30.00 (ts-monotonic, ts-src-eof)
cap dqbuf: 1 seq:    485 bytesused: 10506240 ts: 1905.887012 delta: 33.333 ms delta now: +33.948 ms fps: 30.00 (ts-monotonic, ts-src-eof)
cap dqbuf: 2 seq:    486 bytesused: 10506240 ts: 1905.920346 delta: 33.334 ms delta now: +33.794 ms fps: 30.00 (ts-monotonic, ts-src-eof)
cap dqbuf: 3 seq:    487 bytesused: 10506240 ts: 1905.953678 delta: 33.332 ms delta now: +34.048 ms fps: 30.00 (ts-monotonic, ts-src-eof)
cap dqbuf: 0 seq:    488 bytesused: 10506240 ts: 1905.987012 delta: 33.334 ms delta now: +33.794 ms fps: 30.00 (ts-monotonic, ts-src-eof)
cap dqbuf: 1 seq:    489 bytesused: 10506240 ts: 1906.020345 delta: 33.333 ms delta now: +33.792 ms fps: 30.00 (ts-monotonic, ts-src-eof)
cap dqbuf: 2 seq:    490 bytesused: 10506240 ts: 1906.053678 delta: 33.333 ms delta now: +33.834 ms fps: 30.00 (ts-monotonic, ts-src-eof)
cap dqbuf: 3 seq:    491 bytesused: 10506240 ts: 1906.087012 delta: 33.334 ms delta now: +33.949 ms fps: 30.00 (ts-monotonic, ts-src-eof)
cap dqbuf: 0 seq:    492 bytesused: 10506240 ts: 1906.120346 delta: 33.334 ms delta now: +33.940 ms fps: 30.00 (ts-monotonic, ts-src-eof)
cap dqbuf: 1 seq:    493 bytesused: 10506240 ts: 1906.153679 delta: 33.333 ms delta now: +33.933 ms fps: 30.00 (ts-monotonic, ts-src-eof)
cap dqbuf: 2 seq:    494 bytesused: 10506240 ts: 1906.187012 delta: 33.333 ms delta now: +33.794 ms fps: 30.00 (ts-monotonic, ts-src-eof)
cap dqbuf: 3 seq:    495 bytesused: 10506240 ts: 1906.220345 delta: 33.333 ms delta now: +33.975 ms fps: 30.00 (ts-monotonic, ts-src-eof)
cap dqbuf: 0 seq:    496 bytesused: 10506240 ts: 1906.253679 delta: 33.334 ms delta now: +33.835 ms fps: 30.00 (ts-monotonic, ts-src-eof)
cap dqbuf: 1 seq:    497 bytesused: 10506240 ts: 1906.287012 delta: 33.333 ms delta now: +34.051 ms fps: 30.00 (ts-monotonic, ts-src-eof)
cap dqbuf: 2 seq:    498 bytesused: 10506240 ts: 1906.320346 delta: 33.334 ms delta now: +33.938 ms fps: 30.00 (ts-monotonic, ts-src-eof)
cap dqbuf: 3 seq:    499 bytesused: 10506240 ts: 1906.353679 delta: 33.333 ms delta now: +33.794 ms fps: 30.00 (ts-monotonic, ts-src-eof)
cap dqbuf: 0 seq:    500 bytesused: 10506240 ts: 1906.387011 delta: 33.332 ms delta now: +33.943 ms fps: 30.00 (ts-monotonic, ts-src-eof)
cap dqbuf: 1 seq:    501 bytesused: 10506240 ts: 1906.420346 delta: 33.335 ms delta now: +33.792 ms fps: 30.00 (ts-monotonic, ts-src-eof)
cap dqbuf: 2 seq:    502 bytesused: 10506240 ts: 1906.453678 delta: 33.332 ms delta now: +33.807 ms fps: 30.00 (ts-monotonic, ts-src-eof)
cap dqbuf: 3 seq:    503 bytesused: 10506240 ts: 1906.487011 delta: 33.333 ms delta now: +34.004 ms fps: 30.00 (ts-monotonic, ts-src-eof)
cap dqbuf: 0 seq:    504 bytesused: 10506240 ts: 1906.520346 delta: 33.335 ms delta now: +33.792 ms fps: 30.00 (ts-monotonic, ts-src-eof)
cap dqbuf: 1 seq:    505 bytesused: 10506240 ts: 1906.553678 delta: 33.332 ms delta now: +33.815 ms fps: 30.00 (ts-monotonic, ts-src-eof)
cap dqbuf: 2 seq:    506 bytesused: 10506240 ts: 1906.587012 delta: 33.334 ms delta now: +33.794 ms fps: 30.00 (ts-monotonic, ts-src-eof)
cap dqbuf: 3 seq:    507 bytesused: 10506240 ts: 1906.620345 delta: 33.333 ms delta now: +33.940 ms fps: 30.00 (ts-monotonic, ts-src-eof)
cap dqbuf: 0 seq:    508 bytesused: 10506240 ts: 1906.653679 delta: 33.334 ms delta now: +33.793 ms fps: 30.00 (ts-monotonic, ts-src-eof)
cap dqbuf: 1 seq:    509 bytesused: 10506240 ts: 1906.687012 delta: 33.333 ms delta now: +33.936 ms fps: 30.00 (ts-monotonic, ts-src-eof)
cap dqbuf: 2 seq:    510 bytesused: 10506240 ts: 1906.720346 delta: 33.334 ms delta now: +33.867 ms fps: 30.00 (ts-monotonic, ts-src-eof)
cap dqbuf: 3 seq:    511 bytesused: 10506240 ts: 1906.753679 delta: 33.333 ms delta now: +33.972 ms fps: 30.00 (ts-monotonic, ts-src-eof)
cap dqbuf: 0 seq:    512 bytesused: 10506240 ts: 1906.787012 delta: 33.333 ms delta now: +33.938 ms fps: 30.00 (ts-monotonic, ts-src-eof)
cap dqbuf: 1 seq:    513 bytesused: 10506240 ts: 1906.820346 delta: 33.334 ms delta now: +33.793 ms fps: 30.00 (ts-monotonic, ts-src-eof)
cap dqbuf: 2 seq:    514 bytesused: 10506240 ts: 1906.853678 delta: 33.332 ms delta now: +33.821 ms fps: 30.00 (ts-monotonic, ts-src-eof)
cap dqbuf: 3 seq:    515 bytesused: 10506240 ts: 1906.887012 delta: 33.334 ms delta now: +33.940 ms fps: 30.00 (ts-monotonic, ts-src-eof)
cap dqbuf: 0 seq:    516 bytesused: 10506240 ts: 1906.920346 delta: 33.334 ms delta now: +33.933 ms fps: 30.00 (ts-monotonic, ts-src-eof)
cap dqbuf: 1 seq:    517 bytesused: 10506240 ts: 1906.953679 delta: 33.333 ms delta now: +33.793 ms fps: 30.00 (ts-monotonic, ts-src-eof)
cap dqbuf: 2 seq:    518 bytesused: 10506240 ts: 1906.987012 delta: 33.333 ms delta now: +33.808 ms fps: 30.00 (ts-monotonic, ts-src-eof)
cap dqbuf: 3 seq:    519 bytesused: 10506240 ts: 1907.020345 delta: 33.333 ms delta now: +33.792 ms fps: 30.00 (ts-monotonic, ts-src-eof)
cap dqbuf: 0 seq:    520 bytesused: 10506240 ts: 1907.053678 delta: 33.333 ms delta now: +33.954 ms fps: 30.00 (ts-monotonic, ts-src-eof)
cap dqbuf: 1 seq:    521 bytesused: 10506240 ts: 1907.087012 delta: 33.334 ms delta now: +33.839 ms fps: 30.00 (ts-monotonic, ts-src-eof)
cap dqbuf: 2 seq:    522 bytesused: 10506240 ts: 1907.120345 delta: 33.333 ms delta now: +33.794 ms fps: 30.00 (ts-monotonic, ts-src-eof)
cap dqbuf: 3 seq:    523 bytesused: 10506240 ts: 1907.153678 delta: 33.333 ms delta now: +33.930 ms fps: 30.00 (ts-monotonic, ts-src-eof)
cap dqbuf: 0 seq:    524 bytesused: 10506240 ts: 1907.187012 delta: 33.334 ms delta now: +33.793 ms fps: 30.00 (ts-monotonic, ts-src-eof)
cap dqbuf: 1 seq:    525 bytesused: 10506240 ts: 1907.220345 delta: 33.333 ms delta now: +33.793 ms fps: 30.00 (ts-monotonic, ts-src-eof)
cap dqbuf: 2 seq:    526 bytesused: 10506240 ts: 1907.253678 delta: 33.333 ms delta now: +33.930 ms fps: 30.00 (ts-monotonic, ts-src-eof)
cap dqbuf: 3 seq:    527 bytesused: 10506240 ts: 1907.287013 delta: 33.335 ms delta now: +33.792 ms fps: 30.00 (ts-monotonic, ts-src-eof)
cap dqbuf: 0 seq:    528 bytesused: 10506240 ts: 1907.320345 delta: 33.332 ms delta now: +33.795 ms fps: 30.00 (ts-monotonic, ts-src-eof)
cap dqbuf: 1 seq:    529 bytesused: 10506240 ts: 1907.353679 delta: 33.334 ms delta now: +33.829 ms fps: 30.00 (ts-monotonic, ts-src-eof)
cap dqbuf: 2 seq:    530 bytesused: 10506240 ts: 1907.387013 delta: 33.334 ms delta now: +33.789 ms fps: 30.00 (ts-monotonic, ts-src-eof)
cap dqbuf: 3 seq:    531 bytesused: 10506240 ts: 1907.420345 delta: 33.332 ms delta now: +33.793 ms fps: 30.00 (ts-monotonic, ts-src-eof)
cap dqbuf: 0 seq:    532 bytesused: 10506240 ts: 1907.453679 delta: 33.334 ms delta now: +33.824 ms fps: 30.00 (ts-monotonic, ts-src-eof)
cap dqbuf: 1 seq:    533 bytesused: 10506240 ts: 1907.487013 delta: 33.334 ms delta now: +33.843 ms fps: 30.00 (ts-monotonic, ts-src-eof)
cap dqbuf: 2 seq:    534 bytesused: 10506240 ts: 1907.520345 delta: 33.332 ms delta now: +33.940 ms fps: 30.00 (ts-monotonic, ts-src-eof)
cap dqbuf: 3 seq:    535 bytesused: 10506240 ts: 1907.553679 delta: 33.334 ms delta now: +33.793 ms fps: 30.00 (ts-monotonic, ts-src-eof)
cap dqbuf: 0 seq:    536 bytesused: 10506240 ts: 1907.587012 delta: 33.333 ms delta now: +33.942 ms fps: 30.00 (ts-monotonic, ts-src-eof)
cap dqbuf: 1 seq:    537 bytesused: 10506240 ts: 1907.620346 delta: 33.334 ms delta now: +33.931 ms fps: 30.00 (ts-monotonic, ts-src-eof)
cap dqbuf: 2 seq:    538 bytesused: 10506240 ts: 1907.653679 delta: 33.333 ms delta now: +33.795 ms fps: 30.00 (ts-monotonic, ts-src-eof)
cap dqbuf: 3 seq:    539 bytesused: 10506240 ts: 1907.687012 delta: 33.333 ms delta now: +33.795 ms fps: 30.00 (ts-monotonic, ts-src-eof)
cap dqbuf: 0 seq:    540 bytesused: 10506240 ts: 1907.720345 delta: 33.333 ms delta now: +33.794 ms fps: 30.00 (ts-monotonic, ts-src-eof)
cap dqbuf: 1 seq:    541 bytesused: 10506240 ts: 1907.753678 delta: 33.333 ms delta now: +33.943 ms fps: 30.00 (ts-monotonic, ts-src-eof)
cap dqbuf: 2 seq:    542 bytesused: 10506240 ts: 1907.787012 delta: 33.334 ms delta now: +33.794 ms fps: 30.00 (ts-monotonic, ts-src-eof)
cap dqbuf: 3 seq:    543 bytesused: 10506240 ts: 1907.820345 delta: 33.333 ms delta now: +33.794 ms fps: 30.00 (ts-monotonic, ts-src-eof)
cap dqbuf: 0 seq:    544 bytesused: 10506240 ts: 1907.853678 delta: 33.333 ms delta now: +33.795 ms fps: 30.00 (ts-monotonic, ts-src-eof)
cap dqbuf: 1 seq:    545 bytesused: 10506240 ts: 1907.887012 delta: 33.334 ms delta now: +33.935 ms fps: 30.00 (ts-monotonic, ts-src-eof)
cap dqbuf: 2 seq:    546 bytesused: 10506240 ts: 1907.920346 delta: 33.334 ms delta now: +33.789 ms fps: 30.00 (ts-monotonic, ts-src-eof)
cap dqbuf: 3 seq:    547 bytesused: 10506240 ts: 1907.953678 delta: 33.332 ms delta now: +33.801 ms fps: 30.00 (ts-monotonic, ts-src-eof)
cap dqbuf: 0 seq:    548 bytesused: 10506240 ts: 1907.987012 delta: 33.334 ms delta now: +33.795 ms fps: 30.00 (ts-monotonic, ts-src-eof)
cap dqbuf: 1 seq:    549 bytesused: 10506240 ts: 1908.020345 delta: 33.333 ms delta now: +33.791 ms fps: 30.00 (ts-monotonic, ts-src-eof)
cap dqbuf: 2 seq:    550 bytesused: 10506240 ts: 1908.053678 delta: 33.333 ms delta now: +33.805 ms fps: 30.00 (ts-monotonic, ts-src-eof)
cap dqbuf: 3 seq:    551 bytesused: 10506240 ts: 1908.087012 delta: 33.334 ms delta now: +33.948 ms fps: 30.00 (ts-monotonic, ts-src-eof)
cap dqbuf: 0 seq:    552 bytesused: 10506240 ts: 1908.120346 delta: 33.334 ms delta now: +33.795 ms fps: 30.00 (ts-monotonic, ts-src-eof)
cap dqbuf: 1 seq:    553 bytesused: 10506240 ts: 1908.153679 delta: 33.333 ms delta now: +33.838 ms fps: 30.00 (ts-monotonic, ts-src-eof)
cap dqbuf: 2 seq:    554 bytesused: 10506240 ts: 1908.187012 delta: 33.333 ms delta now: +33.809 ms fps: 30.00 (ts-monotonic, ts-src-eof)
cap dqbuf: 3 seq:    555 bytesused: 10506240 ts: 1908.220345 delta: 33.333 ms delta now: +34.013 ms fps: 30.00 (ts-monotonic, ts-src-eof)
cap dqbuf: 0 seq:    556 bytesused: 10506240 ts: 1908.253679 delta: 33.334 ms delta now: +33.810 ms fps: 30.00 (ts-monotonic, ts-src-eof)
cap dqbuf: 1 seq:    557 bytesused: 10506240 ts: 1908.287012 delta: 33.333 ms delta now: +34.040 ms fps: 30.00 (ts-monotonic, ts-src-eof)
cap dqbuf: 2 seq:    558 bytesused: 10506240 ts: 1908.320346 delta: 33.334 ms delta now: +33.813 ms fps: 30.00 (ts-monotonic, ts-src-eof)
cap dqbuf: 3 seq:    559 bytesused: 10506240 ts: 1908.353679 delta: 33.333 ms delta now: +33.792 ms fps: 30.00 (ts-monotonic, ts-src-eof)
cap dqbuf: 0 seq:    560 bytesused: 10506240 ts: 1908.387012 delta: 33.333 ms delta now: +33.938 ms fps: 30.00 (ts-monotonic, ts-src-eof)
cap dqbuf: 1 seq:    561 bytesused: 10506240 ts: 1908.420346 delta: 33.334 ms delta now: +33.792 ms fps: 30.00 (ts-monotonic, ts-src-eof)
cap dqbuf: 2 seq:    562 bytesused: 10506240 ts: 1908.453679 delta: 33.333 ms delta now: +33.794 ms fps: 30.00 (ts-monotonic, ts-src-eof)
cap dqbuf: 3 seq:    563 bytesused: 10506240 ts: 1908.487012 delta: 33.333 ms delta now: +33.802 ms fps: 30.00 (ts-monotonic, ts-src-eof)
cap dqbuf: 0 seq:    564 bytesused: 10506240 ts: 1908.520345 delta: 33.333 ms delta now: +33.816 ms fps: 30.00 (ts-monotonic, ts-src-eof)
cap dqbuf: 1 seq:    565 bytesused: 10506240 ts: 1908.553678 delta: 33.333 ms delta now: +33.936 ms fps: 30.00 (ts-monotonic, ts-src-eof)
cap dqbuf: 2 seq:    566 bytesused: 10506240 ts: 1908.587013 delta: 33.335 ms delta now: +33.794 ms fps: 30.00 (ts-monotonic, ts-src-eof)
cap dqbuf: 3 seq:    567 bytesused: 10506240 ts: 1908.620345 delta: 33.332 ms delta now: +33.812 ms fps: 30.00 (ts-monotonic, ts-src-eof)
cap dqbuf: 0 seq:    568 bytesused: 10506240 ts: 1908.653678 delta: 33.333 ms delta now: +33.795 ms fps: 30.00 (ts-monotonic, ts-src-eof)
cap dqbuf: 1 seq:    569 bytesused: 10506240 ts: 1908.687012 delta: 33.334 ms delta now: +34.003 ms fps: 30.00 (ts-monotonic, ts-src-eof)
cap dqbuf: 2 seq:    570 bytesused: 10506240 ts: 1908.720346 delta: 33.334 ms delta now: +33.790 ms fps: 30.00 (ts-monotonic, ts-src-eof)
cap dqbuf: 3 seq:    571 bytesused: 10506240 ts: 1908.753678 delta: 33.332 ms delta now: +33.792 ms fps: 30.00 (ts-monotonic, ts-src-eof)
cap dqbuf: 0 seq:    572 bytesused: 10506240 ts: 1908.787012 delta: 33.334 ms delta now: +33.794 ms fps: 30.00 (ts-monotonic, ts-src-eof)
cap dqbuf: 1 seq:    573 bytesused: 10506240 ts: 1908.820345 delta: 33.333 ms delta now: +33.794 ms fps: 30.00 (ts-monotonic, ts-src-eof)
cap dqbuf: 2 seq:    574 bytesused: 10506240 ts: 1908.853678 delta: 33.333 ms delta now: +33.910 ms fps: 30.00 (ts-monotonic, ts-src-eof)
cap dqbuf: 3 seq:    575 bytesused: 10506240 ts: 1908.887012 delta: 33.334 ms delta now: +33.793 ms fps: 30.00 (ts-monotonic, ts-src-eof)
cap dqbuf: 0 seq:    576 bytesused: 10506240 ts: 1908.920345 delta: 33.333 ms delta now: +33.794 ms fps: 30.00 (ts-monotonic, ts-src-eof)
cap dqbuf: 1 seq:    577 bytesused: 10506240 ts: 1908.953679 delta: 33.334 ms delta now: +33.915 ms fps: 30.00 (ts-monotonic, ts-src-eof)
cap dqbuf: 2 seq:    578 bytesused: 10506240 ts: 1908.987013 delta: 33.334 ms delta now: +33.810 ms fps: 30.00 (ts-monotonic, ts-src-eof)
cap dqbuf: 3 seq:    579 bytesused: 10506240 ts: 1909.020345 delta: 33.332 ms delta now: +33.836 ms fps: 30.00 (ts-monotonic, ts-src-eof)
cap dqbuf: 0 seq:    580 bytesused: 10506240 ts: 1909.053679 delta: 33.334 ms delta now: +34.007 ms fps: 30.00 (ts-monotonic, ts-src-eof)
cap dqbuf: 1 seq:    581 bytesused: 10506240 ts: 1909.087013 delta: 33.334 ms delta now: +33.948 ms fps: 30.00 (ts-monotonic, ts-src-eof)
cap dqbuf: 2 seq:    582 bytesused: 10506240 ts: 1909.120346 delta: 33.333 ms delta now: +33.816 ms fps: 30.00 (ts-monotonic, ts-src-eof)
cap dqbuf: 3 seq:    583 bytesused: 10506240 ts: 1909.153679 delta: 33.333 ms delta now: +33.987 ms fps: 30.00 (ts-monotonic, ts-src-eof)
cap dqbuf: 0 seq:    584 bytesused: 10506240 ts: 1909.187013 delta: 33.334 ms delta now: +33.938 ms fps: 30.00 (ts-monotonic, ts-src-eof)
cap dqbuf: 1 seq:    585 bytesused: 10506240 ts: 1909.220346 delta: 33.333 ms delta now: +33.943 ms fps: 30.00 (ts-monotonic, ts-src-eof)
cap dqbuf: 2 seq:    586 bytesused: 10506240 ts: 1909.253679 delta: 33.333 ms delta now: +33.941 ms fps: 30.00 (ts-monotonic, ts-src-eof)
cap dqbuf: 3 seq:    587 bytesused: 10506240 ts: 1909.287013 delta: 33.334 ms delta now: +33.932 ms fps: 30.00 (ts-monotonic, ts-src-eof)
cap dqbuf: 0 seq:    588 bytesused: 10506240 ts: 1909.320346 delta: 33.333 ms delta now: +33.795 ms fps: 30.00 (ts-monotonic, ts-src-eof)
cap dqbuf: 1 seq:    589 bytesused: 10506240 ts: 1909.353679 delta: 33.333 ms delta now: +33.934 ms fps: 30.00 (ts-monotonic, ts-src-eof)
cap dqbuf: 2 seq:    590 bytesused: 10506240 ts: 1909.387013 delta: 33.334 ms delta now: +33.791 ms fps: 30.00 (ts-monotonic, ts-src-eof)
cap dqbuf: 3 seq:    591 bytesused: 10506240 ts: 1909.420345 delta: 33.332 ms delta now: +33.976 ms fps: 30.00 (ts-monotonic, ts-src-eof)
cap dqbuf: 0 seq:    592 bytesused: 10506240 ts: 1909.453679 delta: 33.334 ms delta now: +33.790 ms fps: 30.00 (ts-monotonic, ts-src-eof)
cap dqbuf: 1 seq:    593 bytesused: 10506240 ts: 1909.487012 delta: 33.333 ms delta now: +33.792 ms fps: 30.00 (ts-monotonic, ts-src-eof)
cap dqbuf: 2 seq:    594 bytesused: 10506240 ts: 1909.520345 delta: 33.333 ms delta now: +33.931 ms fps: 30.00 (ts-monotonic, ts-src-eof)
cap dqbuf: 3 seq:    595 bytesused: 10506240 ts: 1909.553679 delta: 33.334 ms delta now: +33.798 ms fps: 30.00 (ts-monotonic, ts-src-eof)
cap dqbuf: 0 seq:    596 bytesused: 10506240 ts: 1909.587012 delta: 33.333 ms delta now: +33.794 ms fps: 30.00 (ts-monotonic, ts-src-eof)
cap dqbuf: 1 seq:    597 bytesused: 10506240 ts: 1909.620345 delta: 33.333 ms delta now: +33.941 ms fps: 30.00 (ts-monotonic, ts-src-eof)
cap dqbuf: 2 seq:    598 bytesused: 10506240 ts: 1909.653680 delta: 33.335 ms delta now: +33.832 ms fps: 30.00 (ts-monotonic, ts-src-eof)
cap dqbuf: 3 seq:    599 bytesused: 10506240 ts: 1909.687012 delta: 33.332 ms delta now: +33.939 ms fps: 30.00 (ts-monotonic, ts-src-eof)
cap dqbuf: 0 seq:    600 bytesused: 10506240 ts: 1909.720346 delta: 33.334 ms delta now: +33.793 ms fps: 30.00 (ts-monotonic, ts-src-eof)
cap dqbuf: 1 seq:    601 bytesused: 10506240 ts: 1909.753679 delta: 33.333 ms delta now: +33.794 ms fps: 30.00 (ts-monotonic, ts-src-eof)
cap dqbuf: 2 seq:    602 bytesused: 10506240 ts: 1909.787012 delta: 33.333 ms delta now: +33.796 ms fps: 30.00 (ts-monotonic, ts-src-eof)
cap dqbuf: 3 seq:    603 bytesused: 10506240 ts: 1909.820345 delta: 33.333 ms delta now: +33.943 ms fps: 30.00 (ts-monotonic, ts-src-eof)
cap dqbuf: 0 seq:    604 bytesused: 10506240 ts: 1909.853680 delta: 33.335 ms delta now: +33.792 ms fps: 30.00 (ts-monotonic, ts-src-eof)
cap dqbuf: 1 seq:    605 bytesused: 10506240 ts: 1909.887012 delta: 33.332 ms delta now: +33.793 ms fps: 30.00 (ts-monotonic, ts-src-eof)
cap dqbuf: 2 seq:    606 bytesused: 10506240 ts: 1909.920345 delta: 33.333 ms delta now: +33.794 ms fps: 30.00 (ts-monotonic, ts-src-eof)
cap dqbuf: 3 seq:    607 bytesused: 10506240 ts: 1909.953679 delta: 33.334 ms delta now: +33.793 ms fps: 30.00 (ts-monotonic, ts-src-eof)
cap dqbuf: 0 seq:    608 bytesused: 10506240 ts: 1909.987012 delta: 33.333 ms delta now: +33.865 ms fps: 30.00 (ts-monotonic, ts-src-eof)
cap dqbuf: 1 seq:    609 bytesused: 10506240 ts: 1910.020345 delta: 33.333 ms delta now: +33.940 ms fps: 30.00 (ts-monotonic, ts-src-eof)
cap dqbuf: 2 seq:    610 bytesused: 10506240 ts: 1910.053679 delta: 33.334 ms delta now: +34.188 ms fps: 30.00 (ts-monotonic, ts-src-eof)
cap dqbuf: 3 seq:    611 bytesused: 10506240 ts: 1910.087013 delta: 33.334 ms delta now: +33.943 ms fps: 30.00 (ts-monotonic, ts-src-eof)
cap dqbuf: 0 seq:    612 bytesused: 10506240 ts: 1910.120346 delta: 33.333 ms delta now: +33.945 ms fps: 30.00 (ts-monotonic, ts-src-eof)
cap dqbuf: 1 seq:    613 bytesused: 10506240 ts: 1910.153679 delta: 33.333 ms delta now: +33.819 ms fps: 30.00 (ts-monotonic, ts-src-eof)
cap dqbuf: 2 seq:    614 bytesused: 10506240 ts: 1910.187012 delta: 33.333 ms delta now: +33.794 ms fps: 30.00 (ts-monotonic, ts-src-eof)
cap dqbuf: 3 seq:    615 bytesused: 10506240 ts: 1910.220345 delta: 33.333 ms delta now: +33.794 ms fps: 30.00 (ts-monotonic, ts-src-eof)
cap dqbuf: 0 seq:    616 bytesused: 10506240 ts: 1910.253679 delta: 33.334 ms delta now: +33.972 ms fps: 30.00 (ts-monotonic, ts-src-eof)
cap dqbuf: 1 seq:    617 bytesused: 10506240 ts: 1910.287013 delta: 33.334 ms delta now: +33.792 ms fps: 30.00 (ts-monotonic, ts-src-eof)
cap dqbuf: 2 seq:    618 bytesused: 10506240 ts: 1910.320345 delta: 33.332 ms delta now: +33.941 ms fps: 30.00 (ts-monotonic, ts-src-eof)
cap dqbuf: 3 seq:    619 bytesused: 10506240 ts: 1910.353679 delta: 33.334 ms delta now: +33.941 ms fps: 30.00 (ts-monotonic, ts-src-eof)
cap dqbuf: 0 seq:    620 bytesused: 10506240 ts: 1910.387013 delta: 33.334 ms delta now: +33.791 ms fps: 30.00 (ts-monotonic, ts-src-eof)
cap dqbuf: 1 seq:    621 bytesused: 10506240 ts: 1910.420345 delta: 33.332 ms delta now: +33.957 ms fps: 30.00 (ts-monotonic, ts-src-eof)
cap dqbuf: 2 seq:    622 bytesused: 10506240 ts: 1910.453679 delta: 33.334 ms delta now: +33.808 ms fps: 30.00 (ts-monotonic, ts-src-eof)
cap dqbuf: 3 seq:    623 bytesused: 10506240 ts: 1910.487012 delta: 33.333 ms delta now: +33.793 ms fps: 30.00 (ts-monotonic, ts-src-eof)
cap dqbuf: 0 seq:    624 bytesused: 10506240 ts: 1910.520345 delta: 33.333 ms delta now: +33.986 ms fps: 30.00 (ts-monotonic, ts-src-eof)
cap dqbuf: 1 seq:    625 bytesused: 10506240 ts: 1910.553680 delta: 33.335 ms delta now: +33.792 ms fps: 30.00 (ts-monotonic, ts-src-eof)
cap dqbuf: 2 seq:    626 bytesused: 10506240 ts: 1910.587012 delta: 33.332 ms delta now: +33.799 ms fps: 30.00 (ts-monotonic, ts-src-eof)
cap dqbuf: 3 seq:    627 bytesused: 10506240 ts: 1910.620345 delta: 33.333 ms delta now: +33.945 ms fps: 30.00 (ts-monotonic, ts-src-eof)
cap dqbuf: 0 seq:    628 bytesused: 10506240 ts: 1910.653680 delta: 33.335 ms delta now: +33.792 ms fps: 30.00 (ts-monotonic, ts-src-eof)
cap dqbuf: 1 seq:    629 bytesused: 10506240 ts: 1910.687012 delta: 33.332 ms delta now: +33.793 ms fps: 30.00 (ts-monotonic, ts-src-eof)
cap dqbuf: 2 seq:    630 bytesused: 10506240 ts: 1910.720346 delta: 33.334 ms delta now: +34.049 ms fps: 30.00 (ts-monotonic, ts-src-eof)
cap dqbuf: 3 seq:    631 bytesused: 10506240 ts: 1910.753680 delta: 33.334 ms delta now: +33.935 ms fps: 30.00 (ts-monotonic, ts-src-eof)
cap dqbuf: 0 seq:    632 bytesused: 10506240 ts: 1910.787013 delta: 33.333 ms delta now: +33.795 ms fps: 30.00 (ts-monotonic, ts-src-eof)
cap dqbuf: 1 seq:    633 bytesused: 10506240 ts: 1910.820346 delta: 33.333 ms delta now: +33.794 ms fps: 30.00 (ts-monotonic, ts-src-eof)
cap dqbuf: 2 seq:    634 bytesused: 10506240 ts: 1910.853679 delta: 33.333 ms delta now: +33.988 ms fps: 30.00 (ts-monotonic, ts-src-eof)
cap dqbuf: 3 seq:    635 bytesused: 10506240 ts: 1910.887013 delta: 33.334 ms delta now: +33.791 ms fps: 30.00 (ts-monotonic, ts-src-eof)
cap dqbuf: 0 seq:    636 bytesused: 10506240 ts: 1910.920345 delta: 33.332 ms delta now: +34.007 ms fps: 30.00 (ts-monotonic, ts-src-eof)
cap dqbuf: 1 seq:    637 bytesused: 10506240 ts: 1910.953679 delta: 33.334 ms delta now: +33.793 ms fps: 30.00 (ts-monotonic, ts-src-eof)
cap dqbuf: 2 seq:    638 bytesused: 10506240 ts: 1910.987012 delta: 33.333 ms delta now: +33.913 ms fps: 30.00 (ts-monotonic, ts-src-eof)
cap dqbuf: 3 seq:    639 bytesused: 10506240 ts: 1911.020345 delta: 33.333 ms delta now: +33.816 ms fps: 30.00 (ts-monotonic, ts-src-eof)
cap dqbuf: 0 seq:    640 bytesused: 10506240 ts: 1911.053680 delta: 33.335 ms delta now: +33.807 ms fps: 30.00 (ts-monotonic, ts-src-eof)
cap dqbuf: 1 seq:    641 bytesused: 10506240 ts: 1911.087012 delta: 33.332 ms delta now: +33.950 ms fps: 30.00 (ts-monotonic, ts-src-eof)
cap dqbuf: 2 seq:    642 bytesused: 10506240 ts: 1911.120346 delta: 33.334 ms delta now: +33.986 ms fps: 30.00 (ts-monotonic, ts-src-eof)
cap dqbuf: 3 seq:    643 bytesused: 10506240 ts: 1911.153680 delta: 33.334 ms delta now: +33.797 ms fps: 30.00 (ts-monotonic, ts-src-eof)
cap dqbuf: 0 seq:    644 bytesused: 10506240 ts: 1911.187012 delta: 33.332 ms delta now: +33.795 ms fps: 30.00 (ts-monotonic, ts-src-eof)
cap dqbuf: 1 seq:    645 bytesused: 10506240 ts: 1911.220345 delta: 33.333 ms delta now: +33.816 ms fps: 30.00 (ts-monotonic, ts-src-eof)
cap dqbuf: 2 seq:    646 bytesused: 10506240 ts: 1911.253679 delta: 33.334 ms delta now: +33.793 ms fps: 30.00 (ts-monotonic, ts-src-eof)
cap dqbuf: 3 seq:    647 bytesused: 10506240 ts: 1911.287012 delta: 33.333 ms delta now: +33.822 ms fps: 30.00 (ts-monotonic, ts-src-eof)
cap dqbuf: 0 seq:    648 bytesused: 10506240 ts: 1911.320346 delta: 33.334 ms delta now: +33.789 ms fps: 30.00 (ts-monotonic, ts-src-eof)
cap dqbuf: 1 seq:    649 bytesused: 10506240 ts: 1911.353679 delta: 33.333 ms delta now: +33.932 ms fps: 30.00 (ts-monotonic, ts-src-eof)
cap dqbuf: 2 seq:    650 bytesused: 10506240 ts: 1911.387013 delta: 33.334 ms delta now: +33.794 ms fps: 30.00 (ts-monotonic, ts-src-eof)
cap dqbuf: 3 seq:    651 bytesused: 10506240 ts: 1911.420346 delta: 33.333 ms delta now: +33.939 ms fps: 30.00 (ts-monotonic, ts-src-eof)
cap dqbuf: 0 seq:    652 bytesused: 10506240 ts: 1911.453680 delta: 33.334 ms delta now: +33.791 ms fps: 30.00 (ts-monotonic, ts-src-eof)
cap dqbuf: 1 seq:    653 bytesused: 10506240 ts: 1911.487012 delta: 33.332 ms delta now: +33.793 ms fps: 30.00 (ts-monotonic, ts-src-eof)
cap dqbuf: 2 seq:    654 bytesused: 10506240 ts: 1911.520346 delta: 33.334 ms delta now: +33.792 ms fps: 30.00 (ts-monotonic, ts-src-eof)
cap dqbuf: 3 seq:    655 bytesused: 10506240 ts: 1911.553679 delta: 33.333 ms delta now: +33.815 ms fps: 30.00 (ts-monotonic, ts-src-eof)
cap dqbuf: 0 seq:    656 bytesused: 10506240 ts: 1911.587013 delta: 33.334 ms delta now: +33.795 ms fps: 30.00 (ts-monotonic, ts-src-eof)
cap dqbuf: 1 seq:    657 bytesused: 10506240 ts: 1911.620346 delta: 33.333 ms delta now: +33.989 ms fps: 30.00 (ts-monotonic, ts-src-eof)
cap dqbuf: 2 seq:    658 bytesused: 10506240 ts: 1911.653680 delta: 33.334 ms delta now: +33.791 ms fps: 30.00 (ts-monotonic, ts-src-eof)
cap dqbuf: 3 seq:    659 bytesused: 10506240 ts: 1911.687012 delta: 33.332 ms delta now: +33.793 ms fps: 30.00 (ts-monotonic, ts-src-eof)
cap dqbuf: 0 seq:    660 bytesused: 10506240 ts: 1911.720346 delta: 33.334 ms delta now: +33.935 ms fps: 30.00 (ts-monotonic, ts-src-eof)
cap dqbuf: 1 seq:    661 bytesused: 10506240 ts: 1911.753680 delta: 33.334 ms delta now: +33.807 ms fps: 30.00 (ts-monotonic, ts-src-eof)
cap dqbuf: 2 seq:    662 bytesused: 10506240 ts: 1911.787012 delta: 33.332 ms delta now: +34.049 ms fps: 30.00 (ts-monotonic, ts-src-eof)
cap dqbuf: 3 seq:    663 bytesused: 10506240 ts: 1911.820346 delta: 33.334 ms delta now: +34.004 ms fps: 30.00 (ts-monotonic, ts-src-eof)
cap dqbuf: 0 seq:    664 bytesused: 10506240 ts: 1911.853679 delta: 33.333 ms delta now: +33.796 ms fps: 30.00 (ts-monotonic, ts-src-eof)
cap dqbuf: 1 seq:    665 bytesused: 10506240 ts: 1911.887012 delta: 33.333 ms delta now: +33.947 ms fps: 30.00 (ts-monotonic, ts-src-eof)
cap dqbuf: 2 seq:    666 bytesused: 10506240 ts: 1911.920346 delta: 33.334 ms delta now: +33.934 ms fps: 30.00 (ts-monotonic, ts-src-eof)
cap dqbuf: 3 seq:    667 bytesused: 10506240 ts: 1911.953680 delta: 33.334 ms delta now: +33.789 ms fps: 30.00 (ts-monotonic, ts-src-eof)
cap dqbuf: 0 seq:    668 bytesused: 10506240 ts: 1911.987012 delta: 33.332 ms delta now: +34.049 ms fps: 30.00 (ts-monotonic, ts-src-eof)
cap dqbuf: 1 seq:    669 bytesused: 10506240 ts: 1912.020346 delta: 33.334 ms delta now: +33.796 ms fps: 30.00 (ts-monotonic, ts-src-eof)
cap dqbuf: 2 seq:    670 bytesused: 10506240 ts: 1912.053679 delta: 33.333 ms delta now: +33.968 ms fps: 30.00 (ts-monotonic, ts-src-eof)
cap dqbuf: 3 seq:    671 bytesused: 10506240 ts: 1912.087013 delta: 33.334 ms delta now: +33.797 ms fps: 30.00 (ts-monotonic, ts-src-eof)
cap dqbuf: 0 seq:    672 bytesused: 10506240 ts: 1912.120345 delta: 33.332 ms delta now: +33.938 ms fps: 30.00 (ts-monotonic, ts-src-eof)
cap dqbuf: 1 seq:    673 bytesused: 10506240 ts: 1912.153680 delta: 33.335 ms delta now: +33.935 ms fps: 30.00 (ts-monotonic, ts-src-eof)
cap dqbuf: 2 seq:    674 bytesused: 10506240 ts: 1912.187013 delta: 33.333 ms delta now: +33.790 ms fps: 30.00 (ts-monotonic, ts-src-eof)
cap dqbuf: 3 seq:    675 bytesused: 10506240 ts: 1912.220346 delta: 33.333 ms delta now: +33.938 ms fps: 30.00 (ts-monotonic, ts-src-eof)
cap dqbuf: 0 seq:    676 bytesused: 10506240 ts: 1912.253679 delta: 33.333 ms delta now: +33.798 ms fps: 30.00 (ts-monotonic, ts-src-eof)
cap dqbuf: 1 seq:    677 bytesused: 10506240 ts: 1912.287012 delta: 33.333 ms delta now: +33.821 ms fps: 30.00 (ts-monotonic, ts-src-eof)
cap dqbuf: 2 seq:    678 bytesused: 10506240 ts: 1912.320347 delta: 33.335 ms delta now: +33.812 ms fps: 30.00 (ts-monotonic, ts-src-eof)
cap dqbuf: 3 seq:    679 bytesused: 10506240 ts: 1912.353680 delta: 33.333 ms delta now: +33.798 ms fps: 30.00 (ts-monotonic, ts-src-eof)
cap dqbuf: 0 seq:    680 bytesused: 10506240 ts: 1912.387012 delta: 33.332 ms delta now: +33.837 ms fps: 30.00 (ts-monotonic, ts-src-eof)
cap dqbuf: 1 seq:    681 bytesused: 10506240 ts: 1912.420346 delta: 33.334 ms delta now: +33.789 ms fps: 30.00 (ts-monotonic, ts-src-eof)
cap dqbuf: 2 seq:    682 bytesused: 10506240 ts: 1912.453679 delta: 33.333 ms delta now: +33.943 ms fps: 30.00 (ts-monotonic, ts-src-eof)
cap dqbuf: 3 seq:    683 bytesused: 10506240 ts: 1912.487013 delta: 33.334 ms delta now: +33.792 ms fps: 30.00 (ts-monotonic, ts-src-eof)
cap dqbuf: 0 seq:    684 bytesused: 10506240 ts: 1912.520346 delta: 33.333 ms delta now: +33.816 ms fps: 30.00 (ts-monotonic, ts-src-eof)
cap dqbuf: 1 seq:    685 bytesused: 10506240 ts: 1912.553679 delta: 33.333 ms delta now: +33.954 ms fps: 30.00 (ts-monotonic, ts-src-eof)
cap dqbuf: 2 seq:    686 bytesused: 10506240 ts: 1912.587013 delta: 33.334 ms delta now: +34.047 ms fps: 30.00 (ts-monotonic, ts-src-eof)
cap dqbuf: 3 seq:    687 bytesused: 10506240 ts: 1912.620346 delta: 33.333 ms delta now: +34.044 ms fps: 30.00 (ts-monotonic, ts-src-eof)
cap dqbuf: 0 seq:    688 bytesused: 10506240 ts: 1912.653680 delta: 33.334 ms delta now: +33.793 ms fps: 30.00 (ts-monotonic, ts-src-eof)
cap dqbuf: 1 seq:    689 bytesused: 10506240 ts: 1912.687012 delta: 33.332 ms delta now: +33.930 ms fps: 30.00 (ts-monotonic, ts-src-eof)
cap dqbuf: 2 seq:    690 bytesused: 10506240 ts: 1912.720346 delta: 33.334 ms delta now: +33.938 ms fps: 30.00 (ts-monotonic, ts-src-eof)
cap dqbuf: 3 seq:    691 bytesused: 10506240 ts: 1912.753680 delta: 33.334 ms delta now: +33.793 ms fps: 30.00 (ts-monotonic, ts-src-eof)
cap dqbuf: 0 seq:    692 bytesused: 10506240 ts: 1912.787012 delta: 33.332 ms delta now: +33.792 ms fps: 30.00 (ts-monotonic, ts-src-eof)
cap dqbuf: 1 seq:    693 bytesused: 10506240 ts: 1912.820345 delta: 33.333 ms delta now: +33.942 ms fps: 30.00 (ts-monotonic, ts-src-eof)
cap dqbuf: 2 seq:    694 bytesused: 10506240 ts: 1912.853680 delta: 33.335 ms delta now: +33.936 ms fps: 30.00 (ts-monotonic, ts-src-eof)
cap dqbuf: 3 seq:    695 bytesused: 10506240 ts: 1912.887013 delta: 33.333 ms delta now: +33.940 ms fps: 30.00 (ts-monotonic, ts-src-eof)
cap dqbuf: 0 seq:    696 bytesused: 10506240 ts: 1912.920347 delta: 33.334 ms delta now: +33.791 ms fps: 30.00 (ts-monotonic, ts-src-eof)
cap dqbuf: 1 seq:    697 bytesused: 10506240 ts: 1912.953679 delta: 33.332 ms delta now: +34.007 ms fps: 30.00 (ts-monotonic, ts-src-eof)
cap dqbuf: 2 seq:    698 bytesused: 10506240 ts: 1912.987013 delta: 33.334 ms delta now: +33.825 ms fps: 30.00 (ts-monotonic, ts-src-eof)
cap dqbuf: 3 seq:    699 bytesused: 10506240 ts: 1913.020347 delta: 33.334 ms delta now: +33.795 ms fps: 30.00 (ts-monotonic, ts-src-eof)
cap dqbuf: 0 seq:    700 bytesused: 10506240 ts: 1913.053679 delta: 33.332 ms delta now: +33.954 ms fps: 30.00 (ts-monotonic, ts-src-eof)
cap dqbuf: 1 seq:    701 bytesused: 10506240 ts: 1913.087013 delta: 33.334 ms delta now: +33.801 ms fps: 30.00 (ts-monotonic, ts-src-eof)
cap dqbuf: 2 seq:    702 bytesused: 10506240 ts: 1913.120346 delta: 33.333 ms delta now: +33.796 ms fps: 30.00 (ts-monotonic, ts-src-eof)
cap dqbuf: 3 seq:    703 bytesused: 10506240 ts: 1913.153679 delta: 33.333 ms delta now: +33.795 ms fps: 30.00 (ts-monotonic, ts-src-eof)
cap dqbuf: 0 seq:    704 bytesused: 10506240 ts: 1913.187012 delta: 33.333 ms delta now: +33.798 ms fps: 30.00 (ts-monotonic, ts-src-eof)
cap dqbuf: 1 seq:    705 bytesused: 10506240 ts: 1913.220345 delta: 33.333 ms delta now: +33.815 ms fps: 30.00 (ts-monotonic, ts-src-eof)
cap dqbuf: 2 seq:    706 bytesused: 10506240 ts: 1913.253680 delta: 33.335 ms delta now: +33.792 ms fps: 30.00 (ts-monotonic, ts-src-eof)
cap dqbuf: 3 seq:    707 bytesused: 10506240 ts: 1913.287012 delta: 33.332 ms delta now: +33.937 ms fps: 30.00 (ts-monotonic, ts-src-eof)
cap dqbuf: 0 seq:    708 bytesused: 10506240 ts: 1913.320346 delta: 33.334 ms delta now: +33.791 ms fps: 30.00 (ts-monotonic, ts-src-eof)
cap dqbuf: 1 seq:    709 bytesused: 10506240 ts: 1913.353679 delta: 33.333 ms delta now: +33.933 ms fps: 30.00 (ts-monotonic, ts-src-eof)
cap dqbuf: 2 seq:    710 bytesused: 10506240 ts: 1913.387013 delta: 33.334 ms delta now: +33.803 ms fps: 30.00 (ts-monotonic, ts-src-eof)
cap dqbuf: 3 seq:    711 bytesused: 10506240 ts: 1913.420346 delta: 33.333 ms delta now: +33.996 ms fps: 30.00 (ts-monotonic, ts-src-eof)
cap dqbuf: 0 seq:    712 bytesused: 10506240 ts: 1913.453680 delta: 33.334 ms delta now: +34.005 ms fps: 30.00 (ts-monotonic, ts-src-eof)
cap dqbuf: 1 seq:    713 bytesused: 10506240 ts: 1913.487013 delta: 33.333 ms delta now: +33.917 ms fps: 30.00 (ts-monotonic, ts-src-eof)
cap dqbuf: 2 seq:    714 bytesused: 10506240 ts: 1913.520346 delta: 33.333 ms delta now: +33.940 ms fps: 30.00 (ts-monotonic, ts-src-eof)
cap dqbuf: 3 seq:    715 bytesused: 10506240 ts: 1913.553680 delta: 33.334 ms delta now: +33.791 ms fps: 30.00 (ts-monotonic, ts-src-eof)
cap dqbuf: 0 seq:    716 bytesused: 10506240 ts: 1913.587012 delta: 33.332 ms delta now: +33.937 ms fps: 30.00 (ts-monotonic, ts-src-eof)
cap dqbuf: 1 seq:    717 bytesused: 10506240 ts: 1913.620346 delta: 33.334 ms delta now: +33.792 ms fps: 30.00 (ts-monotonic, ts-src-eof)
cap dqbuf: 2 seq:    718 bytesused: 10506240 ts: 1913.653679 delta: 33.333 ms delta now: +33.794 ms fps: 30.00 (ts-monotonic, ts-src-eof)
cap dqbuf: 3 seq:    719 bytesused: 10506240 ts: 1913.687012 delta: 33.333 ms delta now: +33.817 ms fps: 30.00 (ts-monotonic, ts-src-eof)
cap dqbuf: 0 seq:    720 bytesused: 10506240 ts: 1913.720346 delta: 33.334 ms delta now: +33.795 ms fps: 30.00 (ts-monotonic, ts-src-eof)
cap dqbuf: 1 seq:    721 bytesused: 10506240 ts: 1913.753679 delta: 33.333 ms delta now: +33.936 ms fps: 30.00 (ts-monotonic, ts-src-eof)
cap dqbuf: 2 seq:    722 bytesused: 10506240 ts: 1913.787013 delta: 33.334 ms delta now: +33.795 ms fps: 30.00 (ts-monotonic, ts-src-eof)
cap dqbuf: 3 seq:    723 bytesused: 10506240 ts: 1913.820346 delta: 33.333 ms delta now: +33.795 ms fps: 30.00 (ts-monotonic, ts-src-eof)
cap dqbuf: 0 seq:    724 bytesused: 10506240 ts: 1913.853679 delta: 33.333 ms delta now: +33.957 ms fps: 30.00 (ts-monotonic, ts-src-eof)
cap dqbuf: 1 seq:    725 bytesused: 10506240 ts: 1913.887013 delta: 33.334 ms delta now: +33.798 ms fps: 30.00 (ts-monotonic, ts-src-eof)
cap dqbuf: 2 seq:    726 bytesused: 10506240 ts: 1913.920346 delta: 33.333 ms delta now: +33.792 ms fps: 30.00 (ts-monotonic, ts-src-eof)
cap dqbuf: 3 seq:    727 bytesused: 10506240 ts: 1913.953679 delta: 33.333 ms delta now: +33.955 ms fps: 30.00 (ts-monotonic, ts-src-eof)
cap dqbuf: 0 seq:    728 bytesused: 10506240 ts: 1913.987013 delta: 33.334 ms delta now: +33.793 ms fps: 30.00 (ts-monotonic, ts-src-eof)
cap dqbuf: 1 seq:    729 bytesused: 10506240 ts: 1914.020346 delta: 33.333 ms delta now: +33.811 ms fps: 30.00 (ts-monotonic, ts-src-eof)
cap dqbuf: 2 seq:    730 bytesused: 10506240 ts: 1914.053680 delta: 33.334 ms delta now: +33.818 ms fps: 30.00 (ts-monotonic, ts-src-eof)
cap dqbuf: 3 seq:    731 bytesused: 10506240 ts: 1914.087013 delta: 33.333 ms delta now: +33.947 ms fps: 30.00 (ts-monotonic, ts-src-eof)
cap dqbuf: 0 seq:    732 bytesused: 10506240 ts: 1914.120347 delta: 33.334 ms delta now: +33.798 ms fps: 30.00 (ts-monotonic, ts-src-eof)
cap dqbuf: 1 seq:    733 bytesused: 10506240 ts: 1914.153679 delta: 33.332 ms delta now: +33.794 ms fps: 30.00 (ts-monotonic, ts-src-eof)
cap dqbuf: 2 seq:    734 bytesused: 10506240 ts: 1914.187012 delta: 33.333 ms delta now: +33.795 ms fps: 30.00 (ts-monotonic, ts-src-eof)
cap dqbuf: 3 seq:    735 bytesused: 10506240 ts: 1914.220346 delta: 33.334 ms delta now: +33.945 ms fps: 30.00 (ts-monotonic, ts-src-eof)
cap dqbuf: 0 seq:    736 bytesused: 10506240 ts: 1914.253680 delta: 33.334 ms delta now: +33.793 ms fps: 30.00 (ts-monotonic, ts-src-eof)
cap dqbuf: 1 seq:    737 bytesused: 10506240 ts: 1914.287012 delta: 33.332 ms delta now: +33.944 ms fps: 30.00 (ts-monotonic, ts-src-eof)
cap dqbuf: 2 seq:    738 bytesused: 10506240 ts: 1914.320346 delta: 33.334 ms delta now: +33.792 ms fps: 30.00 (ts-monotonic, ts-src-eof)
cap dqbuf: 3 seq:    739 bytesused: 10506240 ts: 1914.353679 delta: 33.333 ms delta now: +33.911 ms fps: 30.00 (ts-monotonic, ts-src-eof)
cap dqbuf: 0 seq:    740 bytesused: 10506240 ts: 1914.387012 delta: 33.333 ms delta now: +34.013 ms fps: 30.00 (ts-monotonic, ts-src-eof)
cap dqbuf: 1 seq:    741 bytesused: 10506240 ts: 1914.420347 delta: 33.335 ms delta now: +33.944 ms fps: 30.00 (ts-monotonic, ts-src-eof)
cap dqbuf: 2 seq:    742 bytesused: 10506240 ts: 1914.453680 delta: 33.333 ms delta now: +33.812 ms fps: 30.00 (ts-monotonic, ts-src-eof)
cap dqbuf: 3 seq:    743 bytesused: 10506240 ts: 1914.487013 delta: 33.333 ms delta now: +33.795 ms fps: 30.00 (ts-monotonic, ts-src-eof)
cap dqbuf: 0 seq:    744 bytesused: 10506240 ts: 1914.520346 delta: 33.333 ms delta now: +33.792 ms fps: 30.00 (ts-monotonic, ts-src-eof)
cap dqbuf: 1 seq:    745 bytesused: 10506240 ts: 1914.553679 delta: 33.333 ms delta now: +33.796 ms fps: 30.00 (ts-monotonic, ts-src-eof)
cap dqbuf: 2 seq:    746 bytesused: 10506240 ts: 1914.587013 delta: 33.334 ms delta now: +33.794 ms fps: 30.00 (ts-monotonic, ts-src-eof)
cap dqbuf: 3 seq:    747 bytesused: 10506240 ts: 1914.620346 delta: 33.333 ms delta now: +33.938 ms fps: 30.00 (ts-monotonic, ts-src-eof)
cap dqbuf: 0 seq:    748 bytesused: 10506240 ts: 1914.653680 delta: 33.334 ms delta now: +33.961 ms fps: 30.00 (ts-monotonic, ts-src-eof)
cap dqbuf: 1 seq:    749 bytesused: 10506240 ts: 1914.687013 delta: 33.333 ms delta now: +33.941 ms fps: 30.00 (ts-monotonic, ts-src-eof)
cap dqbuf: 2 seq:    750 bytesused: 10506240 ts: 1914.720347 delta: 33.334 ms delta now: +33.936 ms fps: 30.00 (ts-monotonic, ts-src-eof)
cap dqbuf: 3 seq:    751 bytesused: 10506240 ts: 1914.753680 delta: 33.333 ms delta now: +33.938 ms fps: 30.00 (ts-monotonic, ts-src-eof)
cap dqbuf: 0 seq:    752 bytesused: 10506240 ts: 1914.787013 delta: 33.333 ms delta now: +33.790 ms fps: 30.00 (ts-monotonic, ts-src-eof)
cap dqbuf: 1 seq:    753 bytesused: 10506240 ts: 1914.820346 delta: 33.333 ms delta now: +33.794 ms fps: 30.00 (ts-monotonic, ts-src-eof)
cap dqbuf: 2 seq:    754 bytesused: 10506240 ts: 1914.853679 delta: 33.333 ms delta now: +34.049 ms fps: 30.00 (ts-monotonic, ts-src-eof)
cap dqbuf: 3 seq:    755 bytesused: 10506240 ts: 1914.887013 delta: 33.334 ms delta now: +33.923 ms fps: 30.00 (ts-monotonic, ts-src-eof)
cap dqbuf: 0 seq:    756 bytesused: 10506240 ts: 1914.920347 delta: 33.334 ms delta now: +33.793 ms fps: 30.00 (ts-monotonic, ts-src-eof)
cap dqbuf: 1 seq:    757 bytesused: 10506240 ts: 1914.953679 delta: 33.332 ms delta now: +33.938 ms fps: 30.00 (ts-monotonic, ts-src-eof)
cap dqbuf: 2 seq:    758 bytesused: 10506240 ts: 1914.987013 delta: 33.334 ms delta now: +33.792 ms fps: 30.00 (ts-monotonic, ts-src-eof)
cap dqbuf: 3 seq:    759 bytesused: 10506240 ts: 1915.020346 delta: 33.333 ms delta now: +33.794 ms fps: 30.00 (ts-monotonic, ts-src-eof)
cap dqbuf: 0 seq:    760 bytesused: 10506240 ts: 1915.053679 delta: 33.333 ms delta now: +33.812 ms fps: 30.00 (ts-monotonic, ts-src-eof)
cap dqbuf: 1 seq:    761 bytesused: 10506240 ts: 1915.087013 delta: 33.334 ms delta now: +34.027 ms fps: 30.00 (ts-monotonic, ts-src-eof)
cap dqbuf: 2 seq:    762 bytesused: 10506240 ts: 1915.120347 delta: 33.334 ms delta now: +33.943 ms fps: 30.00 (ts-monotonic, ts-src-eof)
cap dqbuf: 3 seq:    763 bytesused: 10506240 ts: 1915.153680 delta: 33.333 ms delta now: +33.838 ms fps: 30.00 (ts-monotonic, ts-src-eof)
cap dqbuf: 0 seq:    764 bytesused: 10506240 ts: 1915.187012 delta: 33.332 ms delta now: +33.796 ms fps: 30.00 (ts-monotonic, ts-src-eof)
cap dqbuf: 1 seq:    765 bytesused: 10506240 ts: 1915.220346 delta: 33.334 ms delta now: +33.971 ms fps: 30.00 (ts-monotonic, ts-src-eof)
cap dqbuf: 2 seq:    766 bytesused: 10506240 ts: 1915.253680 delta: 33.334 ms delta now: +33.789 ms fps: 30.00 (ts-monotonic, ts-src-eof)
cap dqbuf: 3 seq:    767 bytesused: 10506240 ts: 1915.287012 delta: 33.332 ms delta now: +33.794 ms fps: 30.00 (ts-monotonic, ts-src-eof)
cap dqbuf: 0 seq:    768 bytesused: 10506240 ts: 1915.320346 delta: 33.334 ms delta now: +33.794 ms fps: 30.00 (ts-monotonic, ts-src-eof)
cap dqbuf: 1 seq:    769 bytesused: 10506240 ts: 1915.353679 delta: 33.333 ms delta now: +33.802 ms fps: 30.00 (ts-monotonic, ts-src-eof)
cap dqbuf: 2 seq:    770 bytesused: 10506240 ts: 1915.387012 delta: 33.333 ms delta now: +33.822 ms fps: 30.00 (ts-monotonic, ts-src-eof)
cap dqbuf: 3 seq:    771 bytesused: 10506240 ts: 1915.420346 delta: 33.334 ms delta now: +33.796 ms fps: 30.00 (ts-monotonic, ts-src-eof)
cap dqbuf: 0 seq:    772 bytesused: 10506240 ts: 1915.453679 delta: 33.333 ms delta now: +33.793 ms fps: 30.00 (ts-monotonic, ts-src-eof)
cap dqbuf: 1 seq:    773 bytesused: 10506240 ts: 1915.487013 delta: 33.334 ms delta now: +33.792 ms fps: 30.00 (ts-monotonic, ts-src-eof)
cap dqbuf: 2 seq:    774 bytesused: 10506240 ts: 1915.520346 delta: 33.333 ms delta now: +33.794 ms fps: 30.00 (ts-monotonic, ts-src-eof)
cap dqbuf: 3 seq:    775 bytesused: 10506240 ts: 1915.553679 delta: 33.333 ms delta now: +33.793 ms fps: 30.00 (ts-monotonic, ts-src-eof)
cap dqbuf: 0 seq:    776 bytesused: 10506240 ts: 1915.587013 delta: 33.334 ms delta now: +33.941 ms fps: 30.00 (ts-monotonic, ts-src-eof)
cap dqbuf: 1 seq:    777 bytesused: 10506240 ts: 1915.620347 delta: 33.334 ms delta now: +33.937 ms fps: 30.00 (ts-monotonic, ts-src-eof)
cap dqbuf: 2 seq:    778 bytesused: 10506240 ts: 1915.653680 delta: 33.333 ms delta now: +33.813 ms fps: 30.00 (ts-monotonic, ts-src-eof)
cap dqbuf: 3 seq:    779 bytesused: 10506240 ts: 1915.687013 delta: 33.333 ms delta now: +34.007 ms fps: 30.00 (ts-monotonic, ts-src-eof)
cap dqbuf: 0 seq:    780 bytesused: 10506240 ts: 1915.720347 delta: 33.334 ms delta now: +33.936 ms fps: 30.00 (ts-monotonic, ts-src-eof)
cap dqbuf: 1 seq:    781 bytesused: 10506240 ts: 1915.753680 delta: 33.333 ms delta now: +33.790 ms fps: 30.00 (ts-monotonic, ts-src-eof)
cap dqbuf: 2 seq:    782 bytesused: 10506240 ts: 1915.787013 delta: 33.333 ms delta now: +33.793 ms fps: 30.00 (ts-monotonic, ts-src-eof)
cap dqbuf: 3 seq:    783 bytesused: 10506240 ts: 1915.820346 delta: 33.333 ms delta now: +33.940 ms fps: 30.00 (ts-monotonic, ts-src-eof)
cap dqbuf: 0 seq:    784 bytesused: 10506240 ts: 1915.853680 delta: 33.334 ms delta now: +33.944 ms fps: 30.00 (ts-monotonic, ts-src-eof)
cap dqbuf: 1 seq:    785 bytesused: 10506240 ts: 1915.887013 delta: 33.333 ms delta now: +33.793 ms fps: 30.00 (ts-monotonic, ts-src-eof)
cap dqbuf: 2 seq:    786 bytesused: 10506240 ts: 1915.920346 delta: 33.333 ms delta now: +33.791 ms fps: 30.00 (ts-monotonic, ts-src-eof)
cap dqbuf: 3 seq:    787 bytesused: 10506240 ts: 1915.953679 delta: 33.333 ms delta now: +33.943 ms fps: 30.00 (ts-monotonic, ts-src-eof)
cap dqbuf: 0 seq:    788 bytesused: 10506240 ts: 1915.987013 delta: 33.334 ms delta now: +33.821 ms fps: 30.00 (ts-monotonic, ts-src-eof)
cap dqbuf: 1 seq:    789 bytesused: 10506240 ts: 1916.020346 delta: 33.333 ms delta now: +34.039 ms fps: 30.00 (ts-monotonic, ts-src-eof)
cap dqbuf: 2 seq:    790 bytesused: 10506240 ts: 1916.053680 delta: 33.334 ms delta now: +33.809 ms fps: 30.00 (ts-monotonic, ts-src-eof)
cap dqbuf: 3 seq:    791 bytesused: 10506240 ts: 1916.087013 delta: 33.333 ms delta now: +33.943 ms fps: 30.00 (ts-monotonic, ts-src-eof)
cap dqbuf: 0 seq:    792 bytesused: 10506240 ts: 1916.120347 delta: 33.334 ms delta now: +33.793 ms fps: 30.00 (ts-monotonic, ts-src-eof)
cap dqbuf: 1 seq:    793 bytesused: 10506240 ts: 1916.153679 delta: 33.332 ms delta now: +33.796 ms fps: 30.00 (ts-monotonic, ts-src-eof)
cap dqbuf: 2 seq:    794 bytesused: 10506240 ts: 1916.187013 delta: 33.334 ms delta now: +33.940 ms fps: 30.00 (ts-monotonic, ts-src-eof)
cap dqbuf: 3 seq:    795 bytesused: 10506240 ts: 1916.220346 delta: 33.333 ms delta now: +33.795 ms fps: 30.00 (ts-monotonic, ts-src-eof)
cap dqbuf: 0 seq:    796 bytesused: 10506240 ts: 1916.253679 delta: 33.333 ms delta now: +33.794 ms fps: 30.00 (ts-monotonic, ts-src-eof)
cap dqbuf: 1 seq:    797 bytesused: 10506240 ts: 1916.287013 delta: 33.334 ms delta now: +33.937 ms fps: 30.00 (ts-monotonic, ts-src-eof)
cap dqbuf: 2 seq:    798 bytesused: 10506240 ts: 1916.320347 delta: 33.334 ms delta now: +33.795 ms fps: 30.00 (ts-monotonic, ts-src-eof)
cap dqbuf: 3 seq:    799 bytesused: 10506240 ts: 1916.353679 delta: 33.332 ms delta now: +33.975 ms fps: 30.00 (ts-monotonic, ts-src-eof)
cap dqbuf: 0 seq:    800 bytesused: 10506240 ts: 1916.387013 delta: 33.334 ms delta now: +33.820 ms fps: 30.00 (ts-monotonic, ts-src-eof)
cap dqbuf: 1 seq:    801 bytesused: 10506240 ts: 1916.420346 delta: 33.333 ms delta now: +33.793 ms fps: 30.00 (ts-monotonic, ts-src-eof)
cap dqbuf: 2 seq:    802 bytesused: 10506240 ts: 1916.453679 delta: 33.333 ms delta now: +33.937 ms fps: 30.00 (ts-monotonic, ts-src-eof)
cap dqbuf: 3 seq:    803 bytesused: 10506240 ts: 1916.487013 delta: 33.334 ms delta now: +33.795 ms fps: 30.00 (ts-monotonic, ts-src-eof)
cap dqbuf: 0 seq:    804 bytesused: 10506240 ts: 1916.520346 delta: 33.333 ms delta now: +33.795 ms fps: 30.00 (ts-monotonic, ts-src-eof)
cap dqbuf: 1 seq:    805 bytesused: 10506240 ts: 1916.553679 delta: 33.333 ms delta now: +33.794 ms fps: 30.00 (ts-monotonic, ts-src-eof)
cap dqbuf: 2 seq:    806 bytesused: 10506240 ts: 1916.587013 delta: 33.334 ms delta now: +33.793 ms fps: 30.00 (ts-monotonic, ts-src-eof)
cap dqbuf: 3 seq:    807 bytesused: 10506240 ts: 1916.620346 delta: 33.333 ms delta now: +33.932 ms fps: 30.00 (ts-monotonic, ts-src-eof)
cap dqbuf: 0 seq:    808 bytesused: 10506240 ts: 1916.653680 delta: 33.334 ms delta now: +34.002 ms fps: 30.00 (ts-monotonic, ts-src-eof)
cap dqbuf: 1 seq:    809 bytesused: 10506240 ts: 1916.687013 delta: 33.333 ms delta now: +33.793 ms fps: 30.00 (ts-monotonic, ts-src-eof)
cap dqbuf: 2 seq:    810 bytesused: 10506240 ts: 1916.720346 delta: 33.333 ms delta now: +33.794 ms fps: 30.00 (ts-monotonic, ts-src-eof)
cap dqbuf: 3 seq:    811 bytesused: 10506240 ts: 1916.753679 delta: 33.333 ms delta now: +33.944 ms fps: 30.00 (ts-monotonic, ts-src-eof)
cap dqbuf: 0 seq:    812 bytesused: 10506240 ts: 1916.787013 delta: 33.334 ms delta now: +33.790 ms fps: 30.00 (ts-monotonic, ts-src-eof)
cap dqbuf: 1 seq:    813 bytesused: 10506240 ts: 1916.820346 delta: 33.333 ms delta now: +33.931 ms fps: 30.00 (ts-monotonic, ts-src-eof)
cap dqbuf: 2 seq:    814 bytesused: 10506240 ts: 1916.853680 delta: 33.334 ms delta now: +33.836 ms fps: 30.00 (ts-monotonic, ts-src-eof)
cap dqbuf: 3 seq:    815 bytesused: 10506240 ts: 1916.887013 delta: 33.333 ms delta now: +33.797 ms fps: 30.00 (ts-monotonic, ts-src-eof)
cap dqbuf: 0 seq:    816 bytesused: 10506240 ts: 1916.920346 delta: 33.333 ms delta now: +33.939 ms fps: 30.00 (ts-monotonic, ts-src-eof)
cap dqbuf: 1 seq:    817 bytesused: 10506240 ts: 1916.953680 delta: 33.334 ms delta now: +33.799 ms fps: 30.00 (ts-monotonic, ts-src-eof)
cap dqbuf: 2 seq:    818 bytesused: 10506240 ts: 1916.987013 delta: 33.333 ms delta now: +33.944 ms fps: 30.00 (ts-monotonic, ts-src-eof)
cap dqbuf: 3 seq:    819 bytesused: 10506240 ts: 1917.020347 delta: 33.334 ms delta now: +33.988 ms fps: 30.00 (ts-monotonic, ts-src-eof)
cap dqbuf: 0 seq:    820 bytesused: 10506240 ts: 1917.053680 delta: 33.333 ms delta now: +33.956 ms fps: 30.00 (ts-monotonic, ts-src-eof)
cap dqbuf: 1 seq:    821 bytesused: 10506240 ts: 1917.087014 delta: 33.334 ms delta now: +33.800 ms fps: 30.00 (ts-monotonic, ts-src-eof)
cap dqbuf: 2 seq:    822 bytesused: 10506240 ts: 1917.120346 delta: 33.332 ms delta now: +33.794 ms fps: 30.00 (ts-monotonic, ts-src-eof)
cap dqbuf: 3 seq:    823 bytesused: 10506240 ts: 1917.153679 delta: 33.333 ms delta now: +33.797 ms fps: 30.00 (ts-monotonic, ts-src-eof)
cap dqbuf: 0 seq:    824 bytesused: 10506240 ts: 1917.187013 delta: 33.334 ms delta now: +33.942 ms fps: 30.00 (ts-monotonic, ts-src-eof)
cap dqbuf: 1 seq:    825 bytesused: 10506240 ts: 1917.220347 delta: 33.334 ms delta now: +33.944 ms fps: 30.00 (ts-monotonic, ts-src-eof)
cap dqbuf: 2 seq:    826 bytesused: 10506240 ts: 1917.253680 delta: 33.333 ms delta now: +33.793 ms fps: 30.00 (ts-monotonic, ts-src-eof)
cap dqbuf: 3 seq:    827 bytesused: 10506240 ts: 1917.287013 delta: 33.333 ms delta now: +34.042 ms fps: 30.00 (ts-monotonic, ts-src-eof)
cap dqbuf: 0 seq:    828 bytesused: 10506240 ts: 1917.320347 delta: 33.334 ms delta now: +33.935 ms fps: 30.00 (ts-monotonic, ts-src-eof)
cap dqbuf: 1 seq:    829 bytesused: 10506240 ts: 1917.353680 delta: 33.333 ms delta now: +33.793 ms fps: 30.00 (ts-monotonic, ts-src-eof)
cap dqbuf: 2 seq:    830 bytesused: 10506240 ts: 1917.387013 delta: 33.333 ms delta now: +33.941 ms fps: 30.00 (ts-monotonic, ts-src-eof)
cap dqbuf: 3 seq:    831 bytesused: 10506240 ts: 1917.420347 delta: 33.334 ms delta now: +33.792 ms fps: 30.00 (ts-monotonic, ts-src-eof)
cap dqbuf: 0 seq:    832 bytesused: 10506240 ts: 1917.453680 delta: 33.333 ms delta now: +33.795 ms fps: 30.00 (ts-monotonic, ts-src-eof)
cap dqbuf: 1 seq:    833 bytesused: 10506240 ts: 1917.487013 delta: 33.333 ms delta now: +33.973 ms fps: 30.00 (ts-monotonic, ts-src-eof)
cap dqbuf: 2 seq:    834 bytesused: 10506240 ts: 1917.520347 delta: 33.334 ms delta now: +33.940 ms fps: 30.00 (ts-monotonic, ts-src-eof)
cap dqbuf: 3 seq:    835 bytesused: 10506240 ts: 1917.553680 delta: 33.333 ms delta now: +33.792 ms fps: 30.00 (ts-monotonic, ts-src-eof)
cap dqbuf: 0 seq:    836 bytesused: 10506240 ts: 1917.587013 delta: 33.333 ms delta now: +33.930 ms fps: 30.00 (ts-monotonic, ts-src-eof)
cap dqbuf: 1 seq:    837 bytesused: 10506240 ts: 1917.620347 delta: 33.334 ms delta now: +33.940 ms fps: 30.00 (ts-monotonic, ts-src-eof)
cap dqbuf: 2 seq:    838 bytesused: 10506240 ts: 1917.653680 delta: 33.333 ms delta now: +33.794 ms fps: 30.00 (ts-monotonic, ts-src-eof)
cap dqbuf: 3 seq:    839 bytesused: 10506240 ts: 1917.687013 delta: 33.333 ms delta now: +33.792 ms fps: 30.00 (ts-monotonic, ts-src-eof)
cap dqbuf: 0 seq:    840 bytesused: 10506240 ts: 1917.720346 delta: 33.333 ms delta now: +33.796 ms fps: 30.00 (ts-monotonic, ts-src-eof)
cap dqbuf: 1 seq:    841 bytesused: 10506240 ts: 1917.753679 delta: 33.333 ms delta now: +33.990 ms fps: 30.00 (ts-monotonic, ts-src-eof)
cap dqbuf: 2 seq:    842 bytesused: 10506240 ts: 1917.787014 delta: 33.335 ms delta now: +33.808 ms fps: 30.00 (ts-monotonic, ts-src-eof)
cap dqbuf: 3 seq:    843 bytesused: 10506240 ts: 1917.820346 delta: 33.332 ms delta now: +33.999 ms fps: 30.00 (ts-monotonic, ts-src-eof)
cap dqbuf: 0 seq:    844 bytesused: 10506240 ts: 1917.853680 delta: 33.334 ms delta now: +33.936 ms fps: 30.00 (ts-monotonic, ts-src-eof)
cap dqbuf: 1 seq:    845 bytesused: 10506240 ts: 1917.887013 delta: 33.333 ms delta now: +34.025 ms fps: 30.00 (ts-monotonic, ts-src-eof)
cap dqbuf: 2 seq:    846 bytesused: 10506240 ts: 1917.920347 delta: 33.334 ms delta now: +33.944 ms fps: 30.00 (ts-monotonic, ts-src-eof)
cap dqbuf: 3 seq:    847 bytesused: 10506240 ts: 1917.953680 delta: 33.333 ms delta now: +34.048 ms fps: 30.00 (ts-monotonic, ts-src-eof)
cap dqbuf: 0 seq:    848 bytesused: 10506240 ts: 1917.987014 delta: 33.334 ms delta now: +33.794 ms fps: 30.00 (ts-monotonic, ts-src-eof)
cap dqbuf: 1 seq:    849 bytesused: 10506240 ts: 1918.020346 delta: 33.332 ms delta now: +33.794 ms fps: 30.00 (ts-monotonic, ts-src-eof)
cap dqbuf: 2 seq:    850 bytesused: 10506240 ts: 1918.053680 delta: 33.334 ms delta now: +33.947 ms fps: 30.00 (ts-monotonic, ts-src-eof)
cap dqbuf: 3 seq:    851 bytesused: 10506240 ts: 1918.087014 delta: 33.334 ms delta now: +33.795 ms fps: 30.00 (ts-monotonic, ts-src-eof)
cap dqbuf: 0 seq:    852 bytesused: 10506240 ts: 1918.120346 delta: 33.332 ms delta now: +33.789 ms fps: 30.00 (ts-monotonic, ts-src-eof)
cap dqbuf: 1 seq:    853 bytesused: 10506240 ts: 1918.153679 delta: 33.333 ms delta now: +33.794 ms fps: 30.00 (ts-monotonic, ts-src-eof)
cap dqbuf: 2 seq:    854 bytesused: 10506240 ts: 1918.187013 delta: 33.334 ms delta now: +33.793 ms fps: 30.00 (ts-monotonic, ts-src-eof)
cap dqbuf: 3 seq:    855 bytesused: 10506240 ts: 1918.220346 delta: 33.333 ms delta now: +33.794 ms fps: 30.00 (ts-monotonic, ts-src-eof)
cap dqbuf: 0 seq:    856 bytesused: 10506240 ts: 1918.253680 delta: 33.334 ms delta now: +33.799 ms fps: 30.00 (ts-monotonic, ts-src-eof)
cap dqbuf: 1 seq:    857 bytesused: 10506240 ts: 1918.287013 delta: 33.333 ms delta now: +33.792 ms fps: 30.00 (ts-monotonic, ts-src-eof)
cap dqbuf: 2 seq:    858 bytesused: 10506240 ts: 1918.320346 delta: 33.333 ms delta now: +33.802 ms fps: 30.00 (ts-monotonic, ts-src-eof)
cap dqbuf: 3 seq:    859 bytesused: 10506240 ts: 1918.353680 delta: 33.334 ms delta now: +33.941 ms fps: 30.00 (ts-monotonic, ts-src-eof)
cap dqbuf: 0 seq:    860 bytesused: 10506240 ts: 1918.387014 delta: 33.334 ms delta now: +33.793 ms fps: 30.00 (ts-monotonic, ts-src-eof)
cap dqbuf: 1 seq:    861 bytesused: 10506240 ts: 1918.420346 delta: 33.332 ms delta now: +33.956 ms fps: 30.00 (ts-monotonic, ts-src-eof)
cap dqbuf: 2 seq:    862 bytesused: 10506240 ts: 1918.453680 delta: 33.334 ms delta now: +33.794 ms fps: 30.00 (ts-monotonic, ts-src-eof)
cap dqbuf: 3 seq:    863 bytesused: 10506240 ts: 1918.487013 delta: 33.333 ms delta now: +33.796 ms fps: 30.00 (ts-monotonic, ts-src-eof)
cap dqbuf: 0 seq:    864 bytesused: 10506240 ts: 1918.520346 delta: 33.333 ms delta now: +33.793 ms fps: 30.00 (ts-monotonic, ts-src-eof)
cap dqbuf: 1 seq:    865 bytesused: 10506240 ts: 1918.553679 delta: 33.333 ms delta now: +33.932 ms fps: 30.00 (ts-monotonic, ts-src-eof)
cap dqbuf: 2 seq:    866 bytesused: 10506240 ts: 1918.587014 delta: 33.335 ms delta now: +33.930 ms fps: 30.00 (ts-monotonic, ts-src-eof)
cap dqbuf: 3 seq:    867 bytesused: 10506240 ts: 1918.620347 delta: 33.333 ms delta now: +33.793 ms fps: 30.00 (ts-monotonic, ts-src-eof)
cap dqbuf: 0 seq:    868 bytesused: 10506240 ts: 1918.653679 delta: 33.332 ms delta now: +33.933 ms fps: 30.00 (ts-monotonic, ts-src-eof)
cap dqbuf: 1 seq:    869 bytesused: 10506240 ts: 1918.687014 delta: 33.335 ms delta now: +33.794 ms fps: 30.00 (ts-monotonic, ts-src-eof)
cap dqbuf: 2 seq:    870 bytesused: 10506240 ts: 1918.720346 delta: 33.332 ms delta now: +33.792 ms fps: 30.00 (ts-monotonic, ts-src-eof)
cap dqbuf: 3 seq:    871 bytesused: 10506240 ts: 1918.753679 delta: 33.333 ms delta now: +33.794 ms fps: 30.00 (ts-monotonic, ts-src-eof)
cap dqbuf: 0 seq:    872 bytesused: 10506240 ts: 1918.787013 delta: 33.334 ms delta now: +33.984 ms fps: 30.00 (ts-monotonic, ts-src-eof)
cap dqbuf: 1 seq:    873 bytesused: 10506240 ts: 1918.820347 delta: 33.334 ms delta now: +33.791 ms fps: 30.00 (ts-monotonic, ts-src-eof)
cap dqbuf: 2 seq:    874 bytesused: 10506240 ts: 1918.853680 delta: 33.333 ms delta now: +33.930 ms fps: 30.00 (ts-monotonic, ts-src-eof)
cap dqbuf: 3 seq:    875 bytesused: 10506240 ts: 1918.887014 delta: 33.334 ms delta now: +33.792 ms fps: 30.00 (ts-monotonic, ts-src-eof)
cap dqbuf: 0 seq:    876 bytesused: 10506240 ts: 1918.920346 delta: 33.332 ms delta now: +33.793 ms fps: 30.00 (ts-monotonic, ts-src-eof)
cap dqbuf: 1 seq:    877 bytesused: 10506240 ts: 1918.953680 delta: 33.334 ms delta now: +33.796 ms fps: 30.00 (ts-monotonic, ts-src-eof)
cap dqbuf: 2 seq:    878 bytesused: 10506240 ts: 1918.987013 delta: 33.333 ms delta now: +33.946 ms fps: 30.00 (ts-monotonic, ts-src-eof)
cap dqbuf: 3 seq:    879 bytesused: 10506240 ts: 1919.020347 delta: 33.334 ms delta now: +33.793 ms fps: 30.00 (ts-monotonic, ts-src-eof)
cap dqbuf: 0 seq:    880 bytesused: 10506240 ts: 1919.053680 delta: 33.333 ms delta now: +34.019 ms fps: 30.00 (ts-monotonic, ts-src-eof)
cap dqbuf: 1 seq:    881 bytesused: 10506240 ts: 1919.087014 delta: 33.334 ms delta now: +33.820 ms fps: 30.00 (ts-monotonic, ts-src-eof)
cap dqbuf: 2 seq:    882 bytesused: 10506240 ts: 1919.120347 delta: 33.333 ms delta now: +33.793 ms fps: 30.00 (ts-monotonic, ts-src-eof)
cap dqbuf: 3 seq:    883 bytesused: 10506240 ts: 1919.153680 delta: 33.333 ms delta now: +33.794 ms fps: 30.00 (ts-monotonic, ts-src-eof)
cap dqbuf: 0 seq:    884 bytesused: 10506240 ts: 1919.187013 delta: 33.333 ms delta now: +34.038 ms fps: 30.00 (ts-monotonic, ts-src-eof)
cap dqbuf: 1 seq:    885 bytesused: 10506240 ts: 1919.220347 delta: 33.334 ms delta now: +33.792 ms fps: 30.00 (ts-monotonic, ts-src-eof)
cap dqbuf: 2 seq:    886 bytesused: 10506240 ts: 1919.253680 delta: 33.333 ms delta now: +33.788 ms fps: 30.00 (ts-monotonic, ts-src-eof)
cap dqbuf: 3 seq:    887 bytesused: 10506240 ts: 1919.287013 delta: 33.333 ms delta now: +33.944 ms fps: 30.00 (ts-monotonic, ts-src-eof)
cap dqbuf: 0 seq:    888 bytesused: 10506240 ts: 1919.320347 delta: 33.334 ms delta now: +33.802 ms fps: 30.00 (ts-monotonic, ts-src-eof)
cap dqbuf: 1 seq:    889 bytesused: 10506240 ts: 1919.353680 delta: 33.333 ms delta now: +33.793 ms fps: 30.00 (ts-monotonic, ts-src-eof)
cap dqbuf: 2 seq:    890 bytesused: 10506240 ts: 1919.387013 delta: 33.333 ms delta now: +33.991 ms fps: 30.00 (ts-monotonic, ts-src-eof)
cap dqbuf: 3 seq:    891 bytesused: 10506240 ts: 1919.420347 delta: 33.334 ms delta now: +33.793 ms fps: 30.00 (ts-monotonic, ts-src-eof)
cap dqbuf: 0 seq:    892 bytesused: 10506240 ts: 1919.453680 delta: 33.333 ms delta now: +33.911 ms fps: 30.00 (ts-monotonic, ts-src-eof)
cap dqbuf: 1 seq:    893 bytesused: 10506240 ts: 1919.487013 delta: 33.333 ms delta now: +33.945 ms fps: 30.00 (ts-monotonic, ts-src-eof)
cap dqbuf: 2 seq:    894 bytesused: 10506240 ts: 1919.520347 delta: 33.334 ms delta now: +33.791 ms fps: 30.00 (ts-monotonic, ts-src-eof)
cap dqbuf: 3 seq:    895 bytesused: 10506240 ts: 1919.553679 delta: 33.332 ms delta now: +33.934 ms fps: 30.00 (ts-monotonic, ts-src-eof)
cap dqbuf: 0 seq:    896 bytesused: 10506240 ts: 1919.587014 delta: 33.335 ms delta now: +33.932 ms fps: 30.00 (ts-monotonic, ts-src-eof)
cap dqbuf: 1 seq:    897 bytesused: 10506240 ts: 1919.620347 delta: 33.333 ms delta now: +33.793 ms fps: 30.00 (ts-monotonic, ts-src-eof)
cap dqbuf: 2 seq:    898 bytesused: 10506240 ts: 1919.653680 delta: 33.333 ms delta now: +33.793 ms fps: 30.00 (ts-monotonic, ts-src-eof)
cap dqbuf: 3 seq:    899 bytesused: 10506240 ts: 1919.687013 delta: 33.333 ms delta now: +33.924 ms fps: 30.00 (ts-monotonic, ts-src-eof)
cap dqbuf: 0 seq:    900 bytesused: 10506240 ts: 1919.720347 delta: 33.334 ms delta now: +33.814 ms fps: 30.00 (ts-monotonic, ts-src-eof)
cap dqbuf: 1 seq:    901 bytesused: 10506240 ts: 1919.753681 delta: 33.334 ms delta now: +33.813 ms fps: 30.00 (ts-monotonic, ts-src-eof)
cap dqbuf: 2 seq:    902 bytesused: 10506240 ts: 1919.787014 delta: 33.333 ms delta now: +33.791 ms fps: 30.00 (ts-monotonic, ts-src-eof)
cap dqbuf: 3 seq:    903 bytesused: 10506240 ts: 1919.820346 delta: 33.332 ms delta now: +33.933 ms fps: 30.00 (ts-monotonic, ts-src-eof)
cap dqbuf: 0 seq:    904 bytesused: 10506240 ts: 1919.853681 delta: 33.335 ms delta now: +33.791 ms fps: 30.00 (ts-monotonic, ts-src-eof)
cap dqbuf: 1 seq:    905 bytesused: 10506240 ts: 1919.887013 delta: 33.332 ms delta now: +33.792 ms fps: 30.00 (ts-monotonic, ts-src-eof)
cap dqbuf: 2 seq:    906 bytesused: 10506240 ts: 1919.920346 delta: 33.333 ms delta now: +33.929 ms fps: 30.00 (ts-monotonic, ts-src-eof)
cap dqbuf: 3 seq:    907 bytesused: 10506240 ts: 1919.953680 delta: 33.334 ms delta now: +33.793 ms fps: 30.00 (ts-monotonic, ts-src-eof)
cap dqbuf: 0 seq:    908 bytesused: 10506240 ts: 1919.987013 delta: 33.333 ms delta now: +33.795 ms fps: 30.00 (ts-monotonic, ts-src-eof)
cap dqbuf: 1 seq:    909 bytesused: 10506240 ts: 1920.020346 delta: 33.333 ms delta now: +33.793 ms fps: 30.00 (ts-monotonic, ts-src-eof)
cap dqbuf: 2 seq:    910 bytesused: 10506240 ts: 1920.053680 delta: 33.334 ms delta now: +33.957 ms fps: 30.00 (ts-monotonic, ts-src-eof)
cap dqbuf: 3 seq:    911 bytesused: 10506240 ts: 1920.087014 delta: 33.334 ms delta now: +33.803 ms fps: 30.00 (ts-monotonic, ts-src-eof)
cap dqbuf: 0 seq:    912 bytesused: 10506240 ts: 1920.120346 delta: 33.332 ms delta now: +33.951 ms fps: 30.00 (ts-monotonic, ts-src-eof)
cap dqbuf: 1 seq:    913 bytesused: 10506240 ts: 1920.153680 delta: 33.334 ms delta now: +33.791 ms fps: 30.00 (ts-monotonic, ts-src-eof)
cap dqbuf: 2 seq:    914 bytesused: 10506240 ts: 1920.187013 delta: 33.333 ms delta now: +33.789 ms fps: 30.00 (ts-monotonic, ts-src-eof)
cap dqbuf: 3 seq:    915 bytesused: 10506240 ts: 1920.220346 delta: 33.333 ms delta now: +33.937 ms fps: 30.00 (ts-monotonic, ts-src-eof)
cap dqbuf: 0 seq:    916 bytesused: 10506240 ts: 1920.253680 delta: 33.334 ms delta now: +33.835 ms fps: 30.00 (ts-monotonic, ts-src-eof)
cap dqbuf: 1 seq:    917 bytesused: 10506240 ts: 1920.287013 delta: 33.333 ms delta now: +33.945 ms fps: 30.00 (ts-monotonic, ts-src-eof)
cap dqbuf: 2 seq:    918 bytesused: 10506240 ts: 1920.320347 delta: 33.334 ms delta now: +33.790 ms fps: 30.00 (ts-monotonic, ts-src-eof)
cap dqbuf: 3 seq:    919 bytesused: 10506240 ts: 1920.353680 delta: 33.333 ms delta now: +33.792 ms fps: 30.00 (ts-monotonic, ts-src-eof)
cap dqbuf: 0 seq:    920 bytesused: 10506240 ts: 1920.387013 delta: 33.333 ms delta now: +33.793 ms fps: 30.00 (ts-monotonic, ts-src-eof)
cap dqbuf: 1 seq:    921 bytesused: 10506240 ts: 1920.420346 delta: 33.333 ms delta now: +33.931 ms fps: 30.00 (ts-monotonic, ts-src-eof)
cap dqbuf: 2 seq:    922 bytesused: 10506240 ts: 1920.453681 delta: 33.335 ms delta now: +33.793 ms fps: 30.00 (ts-monotonic, ts-src-eof)
cap dqbuf: 3 seq:    923 bytesused: 10506240 ts: 1920.487013 delta: 33.332 ms delta now: +33.792 ms fps: 30.00 (ts-monotonic, ts-src-eof)
cap dqbuf: 0 seq:    924 bytesused: 10506240 ts: 1920.520346 delta: 33.333 ms delta now: +33.961 ms fps: 30.00 (ts-monotonic, ts-src-eof)
cap dqbuf: 1 seq:    925 bytesused: 10506240 ts: 1920.553681 delta: 33.335 ms delta now: +33.937 ms fps: 30.00 (ts-monotonic, ts-src-eof)
cap dqbuf: 2 seq:    926 bytesused: 10506240 ts: 1920.587014 delta: 33.333 ms delta now: +33.791 ms fps: 30.00 (ts-monotonic, ts-src-eof)
cap dqbuf: 3 seq:    927 bytesused: 10506240 ts: 1920.620347 delta: 33.333 ms delta now: +33.824 ms fps: 30.00 (ts-monotonic, ts-src-eof)
cap dqbuf: 0 seq:    928 bytesused: 10506240 ts: 1920.653681 delta: 33.334 ms delta now: +33.790 ms fps: 30.00 (ts-monotonic, ts-src-eof)
cap dqbuf: 1 seq:    929 bytesused: 10506240 ts: 1920.687013 delta: 33.332 ms delta now: +33.794 ms fps: 30.00 (ts-monotonic, ts-src-eof)
cap dqbuf: 2 seq:    930 bytesused: 10506240 ts: 1920.720347 delta: 33.334 ms delta now: +33.942 ms fps: 30.00 (ts-monotonic, ts-src-eof)
cap dqbuf: 3 seq:    931 bytesused: 10506240 ts: 1920.753681 delta: 33.334 ms delta now: +33.936 ms fps: 30.00 (ts-monotonic, ts-src-eof)
cap dqbuf: 0 seq:    932 bytesused: 10506240 ts: 1920.787014 delta: 33.333 ms delta now: +33.795 ms fps: 30.00 (ts-monotonic, ts-src-eof)
cap dqbuf: 1 seq:    933 bytesused: 10506240 ts: 1920.820346 delta: 33.332 ms delta now: +33.935 ms fps: 30.00 (ts-monotonic, ts-src-eof)
cap dqbuf: 2 seq:    934 bytesused: 10506240 ts: 1920.853680 delta: 33.334 ms delta now: +33.935 ms fps: 30.00 (ts-monotonic, ts-src-eof)
cap dqbuf: 3 seq:    935 bytesused: 10506240 ts: 1920.887014 delta: 33.334 ms delta now: +33.793 ms fps: 30.00 (ts-monotonic, ts-src-eof)
cap dqbuf: 0 seq:    936 bytesused: 10506240 ts: 1920.920346 delta: 33.332 ms delta now: +33.796 ms fps: 30.00 (ts-monotonic, ts-src-eof)
cap dqbuf: 1 seq:    937 bytesused: 10506240 ts: 1920.953680 delta: 33.334 ms delta now: +33.933 ms fps: 30.00 (ts-monotonic, ts-src-eof)
cap dqbuf: 2 seq:    938 bytesused: 10506240 ts: 1920.987014 delta: 33.334 ms delta now: +33.790 ms fps: 30.00 (ts-monotonic, ts-src-eof)
cap dqbuf: 3 seq:    939 bytesused: 10506240 ts: 1921.020346 delta: 33.332 ms delta now: +33.795 ms fps: 30.00 (ts-monotonic, ts-src-eof)
cap dqbuf: 0 seq:    940 bytesused: 10506240 ts: 1921.053680 delta: 33.334 ms delta now: +33.954 ms fps: 30.00 (ts-monotonic, ts-src-eof)
cap dqbuf: 1 seq:    941 bytesused: 10506240 ts: 1921.087014 delta: 33.334 ms delta now: +33.947 ms fps: 30.00 (ts-monotonic, ts-src-eof)
cap dqbuf: 2 seq:    942 bytesused: 10506240 ts: 1921.120347 delta: 33.333 ms delta now: +33.806 ms fps: 30.00 (ts-monotonic, ts-src-eof)
cap dqbuf: 3 seq:    943 bytesused: 10506240 ts: 1921.153680 delta: 33.333 ms delta now: +33.795 ms fps: 30.00 (ts-monotonic, ts-src-eof)
cap dqbuf: 0 seq:    944 bytesused: 10506240 ts: 1921.187013 delta: 33.333 ms delta now: +33.945 ms fps: 30.00 (ts-monotonic, ts-src-eof)
cap dqbuf: 1 seq:    945 bytesused: 10506240 ts: 1921.220347 delta: 33.334 ms delta now: +33.948 ms fps: 30.00 (ts-monotonic, ts-src-eof)
cap dqbuf: 2 seq:    946 bytesused: 10506240 ts: 1921.253681 delta: 33.334 ms delta now: +33.801 ms fps: 30.00 (ts-monotonic, ts-src-eof)
cap dqbuf: 3 seq:    947 bytesused: 10506240 ts: 1921.287013 delta: 33.332 ms delta now: +33.803 ms fps: 30.00 (ts-monotonic, ts-src-eof)
cap dqbuf: 0 seq:    948 bytesused: 10506240 ts: 1921.320347 delta: 33.334 ms delta now: +33.795 ms fps: 30.00 (ts-monotonic, ts-src-eof)
cap dqbuf: 1 seq:    949 bytesused: 10506240 ts: 1921.353680 delta: 33.333 ms delta now: +33.942 ms fps: 30.00 (ts-monotonic, ts-src-eof)
cap dqbuf: 2 seq:    950 bytesused: 10506240 ts: 1921.387014 delta: 33.334 ms delta now: +33.790 ms fps: 30.00 (ts-monotonic, ts-src-eof)
cap dqbuf: 3 seq:    951 bytesused: 10506240 ts: 1921.420346 delta: 33.332 ms delta now: +33.794 ms fps: 30.00 (ts-monotonic, ts-src-eof)
cap dqbuf: 0 seq:    952 bytesused: 10506240 ts: 1921.453680 delta: 33.334 ms delta now: +33.794 ms fps: 30.00 (ts-monotonic, ts-src-eof)
cap dqbuf: 1 seq:    953 bytesused: 10506240 ts: 1921.487013 delta: 33.333 ms delta now: +33.794 ms fps: 30.00 (ts-monotonic, ts-src-eof)
cap dqbuf: 2 seq:    954 bytesused: 10506240 ts: 1921.520347 delta: 33.334 ms delta now: +33.998 ms fps: 30.00 (ts-monotonic, ts-src-eof)
cap dqbuf: 3 seq:    955 bytesused: 10506240 ts: 1921.553681 delta: 33.334 ms delta now: +33.792 ms fps: 30.00 (ts-monotonic, ts-src-eof)
cap dqbuf: 0 seq:    956 bytesused: 10506240 ts: 1921.587013 delta: 33.332 ms delta now: +33.793 ms fps: 30.00 (ts-monotonic, ts-src-eof)
cap dqbuf: 1 seq:    957 bytesused: 10506240 ts: 1921.620347 delta: 33.334 ms delta now: +33.935 ms fps: 30.00 (ts-monotonic, ts-src-eof)
cap dqbuf: 2 seq:    958 bytesused: 10506240 ts: 1921.653681 delta: 33.334 ms delta now: +33.793 ms fps: 30.00 (ts-monotonic, ts-src-eof)
cap dqbuf: 3 seq:    959 bytesused: 10506240 ts: 1921.687013 delta: 33.332 ms delta now: +33.929 ms fps: 30.00 (ts-monotonic, ts-src-eof)
cap dqbuf: 0 seq:    960 bytesused: 10506240 ts: 1921.720347 delta: 33.334 ms delta now: +33.795 ms fps: 30.00 (ts-monotonic, ts-src-eof)
cap dqbuf: 1 seq:    961 bytesused: 10506240 ts: 1921.753680 delta: 33.333 ms delta now: +34.017 ms fps: 30.00 (ts-monotonic, ts-src-eof)
cap dqbuf: 2 seq:    962 bytesused: 10506240 ts: 1921.787014 delta: 33.334 ms delta now: +33.829 ms fps: 30.00 (ts-monotonic, ts-src-eof)
cap dqbuf: 3 seq:    963 bytesused: 10506240 ts: 1921.820347 delta: 33.333 ms delta now: +33.794 ms fps: 30.00 (ts-monotonic, ts-src-eof)
cap dqbuf: 0 seq:    964 bytesused: 10506240 ts: 1921.853680 delta: 33.333 ms delta now: +33.795 ms fps: 30.00 (ts-monotonic, ts-src-eof)
cap dqbuf: 1 seq:    965 bytesused: 10506240 ts: 1921.887013 delta: 33.333 ms delta now: +33.806 ms fps: 30.00 (ts-monotonic, ts-src-eof)
cap dqbuf: 2 seq:    966 bytesused: 10506240 ts: 1921.920346 delta: 33.333 ms delta now: +33.939 ms fps: 30.00 (ts-monotonic, ts-src-eof)
cap dqbuf: 3 seq:    967 bytesused: 10506240 ts: 1921.953681 delta: 33.335 ms delta now: +33.938 ms fps: 30.00 (ts-monotonic, ts-src-eof)
cap dqbuf: 0 seq:    968 bytesused: 10506240 ts: 1921.987014 delta: 33.333 ms delta now: +33.794 ms fps: 30.00 (ts-monotonic, ts-src-eof)
cap dqbuf: 1 seq:    969 bytesused: 10506240 ts: 1922.020346 delta: 33.332 ms delta now: +33.795 ms fps: 30.00 (ts-monotonic, ts-src-eof)
cap dqbuf: 2 seq:    970 bytesused: 10506240 ts: 1922.053680 delta: 33.334 ms delta now: +33.938 ms fps: 30.00 (ts-monotonic, ts-src-eof)
cap dqbuf: 3 seq:    971 bytesused: 10506240 ts: 1922.087014 delta: 33.334 ms delta now: +34.015 ms fps: 30.00 (ts-monotonic, ts-src-eof)
cap dqbuf: 0 seq:    972 bytesused: 10506240 ts: 1922.120347 delta: 33.333 ms delta now: +33.795 ms fps: 30.00 (ts-monotonic, ts-src-eof)
cap dqbuf: 1 seq:    973 bytesused: 10506240 ts: 1922.153680 delta: 33.333 ms delta now: +34.034 ms fps: 30.00 (ts-monotonic, ts-src-eof)
cap dqbuf: 2 seq:    974 bytesused: 10506240 ts: 1922.187014 delta: 33.334 ms delta now: +33.797 ms fps: 30.00 (ts-monotonic, ts-src-eof)
cap dqbuf: 3 seq:    975 bytesused: 10506240 ts: 1922.220347 delta: 33.333 ms delta now: +33.793 ms fps: 30.00 (ts-monotonic, ts-src-eof)
cap dqbuf: 0 seq:    976 bytesused: 10506240 ts: 1922.253680 delta: 33.333 ms delta now: +33.941 ms fps: 30.00 (ts-monotonic, ts-src-eof)
cap dqbuf: 1 seq:    977 bytesused: 10506240 ts: 1922.287014 delta: 33.334 ms delta now: +33.805 ms fps: 30.00 (ts-monotonic, ts-src-eof)
cap dqbuf: 2 seq:    978 bytesused: 10506240 ts: 1922.320346 delta: 33.332 ms delta now: +33.941 ms fps: 30.00 (ts-monotonic, ts-src-eof)
cap dqbuf: 3 seq:    979 bytesused: 10506240 ts: 1922.353681 delta: 33.335 ms delta now: +33.791 ms fps: 30.00 (ts-monotonic, ts-src-eof)
cap dqbuf: 0 seq:    980 bytesused: 10506240 ts: 1922.387013 delta: 33.332 ms delta now: +33.929 ms fps: 30.00 (ts-monotonic, ts-src-eof)
cap dqbuf: 1 seq:    981 bytesused: 10506240 ts: 1922.420347 delta: 33.334 ms delta now: +33.793 ms fps: 30.00 (ts-monotonic, ts-src-eof)
cap dqbuf: 2 seq:    982 bytesused: 10506240 ts: 1922.453680 delta: 33.333 ms delta now: +33.941 ms fps: 30.00 (ts-monotonic, ts-src-eof)
cap dqbuf: 3 seq:    983 bytesused: 10506240 ts: 1922.487014 delta: 33.334 ms delta now: +33.793 ms fps: 30.00 (ts-monotonic, ts-src-eof)
cap dqbuf: 0 seq:    984 bytesused: 10506240 ts: 1922.520347 delta: 33.333 ms delta now: +33.964 ms fps: 30.00 (ts-monotonic, ts-src-eof)
cap dqbuf: 1 seq:    985 bytesused: 10506240 ts: 1922.553681 delta: 33.334 ms delta now: +33.792 ms fps: 30.00 (ts-monotonic, ts-src-eof)
cap dqbuf: 2 seq:    986 bytesused: 10506240 ts: 1922.587013 delta: 33.332 ms delta now: +33.809 ms fps: 30.00 (ts-monotonic, ts-src-eof)
cap dqbuf: 3 seq:    987 bytesused: 10506240 ts: 1922.620347 delta: 33.334 ms delta now: +33.936 ms fps: 30.00 (ts-monotonic, ts-src-eof)
cap dqbuf: 0 seq:    988 bytesused: 10506240 ts: 1922.653681 delta: 33.334 ms delta now: +33.792 ms fps: 30.00 (ts-monotonic, ts-src-eof)
cap dqbuf: 1 seq:    989 bytesused: 10506240 ts: 1922.687013 delta: 33.332 ms delta now: +33.794 ms fps: 30.00 (ts-monotonic, ts-src-eof)
cap dqbuf: 2 seq:    990 bytesused: 10506240 ts: 1922.720346 delta: 33.333 ms delta now: +33.793 ms fps: 30.00 (ts-monotonic, ts-src-eof)
cap dqbuf: 3 seq:    991 bytesused: 10506240 ts: 1922.753680 delta: 33.334 ms delta now: +33.792 ms fps: 30.00 (ts-monotonic, ts-src-eof)
cap dqbuf: 0 seq:    992 bytesused: 10506240 ts: 1922.787013 delta: 33.333 ms delta now: +33.796 ms fps: 30.00 (ts-monotonic, ts-src-eof)
cap dqbuf: 1 seq:    993 bytesused: 10506240 ts: 1922.820347 delta: 33.334 ms delta now: +33.795 ms fps: 30.00 (ts-monotonic, ts-src-eof)
cap dqbuf: 2 seq:    994 bytesused: 10506240 ts: 1922.853680 delta: 33.333 ms delta now: +33.939 ms fps: 30.00 (ts-monotonic, ts-src-eof)
cap dqbuf: 3 seq:    995 bytesused: 10506240 ts: 1922.887014 delta: 33.334 ms delta now: +33.793 ms fps: 30.00 (ts-monotonic, ts-src-eof)
cap dqbuf: 0 seq:    996 bytesused: 10506240 ts: 1922.920347 delta: 33.333 ms delta now: +33.991 ms fps: 30.00 (ts-monotonic, ts-src-eof)
cap dqbuf: 1 seq:    997 bytesused: 10506240 ts: 1922.953681 delta: 33.334 ms delta now: +33.794 ms fps: 30.00 (ts-monotonic, ts-src-eof)
cap dqbuf: 2 seq:    998 bytesused: 10506240 ts: 1922.987013 delta: 33.332 ms delta now: +34.003 ms fps: 30.00 (ts-monotonic, ts-src-eof)
cap dqbuf: 3 seq:    999 bytesused: 10506240 ts: 1923.020348 delta: 33.335 ms delta now: +33.855 ms fps: 30.00 (ts-monotonic, ts-src-eof)
cap dqbuf: 0 seq:   1000 bytesused: 10506240 ts: 1923.053681 delta: 33.333 ms delta now: +33.949 ms fps: 30.00 (ts-monotonic, ts-src-eof)
cap dqbuf: 1 seq:   1001 bytesused: 10506240 ts: 1923.087014 delta: 33.333 ms delta now: +33.798 ms fps: 30.00 (ts-monotonic, ts-src-eof)
cap dqbuf: 2 seq:   1002 bytesused: 10506240 ts: 1923.120347 delta: 33.333 ms delta now: +34.031 ms fps: 30.00 (ts-monotonic, ts-src-eof)
cap dqbuf: 3 seq:   1003 bytesused: 10506240 ts: 1923.153681 delta: 33.334 ms delta now: +33.817 ms fps: 30.00 (ts-monotonic, ts-src-eof)
cap dqbuf: 0 seq:   1004 bytesused: 10506240 ts: 1923.187014 delta: 33.333 ms delta now: +33.789 ms fps: 30.00 (ts-monotonic, ts-src-eof)
cap dqbuf: 1 seq:   1005 bytesused: 10506240 ts: 1923.220347 delta: 33.333 ms delta now: +33.943 ms fps: 30.00 (ts-monotonic, ts-src-eof)
cap dqbuf: 2 seq:   1006 bytesused: 10506240 ts: 1923.253681 delta: 33.334 ms delta now: +33.936 ms fps: 30.00 (ts-monotonic, ts-src-eof)
cap dqbuf: 3 seq:   1007 bytesused: 10506240 ts: 1923.287014 delta: 33.333 ms delta now: +34.043 ms fps: 30.00 (ts-monotonic, ts-src-eof)
cap dqbuf: 0 seq:   1008 bytesused: 10506240 ts: 1923.320347 delta: 33.333 ms delta now: +33.938 ms fps: 30.00 (ts-monotonic, ts-src-eof)
cap dqbuf: 1 seq:   1009 bytesused: 10506240 ts: 1923.353681 delta: 33.334 ms delta now: +33.794 ms fps: 30.00 (ts-monotonic, ts-src-eof)
cap dqbuf: 2 seq:   1010 bytesused: 10506240 ts: 1923.387013 delta: 33.332 ms delta now: +33.941 ms fps: 30.00 (ts-monotonic, ts-src-eof)
cap dqbuf: 3 seq:   1011 bytesused: 10506240 ts: 1923.420347 delta: 33.334 ms delta now: +33.809 ms fps: 30.00 (ts-monotonic, ts-src-eof)
cap dqbuf: 0 seq:   1012 bytesused: 10506240 ts: 1923.453680 delta: 33.333 ms delta now: +33.939 ms fps: 30.00 (ts-monotonic, ts-src-eof)
cap dqbuf: 1 seq:   1013 bytesused: 10506240 ts: 1923.487014 delta: 33.334 ms delta now: +33.852 ms fps: 30.00 (ts-monotonic, ts-src-eof)
cap dqbuf: 2 seq:   1014 bytesused: 10506240 ts: 1923.520347 delta: 33.333 ms delta now: +33.932 ms fps: 30.00 (ts-monotonic, ts-src-eof)
cap dqbuf: 3 seq:   1015 bytesused: 10506240 ts: 1923.553681 delta: 33.334 ms delta now: +33.796 ms fps: 30.00 (ts-monotonic, ts-src-eof)
cap dqbuf: 0 seq:   1016 bytesused: 10506240 ts: 1923.587013 delta: 33.332 ms delta now: +33.792 ms fps: 30.00 (ts-monotonic, ts-src-eof)
cap dqbuf: 1 seq:   1017 bytesused: 10506240 ts: 1923.620347 delta: 33.334 ms delta now: +33.939 ms fps: 30.00 (ts-monotonic, ts-src-eof)
cap dqbuf: 2 seq:   1018 bytesused: 10506240 ts: 1923.653681 delta: 33.334 ms delta now: +33.937 ms fps: 30.00 (ts-monotonic, ts-src-eof)
cap dqbuf: 3 seq:   1019 bytesused: 10506240 ts: 1923.687014 delta: 33.333 ms delta now: +33.790 ms fps: 30.00 (ts-monotonic, ts-src-eof)
cap dqbuf: 0 seq:   1020 bytesused: 10506240 ts: 1923.720347 delta: 33.333 ms delta now: +33.791 ms fps: 30.00 (ts-monotonic, ts-src-eof)
cap dqbuf: 1 seq:   1021 bytesused: 10506240 ts: 1923.753680 delta: 33.333 ms delta now: +33.952 ms fps: 30.00 (ts-monotonic, ts-src-eof)
cap dqbuf: 2 seq:   1022 bytesused: 10506240 ts: 1923.787014 delta: 33.334 ms delta now: +33.791 ms fps: 30.00 (ts-monotonic, ts-src-eof)
cap dqbuf: 3 seq:   1023 bytesused: 10506240 ts: 1923.820347 delta: 33.333 ms delta now: +33.795 ms fps: 30.00 (ts-monotonic, ts-src-eof)
cap dqbuf: 0 seq:   1024 bytesused: 10506240 ts: 1923.853680 delta: 33.333 ms delta now: +33.941 ms fps: 30.00 (ts-monotonic, ts-src-eof)
cap dqbuf: 1 seq:   1025 bytesused: 10506240 ts: 1923.887014 delta: 33.334 ms delta now: +33.938 ms fps: 30.00 (ts-monotonic, ts-src-eof)
cap dqbuf: 2 seq:   1026 bytesused: 10506240 ts: 1923.920348 delta: 33.334 ms delta now: +33.793 ms fps: 30.00 (ts-monotonic, ts-src-eof)
cap dqbuf: 3 seq:   1027 bytesused: 10506240 ts: 1923.953680 delta: 33.332 ms delta now: +33.793 ms fps: 30.00 (ts-monotonic, ts-src-eof)
cap dqbuf: 0 seq:   1028 bytesused: 10506240 ts: 1923.987013 delta: 33.333 ms delta now: +33.794 ms fps: 30.00 (ts-monotonic, ts-src-eof)
cap dqbuf: 1 seq:   1029 bytesused: 10506240 ts: 1924.020347 delta: 33.334 ms delta now: +34.058 ms fps: 30.00 (ts-monotonic, ts-src-eof)
cap dqbuf: 2 seq:   1030 bytesused: 10506240 ts: 1924.053681 delta: 33.334 ms delta now: +33.939 ms fps: 30.00 (ts-monotonic, ts-src-eof)
cap dqbuf: 3 seq:   1031 bytesused: 10506240 ts: 1924.087014 delta: 33.333 ms delta now: +34.009 ms fps: 30.00 (ts-monotonic, ts-src-eof)
cap dqbuf: 0 seq:   1032 bytesused: 10506240 ts: 1924.120347 delta: 33.333 ms delta now: +33.819 ms fps: 30.00 (ts-monotonic, ts-src-eof)
cap dqbuf: 1 seq:   1033 bytesused: 10506240 ts: 1924.153681 delta: 33.334 ms delta now: +33.792 ms fps: 30.00 (ts-monotonic, ts-src-eof)
cap dqbuf: 2 seq:   1034 bytesused: 10506240 ts: 1924.187013 delta: 33.332 ms delta now: +33.934 ms fps: 30.00 (ts-monotonic, ts-src-eof)
cap dqbuf: 3 seq:   1035 bytesused: 10506240 ts: 1924.220347 delta: 33.334 ms delta now: +33.794 ms fps: 30.00 (ts-monotonic, ts-src-eof)
cap dqbuf: 0 seq:   1036 bytesused: 10506240 ts: 1924.253680 delta: 33.333 ms delta now: +33.796 ms fps: 30.00 (ts-monotonic, ts-src-eof)
cap dqbuf: 1 seq:   1037 bytesused: 10506240 ts: 1924.287013 delta: 33.333 ms delta now: +33.938 ms fps: 30.00 (ts-monotonic, ts-src-eof)
cap dqbuf: 2 seq:   1038 bytesused: 10506240 ts: 1924.320348 delta: 33.335 ms delta now: +33.793 ms fps: 30.00 (ts-monotonic, ts-src-eof)
cap dqbuf: 3 seq:   1039 bytesused: 10506240 ts: 1924.353680 delta: 33.332 ms delta now: +33.796 ms fps: 30.00 (ts-monotonic, ts-src-eof)
cap dqbuf: 0 seq:   1040 bytesused: 10506240 ts: 1924.387013 delta: 33.333 ms delta now: +33.932 ms fps: 30.00 (ts-monotonic, ts-src-eof)
cap dqbuf: 1 seq:   1041 bytesused: 10506240 ts: 1924.420348 delta: 33.335 ms delta now: +33.787 ms fps: 30.00 (ts-monotonic, ts-src-eof)
cap dqbuf: 2 seq:   1042 bytesused: 10506240 ts: 1924.453680 delta: 33.332 ms delta now: +33.948 ms fps: 30.00 (ts-monotonic, ts-src-eof)
cap dqbuf: 3 seq:   1043 bytesused: 10506240 ts: 1924.487014 delta: 33.334 ms delta now: +33.939 ms fps: 30.00 (ts-monotonic, ts-src-eof)
cap dqbuf: 0 seq:   1044 bytesused: 10506240 ts: 1924.520348 delta: 33.334 ms delta now: +33.793 ms fps: 30.00 (ts-monotonic, ts-src-eof)
cap dqbuf: 1 seq:   1045 bytesused: 10506240 ts: 1924.553680 delta: 33.332 ms delta now: +34.007 ms fps: 30.00 (ts-monotonic, ts-src-eof)
cap dqbuf: 2 seq:   1046 bytesused: 10506240 ts: 1924.587014 delta: 33.334 ms delta now: +34.037 ms fps: 30.00 (ts-monotonic, ts-src-eof)
cap dqbuf: 3 seq:   1047 bytesused: 10506240 ts: 1924.620348 delta: 33.334 ms delta now: +33.792 ms fps: 30.00 (ts-monotonic, ts-src-eof)
cap dqbuf: 0 seq:   1048 bytesused: 10506240 ts: 1924.653680 delta: 33.332 ms delta now: +33.796 ms fps: 30.00 (ts-monotonic, ts-src-eof)
cap dqbuf: 1 seq:   1049 bytesused: 10506240 ts: 1924.687014 delta: 33.334 ms delta now: +33.920 ms fps: 30.00 (ts-monotonic, ts-src-eof)
cap dqbuf: 2 seq:   1050 bytesused: 10506240 ts: 1924.720348 delta: 33.334 ms delta now: +33.944 ms fps: 30.00 (ts-monotonic, ts-src-eof)
cap dqbuf: 3 seq:   1051 bytesused: 10506240 ts: 1924.753681 delta: 33.333 ms delta now: +33.930 ms fps: 30.00 (ts-monotonic, ts-src-eof)
cap dqbuf: 0 seq:   1052 bytesused: 10506240 ts: 1924.787014 delta: 33.333 ms delta now: +33.793 ms fps: 30.00 (ts-monotonic, ts-src-eof)
cap dqbuf: 1 seq:   1053 bytesused: 10506240 ts: 1924.820347 delta: 33.333 ms delta now: +33.977 ms fps: 30.00 (ts-monotonic, ts-src-eof)
cap dqbuf: 2 seq:   1054 bytesused: 10506240 ts: 1924.853681 delta: 33.334 ms delta now: +33.936 ms fps: 30.00 (ts-monotonic, ts-src-eof)
cap dqbuf: 3 seq:   1055 bytesused: 10506240 ts: 1924.887014 delta: 33.333 ms delta now: +33.941 ms fps: 30.00 (ts-monotonic, ts-src-eof)
cap dqbuf: 0 seq:   1056 bytesused: 10506240 ts: 1924.920348 delta: 33.334 ms delta now: +33.794 ms fps: 30.00 (ts-monotonic, ts-src-eof)
cap dqbuf: 1 seq:   1057 bytesused: 10506240 ts: 1924.953680 delta: 33.332 ms delta now: +33.790 ms fps: 30.00 (ts-monotonic, ts-src-eof)
cap dqbuf: 2 seq:   1058 bytesused: 10506240 ts: 1924.987013 delta: 33.333 ms delta now: +33.794 ms fps: 30.00 (ts-monotonic, ts-src-eof)
cap dqbuf: 3 seq:   1059 bytesused: 10506240 ts: 1925.020347 delta: 33.334 ms delta now: +33.943 ms fps: 30.00 (ts-monotonic, ts-src-eof)
cap dqbuf: 0 seq:   1060 bytesused: 10506240 ts: 1925.053681 delta: 33.334 ms delta now: +33.940 ms fps: 30.00 (ts-monotonic, ts-src-eof)
cap dqbuf: 1 seq:   1061 bytesused: 10506240 ts: 1925.087014 delta: 33.333 ms delta now: +33.803 ms fps: 30.00 (ts-monotonic, ts-src-eof)
cap dqbuf: 2 seq:   1062 bytesused: 10506240 ts: 1925.120347 delta: 33.333 ms delta now: +33.793 ms fps: 30.00 (ts-monotonic, ts-src-eof)
cap dqbuf: 3 seq:   1063 bytesused: 10506240 ts: 1925.153680 delta: 33.333 ms delta now: +33.799 ms fps: 30.00 (ts-monotonic, ts-src-eof)
cap dqbuf: 0 seq:   1064 bytesused: 10506240 ts: 1925.187013 delta: 33.333 ms delta now: +33.951 ms fps: 30.00 (ts-monotonic, ts-src-eof)
cap dqbuf: 1 seq:   1065 bytesused: 10506240 ts: 1925.220347 delta: 33.334 ms delta now: +33.940 ms fps: 30.00 (ts-monotonic, ts-src-eof)
cap dqbuf: 2 seq:   1066 bytesused: 10506240 ts: 1925.253681 delta: 33.334 ms delta now: +33.803 ms fps: 30.00 (ts-monotonic, ts-src-eof)
cap dqbuf: 3 seq:   1067 bytesused: 10506240 ts: 1925.287014 delta: 33.333 ms delta now: +33.795 ms fps: 30.00 (ts-monotonic, ts-src-eof)
cap dqbuf: 0 seq:   1068 bytesused: 10506240 ts: 1925.320347 delta: 33.333 ms delta now: +33.790 ms fps: 30.00 (ts-monotonic, ts-src-eof)
cap dqbuf: 1 seq:   1069 bytesused: 10506240 ts: 1925.353680 delta: 33.333 ms delta now: +33.823 ms fps: 30.00 (ts-monotonic, ts-src-eof)
cap dqbuf: 2 seq:   1070 bytesused: 10506240 ts: 1925.387014 delta: 33.334 ms delta now: +33.973 ms fps: 30.00 (ts-monotonic, ts-src-eof)
cap dqbuf: 3 seq:   1071 bytesused: 10506240 ts: 1925.420348 delta: 33.334 ms delta now: +33.939 ms fps: 30.00 (ts-monotonic, ts-src-eof)
cap dqbuf: 0 seq:   1072 bytesused: 10506240 ts: 1925.453681 delta: 33.333 ms delta now: +33.795 ms fps: 30.00 (ts-monotonic, ts-src-eof)
cap dqbuf: 1 seq:   1073 bytesused: 10506240 ts: 1925.487014 delta: 33.333 ms delta now: +33.791 ms fps: 30.00 (ts-monotonic, ts-src-eof)
cap dqbuf: 2 seq:   1074 bytesused: 10506240 ts: 1925.520347 delta: 33.333 ms delta now: +33.794 ms fps: 30.00 (ts-monotonic, ts-src-eof)
cap dqbuf: 3 seq:   1075 bytesused: 10506240 ts: 1925.553680 delta: 33.333 ms delta now: +33.795 ms fps: 30.00 (ts-monotonic, ts-src-eof)
cap dqbuf: 0 seq:   1076 bytesused: 10506240 ts: 1925.587014 delta: 33.334 ms delta now: +33.989 ms fps: 30.00 (ts-monotonic, ts-src-eof)
cap dqbuf: 1 seq:   1077 bytesused: 10506240 ts: 1925.620348 delta: 33.334 ms delta now: +33.914 ms fps: 30.00 (ts-monotonic, ts-src-eof)
cap dqbuf: 2 seq:   1078 bytesused: 10506240 ts: 1925.653680 delta: 33.332 ms delta now: +33.795 ms fps: 30.00 (ts-monotonic, ts-src-eof)
cap dqbuf: 3 seq:   1079 bytesused: 10506240 ts: 1925.687014 delta: 33.334 ms delta now: +33.793 ms fps: 30.00 (ts-monotonic, ts-src-eof)
cap dqbuf: 0 seq:   1080 bytesused: 10506240 ts: 1925.720347 delta: 33.333 ms delta now: +33.794 ms fps: 30.00 (ts-monotonic, ts-src-eof)
cap dqbuf: 1 seq:   1081 bytesused: 10506240 ts: 1925.753680 delta: 33.333 ms delta now: +33.794 ms fps: 30.00 (ts-monotonic, ts-src-eof)
cap dqbuf: 2 seq:   1082 bytesused: 10506240 ts: 1925.787014 delta: 33.334 ms delta now: +33.936 ms fps: 30.00 (ts-monotonic, ts-src-eof)
cap dqbuf: 3 seq:   1083 bytesused: 10506240 ts: 1925.820348 delta: 33.334 ms delta now: +33.793 ms fps: 30.00 (ts-monotonic, ts-src-eof)
cap dqbuf: 0 seq:   1084 bytesused: 10506240 ts: 1925.853680 delta: 33.332 ms delta now: +33.794 ms fps: 30.00 (ts-monotonic, ts-src-eof)
cap dqbuf: 1 seq:   1085 bytesused: 10506240 ts: 1925.887013 delta: 33.333 ms delta now: +33.794 ms fps: 30.00 (ts-monotonic, ts-src-eof)
cap dqbuf: 2 seq:   1086 bytesused: 10506240 ts: 1925.920347 delta: 33.334 ms delta now: +33.921 ms fps: 30.00 (ts-monotonic, ts-src-eof)
cap dqbuf: 3 seq:   1087 bytesused: 10506240 ts: 1925.953681 delta: 33.334 ms delta now: +33.793 ms fps: 30.00 (ts-monotonic, ts-src-eof)
cap dqbuf: 0 seq:   1088 bytesused: 10506240 ts: 1925.987014 delta: 33.333 ms delta now: +33.794 ms fps: 30.00 (ts-monotonic, ts-src-eof)
cap dqbuf: 1 seq:   1089 bytesused: 10506240 ts: 1926.020347 delta: 33.333 ms delta now: +33.936 ms fps: 30.00 (ts-monotonic, ts-src-eof)
cap dqbuf: 2 seq:   1090 bytesused: 10506240 ts: 1926.053681 delta: 33.334 ms delta now: +33.952 ms fps: 30.00 (ts-monotonic, ts-src-eof)
cap dqbuf: 3 seq:   1091 bytesused: 10506240 ts: 1926.087015 delta: 33.334 ms delta now: +33.800 ms fps: 30.00 (ts-monotonic, ts-src-eof)
cap dqbuf: 0 seq:   1092 bytesused: 10506240 ts: 1926.120347 delta: 33.332 ms delta now: +33.939 ms fps: 30.00 (ts-monotonic, ts-src-eof)
cap dqbuf: 1 seq:   1093 bytesused: 10506240 ts: 1926.153681 delta: 33.334 ms delta now: +33.796 ms fps: 30.00 (ts-monotonic, ts-src-eof)
cap dqbuf: 2 seq:   1094 bytesused: 10506240 ts: 1926.187014 delta: 33.333 ms delta now: +33.922 ms fps: 30.00 (ts-monotonic, ts-src-eof)
cap dqbuf: 3 seq:   1095 bytesused: 10506240 ts: 1926.220348 delta: 33.334 ms delta now: +33.821 ms fps: 30.00 (ts-monotonic, ts-src-eof)
cap dqbuf: 0 seq:   1096 bytesused: 10506240 ts: 1926.253680 delta: 33.332 ms delta now: +33.795 ms fps: 30.00 (ts-monotonic, ts-src-eof)
cap dqbuf: 1 seq:   1097 bytesused: 10506240 ts: 1926.287014 delta: 33.334 ms delta now: +33.873 ms fps: 30.00 (ts-monotonic, ts-src-eof)
cap dqbuf: 2 seq:   1098 bytesused: 10506240 ts: 1926.320348 delta: 33.334 ms delta now: +33.793 ms fps: 30.00 (ts-monotonic, ts-src-eof)
cap dqbuf: 3 seq:   1099 bytesused: 10506240 ts: 1926.353680 delta: 33.332 ms delta now: +33.794 ms fps: 30.00 (ts-monotonic, ts-src-eof)
cap dqbuf: 0 seq:   1100 bytesused: 10506240 ts: 1926.387014 delta: 33.334 ms delta now: +33.934 ms fps: 30.00 (ts-monotonic, ts-src-eof)
cap dqbuf: 1 seq:   1101 bytesused: 10506240 ts: 1926.420348 delta: 33.334 ms delta now: +33.795 ms fps: 30.00 (ts-monotonic, ts-src-eof)
cap dqbuf: 2 seq:   1102 bytesused: 10506240 ts: 1926.453680 delta: 33.332 ms delta now: +33.793 ms fps: 30.00 (ts-monotonic, ts-src-eof)
cap dqbuf: 3 seq:   1103 bytesused: 10506240 ts: 1926.487014 delta: 33.334 ms delta now: +33.794 ms fps: 30.00 (ts-monotonic, ts-src-eof)
cap dqbuf: 0 seq:   1104 bytesused: 10506240 ts: 1926.520347 delta: 33.333 ms delta now: +33.792 ms fps: 30.00 (ts-monotonic, ts-src-eof)
cap dqbuf: 1 seq:   1105 bytesused: 10506240 ts: 1926.553680 delta: 33.333 ms delta now: +33.793 ms fps: 30.00 (ts-monotonic, ts-src-eof)
cap dqbuf: 2 seq:   1106 bytesused: 10506240 ts: 1926.587014 delta: 33.334 ms delta now: +33.795 ms fps: 30.00 (ts-monotonic, ts-src-eof)
cap dqbuf: 3 seq:   1107 bytesused: 10506240 ts: 1926.620347 delta: 33.333 ms delta now: +33.795 ms fps: 30.00 (ts-monotonic, ts-src-eof)
cap dqbuf: 0 seq:   1108 bytesused: 10506240 ts: 1926.653680 delta: 33.333 ms delta now: +33.798 ms fps: 30.00 (ts-monotonic, ts-src-eof)
cap dqbuf: 1 seq:   1109 bytesused: 10506240 ts: 1926.687014 delta: 33.334 ms delta now: +33.941 ms fps: 30.00 (ts-monotonic, ts-src-eof)
cap dqbuf: 2 seq:   1110 bytesused: 10506240 ts: 1926.720348 delta: 33.334 ms delta now: +33.914 ms fps: 30.00 (ts-monotonic, ts-src-eof)
cap dqbuf: 3 seq:   1111 bytesused: 10506240 ts: 1926.753681 delta: 33.333 ms delta now: +33.951 ms fps: 30.00 (ts-monotonic, ts-src-eof)
cap dqbuf: 0 seq:   1112 bytesused: 10506240 ts: 1926.787014 delta: 33.333 ms delta now: +33.794 ms fps: 30.00 (ts-monotonic, ts-src-eof)
cap dqbuf: 1 seq:   1113 bytesused: 10506240 ts: 1926.820347 delta: 33.333 ms delta now: +34.042 ms fps: 30.00 (ts-monotonic, ts-src-eof)
cap dqbuf: 2 seq:   1114 bytesused: 10506240 ts: 1926.853681 delta: 33.334 ms delta now: +33.795 ms fps: 30.00 (ts-monotonic, ts-src-eof)
cap dqbuf: 3 seq:   1115 bytesused: 10506240 ts: 1926.887014 delta: 33.333 ms delta now: +33.794 ms fps: 30.00 (ts-monotonic, ts-src-eof)
cap dqbuf: 0 seq:   1116 bytesused: 10506240 ts: 1926.920347 delta: 33.333 ms delta now: +33.791 ms fps: 30.00 (ts-monotonic, ts-src-eof)
cap dqbuf: 1 seq:   1117 bytesused: 10506240 ts: 1926.953680 delta: 33.333 ms delta now: +33.792 ms fps: 30.00 (ts-monotonic, ts-src-eof)
cap dqbuf: 2 seq:   1118 bytesused: 10506240 ts: 1926.987014 delta: 33.334 ms delta now: +34.016 ms fps: 30.00 (ts-monotonic, ts-src-eof)
cap dqbuf: 3 seq:   1119 bytesused: 10506240 ts: 1927.020348 delta: 33.334 ms delta now: +33.794 ms fps: 30.00 (ts-monotonic, ts-src-eof)
cap dqbuf: 0 seq:   1120 bytesused: 10506240 ts: 1927.053681 delta: 33.333 ms delta now: +34.930 ms fps: 30.00 (ts-monotonic, ts-src-eof)
cap dqbuf: 1 seq:   1121 bytesused: 10506240 ts: 1927.087015 delta: 33.334 ms delta now: +33.797 ms fps: 30.00 (ts-monotonic, ts-src-eof)
cap dqbuf: 2 seq:   1122 bytesused: 10506240 ts: 1927.120347 delta: 33.332 ms delta now: +33.943 ms fps: 30.00 (ts-monotonic, ts-src-eof)
cap dqbuf: 3 seq:   1123 bytesused: 10506240 ts: 1927.153681 delta: 33.334 ms delta now: +33.794 ms fps: 30.00 (ts-monotonic, ts-src-eof)
cap dqbuf: 0 seq:   1124 bytesused: 10506240 ts: 1927.187014 delta: 33.333 ms delta now: +33.941 ms fps: 30.00 (ts-monotonic, ts-src-eof)
cap dqbuf: 1 seq:   1125 bytesused: 10506240 ts: 1927.220348 delta: 33.334 ms delta now: +34.005 ms fps: 30.00 (ts-monotonic, ts-src-eof)
cap dqbuf: 2 seq:   1126 bytesused: 10506240 ts: 1927.253681 delta: 33.333 ms delta now: +33.910 ms fps: 30.00 (ts-monotonic, ts-src-eof)
cap dqbuf: 3 seq:   1127 bytesused: 10506240 ts: 1927.287014 delta: 33.333 ms delta now: +33.796 ms fps: 30.00 (ts-monotonic, ts-src-eof)
cap dqbuf: 0 seq:   1128 bytesused: 10506240 ts: 1927.320347 delta: 33.333 ms delta now: +33.829 ms fps: 30.00 (ts-monotonic, ts-src-eof)
cap dqbuf: 1 seq:   1129 bytesused: 10506240 ts: 1927.353681 delta: 33.334 ms delta now: +33.794 ms fps: 30.00 (ts-monotonic, ts-src-eof)
cap dqbuf: 2 seq:   1130 bytesused: 10506240 ts: 1927.387014 delta: 33.333 ms delta now: +33.938 ms fps: 30.00 (ts-monotonic, ts-src-eof)
cap dqbuf: 3 seq:   1131 bytesused: 10506240 ts: 1927.420348 delta: 33.334 ms delta now: +33.789 ms fps: 30.00 (ts-monotonic, ts-src-eof)
cap dqbuf: 0 seq:   1132 bytesused: 10506240 ts: 1927.453680 delta: 33.332 ms delta now: +33.994 ms fps: 30.00 (ts-monotonic, ts-src-eof)
cap dqbuf: 1 seq:   1133 bytesused: 10506240 ts: 1927.487014 delta: 33.334 ms delta now: +33.793 ms fps: 30.00 (ts-monotonic, ts-src-eof)
cap dqbuf: 2 seq:   1134 bytesused: 10506240 ts: 1927.520347 delta: 33.333 ms delta now: +33.934 ms fps: 30.00 (ts-monotonic, ts-src-eof)
cap dqbuf: 3 seq:   1135 bytesused: 10506240 ts: 1927.553681 delta: 33.334 ms delta now: +33.953 ms fps: 30.00 (ts-monotonic, ts-src-eof)
cap dqbuf: 0 seq:   1136 bytesused: 10506240 ts: 1927.587014 delta: 33.333 ms delta now: +33.938 ms fps: 30.00 (ts-monotonic, ts-src-eof)
cap dqbuf: 1 seq:   1137 bytesused: 10506240 ts: 1927.620348 delta: 33.334 ms delta now: +33.792 ms fps: 30.00 (ts-monotonic, ts-src-eof)
cap dqbuf: 2 seq:   1138 bytesused: 10506240 ts: 1927.653680 delta: 33.332 ms delta now: +33.794 ms fps: 30.00 (ts-monotonic, ts-src-eof)
cap dqbuf: 3 seq:   1139 bytesused: 10506240 ts: 1927.687014 delta: 33.334 ms delta now: +33.796 ms fps: 30.00 (ts-monotonic, ts-src-eof)
cap dqbuf: 0 seq:   1140 bytesused: 10506240 ts: 1927.720347 delta: 33.333 ms delta now: +33.789 ms fps: 30.00 (ts-monotonic, ts-src-eof)
cap dqbuf: 1 seq:   1141 bytesused: 10506240 ts: 1927.753680 delta: 33.333 ms delta now: +33.794 ms fps: 30.00 (ts-monotonic, ts-src-eof)
cap dqbuf: 2 seq:   1142 bytesused: 10506240 ts: 1927.787014 delta: 33.334 ms delta now: +33.974 ms fps: 30.00 (ts-monotonic, ts-src-eof)
cap dqbuf: 3 seq:   1143 bytesused: 10506240 ts: 1927.820347 delta: 33.333 ms delta now: +33.798 ms fps: 30.00 (ts-monotonic, ts-src-eof)
cap dqbuf: 0 seq:   1144 bytesused: 10506240 ts: 1927.853680 delta: 33.333 ms delta now: +33.793 ms fps: 30.00 (ts-monotonic, ts-src-eof)
cap dqbuf: 1 seq:   1145 bytesused: 10506240 ts: 1927.887014 delta: 33.334 ms delta now: +33.936 ms fps: 30.00 (ts-monotonic, ts-src-eof)
cap dqbuf: 2 seq:   1146 bytesused: 10506240 ts: 1927.920348 delta: 33.334 ms delta now: +33.794 ms fps: 30.00 (ts-monotonic, ts-src-eof)
cap dqbuf: 3 seq:   1147 bytesused: 10506240 ts: 1927.953681 delta: 33.333 ms delta now: +33.794 ms fps: 30.00 (ts-monotonic, ts-src-eof)
cap dqbuf: 0 seq:   1148 bytesused: 10506240 ts: 1927.987014 delta: 33.333 ms delta now: +33.937 ms fps: 30.00 (ts-monotonic, ts-src-eof)
cap dqbuf: 1 seq:   1149 bytesused: 10506240 ts: 1928.020348 delta: 33.334 ms delta now: +33.792 ms fps: 30.00 (ts-monotonic, ts-src-eof)
cap dqbuf: 2 seq:   1150 bytesused: 10506240 ts: 1928.053681 delta: 33.333 ms delta now: +33.806 ms fps: 30.00 (ts-monotonic, ts-src-eof)
cap dqbuf: 3 seq:   1151 bytesused: 10506240 ts: 1928.087014 delta: 33.333 ms delta now: +33.948 ms fps: 30.00 (ts-monotonic, ts-src-eof)
cap dqbuf: 0 seq:   1152 bytesused: 10506240 ts: 1928.120348 delta: 33.334 ms delta now: +33.796 ms fps: 30.00 (ts-monotonic, ts-src-eof)
cap dqbuf: 1 seq:   1153 bytesused: 10506240 ts: 1928.153681 delta: 33.333 ms delta now: +33.793 ms fps: 30.00 (ts-monotonic, ts-src-eof)
cap dqbuf: 2 seq:   1154 bytesused: 10506240 ts: 1928.187014 delta: 33.333 ms delta now: +33.946 ms fps: 30.00 (ts-monotonic, ts-src-eof)
cap dqbuf: 3 seq:   1155 bytesused: 10506240 ts: 1928.220348 delta: 33.334 ms delta now: +33.803 ms fps: 30.00 (ts-monotonic, ts-src-eof)
cap dqbuf: 0 seq:   1156 bytesused: 10506240 ts: 1928.253680 delta: 33.332 ms delta now: +34.009 ms fps: 30.00 (ts-monotonic, ts-src-eof)
cap dqbuf: 1 seq:   1157 bytesused: 10506240 ts: 1928.287014 delta: 33.334 ms delta now: +33.794 ms fps: 30.00 (ts-monotonic, ts-src-eof)
cap dqbuf: 2 seq:   1158 bytesused: 10506240 ts: 1928.320347 delta: 33.333 ms delta now: +33.796 ms fps: 30.00 (ts-monotonic, ts-src-eof)
cap dqbuf: 3 seq:   1159 bytesused: 10506240 ts: 1928.353680 delta: 33.333 ms delta now: +33.936 ms fps: 30.00 (ts-monotonic, ts-src-eof)
cap dqbuf: 0 seq:   1160 bytesused: 10506240 ts: 1928.387015 delta: 33.335 ms delta now: +34.001 ms fps: 30.00 (ts-monotonic, ts-src-eof)
cap dqbuf: 1 seq:   1161 bytesused: 10506240 ts: 1928.420348 delta: 33.333 ms delta now: +33.793 ms fps: 30.00 (ts-monotonic, ts-src-eof)
cap dqbuf: 2 seq:   1162 bytesused: 10506240 ts: 1928.453680 delta: 33.332 ms delta now: +33.945 ms fps: 30.00 (ts-monotonic, ts-src-eof)
cap dqbuf: 3 seq:   1163 bytesused: 10506240 ts: 1928.487015 delta: 33.335 ms delta now: +33.793 ms fps: 30.00 (ts-monotonic, ts-src-eof)
cap dqbuf: 0 seq:   1164 bytesused: 10506240 ts: 1928.520347 delta: 33.332 ms delta now: +33.792 ms fps: 30.00 (ts-monotonic, ts-src-eof)
cap dqbuf: 1 seq:   1165 bytesused: 10506240 ts: 1928.553681 delta: 33.334 ms delta now: +33.938 ms fps: 30.00 (ts-monotonic, ts-src-eof)
cap dqbuf: 2 seq:   1166 bytesused: 10506240 ts: 1928.587015 delta: 33.334 ms delta now: +33.793 ms fps: 30.00 (ts-monotonic, ts-src-eof)
cap dqbuf: 3 seq:   1167 bytesused: 10506240 ts: 1928.620347 delta: 33.332 ms delta now: +33.794 ms fps: 30.00 (ts-monotonic, ts-src-eof)
cap dqbuf: 0 seq:   1168 bytesused: 10506240 ts: 1928.653681 delta: 33.334 ms delta now: +33.794 ms fps: 30.00 (ts-monotonic, ts-src-eof)
cap dqbuf: 1 seq:   1169 bytesused: 10506240 ts: 1928.687014 delta: 33.333 ms delta now: +33.814 ms fps: 30.00 (ts-monotonic, ts-src-eof)
cap dqbuf: 2 seq:   1170 bytesused: 10506240 ts: 1928.720348 delta: 33.334 ms delta now: +33.793 ms fps: 30.00 (ts-monotonic, ts-src-eof)
cap dqbuf: 3 seq:   1171 bytesused: 10506240 ts: 1928.753681 delta: 33.333 ms delta now: +33.933 ms fps: 30.00 (ts-monotonic, ts-src-eof)
cap dqbuf: 0 seq:   1172 bytesused: 10506240 ts: 1928.787015 delta: 33.334 ms delta now: +33.919 ms fps: 30.00 (ts-monotonic, ts-src-eof)
cap dqbuf: 1 seq:   1173 bytesused: 10506240 ts: 1928.820348 delta: 33.333 ms delta now: +33.793 ms fps: 30.00 (ts-monotonic, ts-src-eof)
cap dqbuf: 2 seq:   1174 bytesused: 10506240 ts: 1928.853681 delta: 33.333 ms delta now: +33.793 ms fps: 30.00 (ts-monotonic, ts-src-eof)
cap dqbuf: 3 seq:   1175 bytesused: 10506240 ts: 1928.887014 delta: 33.333 ms delta now: +33.791 ms fps: 30.00 (ts-monotonic, ts-src-eof)
cap dqbuf: 0 seq:   1176 bytesused: 10506240 ts: 1928.920347 delta: 33.333 ms delta now: +33.795 ms fps: 30.00 (ts-monotonic, ts-src-eof)
cap dqbuf: 1 seq:   1177 bytesused: 10506240 ts: 1928.953681 delta: 33.334 ms delta now: +33.965 ms fps: 30.00 (ts-monotonic, ts-src-eof)
cap dqbuf: 2 seq:   1178 bytesused: 10506240 ts: 1928.987015 delta: 33.334 ms delta now: +33.939 ms fps: 30.00 (ts-monotonic, ts-src-eof)
cap dqbuf: 3 seq:   1179 bytesused: 10506240 ts: 1929.020348 delta: 33.333 ms delta now: +33.948 ms fps: 30.00 (ts-monotonic, ts-src-eof)
cap dqbuf: 0 seq:   1180 bytesused: 10506240 ts: 1929.053681 delta: 33.333 ms delta now: +33.960 ms fps: 30.00 (ts-monotonic, ts-src-eof)
cap dqbuf: 1 seq:   1181 bytesused: 10506240 ts: 1929.087015 delta: 33.334 ms delta now: +33.802 ms fps: 30.00 (ts-monotonic, ts-src-eof)
cap dqbuf: 2 seq:   1182 bytesused: 10506240 ts: 1929.120347 delta: 33.332 ms delta now: +33.998 ms fps: 30.00 (ts-monotonic, ts-src-eof)
cap dqbuf: 3 seq:   1183 bytesused: 10506240 ts: 1929.153681 delta: 33.334 ms delta now: +33.795 ms fps: 30.00 (ts-monotonic, ts-src-eof)
cap dqbuf: 0 seq:   1184 bytesused: 10506240 ts: 1929.187014 delta: 33.333 ms delta now: +33.791 ms fps: 30.00 (ts-monotonic, ts-src-eof)
cap dqbuf: 1 seq:   1185 bytesused: 10506240 ts: 1929.220347 delta: 33.333 ms delta now: +33.946 ms fps: 30.00 (ts-monotonic, ts-src-eof)
cap dqbuf: 2 seq:   1186 bytesused: 10506240 ts: 1929.253681 delta: 33.334 ms delta now: +33.940 ms fps: 30.00 (ts-monotonic, ts-src-eof)
cap dqbuf: 3 seq:   1187 bytesused: 10506240 ts: 1929.287015 delta: 33.334 ms delta now: +33.931 ms fps: 30.00 (ts-monotonic, ts-src-eof)
cap dqbuf: 0 seq:   1188 bytesused: 10506240 ts: 1929.320348 delta: 33.333 ms delta now: +33.818 ms fps: 30.00 (ts-monotonic, ts-src-eof)
cap dqbuf: 1 seq:   1189 bytesused: 10506240 ts: 1929.353681 delta: 33.333 ms delta now: +33.791 ms fps: 30.00 (ts-monotonic, ts-src-eof)
cap dqbuf: 2 seq:   1190 bytesused: 10506240 ts: 1929.387014 delta: 33.333 ms delta now: +34.041 ms fps: 30.00 (ts-monotonic, ts-src-eof)
cap dqbuf: 3 seq:   1191 bytesused: 10506240 ts: 1929.420348 delta: 33.334 ms delta now: +33.795 ms fps: 30.00 (ts-monotonic, ts-src-eof)
cap dqbuf: 0 seq:   1192 bytesused: 10506240 ts: 1929.453681 delta: 33.333 ms delta now: +33.792 ms fps: 30.00 (ts-monotonic, ts-src-eof)
cap dqbuf: 1 seq:   1193 bytesused: 10506240 ts: 1929.487014 delta: 33.333 ms delta now: +33.951 ms fps: 30.00 (ts-monotonic, ts-src-eof)
cap dqbuf: 2 seq:   1194 bytesused: 10506240 ts: 1929.520348 delta: 33.334 ms delta now: +33.941 ms fps: 30.00 (ts-monotonic, ts-src-eof)
cap dqbuf: 3 seq:   1195 bytesused: 10506240 ts: 1929.553682 delta: 33.334 ms delta now: +33.933 ms fps: 30.00 (ts-monotonic, ts-src-eof)
cap dqbuf: 0 seq:   1196 bytesused: 10506240 ts: 1929.587015 delta: 33.333 ms delta now: +33.791 ms fps: 30.00 (ts-monotonic, ts-src-eof)
cap dqbuf: 1 seq:   1197 bytesused: 10506240 ts: 1929.620347 delta: 33.332 ms delta now: +33.936 ms fps: 30.00 (ts-monotonic, ts-src-eof)
cap dqbuf: 2 seq:   1198 bytesused: 10506240 ts: 1929.653682 delta: 33.335 ms delta now: +33.790 ms fps: 30.00 (ts-monotonic, ts-src-eof)
cap dqbuf: 3 seq:   1199 bytesused: 10506240 ts: 1929.687014 delta: 33.332 ms delta now: +33.926 ms fps: 30.00 (ts-monotonic, ts-src-eof)
cap dqbuf: 0 seq:   1200 bytesused: 10506240 ts: 1929.720348 delta: 33.334 ms delta now: +33.790 ms fps: 30.00 (ts-monotonic, ts-src-eof)
cap dqbuf: 1 seq:   1201 bytesused: 10506240 ts: 1929.753681 delta: 33.333 ms delta now: +34.043 ms fps: 30.00 (ts-monotonic, ts-src-eof)
cap dqbuf: 2 seq:   1202 bytesused: 10506240 ts: 1929.787015 delta: 33.334 ms delta now: +33.793 ms fps: 30.00 (ts-monotonic, ts-src-eof)
cap dqbuf: 3 seq:   1203 bytesused: 10506240 ts: 1929.820347 delta: 33.332 ms delta now: +33.793 ms fps: 30.00 (ts-monotonic, ts-src-eof)
cap dqbuf: 0 seq:   1204 bytesused: 10506240 ts: 1929.853681 delta: 33.334 ms delta now: +33.814 ms fps: 30.00 (ts-monotonic, ts-src-eof)
cap dqbuf: 1 seq:   1205 bytesused: 10506240 ts: 1929.887015 delta: 33.334 ms delta now: +33.854 ms fps: 30.00 (ts-monotonic, ts-src-eof)
cap dqbuf: 2 seq:   1206 bytesused: 10506240 ts: 1929.920348 delta: 33.333 ms delta now: +33.793 ms fps: 30.00 (ts-monotonic, ts-src-eof)
cap dqbuf: 3 seq:   1207 bytesused: 10506240 ts: 1929.953681 delta: 33.333 ms delta now: +33.813 ms fps: 30.00 (ts-monotonic, ts-src-eof)
cap dqbuf: 0 seq:   1208 bytesused: 10506240 ts: 1929.987015 delta: 33.334 ms delta now: +33.793 ms fps: 30.00 (ts-monotonic, ts-src-eof)
cap dqbuf: 1 seq:   1209 bytesused: 10506240 ts: 1930.020347 delta: 33.332 ms delta now: +33.794 ms fps: 30.00 (ts-monotonic, ts-src-eof)
cap dqbuf: 2 seq:   1210 bytesused: 10506240 ts: 1930.053681 delta: 33.334 ms delta now: +33.963 ms fps: 30.00 (ts-monotonic, ts-src-eof)
cap dqbuf: 3 seq:   1211 bytesused: 10506240 ts: 1930.087015 delta: 33.334 ms delta now: +33.799 ms fps: 30.00 (ts-monotonic, ts-src-eof)
cap dqbuf: 0 seq:   1212 bytesused: 10506240 ts: 1930.120347 delta: 33.332 ms delta now: +33.937 ms fps: 30.00 (ts-monotonic, ts-src-eof)
cap dqbuf: 1 seq:   1213 bytesused: 10506240 ts: 1930.153681 delta: 33.334 ms delta now: +33.795 ms fps: 30.00 (ts-monotonic, ts-src-eof)
cap dqbuf: 2 seq:   1214 bytesused: 10506240 ts: 1930.187014 delta: 33.333 ms delta now: +33.964 ms fps: 30.00 (ts-monotonic, ts-src-eof)
cap dqbuf: 3 seq:   1215 bytesused: 10506240 ts: 1930.220348 delta: 33.334 ms delta now: +33.794 ms fps: 30.00 (ts-monotonic, ts-src-eof)
cap dqbuf: 0 seq:   1216 bytesused: 10506240 ts: 1930.253681 delta: 33.333 ms delta now: +33.792 ms fps: 30.00 (ts-monotonic, ts-src-eof)
cap dqbuf: 1 seq:   1217 bytesused: 10506240 ts: 1930.287014 delta: 33.333 ms delta now: +33.938 ms fps: 30.00 (ts-monotonic, ts-src-eof)
cap dqbuf: 2 seq:   1218 bytesused: 10506240 ts: 1930.320348 delta: 33.334 ms delta now: +33.795 ms fps: 30.00 (ts-monotonic, ts-src-eof)
cap dqbuf: 3 seq:   1219 bytesused: 10506240 ts: 1930.353681 delta: 33.333 ms delta now: +33.940 ms fps: 30.00 (ts-monotonic, ts-src-eof)
cap dqbuf: 0 seq:   1220 bytesused: 10506240 ts: 1930.387015 delta: 33.334 ms delta now: +33.920 ms fps: 30.00 (ts-monotonic, ts-src-eof)
cap dqbuf: 1 seq:   1221 bytesused: 10506240 ts: 1930.420347 delta: 33.332 ms delta now: +33.796 ms fps: 30.00 (ts-monotonic, ts-src-eof)
cap dqbuf: 2 seq:   1222 bytesused: 10506240 ts: 1930.453681 delta: 33.334 ms delta now: +33.934 ms fps: 30.00 (ts-monotonic, ts-src-eof)
cap dqbuf: 3 seq:   1223 bytesused: 10506240 ts: 1930.487015 delta: 33.334 ms delta now: +33.793 ms fps: 30.00 (ts-monotonic, ts-src-eof)
cap dqbuf: 0 seq:   1224 bytesused: 10506240 ts: 1930.520347 delta: 33.332 ms delta now: +33.961 ms fps: 30.00 (ts-monotonic, ts-src-eof)
cap dqbuf: 1 seq:   1225 bytesused: 10506240 ts: 1930.553682 delta: 33.335 ms delta now: +33.798 ms fps: 30.00 (ts-monotonic, ts-src-eof)
cap dqbuf: 2 seq:   1226 bytesused: 10506240 ts: 1930.587014 delta: 33.332 ms delta now: +33.822 ms fps: 30.00 (ts-monotonic, ts-src-eof)
cap dqbuf: 3 seq:   1227 bytesused: 10506240 ts: 1930.620348 delta: 33.334 ms delta now: +33.927 ms fps: 30.00 (ts-monotonic, ts-src-eof)
cap dqbuf: 0 seq:   1228 bytesused: 10506240 ts: 1930.653682 delta: 33.334 ms delta now: +33.792 ms fps: 30.00 (ts-monotonic, ts-src-eof)
cap dqbuf: 1 seq:   1229 bytesused: 10506240 ts: 1930.687014 delta: 33.332 ms delta now: +33.794 ms fps: 30.00 (ts-monotonic, ts-src-eof)
cap dqbuf: 2 seq:   1230 bytesused: 10506240 ts: 1930.720347 delta: 33.333 ms delta now: +33.945 ms fps: 30.00 (ts-monotonic, ts-src-eof)
cap dqbuf: 3 seq:   1231 bytesused: 10506240 ts: 1930.753681 delta: 33.334 ms delta now: +33.794 ms fps: 30.00 (ts-monotonic, ts-src-eof)
cap dqbuf: 0 seq:   1232 bytesused: 10506240 ts: 1930.787014 delta: 33.333 ms delta now: +33.943 ms fps: 30.00 (ts-monotonic, ts-src-eof)
cap dqbuf: 1 seq:   1233 bytesused: 10506240 ts: 1930.820348 delta: 33.334 ms delta now: +33.793 ms fps: 30.00 (ts-monotonic, ts-src-eof)
cap dqbuf: 2 seq:   1234 bytesused: 10506240 ts: 1930.853681 delta: 33.333 ms delta now: +34.008 ms fps: 30.00 (ts-monotonic, ts-src-eof)
cap dqbuf: 3 seq:   1235 bytesused: 10506240 ts: 1930.887015 delta: 33.334 ms delta now: +33.917 ms fps: 30.00 (ts-monotonic, ts-src-eof)
cap dqbuf: 0 seq:   1236 bytesused: 10506240 ts: 1930.920347 delta: 33.332 ms delta now: +33.939 ms fps: 30.00 (ts-monotonic, ts-src-eof)
cap dqbuf: 1 seq:   1237 bytesused: 10506240 ts: 1930.953682 delta: 33.335 ms delta now: +33.793 ms fps: 30.00 (ts-monotonic, ts-src-eof)
cap dqbuf: 2 seq:   1238 bytesused: 10506240 ts: 1930.987014 delta: 33.332 ms delta now: +33.934 ms fps: 30.00 (ts-monotonic, ts-src-eof)
cap dqbuf: 3 seq:   1239 bytesused: 10506240 ts: 1931.020348 delta: 33.334 ms delta now: +33.976 ms fps: 30.00 (ts-monotonic, ts-src-eof)
cap dqbuf: 0 seq:   1240 bytesused: 10506240 ts: 1931.053681 delta: 33.333 ms delta now: +33.805 ms fps: 30.00 (ts-monotonic, ts-src-eof)
cap dqbuf: 1 seq:   1241 bytesused: 10506240 ts: 1931.087014 delta: 33.333 ms delta now: +34.007 ms fps: 30.00 (ts-monotonic, ts-src-eof)
cap dqbuf: 2 seq:   1242 bytesused: 10506240 ts: 1931.120348 delta: 33.334 ms delta now: +33.797 ms fps: 30.00 (ts-monotonic, ts-src-eof)
cap dqbuf: 3 seq:   1243 bytesused: 10506240 ts: 1931.153681 delta: 33.333 ms delta now: +33.933 ms fps: 30.00 (ts-monotonic, ts-src-eof)
cap dqbuf: 0 seq:   1244 bytesused: 10506240 ts: 1931.187015 delta: 33.334 ms delta now: +33.797 ms fps: 30.00 (ts-monotonic, ts-src-eof)
cap dqbuf: 1 seq:   1245 bytesused: 10506240 ts: 1931.220347 delta: 33.332 ms delta now: +34.034 ms fps: 30.00 (ts-monotonic, ts-src-eof)
cap dqbuf: 2 seq:   1246 bytesused: 10506240 ts: 1931.253681 delta: 33.334 ms delta now: +33.792 ms fps: 30.00 (ts-monotonic, ts-src-eof)
cap dqbuf: 3 seq:   1247 bytesused: 10506240 ts: 1931.287014 delta: 33.333 ms delta now: +33.925 ms fps: 30.00 (ts-monotonic, ts-src-eof)
cap dqbuf: 0 seq:   1248 bytesused: 10506240 ts: 1931.320348 delta: 33.334 ms delta now: +33.941 ms fps: 30.00 (ts-monotonic, ts-src-eof)
cap dqbuf: 1 seq:   1249 bytesused: 10506240 ts: 1931.353682 delta: 33.334 ms delta now: +33.910 ms fps: 30.00 (ts-monotonic, ts-src-eof)
cap dqbuf: 2 seq:   1250 bytesused: 10506240 ts: 1931.387014 delta: 33.332 ms delta now: +33.821 ms fps: 30.00 (ts-monotonic, ts-src-eof)
cap dqbuf: 3 seq:   1251 bytesused: 10506240 ts: 1931.420348 delta: 33.334 ms delta now: +34.045 ms fps: 30.00 (ts-monotonic, ts-src-eof)
cap dqbuf: 0 seq:   1252 bytesused: 10506240 ts: 1931.453682 delta: 33.334 ms delta now: +33.944 ms fps: 30.00 (ts-monotonic, ts-src-eof)
cap dqbuf: 1 seq:   1253 bytesused: 10506240 ts: 1931.487015 delta: 33.333 ms delta now: +33.793 ms fps: 30.00 (ts-monotonic, ts-src-eof)
cap dqbuf: 2 seq:   1254 bytesused: 10506240 ts: 1931.520348 delta: 33.333 ms delta now: +33.931 ms fps: 30.00 (ts-monotonic, ts-src-eof)
cap dqbuf: 3 seq:   1255 bytesused: 10506240 ts: 1931.553682 delta: 33.334 ms delta now: +33.792 ms fps: 30.00 (ts-monotonic, ts-src-eof)
cap dqbuf: 0 seq:   1256 bytesused: 10506240 ts: 1931.587014 delta: 33.332 ms delta now: +33.936 ms fps: 30.00 (ts-monotonic, ts-src-eof)
cap dqbuf: 1 seq:   1257 bytesused: 10506240 ts: 1931.620348 delta: 33.334 ms delta now: +33.977 ms fps: 30.00 (ts-monotonic, ts-src-eof)
cap dqbuf: 2 seq:   1258 bytesused: 10506240 ts: 1931.653682 delta: 33.334 ms delta now: +33.935 ms fps: 30.00 (ts-monotonic, ts-src-eof)
cap dqbuf: 3 seq:   1259 bytesused: 10506240 ts: 1931.687015 delta: 33.333 ms delta now: +33.794 ms fps: 30.00 (ts-monotonic, ts-src-eof)
cap dqbuf: 0 seq:   1260 bytesused: 10506240 ts: 1931.720347 delta: 33.332 ms delta now: +33.794 ms fps: 30.00 (ts-monotonic, ts-src-eof)
cap dqbuf: 1 seq:   1261 bytesused: 10506240 ts: 1931.753681 delta: 33.334 ms delta now: +33.935 ms fps: 30.00 (ts-monotonic, ts-src-eof)
cap dqbuf: 2 seq:   1262 bytesused: 10506240 ts: 1931.787015 delta: 33.334 ms delta now: +33.791 ms fps: 30.00 (ts-monotonic, ts-src-eof)
cap dqbuf: 3 seq:   1263 bytesused: 10506240 ts: 1931.820347 delta: 33.332 ms delta now: +34.043 ms fps: 30.00 (ts-monotonic, ts-src-eof)
cap dqbuf: 0 seq:   1264 bytesused: 10506240 ts: 1931.853682 delta: 33.335 ms delta now: +33.794 ms fps: 30.00 (ts-monotonic, ts-src-eof)
cap dqbuf: 1 seq:   1265 bytesused: 10506240 ts: 1931.887014 delta: 33.332 ms delta now: +33.794 ms fps: 30.00 (ts-monotonic, ts-src-eof)
cap dqbuf: 2 seq:   1266 bytesused: 10506240 ts: 1931.920347 delta: 33.333 ms delta now: +33.793 ms fps: 30.00 (ts-monotonic, ts-src-eof)
cap dqbuf: 3 seq:   1267 bytesused: 10506240 ts: 1931.953681 delta: 33.334 ms delta now: +33.939 ms fps: 30.00 (ts-monotonic, ts-src-eof)
cap dqbuf: 0 seq:   1268 bytesused: 10506240 ts: 1931.987015 delta: 33.334 ms delta now: +33.789 ms fps: 30.00 (ts-monotonic, ts-src-eof)
cap dqbuf: 1 seq:   1269 bytesused: 10506240 ts: 1932.020347 delta: 33.332 ms delta now: +33.950 ms fps: 30.00 (ts-monotonic, ts-src-eof)
cap dqbuf: 2 seq:   1270 bytesused: 10506240 ts: 1932.053681 delta: 33.334 ms delta now: +34.024 ms fps: 30.00 (ts-monotonic, ts-src-eof)
cap dqbuf: 3 seq:   1271 bytesused: 10506240 ts: 1932.087015 delta: 33.334 ms delta now: +33.973 ms fps: 30.00 (ts-monotonic, ts-src-eof)
cap dqbuf: 0 seq:   1272 bytesused: 10506240 ts: 1932.120349 delta: 33.334 ms delta now: +33.791 ms fps: 30.00 (ts-monotonic, ts-src-eof)
cap dqbuf: 1 seq:   1273 bytesused: 10506240 ts: 1932.153681 delta: 33.332 ms delta now: +33.794 ms fps: 30.00 (ts-monotonic, ts-src-eof)
cap dqbuf: 2 seq:   1274 bytesused: 10506240 ts: 1932.187014 delta: 33.333 ms delta now: +33.820 ms fps: 30.00 (ts-monotonic, ts-src-eof)
cap dqbuf: 3 seq:   1275 bytesused: 10506240 ts: 1932.220348 delta: 33.334 ms delta now: +33.794 ms fps: 30.00 (ts-monotonic, ts-src-eof)
cap dqbuf: 0 seq:   1276 bytesused: 10506240 ts: 1932.253681 delta: 33.333 ms delta now: +34.042 ms fps: 30.00 (ts-monotonic, ts-src-eof)
cap dqbuf: 1 seq:   1277 bytesused: 10506240 ts: 1932.287015 delta: 33.334 ms delta now: +33.792 ms fps: 30.00 (ts-monotonic, ts-src-eof)
cap dqbuf: 2 seq:   1278 bytesused: 10506240 ts: 1932.320348 delta: 33.333 ms delta now: +33.792 ms fps: 30.00 (ts-monotonic, ts-src-eof)
cap dqbuf: 3 seq:   1279 bytesused: 10506240 ts: 1932.353681 delta: 33.333 ms delta now: +33.790 ms fps: 30.00 (ts-monotonic, ts-src-eof)
cap dqbuf: 0 seq:   1280 bytesused: 10506240 ts: 1932.387014 delta: 33.333 ms delta now: +33.935 ms fps: 30.00 (ts-monotonic, ts-src-eof)
cap dqbuf: 1 seq:   1281 bytesused: 10506240 ts: 1932.420348 delta: 33.334 ms delta now: +33.795 ms fps: 30.00 (ts-monotonic, ts-src-eof)
cap dqbuf: 2 seq:   1282 bytesused: 10506240 ts: 1932.453681 delta: 33.333 ms delta now: +33.794 ms fps: 30.00 (ts-monotonic, ts-src-eof)
cap dqbuf: 3 seq:   1283 bytesused: 10506240 ts: 1932.487014 delta: 33.333 ms delta now: +33.792 ms fps: 30.00 (ts-monotonic, ts-src-eof)
cap dqbuf: 0 seq:   1284 bytesused: 10506240 ts: 1932.520348 delta: 33.334 ms delta now: +33.790 ms fps: 30.00 (ts-monotonic, ts-src-eof)
cap dqbuf: 1 seq:   1285 bytesused: 10506240 ts: 1932.553681 delta: 33.333 ms delta now: +33.791 ms fps: 30.00 (ts-monotonic, ts-src-eof)
cap dqbuf: 2 seq:   1286 bytesused: 10506240 ts: 1932.587014 delta: 33.333 ms delta now: +33.942 ms fps: 30.00 (ts-monotonic, ts-src-eof)
cap dqbuf: 3 seq:   1287 bytesused: 10506240 ts: 1932.620348 delta: 33.334 ms delta now: +33.945 ms fps: 30.00 (ts-monotonic, ts-src-eof)
cap dqbuf: 0 seq:   1288 bytesused: 10506240 ts: 1932.653682 delta: 33.334 ms delta now: +33.937 ms fps: 30.00 (ts-monotonic, ts-src-eof)
cap dqbuf: 1 seq:   1289 bytesused: 10506240 ts: 1932.687015 delta: 33.333 ms delta now: +33.932 ms fps: 30.00 (ts-monotonic, ts-src-eof)
cap dqbuf: 2 seq:   1290 bytesused: 10506240 ts: 1932.720348 delta: 33.333 ms delta now: +33.792 ms fps: 30.00 (ts-monotonic, ts-src-eof)
cap dqbuf: 3 seq:   1291 bytesused: 10506240 ts: 1932.753681 delta: 33.333 ms delta now: +33.941 ms fps: 30.00 (ts-monotonic, ts-src-eof)
cap dqbuf: 0 seq:   1292 bytesused: 10506240 ts: 1932.787015 delta: 33.334 ms delta now: +33.940 ms fps: 30.00 (ts-monotonic, ts-src-eof)
cap dqbuf: 1 seq:   1293 bytesused: 10506240 ts: 1932.820348 delta: 33.333 ms delta now: +33.793 ms fps: 30.00 (ts-monotonic, ts-src-eof)
cap dqbuf: 2 seq:   1294 bytesused: 10506240 ts: 1932.853681 delta: 33.333 ms delta now: +33.798 ms fps: 30.00 (ts-monotonic, ts-src-eof)
cap dqbuf: 3 seq:   1295 bytesused: 10506240 ts: 1932.887014 delta: 33.333 ms delta now: +33.934 ms fps: 30.00 (ts-monotonic, ts-src-eof)
cap dqbuf: 0 seq:   1296 bytesused: 10506240 ts: 1932.920349 delta: 33.335 ms delta now: +34.029 ms fps: 30.00 (ts-monotonic, ts-src-eof)
cap dqbuf: 1 seq:   1297 bytesused: 10506240 ts: 1932.953682 delta: 33.333 ms delta now: +33.834 ms fps: 30.00 (ts-monotonic, ts-src-eof)
cap dqbuf: 2 seq:   1298 bytesused: 10506240 ts: 1932.987014 delta: 33.332 ms delta now: +33.795 ms fps: 30.00 (ts-monotonic, ts-src-eof)
cap dqbuf: 3 seq:   1299 bytesused: 10506240 ts: 1933.020348 delta: 33.334 ms delta now: +33.917 ms fps: 30.00 (ts-monotonic, ts-src-eof)
cap dqbuf: 0 seq:   1300 bytesused: 10506240 ts: 1933.053682 delta: 33.334 ms delta now: +33.828 ms fps: 30.00 (ts-monotonic, ts-src-eof)
cap dqbuf: 1 seq:   1301 bytesused: 10506240 ts: 1933.087015 delta: 33.333 ms delta now: +33.797 ms fps: 30.00 (ts-monotonic, ts-src-eof)
cap dqbuf: 2 seq:   1302 bytesused: 10506240 ts: 1933.120348 delta: 33.333 ms delta now: +33.801 ms fps: 30.00 (ts-monotonic, ts-src-eof)
cap dqbuf: 3 seq:   1303 bytesused: 10506240 ts: 1933.153681 delta: 33.333 ms delta now: +33.950 ms fps: 30.00 (ts-monotonic, ts-src-eof)
cap dqbuf: 0 seq:   1304 bytesused: 10506240 ts: 1933.187015 delta: 33.334 ms delta now: +33.792 ms fps: 30.00 (ts-monotonic, ts-src-eof)
cap dqbuf: 1 seq:   1305 bytesused: 10506240 ts: 1933.220348 delta: 33.333 ms delta now: +33.794 ms fps: 30.00 (ts-monotonic, ts-src-eof)
cap dqbuf: 2 seq:   1306 bytesused: 10506240 ts: 1933.253681 delta: 33.333 ms delta now: +33.797 ms fps: 30.00 (ts-monotonic, ts-src-eof)
cap dqbuf: 3 seq:   1307 bytesused: 10506240 ts: 1933.287014 delta: 33.333 ms delta now: +33.949 ms fps: 30.00 (ts-monotonic, ts-src-eof)
cap dqbuf: 0 seq:   1308 bytesused: 10506240 ts: 1933.320348 delta: 33.334 ms delta now: +33.800 ms fps: 30.00 (ts-monotonic, ts-src-eof)
cap dqbuf: 1 seq:   1309 bytesused: 10506240 ts: 1933.353681 delta: 33.333 ms delta now: +33.935 ms fps: 30.00 (ts-monotonic, ts-src-eof)
cap dqbuf: 2 seq:   1310 bytesused: 10506240 ts: 1933.387015 delta: 33.334 ms delta now: +33.790 ms fps: 30.00 (ts-monotonic, ts-src-eof)
cap dqbuf: 3 seq:   1311 bytesused: 10506240 ts: 1933.420348 delta: 33.333 ms delta now: +33.796 ms fps: 30.00 (ts-monotonic, ts-src-eof)
cap dqbuf: 0 seq:   1312 bytesused: 10506240 ts: 1933.453681 delta: 33.333 ms delta now: +33.819 ms fps: 30.00 (ts-monotonic, ts-src-eof)
cap dqbuf: 1 seq:   1313 bytesused: 10506240 ts: 1933.487014 delta: 33.333 ms delta now: +33.812 ms fps: 30.00 (ts-monotonic, ts-src-eof)
cap dqbuf: 2 seq:   1314 bytesused: 10506240 ts: 1933.520348 delta: 33.334 ms delta now: +33.795 ms fps: 30.00 (ts-monotonic, ts-src-eof)
cap dqbuf: 3 seq:   1315 bytesused: 10506240 ts: 1933.553681 delta: 33.333 ms delta now: +33.989 ms fps: 30.00 (ts-monotonic, ts-src-eof)
cap dqbuf: 0 seq:   1316 bytesused: 10506240 ts: 1933.587015 delta: 33.334 ms delta now: +33.793 ms fps: 30.00 (ts-monotonic, ts-src-eof)
cap dqbuf: 1 seq:   1317 bytesused: 10506240 ts: 1933.620348 delta: 33.333 ms delta now: +33.794 ms fps: 30.00 (ts-monotonic, ts-src-eof)
cap dqbuf: 2 seq:   1318 bytesused: 10506240 ts: 1933.653681 delta: 33.333 ms delta now: +34.044 ms fps: 30.00 (ts-monotonic, ts-src-eof)
cap dqbuf: 3 seq:   1319 bytesused: 10506240 ts: 1933.687015 delta: 33.334 ms delta now: +33.795 ms fps: 30.00 (ts-monotonic, ts-src-eof)
cap dqbuf: 0 seq:   1320 bytesused: 10506240 ts: 1933.720348 delta: 33.333 ms delta now: +33.794 ms fps: 30.00 (ts-monotonic, ts-src-eof)
cap dqbuf: 1 seq:   1321 bytesused: 10506240 ts: 1933.753681 delta: 33.333 ms delta now: +33.793 ms fps: 30.00 (ts-monotonic, ts-src-eof)
cap dqbuf: 2 seq:   1322 bytesused: 10506240 ts: 1933.787015 delta: 33.334 ms delta now: +33.932 ms fps: 30.00 (ts-monotonic, ts-src-eof)
cap dqbuf: 3 seq:   1323 bytesused: 10506240 ts: 1933.820349 delta: 33.334 ms delta now: +33.792 ms fps: 30.00 (ts-monotonic, ts-src-eof)
cap dqbuf: 0 seq:   1324 bytesused: 10506240 ts: 1933.853681 delta: 33.332 ms delta now: +33.940 ms fps: 30.00 (ts-monotonic, ts-src-eof)
cap dqbuf: 1 seq:   1325 bytesused: 10506240 ts: 1933.887015 delta: 33.334 ms delta now: +33.944 ms fps: 30.00 (ts-monotonic, ts-src-eof)
cap dqbuf: 2 seq:   1326 bytesused: 10506240 ts: 1933.920348 delta: 33.333 ms delta now: +33.795 ms fps: 30.00 (ts-monotonic, ts-src-eof)
cap dqbuf: 3 seq:   1327 bytesused: 10506240 ts: 1933.953681 delta: 33.333 ms delta now: +33.945 ms fps: 30.00 (ts-monotonic, ts-src-eof)
cap dqbuf: 0 seq:   1328 bytesused: 10506240 ts: 1933.987015 delta: 33.334 ms delta now: +33.976 ms fps: 30.00 (ts-monotonic, ts-src-eof)
cap dqbuf: 1 seq:   1329 bytesused: 10506240 ts: 1934.020349 delta: 33.334 ms delta now: +33.793 ms fps: 30.00 (ts-monotonic, ts-src-eof)
cap dqbuf: 2 seq:   1330 bytesused: 10506240 ts: 1934.053681 delta: 33.332 ms delta now: +34.030 ms fps: 30.00 (ts-monotonic, ts-src-eof)
cap dqbuf: 3 seq:   1331 bytesused: 10506240 ts: 1934.087015 delta: 33.334 ms delta now: +33.797 ms fps: 30.00 (ts-monotonic, ts-src-eof)
cap dqbuf: 0 seq:   1332 bytesused: 10506240 ts: 1934.120348 delta: 33.333 ms delta now: +33.943 ms fps: 30.00 (ts-monotonic, ts-src-eof)
cap dqbuf: 1 seq:   1333 bytesused: 10506240 ts: 1934.153682 delta: 33.334 ms delta now: +33.964 ms fps: 30.00 (ts-monotonic, ts-src-eof)
cap dqbuf: 2 seq:   1334 bytesused: 10506240 ts: 1934.187015 delta: 33.333 ms delta now: +33.788 ms fps: 30.00 (ts-monotonic, ts-src-eof)
cap dqbuf: 3 seq:   1335 bytesused: 10506240 ts: 1934.220348 delta: 33.333 ms delta now: +33.821 ms fps: 30.00 (ts-monotonic, ts-src-eof)
cap dqbuf: 0 seq:   1336 bytesused: 10506240 ts: 1934.253682 delta: 33.334 ms delta now: +33.789 ms fps: 30.00 (ts-monotonic, ts-src-eof)
cap dqbuf: 1 seq:   1337 bytesused: 10506240 ts: 1934.287014 delta: 33.332 ms delta now: +33.937 ms fps: 30.00 (ts-monotonic, ts-src-eof)
cap dqbuf: 2 seq:   1338 bytesused: 10506240 ts: 1934.320349 delta: 33.335 ms delta now: +33.791 ms fps: 30.00 (ts-monotonic, ts-src-eof)
cap dqbuf: 3 seq:   1339 bytesused: 10506240 ts: 1934.353681 delta: 33.332 ms delta now: +33.970 ms fps: 30.00 (ts-monotonic, ts-src-eof)
cap dqbuf: 0 seq:   1340 bytesused: 10506240 ts: 1934.387015 delta: 33.334 ms delta now: +33.951 ms fps: 30.00 (ts-monotonic, ts-src-eof)
cap dqbuf: 1 seq:   1341 bytesused: 10506240 ts: 1934.420349 delta: 33.334 ms delta now: +33.935 ms fps: 30.00 (ts-monotonic, ts-src-eof)
cap dqbuf: 2 seq:   1342 bytesused: 10506240 ts: 1934.453682 delta: 33.333 ms delta now: +33.796 ms fps: 30.00 (ts-monotonic, ts-src-eof)
cap dqbuf: 3 seq:   1343 bytesused: 10506240 ts: 1934.487014 delta: 33.332 ms delta now: +33.946 ms fps: 30.00 (ts-monotonic, ts-src-eof)
cap dqbuf: 0 seq:   1344 bytesused: 10506240 ts: 1934.520349 delta: 33.335 ms delta now: +33.944 ms fps: 30.00 (ts-monotonic, ts-src-eof)
cap dqbuf: 1 seq:   1345 bytesused: 10506240 ts: 1934.553682 delta: 33.333 ms delta now: +33.935 ms fps: 30.00 (ts-monotonic, ts-src-eof)
cap dqbuf: 2 seq:   1346 bytesused: 10506240 ts: 1934.587015 delta: 33.333 ms delta now: +33.791 ms fps: 30.00 (ts-monotonic, ts-src-eof)
cap dqbuf: 3 seq:   1347 bytesused: 10506240 ts: 1934.620348 delta: 33.333 ms delta now: +33.941 ms fps: 30.00 (ts-monotonic, ts-src-eof)
cap dqbuf: 0 seq:   1348 bytesused: 10506240 ts: 1934.653682 delta: 33.334 ms delta now: +33.791 ms fps: 30.00 (ts-monotonic, ts-src-eof)
cap dqbuf: 1 seq:   1349 bytesused: 10506240 ts: 1934.687015 delta: 33.333 ms delta now: +33.793 ms fps: 30.00 (ts-monotonic, ts-src-eof)
cap dqbuf: 2 seq:   1350 bytesused: 10506240 ts: 1934.720348 delta: 33.333 ms delta now: +33.934 ms fps: 30.00 (ts-monotonic, ts-src-eof)
cap dqbuf: 3 seq:   1351 bytesused: 10506240 ts: 1934.753682 delta: 33.334 ms delta now: +33.792 ms fps: 30.00 (ts-monotonic, ts-src-eof)
cap dqbuf: 0 seq:   1352 bytesused: 10506240 ts: 1934.787015 delta: 33.333 ms delta now: +34.047 ms fps: 30.00 (ts-monotonic, ts-src-eof)
cap dqbuf: 1 seq:   1353 bytesused: 10506240 ts: 1934.820349 delta: 33.334 ms delta now: +33.945 ms fps: 30.00 (ts-monotonic, ts-src-eof)
cap dqbuf: 2 seq:   1354 bytesused: 10506240 ts: 1934.853682 delta: 33.333 ms delta now: +33.805 ms fps: 30.00 (ts-monotonic, ts-src-eof)
cap dqbuf: 3 seq:   1355 bytesused: 10506240 ts: 1934.887015 delta: 33.333 ms delta now: +33.892 ms fps: 30.00 (ts-monotonic, ts-src-eof)
cap dqbuf: 0 seq:   1356 bytesused: 10506240 ts: 1934.920348 delta: 33.333 ms delta now: +33.791 ms fps: 30.00 (ts-monotonic, ts-src-eof)
cap dqbuf: 1 seq:   1357 bytesused: 10506240 ts: 1934.953681 delta: 33.333 ms delta now: +33.950 ms fps: 30.00 (ts-monotonic, ts-src-eof)
cap dqbuf: 2 seq:   1358 bytesused: 10506240 ts: 1934.987015 delta: 33.334 ms delta now: +33.793 ms fps: 30.00 (ts-monotonic, ts-src-eof)
cap dqbuf: 3 seq:   1359 bytesused: 10506240 ts: 1935.020348 delta: 33.333 ms delta now: +33.801 ms fps: 30.00 (ts-monotonic, ts-src-eof)
cap dqbuf: 0 seq:   1360 bytesused: 10506240 ts: 1935.053681 delta: 33.333 ms delta now: +33.958 ms fps: 30.00 (ts-monotonic, ts-src-eof)
cap dqbuf: 1 seq:   1361 bytesused: 10506240 ts: 1935.087016 delta: 33.335 ms delta now: +33.802 ms fps: 30.00 (ts-monotonic, ts-src-eof)
cap dqbuf: 2 seq:   1362 bytesused: 10506240 ts: 1935.120348 delta: 33.332 ms delta now: +33.799 ms fps: 30.00 (ts-monotonic, ts-src-eof)
cap dqbuf: 3 seq:   1363 bytesused: 10506240 ts: 1935.153681 delta: 33.333 ms delta now: +33.871 ms fps: 30.00 (ts-monotonic, ts-src-eof)
cap dqbuf: 0 seq:   1364 bytesused: 10506240 ts: 1935.187015 delta: 33.334 ms delta now: +33.797 ms fps: 30.00 (ts-monotonic, ts-src-eof)
cap dqbuf: 1 seq:   1365 bytesused: 10506240 ts: 1935.220348 delta: 33.333 ms delta now: +33.947 ms fps: 30.00 (ts-monotonic, ts-src-eof)
cap dqbuf: 2 seq:   1366 bytesused: 10506240 ts: 1935.253682 delta: 33.334 ms delta now: +33.788 ms fps: 30.00 (ts-monotonic, ts-src-eof)
cap dqbuf: 3 seq:   1367 bytesused: 10506240 ts: 1935.287015 delta: 33.333 ms delta now: +33.792 ms fps: 30.00 (ts-monotonic, ts-src-eof)
cap dqbuf: 0 seq:   1368 bytesused: 10506240 ts: 1935.320348 delta: 33.333 ms delta now: +33.934 ms fps: 30.00 (ts-monotonic, ts-src-eof)
cap dqbuf: 1 seq:   1369 bytesused: 10506240 ts: 1935.353682 delta: 33.334 ms delta now: +33.951 ms fps: 30.00 (ts-monotonic, ts-src-eof)
cap dqbuf: 2 seq:   1370 bytesused: 10506240 ts: 1935.387016 delta: 33.334 ms delta now: +33.797 ms fps: 30.00 (ts-monotonic, ts-src-eof)
cap dqbuf: 3 seq:   1371 bytesused: 10506240 ts: 1935.420348 delta: 33.332 ms delta now: +33.812 ms fps: 30.00 (ts-monotonic, ts-src-eof)
cap dqbuf: 0 seq:   1372 bytesused: 10506240 ts: 1935.453682 delta: 33.334 ms delta now: +33.795 ms fps: 30.00 (ts-monotonic, ts-src-eof)
cap dqbuf: 1 seq:   1373 bytesused: 10506240 ts: 1935.487015 delta: 33.333 ms delta now: +33.795 ms fps: 30.00 (ts-monotonic, ts-src-eof)
cap dqbuf: 2 seq:   1374 bytesused: 10506240 ts: 1935.520348 delta: 33.333 ms delta now: +33.793 ms fps: 30.00 (ts-monotonic, ts-src-eof)
cap dqbuf: 3 seq:   1375 bytesused: 10506240 ts: 1935.553681 delta: 33.333 ms delta now: +33.952 ms fps: 30.00 (ts-monotonic, ts-src-eof)
cap dqbuf: 0 seq:   1376 bytesused: 10506240 ts: 1935.587015 delta: 33.334 ms delta now: +33.974 ms fps: 30.00 (ts-monotonic, ts-src-eof)
cap dqbuf: 1 seq:   1377 bytesused: 10506240 ts: 1935.620349 delta: 33.334 ms delta now: +33.930 ms fps: 30.00 (ts-monotonic, ts-src-eof)
cap dqbuf: 2 seq:   1378 bytesused: 10506240 ts: 1935.653682 delta: 33.333 ms delta now: +33.790 ms fps: 30.00 (ts-monotonic, ts-src-eof)
cap dqbuf: 3 seq:   1379 bytesused: 10506240 ts: 1935.687015 delta: 33.333 ms delta now: +33.791 ms fps: 30.00 (ts-monotonic, ts-src-eof)
cap dqbuf: 0 seq:   1380 bytesused: 10506240 ts: 1935.720348 delta: 33.333 ms delta now: +33.793 ms fps: 30.00 (ts-monotonic, ts-src-eof)
cap dqbuf: 1 seq:   1381 bytesused: 10506240 ts: 1935.753681 delta: 33.333 ms delta now: +34.032 ms fps: 30.00 (ts-monotonic, ts-src-eof)
cap dqbuf: 2 seq:   1382 bytesused: 10506240 ts: 1935.787015 delta: 33.334 ms delta now: +33.794 ms fps: 30.00 (ts-monotonic, ts-src-eof)
cap dqbuf: 3 seq:   1383 bytesused: 10506240 ts: 1935.820348 delta: 33.333 ms delta now: +33.794 ms fps: 30.00 (ts-monotonic, ts-src-eof)
cap dqbuf: 0 seq:   1384 bytesused: 10506240 ts: 1935.853681 delta: 33.333 ms delta now: +33.798 ms fps: 30.00 (ts-monotonic, ts-src-eof)
cap dqbuf: 1 seq:   1385 bytesused: 10506240 ts: 1935.887014 delta: 33.333 ms delta now: +33.792 ms fps: 30.00 (ts-monotonic, ts-src-eof)
cap dqbuf: 2 seq:   1386 bytesused: 10506240 ts: 1935.920348 delta: 33.334 ms delta now: +33.944 ms fps: 30.00 (ts-monotonic, ts-src-eof)
cap dqbuf: 3 seq:   1387 bytesused: 10506240 ts: 1935.953682 delta: 33.334 ms delta now: +33.932 ms fps: 30.00 (ts-monotonic, ts-src-eof)
cap dqbuf: 0 seq:   1388 bytesused: 10506240 ts: 1935.987015 delta: 33.333 ms delta now: +33.794 ms fps: 30.00 (ts-monotonic, ts-src-eof)
cap dqbuf: 1 seq:   1389 bytesused: 10506240 ts: 1936.020348 delta: 33.333 ms delta now: +33.793 ms fps: 30.00 (ts-monotonic, ts-src-eof)
cap dqbuf: 2 seq:   1390 bytesused: 10506240 ts: 1936.053681 delta: 33.333 ms delta now: +34.145 ms fps: 30.00 (ts-monotonic, ts-src-eof)
cap dqbuf: 3 seq:   1391 bytesused: 10506240 ts: 1936.087016 delta: 33.335 ms delta now: +33.799 ms fps: 30.00 (ts-monotonic, ts-src-eof)
cap dqbuf: 0 seq:   1392 bytesused: 10506240 ts: 1936.120348 delta: 33.332 ms delta now: +33.943 ms fps: 30.00 (ts-monotonic, ts-src-eof)
cap dqbuf: 1 seq:   1393 bytesused: 10506240 ts: 1936.153682 delta: 33.334 ms delta now: +33.938 ms fps: 30.00 (ts-monotonic, ts-src-eof)
cap dqbuf: 2 seq:   1394 bytesused: 10506240 ts: 1936.187015 delta: 33.333 ms delta now: +33.931 ms fps: 30.00 (ts-monotonic, ts-src-eof)
cap dqbuf: 3 seq:   1395 bytesused: 10506240 ts: 1936.220349 delta: 33.334 ms delta now: +33.792 ms fps: 30.00 (ts-monotonic, ts-src-eof)
cap dqbuf: 0 seq:   1396 bytesused: 10506240 ts: 1936.253681 delta: 33.332 ms delta now: +33.946 ms fps: 30.00 (ts-monotonic, ts-src-eof)
cap dqbuf: 1 seq:   1397 bytesused: 10506240 ts: 1936.287015 delta: 33.334 ms delta now: +33.793 ms fps: 30.00 (ts-monotonic, ts-src-eof)
cap dqbuf: 2 seq:   1398 bytesused: 10506240 ts: 1936.320348 delta: 33.333 ms delta now: +33.954 ms fps: 30.00 (ts-monotonic, ts-src-eof)
cap dqbuf: 3 seq:   1399 bytesused: 10506240 ts: 1936.353682 delta: 33.334 ms delta now: +33.789 ms fps: 30.00 (ts-monotonic, ts-src-eof)
cap dqbuf: 0 seq:   1400 bytesused: 10506240 ts: 1936.387015 delta: 33.333 ms delta now: +33.938 ms fps: 30.00 (ts-monotonic, ts-src-eof)
cap dqbuf: 1 seq:   1401 bytesused: 10506240 ts: 1936.420349 delta: 33.334 ms delta now: +33.936 ms fps: 30.00 (ts-monotonic, ts-src-eof)
cap dqbuf: 2 seq:   1402 bytesused: 10506240 ts: 1936.453682 delta: 33.333 ms delta now: +33.792 ms fps: 30.00 (ts-monotonic, ts-src-eof)
cap dqbuf: 3 seq:   1403 bytesused: 10506240 ts: 1936.487015 delta: 33.333 ms delta now: +33.996 ms fps: 30.00 (ts-monotonic, ts-src-eof)
cap dqbuf: 0 seq:   1404 bytesused: 10506240 ts: 1936.520349 delta: 33.334 ms delta now: +33.940 ms fps: 30.00 (ts-monotonic, ts-src-eof)
cap dqbuf: 1 seq:   1405 bytesused: 10506240 ts: 1936.553682 delta: 33.333 ms delta now: +33.791 ms fps: 30.00 (ts-monotonic, ts-src-eof)
cap dqbuf: 2 seq:   1406 bytesused: 10506240 ts: 1936.587015 delta: 33.333 ms delta now: +33.790 ms fps: 30.00 (ts-monotonic, ts-src-eof)
cap dqbuf: 3 seq:   1407 bytesused: 10506240 ts: 1936.620348 delta: 33.333 ms delta now: +33.947 ms fps: 30.00 (ts-monotonic, ts-src-eof)
cap dqbuf: 0 seq:   1408 bytesused: 10506240 ts: 1936.653682 delta: 33.334 ms delta now: +33.941 ms fps: 30.00 (ts-monotonic, ts-src-eof)
cap dqbuf: 1 seq:   1409 bytesused: 10506240 ts: 1936.687015 delta: 33.333 ms delta now: +33.804 ms fps: 30.00 (ts-monotonic, ts-src-eof)
cap dqbuf: 2 seq:   1410 bytesused: 10506240 ts: 1936.720348 delta: 33.333 ms delta now: +33.794 ms fps: 30.00 (ts-monotonic, ts-src-eof)
cap dqbuf: 3 seq:   1411 bytesused: 10506240 ts: 1936.753681 delta: 33.333 ms delta now: +33.794 ms fps: 30.00 (ts-monotonic, ts-src-eof)
cap dqbuf: 0 seq:   1412 bytesused: 10506240 ts: 1936.787015 delta: 33.334 ms delta now: +34.008 ms fps: 30.00 (ts-monotonic, ts-src-eof)
cap dqbuf: 1 seq:   1413 bytesused: 10506240 ts: 1936.820349 delta: 33.334 ms delta now: +33.805 ms fps: 30.00 (ts-monotonic, ts-src-eof)
cap dqbuf: 2 seq:   1414 bytesused: 10506240 ts: 1936.853681 delta: 33.332 ms delta now: +33.791 ms fps: 30.00 (ts-monotonic, ts-src-eof)
cap dqbuf: 3 seq:   1415 bytesused: 10506240 ts: 1936.887015 delta: 33.334 ms delta now: +33.808 ms fps: 30.00 (ts-monotonic, ts-src-eof)
cap dqbuf: 0 seq:   1416 bytesused: 10506240 ts: 1936.920348 delta: 33.333 ms delta now: +33.792 ms fps: 30.00 (ts-monotonic, ts-src-eof)
cap dqbuf: 1 seq:   1417 bytesused: 10506240 ts: 1936.953681 delta: 33.333 ms delta now: +33.942 ms fps: 30.00 (ts-monotonic, ts-src-eof)
cap dqbuf: 2 seq:   1418 bytesused: 10506240 ts: 1936.987015 delta: 33.334 ms delta now: +33.952 ms fps: 30.00 (ts-monotonic, ts-src-eof)
cap dqbuf: 3 seq:   1419 bytesused: 10506240 ts: 1937.020349 delta: 33.334 ms delta now: +33.999 ms fps: 30.00 (ts-monotonic, ts-src-eof)
cap dqbuf: 0 seq:   1420 bytesused: 10506240 ts: 1937.053682 delta: 33.333 ms delta now: +33.805 ms fps: 30.00 (ts-monotonic, ts-src-eof)
cap dqbuf: 1 seq:   1421 bytesused: 10506240 ts: 1937.087015 delta: 33.333 ms delta now: +34.060 ms fps: 30.00 (ts-monotonic, ts-src-eof)
cap dqbuf: 2 seq:   1422 bytesused: 10506240 ts: 1937.120349 delta: 33.334 ms delta now: +33.959 ms fps: 30.00 (ts-monotonic, ts-src-eof)
cap dqbuf: 3 seq:   1423 bytesused: 10506240 ts: 1937.153682 delta: 33.333 ms delta now: +34.008 ms fps: 30.00 (ts-monotonic, ts-src-eof)
cap dqbuf: 0 seq:   1424 bytesused: 10506240 ts: 1937.187016 delta: 33.334 ms delta now: +33.792 ms fps: 30.00 (ts-monotonic, ts-src-eof)
cap dqbuf: 1 seq:   1425 bytesused: 10506240 ts: 1937.220348 delta: 33.332 ms delta now: +33.806 ms fps: 30.00 (ts-monotonic, ts-src-eof)
cap dqbuf: 2 seq:   1426 bytesused: 10506240 ts: 1937.253681 delta: 33.333 ms delta now: +33.793 ms fps: 30.00 (ts-monotonic, ts-src-eof)
cap dqbuf: 3 seq:   1427 bytesused: 10506240 ts: 1937.287015 delta: 33.334 ms delta now: +33.794 ms fps: 30.00 (ts-monotonic, ts-src-eof)
cap dqbuf: 0 seq:   1428 bytesused: 10506240 ts: 1937.320348 delta: 33.333 ms delta now: +33.795 ms fps: 30.00 (ts-monotonic, ts-src-eof)
cap dqbuf: 1 seq:   1429 bytesused: 10506240 ts: 1937.353682 delta: 33.334 ms delta now: +33.939 ms fps: 30.00 (ts-monotonic, ts-src-eof)
cap dqbuf: 2 seq:   1430 bytesused: 10506240 ts: 1937.387016 delta: 33.334 ms delta now: +33.792 ms fps: 30.00 (ts-monotonic, ts-src-eof)
cap dqbuf: 3 seq:   1431 bytesused: 10506240 ts: 1937.420348 delta: 33.332 ms delta now: +33.816 ms fps: 30.00 (ts-monotonic, ts-src-eof)
cap dqbuf: 0 seq:   1432 bytesused: 10506240 ts: 1937.453682 delta: 33.334 ms delta now: +33.791 ms fps: 30.00 (ts-monotonic, ts-src-eof)
cap dqbuf: 1 seq:   1433 bytesused: 10506240 ts: 1937.487015 delta: 33.333 ms delta now: +33.942 ms fps: 30.00 (ts-monotonic, ts-src-eof)
cap dqbuf: 2 seq:   1434 bytesused: 10506240 ts: 1937.520349 delta: 33.334 ms delta now: +34.007 ms fps: 30.00 (ts-monotonic, ts-src-eof)
cap dqbuf: 3 seq:   1435 bytesused: 10506240 ts: 1937.553682 delta: 33.333 ms delta now: +33.798 ms fps: 30.00 (ts-monotonic, ts-src-eof)
cap dqbuf: 0 seq:   1436 bytesused: 10506240 ts: 1937.587015 delta: 33.333 ms delta now: +34.015 ms fps: 30.00 (ts-monotonic, ts-src-eof)
cap dqbuf: 1 seq:   1437 bytesused: 10506240 ts: 1937.620349 delta: 33.334 ms delta now: +33.800 ms fps: 30.00 (ts-monotonic, ts-src-eof)
cap dqbuf: 2 seq:   1438 bytesused: 10506240 ts: 1937.653681 delta: 33.332 ms delta now: +33.946 ms fps: 30.00 (ts-monotonic, ts-src-eof)
cap dqbuf: 3 seq:   1439 bytesused: 10506240 ts: 1937.687016 delta: 33.335 ms delta now: +33.790 ms fps: 30.00 (ts-monotonic, ts-src-eof)
cap dqbuf: 0 seq:   1440 bytesused: 10506240 ts: 1937.720348 delta: 33.332 ms delta now: +33.939 ms fps: 30.00 (ts-monotonic, ts-src-eof)
cap dqbuf: 1 seq:   1441 bytesused: 10506240 ts: 1937.753682 delta: 33.334 ms delta now: +33.791 ms fps: 30.00 (ts-monotonic, ts-src-eof)
cap dqbuf: 2 seq:   1442 bytesused: 10506240 ts: 1937.787015 delta: 33.333 ms delta now: +33.935 ms fps: 30.00 (ts-monotonic, ts-src-eof)
cap dqbuf: 3 seq:   1443 bytesused: 10506240 ts: 1937.820349 delta: 33.334 ms delta now: +33.797 ms fps: 30.00 (ts-monotonic, ts-src-eof)
cap dqbuf: 0 seq:   1444 bytesused: 10506240 ts: 1937.853681 delta: 33.332 ms delta now: +33.806 ms fps: 30.00 (ts-monotonic, ts-src-eof)
cap dqbuf: 1 seq:   1445 bytesused: 10506240 ts: 1937.887015 delta: 33.334 ms delta now: +33.891 ms fps: 30.00 (ts-monotonic, ts-src-eof)
cap dqbuf: 2 seq:   1446 bytesused: 10506240 ts: 1937.920349 delta: 33.334 ms delta now: +33.795 ms fps: 30.00 (ts-monotonic, ts-src-eof)
cap dqbuf: 3 seq:   1447 bytesused: 10506240 ts: 1937.953682 delta: 33.333 ms delta now: +33.793 ms fps: 30.00 (ts-monotonic, ts-src-eof)
cap dqbuf: 0 seq:   1448 bytesused: 10506240 ts: 1937.987015 delta: 33.333 ms delta now: +33.793 ms fps: 30.00 (ts-monotonic, ts-src-eof)
cap dqbuf: 1 seq:   1449 bytesused: 10506240 ts: 1938.020348 delta: 33.333 ms delta now: +33.794 ms fps: 30.00 (ts-monotonic, ts-src-eof)
cap dqbuf: 2 seq:   1450 bytesused: 10506240 ts: 1938.053682 delta: 33.334 ms delta now: +34.011 ms fps: 30.00 (ts-monotonic, ts-src-eof)
cap dqbuf: 3 seq:   1451 bytesused: 10506240 ts: 1938.087015 delta: 33.333 ms delta now: +33.965 ms fps: 30.00 (ts-monotonic, ts-src-eof)
cap dqbuf: 0 seq:   1452 bytesused: 10506240 ts: 1938.120349 delta: 33.334 ms delta now: +33.804 ms fps: 30.00 (ts-monotonic, ts-src-eof)
cap dqbuf: 1 seq:   1453 bytesused: 10506240 ts: 1938.153682 delta: 33.333 ms delta now: +33.801 ms fps: 30.00 (ts-monotonic, ts-src-eof)
cap dqbuf: 2 seq:   1454 bytesused: 10506240 ts: 1938.187015 delta: 33.333 ms delta now: +33.813 ms fps: 30.00 (ts-monotonic, ts-src-eof)
cap dqbuf: 3 seq:   1455 bytesused: 10506240 ts: 1938.220348 delta: 33.333 ms delta now: +33.792 ms fps: 30.00 (ts-monotonic, ts-src-eof)
cap dqbuf: 0 seq:   1456 bytesused: 10506240 ts: 1938.253682 delta: 33.334 ms delta now: +33.790 ms fps: 30.00 (ts-monotonic, ts-src-eof)
cap dqbuf: 1 seq:   1457 bytesused: 10506240 ts: 1938.287015 delta: 33.333 ms delta now: +33.941 ms fps: 30.00 (ts-monotonic, ts-src-eof)
cap dqbuf: 2 seq:   1458 bytesused: 10506240 ts: 1938.320349 delta: 33.334 ms delta now: +33.792 ms fps: 30.00 (ts-monotonic, ts-src-eof)
cap dqbuf: 3 seq:   1459 bytesused: 10506240 ts: 1938.353681 delta: 33.332 ms delta now: +34.085 ms fps: 30.00 (ts-monotonic, ts-src-eof)
cap dqbuf: 0 seq:   1460 bytesused: 10506240 ts: 1938.387016 delta: 33.335 ms delta now: +33.930 ms fps: 30.00 (ts-monotonic, ts-src-eof)
cap dqbuf: 1 seq:   1461 bytesused: 10506240 ts: 1938.420349 delta: 33.333 ms delta now: +33.935 ms fps: 30.00 (ts-monotonic, ts-src-eof)
cap dqbuf: 2 seq:   1462 bytesused: 10506240 ts: 1938.453682 delta: 33.333 ms delta now: +33.811 ms fps: 30.00 (ts-monotonic, ts-src-eof)
cap dqbuf: 3 seq:   1463 bytesused: 10506240 ts: 1938.487015 delta: 33.333 ms delta now: +33.790 ms fps: 30.00 (ts-monotonic, ts-src-eof)
cap dqbuf: 0 seq:   1464 bytesused: 10506240 ts: 1938.520348 delta: 33.333 ms delta now: +33.794 ms fps: 30.00 (ts-monotonic, ts-src-eof)
cap dqbuf: 1 seq:   1465 bytesused: 10506240 ts: 1938.553681 delta: 33.333 ms delta now: +33.821 ms fps: 30.00 (ts-monotonic, ts-src-eof)
cap dqbuf: 2 seq:   1466 bytesused: 10506240 ts: 1938.587015 delta: 33.334 ms delta now: +33.924 ms fps: 30.00 (ts-monotonic, ts-src-eof)
cap dqbuf: 3 seq:   1467 bytesused: 10506240 ts: 1938.620349 delta: 33.334 ms delta now: +33.792 ms fps: 30.00 (ts-monotonic, ts-src-eof)
cap dqbuf: 0 seq:   1468 bytesused: 10506240 ts: 1938.653681 delta: 33.332 ms delta now: +33.792 ms fps: 30.00 (ts-monotonic, ts-src-eof)
cap dqbuf: 1 seq:   1469 bytesused: 10506240 ts: 1938.687015 delta: 33.334 ms delta now: +33.791 ms fps: 30.00 (ts-monotonic, ts-src-eof)
cap dqbuf: 2 seq:   1470 bytesused: 10506240 ts: 1938.720348 delta: 33.333 ms delta now: +34.048 ms fps: 30.00 (ts-monotonic, ts-src-eof)
cap dqbuf: 3 seq:   1471 bytesused: 10506240 ts: 1938.753682 delta: 33.334 ms delta now: +34.041 ms fps: 30.00 (ts-monotonic, ts-src-eof)
cap dqbuf: 0 seq:   1472 bytesused: 10506240 ts: 1938.787016 delta: 33.334 ms delta now: +33.944 ms fps: 30.00 (ts-monotonic, ts-src-eof)
cap dqbuf: 1 seq:   1473 bytesused: 10506240 ts: 1938.820349 delta: 33.333 ms delta now: +33.790 ms fps: 30.00 (ts-monotonic, ts-src-eof)
cap dqbuf: 2 seq:   1474 bytesused: 10506240 ts: 1938.853682 delta: 33.333 ms delta now: +33.933 ms fps: 30.00 (ts-monotonic, ts-src-eof)
cap dqbuf: 3 seq:   1475 bytesused: 10506240 ts: 1938.887016 delta: 33.334 ms delta now: +33.941 ms fps: 30.00 (ts-monotonic, ts-src-eof)
cap dqbuf: 0 seq:   1476 bytesused: 10506240 ts: 1938.920349 delta: 33.333 ms delta now: +33.794 ms fps: 30.00 (ts-monotonic, ts-src-eof)
cap dqbuf: 1 seq:   1477 bytesused: 10506240 ts: 1938.953682 delta: 33.333 ms delta now: +33.811 ms fps: 30.00 (ts-monotonic, ts-src-eof)
cap dqbuf: 2 seq:   1478 bytesused: 10506240 ts: 1938.987015 delta: 33.333 ms delta now: +33.793 ms fps: 30.00 (ts-monotonic, ts-src-eof)
cap dqbuf: 3 seq:   1479 bytesused: 10506240 ts: 1939.020348 delta: 33.333 ms delta now: +33.929 ms fps: 30.00 (ts-monotonic, ts-src-eof)
cap dqbuf: 0 seq:   1480 bytesused: 10506240 ts: 1939.053682 delta: 33.334 ms delta now: +33.803 ms fps: 30.00 (ts-monotonic, ts-src-eof)
cap dqbuf: 1 seq:   1481 bytesused: 10506240 ts: 1939.087015 delta: 33.333 ms delta now: +33.947 ms fps: 30.00 (ts-monotonic, ts-src-eof)
cap dqbuf: 2 seq:   1482 bytesused: 10506240 ts: 1939.120349 delta: 33.334 ms delta now: +33.793 ms fps: 30.00 (ts-monotonic, ts-src-eof)
cap dqbuf: 3 seq:   1483 bytesused: 10506240 ts: 1939.153682 delta: 33.333 ms delta now: +33.790 ms fps: 30.00 (ts-monotonic, ts-src-eof)
cap dqbuf: 0 seq:   1484 bytesused: 10506240 ts: 1939.187015 delta: 33.333 ms delta now: +33.790 ms fps: 30.00 (ts-monotonic, ts-src-eof)
cap dqbuf: 1 seq:   1485 bytesused: 10506240 ts: 1939.220348 delta: 33.333 ms delta now: +33.791 ms fps: 30.00 (ts-monotonic, ts-src-eof)
cap dqbuf: 2 seq:   1486 bytesused: 10506240 ts: 1939.253682 delta: 33.334 ms delta now: +33.791 ms fps: 30.00 (ts-monotonic, ts-src-eof)
cap dqbuf: 3 seq:   1487 bytesused: 10506240 ts: 1939.287015 delta: 33.333 ms delta now: +33.942 ms fps: 30.00 (ts-monotonic, ts-src-eof)
cap dqbuf: 0 seq:   1488 bytesused: 10506240 ts: 1939.320349 delta: 33.334 ms delta now: +33.793 ms fps: 30.00 (ts-monotonic, ts-src-eof)
cap dqbuf: 1 seq:   1489 bytesused: 10506240 ts: 1939.353681 delta: 33.332 ms delta now: +33.830 ms fps: 30.00 (ts-monotonic, ts-src-eof)
cap dqbuf: 2 seq:   1490 bytesused: 10506240 ts: 1939.387015 delta: 33.334 ms delta now: +33.934 ms fps: 30.00 (ts-monotonic, ts-src-eof)
cap dqbuf: 3 seq:   1491 bytesused: 10506240 ts: 1939.420349 delta: 33.334 ms delta now: +33.794 ms fps: 30.00 (ts-monotonic, ts-src-eof)
cap dqbuf: 0 seq:   1492 bytesused: 10506240 ts: 1939.453682 delta: 33.333 ms delta now: +33.939 ms fps: 30.00 (ts-monotonic, ts-src-eof)
cap dqbuf: 1 seq:   1493 bytesused: 10506240 ts: 1939.487016 delta: 33.334 ms delta now: +33.945 ms fps: 30.00 (ts-monotonic, ts-src-eof)
cap dqbuf: 2 seq:   1494 bytesused: 10506240 ts: 1939.520349 delta: 33.333 ms delta now: +33.791 ms fps: 30.00 (ts-monotonic, ts-src-eof)
cap dqbuf: 3 seq:   1495 bytesused: 10506240 ts: 1939.553681 delta: 33.332 ms delta now: +33.934 ms fps: 30.00 (ts-monotonic, ts-src-eof)
cap dqbuf: 0 seq:   1496 bytesused: 10506240 ts: 1939.587016 delta: 33.335 ms delta now: +34.004 ms fps: 30.00 (ts-monotonic, ts-src-eof)
cap dqbuf: 1 seq:   1497 bytesused: 10506240 ts: 1939.620349 delta: 33.333 ms delta now: +33.947 ms fps: 30.00 (ts-monotonic, ts-src-eof)
cap dqbuf: 2 seq:   1498 bytesused: 10506240 ts: 1939.653683 delta: 33.334 ms delta now: +33.934 ms fps: 30.00 (ts-monotonic, ts-src-eof)
cap dqbuf: 3 seq:   1499 bytesused: 10506240 ts: 1939.687016 delta: 33.333 ms delta now: +34.019 ms fps: 30.00 (ts-monotonic, ts-src-eof)
cap dqbuf: 0 seq:   1500 bytesused: 10506240 ts: 1939.720349 delta: 33.333 ms delta now: +33.919 ms fps: 30.00 (ts-monotonic, ts-src-eof)
cap dqbuf: 1 seq:   1501 bytesused: 10506240 ts: 1939.753682 delta: 33.333 ms delta now: +33.793 ms fps: 30.00 (ts-monotonic, ts-src-eof)
cap dqbuf: 2 seq:   1502 bytesused: 10506240 ts: 1939.787015 delta: 33.333 ms delta now: +33.934 ms fps: 30.00 (ts-monotonic, ts-src-eof)
cap dqbuf: 3 seq:   1503 bytesused: 10506240 ts: 1939.820349 delta: 33.334 ms delta now: +33.939 ms fps: 30.00 (ts-monotonic, ts-src-eof)
cap dqbuf: 0 seq:   1504 bytesused: 10506240 ts: 1939.853683 delta: 33.334 ms delta now: +33.793 ms fps: 30.00 (ts-monotonic, ts-src-eof)
cap dqbuf: 1 seq:   1505 bytesused: 10506240 ts: 1939.887015 delta: 33.332 ms delta now: +33.938 ms fps: 30.00 (ts-monotonic, ts-src-eof)
cap dqbuf: 2 seq:   1506 bytesused: 10506240 ts: 1939.920349 delta: 33.334 ms delta now: +33.797 ms fps: 30.00 (ts-monotonic, ts-src-eof)
cap dqbuf: 3 seq:   1507 bytesused: 10506240 ts: 1939.953682 delta: 33.333 ms delta now: +33.936 ms fps: 30.00 (ts-monotonic, ts-src-eof)
cap dqbuf: 0 seq:   1508 bytesused: 10506240 ts: 1939.987016 delta: 33.334 ms delta now: +33.815 ms fps: 30.00 (ts-monotonic, ts-src-eof)
cap dqbuf: 1 seq:   1509 bytesused: 10506240 ts: 1940.020348 delta: 33.332 ms delta now: +33.940 ms fps: 30.00 (ts-monotonic, ts-src-eof)
cap dqbuf: 2 seq:   1510 bytesused: 10506240 ts: 1940.053682 delta: 33.334 ms delta now: +33.960 ms fps: 30.00 (ts-monotonic, ts-src-eof)
cap dqbuf: 3 seq:   1511 bytesused: 10506240 ts: 1940.087016 delta: 33.334 ms delta now: +33.823 ms fps: 30.00 (ts-monotonic, ts-src-eof)
cap dqbuf: 0 seq:   1512 bytesused: 10506240 ts: 1940.120348 delta: 33.332 ms delta now: +33.944 ms fps: 30.00 (ts-monotonic, ts-src-eof)
cap dqbuf: 1 seq:   1513 bytesused: 10506240 ts: 1940.153682 delta: 33.334 ms delta now: +33.919 ms fps: 30.00 (ts-monotonic, ts-src-eof)
cap dqbuf: 2 seq:   1514 bytesused: 10506240 ts: 1940.187016 delta: 33.334 ms delta now: +33.798 ms fps: 30.00 (ts-monotonic, ts-src-eof)
cap dqbuf: 3 seq:   1515 bytesused: 10506240 ts: 1940.220348 delta: 33.332 ms delta now: +33.790 ms fps: 30.00 (ts-monotonic, ts-src-eof)
cap dqbuf: 0 seq:   1516 bytesused: 10506240 ts: 1940.253682 delta: 33.334 ms delta now: +33.813 ms fps: 30.00 (ts-monotonic, ts-src-eof)
cap dqbuf: 1 seq:   1517 bytesused: 10506240 ts: 1940.287015 delta: 33.333 ms delta now: +33.933 ms fps: 30.00 (ts-monotonic, ts-src-eof)
cap dqbuf: 2 seq:   1518 bytesused: 10506240 ts: 1940.320349 delta: 33.334 ms delta now: +33.887 ms fps: 30.00 (ts-monotonic, ts-src-eof)
cap dqbuf: 3 seq:   1519 bytesused: 10506240 ts: 1940.353682 delta: 33.333 ms delta now: +33.793 ms fps: 30.00 (ts-monotonic, ts-src-eof)
cap dqbuf: 0 seq:   1520 bytesused: 10506240 ts: 1940.387015 delta: 33.333 ms delta now: +33.793 ms fps: 30.00 (ts-monotonic, ts-src-eof)
cap dqbuf: 1 seq:   1521 bytesused: 10506240 ts: 1940.420348 delta: 33.333 ms delta now: +33.988 ms fps: 30.00 (ts-monotonic, ts-src-eof)
cap dqbuf: 2 seq:   1522 bytesused: 10506240 ts: 1940.453683 delta: 33.335 ms delta now: +33.789 ms fps: 30.00 (ts-monotonic, ts-src-eof)
cap dqbuf: 3 seq:   1523 bytesused: 10506240 ts: 1940.487015 delta: 33.332 ms delta now: +33.793 ms fps: 30.00 (ts-monotonic, ts-src-eof)
cap dqbuf: 0 seq:   1524 bytesused: 10506240 ts: 1940.520348 delta: 33.333 ms delta now: +33.798 ms fps: 30.00 (ts-monotonic, ts-src-eof)
cap dqbuf: 1 seq:   1525 bytesused: 10506240 ts: 1940.553681 delta: 33.333 ms delta now: +33.793 ms fps: 30.00 (ts-monotonic, ts-src-eof)
cap dqbuf: 2 seq:   1526 bytesused: 10506240 ts: 1940.587015 delta: 33.334 ms delta now: +33.795 ms fps: 30.00 (ts-monotonic, ts-src-eof)
cap dqbuf: 3 seq:   1527 bytesused: 10506240 ts: 1940.620348 delta: 33.333 ms delta now: +33.940 ms fps: 30.00 (ts-monotonic, ts-src-eof)
cap dqbuf: 0 seq:   1528 bytesused: 10506240 ts: 1940.653683 delta: 33.335 ms delta now: +33.943 ms fps: 30.00 (ts-monotonic, ts-src-eof)
cap dqbuf: 1 seq:   1529 bytesused: 10506240 ts: 1940.687016 delta: 33.333 ms delta now: +33.792 ms fps: 30.00 (ts-monotonic, ts-src-eof)
cap dqbuf: 2 seq:   1530 bytesused: 10506240 ts: 1940.720348 delta: 33.332 ms delta now: +33.793 ms fps: 30.00 (ts-monotonic, ts-src-eof)
cap dqbuf: 3 seq:   1531 bytesused: 10506240 ts: 1940.753682 delta: 33.334 ms delta now: +33.937 ms fps: 30.00 (ts-monotonic, ts-src-eof)
cap dqbuf: 0 seq:   1532 bytesused: 10506240 ts: 1940.787016 delta: 33.334 ms delta now: +33.793 ms fps: 30.00 (ts-monotonic, ts-src-eof)
cap dqbuf: 1 seq:   1533 bytesused: 10506240 ts: 1940.820349 delta: 33.333 ms delta now: +33.796 ms fps: 30.00 (ts-monotonic, ts-src-eof)
cap dqbuf: 2 seq:   1534 bytesused: 10506240 ts: 1940.853682 delta: 33.333 ms delta now: +33.793 ms fps: 30.00 (ts-monotonic, ts-src-eof)
cap dqbuf: 3 seq:   1535 bytesused: 10506240 ts: 1940.887015 delta: 33.333 ms delta now: +33.816 ms fps: 30.00 (ts-monotonic, ts-src-eof)
cap dqbuf: 0 seq:   1536 bytesused: 10506240 ts: 1940.920349 delta: 33.334 ms delta now: +33.792 ms fps: 30.00 (ts-monotonic, ts-src-eof)
cap dqbuf: 1 seq:   1537 bytesused: 10506240 ts: 1940.953682 delta: 33.333 ms delta now: +33.943 ms fps: 30.00 (ts-monotonic, ts-src-eof)
cap dqbuf: 2 seq:   1538 bytesused: 10506240 ts: 1940.987016 delta: 33.334 ms delta now: +33.790 ms fps: 30.00 (ts-monotonic, ts-src-eof)
cap dqbuf: 3 seq:   1539 bytesused: 10506240 ts: 1941.020348 delta: 33.332 ms delta now: +33.952 ms fps: 30.00 (ts-monotonic, ts-src-eof)
cap dqbuf: 0 seq:   1540 bytesused: 10506240 ts: 1941.053682 delta: 33.334 ms delta now: +33.804 ms fps: 30.00 (ts-monotonic, ts-src-eof)
cap dqbuf: 1 seq:   1541 bytesused: 10506240 ts: 1941.087015 delta: 33.333 ms delta now: +34.087 ms fps: 30.00 (ts-monotonic, ts-src-eof)
cap dqbuf: 2 seq:   1542 bytesused: 10506240 ts: 1941.120349 delta: 33.334 ms delta now: +33.797 ms fps: 30.00 (ts-monotonic, ts-src-eof)
cap dqbuf: 3 seq:   1543 bytesused: 10506240 ts: 1941.153682 delta: 33.333 ms delta now: +33.939 ms fps: 30.00 (ts-monotonic, ts-src-eof)
cap dqbuf: 0 seq:   1544 bytesused: 10506240 ts: 1941.187016 delta: 33.334 ms delta now: +33.793 ms fps: 30.00 (ts-monotonic, ts-src-eof)
cap dqbuf: 1 seq:   1545 bytesused: 10506240 ts: 1941.220348 delta: 33.332 ms delta now: +33.936 ms fps: 30.00 (ts-monotonic, ts-src-eof)
cap dqbuf: 2 seq:   1546 bytesused: 10506240 ts: 1941.253683 delta: 33.335 ms delta now: +33.792 ms fps: 30.00 (ts-monotonic, ts-src-eof)
cap dqbuf: 3 seq:   1547 bytesused: 10506240 ts: 1941.287015 delta: 33.332 ms delta now: +33.992 ms fps: 30.00 (ts-monotonic, ts-src-eof)
cap dqbuf: 0 seq:   1548 bytesused: 10506240 ts: 1941.320349 delta: 33.334 ms delta now: +33.794 ms fps: 30.00 (ts-monotonic, ts-src-eof)
cap dqbuf: 1 seq:   1549 bytesused: 10506240 ts: 1941.353682 delta: 33.333 ms delta now: +33.942 ms fps: 30.00 (ts-monotonic, ts-src-eof)
cap dqbuf: 2 seq:   1550 bytesused: 10506240 ts: 1941.387016 delta: 33.334 ms delta now: +33.797 ms fps: 30.00 (ts-monotonic, ts-src-eof)
cap dqbuf: 3 seq:   1551 bytesused: 10506240 ts: 1941.420348 delta: 33.332 ms delta now: +33.941 ms fps: 30.00 (ts-monotonic, ts-src-eof)
cap dqbuf: 0 seq:   1552 bytesused: 10506240 ts: 1941.453683 delta: 33.335 ms delta now: +33.833 ms fps: 30.00 (ts-monotonic, ts-src-eof)
cap dqbuf: 1 seq:   1553 bytesused: 10506240 ts: 1941.487015 delta: 33.332 ms delta now: +33.795 ms fps: 30.00 (ts-monotonic, ts-src-eof)
cap dqbuf: 2 seq:   1554 bytesused: 10506240 ts: 1941.520349 delta: 33.334 ms delta now: +34.000 ms fps: 30.00 (ts-monotonic, ts-src-eof)
cap dqbuf: 3 seq:   1555 bytesused: 10506240 ts: 1941.553683 delta: 33.334 ms delta now: +33.797 ms fps: 30.00 (ts-monotonic, ts-src-eof)
cap dqbuf: 0 seq:   1556 bytesused: 10506240 ts: 1941.587015 delta: 33.332 ms delta now: +33.938 ms fps: 30.00 (ts-monotonic, ts-src-eof)
cap dqbuf: 1 seq:   1557 bytesused: 10506240 ts: 1941.620349 delta: 33.334 ms delta now: +33.796 ms fps: 30.00 (ts-monotonic, ts-src-eof)
cap dqbuf: 2 seq:   1558 bytesused: 10506240 ts: 1941.653682 delta: 33.333 ms delta now: +33.956 ms fps: 30.00 (ts-monotonic, ts-src-eof)
cap dqbuf: 3 seq:   1559 bytesused: 10506240 ts: 1941.687016 delta: 33.334 ms delta now: +33.799 ms fps: 30.00 (ts-monotonic, ts-src-eof)
cap dqbuf: 0 seq:   1560 bytesused: 10506240 ts: 1941.720349 delta: 33.333 ms delta now: +34.024 ms fps: 30.00 (ts-monotonic, ts-src-eof)
cap dqbuf: 1 seq:   1561 bytesused: 10506240 ts: 1941.753683 delta: 33.334 ms delta now: +33.795 ms fps: 30.00 (ts-monotonic, ts-src-eof)
cap dqbuf: 2 seq:   1562 bytesused: 10506240 ts: 1941.787015 delta: 33.332 ms delta now: +33.795 ms fps: 30.00 (ts-monotonic, ts-src-eof)
cap dqbuf: 3 seq:   1563 bytesused: 10506240 ts: 1941.820349 delta: 33.334 ms delta now: +33.987 ms fps: 30.00 (ts-monotonic, ts-src-eof)
cap dqbuf: 0 seq:   1564 bytesused: 10506240 ts: 1941.853683 delta: 33.334 ms delta now: +33.793 ms fps: 30.00 (ts-monotonic, ts-src-eof)
cap dqbuf: 1 seq:   1565 bytesused: 10506240 ts: 1941.887015 delta: 33.332 ms delta now: +33.937 ms fps: 30.00 (ts-monotonic, ts-src-eof)
cap dqbuf: 2 seq:   1566 bytesused: 10506240 ts: 1941.920349 delta: 33.334 ms delta now: +33.916 ms fps: 30.00 (ts-monotonic, ts-src-eof)
cap dqbuf: 3 seq:   1567 bytesused: 10506240 ts: 1941.953682 delta: 33.333 ms delta now: +33.991 ms fps: 30.00 (ts-monotonic, ts-src-eof)
cap dqbuf: 0 seq:   1568 bytesused: 10506240 ts: 1941.987016 delta: 33.334 ms delta now: +33.812 ms fps: 30.00 (ts-monotonic, ts-src-eof)
cap dqbuf: 1 seq:   1569 bytesused: 10506240 ts: 1942.020349 delta: 33.333 ms delta now: +33.793 ms fps: 30.00 (ts-monotonic, ts-src-eof)
cap dqbuf: 2 seq:   1570 bytesused: 10506240 ts: 1942.053682 delta: 33.333 ms delta now: +33.825 ms fps: 30.00 (ts-monotonic, ts-src-eof)
cap dqbuf: 3 seq:   1571 bytesused: 10506240 ts: 1942.087016 delta: 33.334 ms delta now: +33.954 ms fps: 30.00 (ts-monotonic, ts-src-eof)
cap dqbuf: 0 seq:   1572 bytesused: 10506240 ts: 1942.120350 delta: 33.334 ms delta now: +33.952 ms fps: 30.00 (ts-monotonic, ts-src-eof)
cap dqbuf: 1 seq:   1573 bytesused: 10506240 ts: 1942.153683 delta: 33.333 ms delta now: +33.792 ms fps: 30.00 (ts-monotonic, ts-src-eof)
cap dqbuf: 2 seq:   1574 bytesused: 10506240 ts: 1942.187015 delta: 33.332 ms delta now: +33.939 ms fps: 30.00 (ts-monotonic, ts-src-eof)
cap dqbuf: 3 seq:   1575 bytesused: 10506240 ts: 1942.220349 delta: 33.334 ms delta now: +33.793 ms fps: 30.00 (ts-monotonic, ts-src-eof)
cap dqbuf: 0 seq:   1576 bytesused: 10506240 ts: 1942.253682 delta: 33.333 ms delta now: +33.940 ms fps: 30.00 (ts-monotonic, ts-src-eof)
cap dqbuf: 1 seq:   1577 bytesused: 10506240 ts: 1942.287016 delta: 33.334 ms delta now: +33.807 ms fps: 30.00 (ts-monotonic, ts-src-eof)
cap dqbuf: 2 seq:   1578 bytesused: 10506240 ts: 1942.320349 delta: 33.333 ms delta now: +33.934 ms fps: 30.00 (ts-monotonic, ts-src-eof)
cap dqbuf: 3 seq:   1579 bytesused: 10506240 ts: 1942.353683 delta: 33.334 ms delta now: +33.791 ms fps: 30.00 (ts-monotonic, ts-src-eof)
cap dqbuf: 0 seq:   1580 bytesused: 10506240 ts: 1942.387015 delta: 33.332 ms delta now: +33.933 ms fps: 30.00 (ts-monotonic, ts-src-eof)
cap dqbuf: 1 seq:   1581 bytesused: 10506240 ts: 1942.420349 delta: 33.334 ms delta now: +33.793 ms fps: 30.00 (ts-monotonic, ts-src-eof)
cap dqbuf: 2 seq:   1582 bytesused: 10506240 ts: 1942.453682 delta: 33.333 ms delta now: +33.941 ms fps: 30.00 (ts-monotonic, ts-src-eof)
cap dqbuf: 3 seq:   1583 bytesused: 10506240 ts: 1942.487016 delta: 33.334 ms delta now: +33.797 ms fps: 30.00 (ts-monotonic, ts-src-eof)
cap dqbuf: 0 seq:   1584 bytesused: 10506240 ts: 1942.520348 delta: 33.332 ms delta now: +33.997 ms fps: 30.00 (ts-monotonic, ts-src-eof)
cap dqbuf: 1 seq:   1585 bytesused: 10506240 ts: 1942.553683 delta: 33.335 ms delta now: +33.789 ms fps: 30.00 (ts-monotonic, ts-src-eof)
cap dqbuf: 2 seq:   1586 bytesused: 10506240 ts: 1942.587015 delta: 33.332 ms delta now: +33.958 ms fps: 30.00 (ts-monotonic, ts-src-eof)
cap dqbuf: 3 seq:   1587 bytesused: 10506240 ts: 1942.620349 delta: 33.334 ms delta now: +33.791 ms fps: 30.00 (ts-monotonic, ts-src-eof)
cap dqbuf: 0 seq:   1588 bytesused: 10506240 ts: 1942.653682 delta: 33.333 ms delta now: +33.936 ms fps: 30.00 (ts-monotonic, ts-src-eof)
cap dqbuf: 1 seq:   1589 bytesused: 10506240 ts: 1942.687016 delta: 33.334 ms delta now: +33.943 ms fps: 30.00 (ts-monotonic, ts-src-eof)
cap dqbuf: 2 seq:   1590 bytesused: 10506240 ts: 1942.720349 delta: 33.333 ms delta now: +33.794 ms fps: 30.00 (ts-monotonic, ts-src-eof)
cap dqbuf: 3 seq:   1591 bytesused: 10506240 ts: 1942.753682 delta: 33.333 ms delta now: +33.794 ms fps: 30.00 (ts-monotonic, ts-src-eof)
cap dqbuf: 0 seq:   1592 bytesused: 10506240 ts: 1942.787015 delta: 33.333 ms delta now: +34.011 ms fps: 30.00 (ts-monotonic, ts-src-eof)
cap dqbuf: 1 seq:   1593 bytesused: 10506240 ts: 1942.820349 delta: 33.334 ms delta now: +33.936 ms fps: 30.00 (ts-monotonic, ts-src-eof)
cap dqbuf: 2 seq:   1594 bytesused: 10506240 ts: 1942.853683 delta: 33.334 ms delta now: +33.793 ms fps: 30.00 (ts-monotonic, ts-src-eof)
cap dqbuf: 3 seq:   1595 bytesused: 10506240 ts: 1942.887015 delta: 33.332 ms delta now: +33.795 ms fps: 30.00 (ts-monotonic, ts-src-eof)
cap dqbuf: 0 seq:   1596 bytesused: 10506240 ts: 1942.920349 delta: 33.334 ms delta now: +33.792 ms fps: 30.00 (ts-monotonic, ts-src-eof)
cap dqbuf: 1 seq:   1597 bytesused: 10506240 ts: 1942.953682 delta: 33.333 ms delta now: +33.793 ms fps: 30.00 (ts-monotonic, ts-src-eof)
cap dqbuf: 2 seq:   1598 bytesused: 10506240 ts: 1942.987015 delta: 33.333 ms delta now: +33.793 ms fps: 30.00 (ts-monotonic, ts-src-eof)
cap dqbuf: 3 seq:   1599 bytesused: 10506240 ts: 1943.020349 delta: 33.334 ms delta now: +33.794 ms fps: 30.00 (ts-monotonic, ts-src-eof)
cap dqbuf: 0 seq:   1600 bytesused: 10506240 ts: 1943.053682 delta: 33.333 ms delta now: +34.051 ms fps: 30.00 (ts-monotonic, ts-src-eof)
cap dqbuf: 1 seq:   1601 bytesused: 10506240 ts: 1943.087016 delta: 33.334 ms delta now: +33.801 ms fps: 30.00 (ts-monotonic, ts-src-eof)
cap dqbuf: 2 seq:   1602 bytesused: 10506240 ts: 1943.120349 delta: 33.333 ms delta now: +33.796 ms fps: 30.00 (ts-monotonic, ts-src-eof)
cap dqbuf: 3 seq:   1603 bytesused: 10506240 ts: 1943.153682 delta: 33.333 ms delta now: +33.955 ms fps: 30.00 (ts-monotonic, ts-src-eof)
cap dqbuf: 0 seq:   1604 bytesused: 10506240 ts: 1943.187016 delta: 33.334 ms delta now: +33.944 ms fps: 30.00 (ts-monotonic, ts-src-eof)
cap dqbuf: 1 seq:   1605 bytesused: 10506240 ts: 1943.220350 delta: 33.334 ms delta now: +33.939 ms fps: 30.00 (ts-monotonic, ts-src-eof)
cap dqbuf: 2 seq:   1606 bytesused: 10506240 ts: 1943.253683 delta: 33.333 ms delta now: +33.794 ms fps: 30.00 (ts-monotonic, ts-src-eof)
cap dqbuf: 3 seq:   1607 bytesused: 10506240 ts: 1943.287015 delta: 33.332 ms delta now: +33.795 ms fps: 30.00 (ts-monotonic, ts-src-eof)
cap dqbuf: 0 seq:   1608 bytesused: 10506240 ts: 1943.320349 delta: 33.334 ms delta now: +33.940 ms fps: 30.00 (ts-monotonic, ts-src-eof)
cap dqbuf: 1 seq:   1609 bytesused: 10506240 ts: 1943.353683 delta: 33.334 ms delta now: +33.933 ms fps: 30.00 (ts-monotonic, ts-src-eof)
cap dqbuf: 2 seq:   1610 bytesused: 10506240 ts: 1943.387016 delta: 33.333 ms delta now: +33.937 ms fps: 30.00 (ts-monotonic, ts-src-eof)
cap dqbuf: 3 seq:   1611 bytesused: 10506240 ts: 1943.420349 delta: 33.333 ms delta now: +33.792 ms fps: 30.00 (ts-monotonic, ts-src-eof)
cap dqbuf: 0 seq:   1612 bytesused: 10506240 ts: 1943.453682 delta: 33.333 ms delta now: +33.983 ms fps: 30.00 (ts-monotonic, ts-src-eof)
cap dqbuf: 1 seq:   1613 bytesused: 10506240 ts: 1943.487016 delta: 33.334 ms delta now: +33.793 ms fps: 30.00 (ts-monotonic, ts-src-eof)
cap dqbuf: 2 seq:   1614 bytesused: 10506240 ts: 1943.520349 delta: 33.333 ms delta now: +33.942 ms fps: 30.00 (ts-monotonic, ts-src-eof)
cap dqbuf: 3 seq:   1615 bytesused: 10506240 ts: 1943.553683 delta: 33.334 ms delta now: +33.790 ms fps: 30.00 (ts-monotonic, ts-src-eof)
cap dqbuf: 0 seq:   1616 bytesused: 10506240 ts: 1943.587015 delta: 33.332 ms delta now: +33.796 ms fps: 30.00 (ts-monotonic, ts-src-eof)
cap dqbuf: 1 seq:   1617 bytesused: 10506240 ts: 1943.620349 delta: 33.334 ms delta now: +33.793 ms fps: 30.00 (ts-monotonic, ts-src-eof)
cap dqbuf: 2 seq:   1618 bytesused: 10506240 ts: 1943.653682 delta: 33.333 ms delta now: +33.944 ms fps: 30.00 (ts-monotonic, ts-src-eof)
cap dqbuf: 3 seq:   1619 bytesused: 10506240 ts: 1943.687016 delta: 33.334 ms delta now: +33.803 ms fps: 30.00 (ts-monotonic, ts-src-eof)
cap dqbuf: 0 seq:   1620 bytesused: 10506240 ts: 1943.720349 delta: 33.333 ms delta now: +33.941 ms fps: 30.00 (ts-monotonic, ts-src-eof)
cap dqbuf: 1 seq:   1621 bytesused: 10506240 ts: 1943.753683 delta: 33.334 ms delta now: +33.945 ms fps: 30.00 (ts-monotonic, ts-src-eof)
cap dqbuf: 2 seq:   1622 bytesused: 10506240 ts: 1943.787016 delta: 33.333 ms delta now: +33.948 ms fps: 30.00 (ts-monotonic, ts-src-eof)
cap dqbuf: 3 seq:   1623 bytesused: 10506240 ts: 1943.820350 delta: 33.334 ms delta now: +33.794 ms fps: 30.00 (ts-monotonic, ts-src-eof)
cap dqbuf: 0 seq:   1624 bytesused: 10506240 ts: 1943.853682 delta: 33.332 ms delta now: +33.933 ms fps: 30.00 (ts-monotonic, ts-src-eof)
cap dqbuf: 1 seq:   1625 bytesused: 10506240 ts: 1943.887016 delta: 33.334 ms delta now: +33.944 ms fps: 30.00 (ts-monotonic, ts-src-eof)
cap dqbuf: 2 seq:   1626 bytesused: 10506240 ts: 1943.920350 delta: 33.334 ms delta now: +33.814 ms fps: 30.00 (ts-monotonic, ts-src-eof)
cap dqbuf: 3 seq:   1627 bytesused: 10506240 ts: 1943.953683 delta: 33.333 ms delta now: +33.794 ms fps: 30.00 (ts-monotonic, ts-src-eof)
cap dqbuf: 0 seq:   1628 bytesused: 10506240 ts: 1943.987015 delta: 33.332 ms delta now: +33.838 ms fps: 30.00 (ts-monotonic, ts-src-eof)
cap dqbuf: 1 seq:   1629 bytesused: 10506240 ts: 1944.020349 delta: 33.334 ms delta now: +34.002 ms fps: 30.00 (ts-monotonic, ts-src-eof)
cap dqbuf: 2 seq:   1630 bytesused: 10506240 ts: 1944.053683 delta: 33.334 ms delta now: +33.972 ms fps: 30.00 (ts-monotonic, ts-src-eof)
cap dqbuf: 3 seq:   1631 bytesused: 10506240 ts: 1944.087016 delta: 33.333 ms delta now: +33.802 ms fps: 30.00 (ts-monotonic, ts-src-eof)
cap dqbuf: 0 seq:   1632 bytesused: 10506240 ts: 1944.120349 delta: 33.333 ms delta now: +33.945 ms fps: 30.00 (ts-monotonic, ts-src-eof)
cap dqbuf: 1 seq:   1633 bytesused: 10506240 ts: 1944.153683 delta: 33.334 ms delta now: +33.940 ms fps: 30.00 (ts-monotonic, ts-src-eof)
cap dqbuf: 2 seq:   1634 bytesused: 10506240 ts: 1944.187016 delta: 33.333 ms delta now: +33.796 ms fps: 30.00 (ts-monotonic, ts-src-eof)
cap dqbuf: 3 seq:   1635 bytesused: 10506240 ts: 1944.220349 delta: 33.333 ms delta now: +33.944 ms fps: 30.00 (ts-monotonic, ts-src-eof)
cap dqbuf: 0 seq:   1636 bytesused: 10506240 ts: 1944.253683 delta: 33.334 ms delta now: +33.948 ms fps: 30.00 (ts-monotonic, ts-src-eof)
cap dqbuf: 1 seq:   1637 bytesused: 10506240 ts: 1944.287016 delta: 33.333 ms delta now: +33.939 ms fps: 30.00 (ts-monotonic, ts-src-eof)
cap dqbuf: 2 seq:   1638 bytesused: 10506240 ts: 1944.320349 delta: 33.333 ms delta now: +33.791 ms fps: 30.00 (ts-monotonic, ts-src-eof)
cap dqbuf: 3 seq:   1639 bytesused: 10506240 ts: 1944.353682 delta: 33.333 ms delta now: +33.794 ms fps: 30.00 (ts-monotonic, ts-src-eof)
cap dqbuf: 0 seq:   1640 bytesused: 10506240 ts: 1944.387015 delta: 33.333 ms delta now: +33.794 ms fps: 30.00 (ts-monotonic, ts-src-eof)
cap dqbuf: 1 seq:   1641 bytesused: 10506240 ts: 1944.420349 delta: 33.334 ms delta now: +33.940 ms fps: 30.00 (ts-monotonic, ts-src-eof)
cap dqbuf: 2 seq:   1642 bytesused: 10506240 ts: 1944.453683 delta: 33.334 ms delta now: +33.792 ms fps: 30.00 (ts-monotonic, ts-src-eof)
cap dqbuf: 3 seq:   1643 bytesused: 10506240 ts: 1944.487015 delta: 33.332 ms delta now: +33.831 ms fps: 30.00 (ts-monotonic, ts-src-eof)
cap dqbuf: 0 seq:   1644 bytesused: 10506240 ts: 1944.520350 delta: 33.335 ms delta now: +33.815 ms fps: 30.00 (ts-monotonic, ts-src-eof)
cap dqbuf: 1 seq:   1645 bytesused: 10506240 ts: 1944.553683 delta: 33.333 ms delta now: +33.790 ms fps: 30.00 (ts-monotonic, ts-src-eof)
cap dqbuf: 2 seq:   1646 bytesused: 10506240 ts: 1944.587015 delta: 33.332 ms delta now: +33.907 ms fps: 30.00 (ts-monotonic, ts-src-eof)
cap dqbuf: 3 seq:   1647 bytesused: 10506240 ts: 1944.620350 delta: 33.335 ms delta now: +34.005 ms fps: 30.00 (ts-monotonic, ts-src-eof)
cap dqbuf: 0 seq:   1648 bytesused: 10506240 ts: 1944.653683 delta: 33.333 ms delta now: +33.792 ms fps: 30.00 (ts-monotonic, ts-src-eof)
cap dqbuf: 1 seq:   1649 bytesused: 10506240 ts: 1944.687015 delta: 33.332 ms delta now: +33.792 ms fps: 30.00 (ts-monotonic, ts-src-eof)
cap dqbuf: 2 seq:   1650 bytesused: 10506240 ts: 1944.720349 delta: 33.334 ms delta now: +33.790 ms fps: 30.00 (ts-monotonic, ts-src-eof)
cap dqbuf: 3 seq:   1651 bytesused: 10506240 ts: 1944.753682 delta: 33.333 ms delta now: +33.947 ms fps: 30.00 (ts-monotonic, ts-src-eof)
cap dqbuf: 0 seq:   1652 bytesused: 10506240 ts: 1944.787016 delta: 33.334 ms delta now: +33.792 ms fps: 30.00 (ts-monotonic, ts-src-eof)
cap dqbuf: 1 seq:   1653 bytesused: 10506240 ts: 1944.820349 delta: 33.333 ms delta now: +33.793 ms fps: 30.00 (ts-monotonic, ts-src-eof)
cap dqbuf: 2 seq:   1654 bytesused: 10506240 ts: 1944.853682 delta: 33.333 ms delta now: +33.935 ms fps: 30.00 (ts-monotonic, ts-src-eof)
cap dqbuf: 3 seq:   1655 bytesused: 10506240 ts: 1944.887016 delta: 33.334 ms delta now: +33.905 ms fps: 30.00 (ts-monotonic, ts-src-eof)
cap dqbuf: 0 seq:   1656 bytesused: 10506240 ts: 1944.920350 delta: 33.334 ms delta now: +33.937 ms fps: 30.00 (ts-monotonic, ts-src-eof)
cap dqbuf: 1 seq:   1657 bytesused: 10506240 ts: 1944.953683 delta: 33.333 ms delta now: +33.792 ms fps: 30.00 (ts-monotonic, ts-src-eof)
cap dqbuf: 2 seq:   1658 bytesused: 10506240 ts: 1944.987016 delta: 33.333 ms delta now: +33.936 ms fps: 30.00 (ts-monotonic, ts-src-eof)
cap dqbuf: 3 seq:   1659 bytesused: 10506240 ts: 1945.020350 delta: 33.334 ms delta now: +33.788 ms fps: 30.00 (ts-monotonic, ts-src-eof)
cap dqbuf: 0 seq:   1660 bytesused: 10506240 ts: 1945.053682 delta: 33.332 ms delta now: +33.957 ms fps: 30.00 (ts-monotonic, ts-src-eof)
cap dqbuf: 1 seq:   1661 bytesused: 10506240 ts: 1945.087016 delta: 33.334 ms delta now: +33.958 ms fps: 30.00 (ts-monotonic, ts-src-eof)
cap dqbuf: 2 seq:   1662 bytesused: 10506240 ts: 1945.120350 delta: 33.334 ms delta now: +33.940 ms fps: 30.00 (ts-monotonic, ts-src-eof)
cap dqbuf: 3 seq:   1663 bytesused: 10506240 ts: 1945.153683 delta: 33.333 ms delta now: +33.999 ms fps: 30.00 (ts-monotonic, ts-src-eof)
cap dqbuf: 0 seq:   1664 bytesused: 10506240 ts: 1945.187016 delta: 33.333 ms delta now: +33.800 ms fps: 30.00 (ts-monotonic, ts-src-eof)
cap dqbuf: 1 seq:   1665 bytesused: 10506240 ts: 1945.220349 delta: 33.333 ms delta now: +33.791 ms fps: 30.00 (ts-monotonic, ts-src-eof)
cap dqbuf: 2 seq:   1666 bytesused: 10506240 ts: 1945.253682 delta: 33.333 ms delta now: +33.792 ms fps: 30.00 (ts-monotonic, ts-src-eof)
cap dqbuf: 3 seq:   1667 bytesused: 10506240 ts: 1945.287015 delta: 33.333 ms delta now: +33.947 ms fps: 30.00 (ts-monotonic, ts-src-eof)
cap dqbuf: 0 seq:   1668 bytesused: 10506240 ts: 1945.320349 delta: 33.334 ms delta now: +34.042 ms fps: 30.00 (ts-monotonic, ts-src-eof)
cap dqbuf: 1 seq:   1669 bytesused: 10506240 ts: 1945.353683 delta: 33.334 ms delta now: +33.816 ms fps: 30.00 (ts-monotonic, ts-src-eof)
cap dqbuf: 2 seq:   1670 bytesused: 10506240 ts: 1945.387015 delta: 33.332 ms delta now: +33.792 ms fps: 30.00 (ts-monotonic, ts-src-eof)
cap dqbuf: 3 seq:   1671 bytesused: 10506240 ts: 1945.420349 delta: 33.334 ms delta now: +33.790 ms fps: 30.00 (ts-monotonic, ts-src-eof)
cap dqbuf: 0 seq:   1672 bytesused: 10506240 ts: 1945.453682 delta: 33.333 ms delta now: +33.938 ms fps: 30.00 (ts-monotonic, ts-src-eof)
cap dqbuf: 1 seq:   1673 bytesused: 10506240 ts: 1945.487016 delta: 33.334 ms delta now: +33.792 ms fps: 30.00 (ts-monotonic, ts-src-eof)
cap dqbuf: 2 seq:   1674 bytesused: 10506240 ts: 1945.520349 delta: 33.333 ms delta now: +33.931 ms fps: 30.00 (ts-monotonic, ts-src-eof)
cap dqbuf: 3 seq:   1675 bytesused: 10506240 ts: 1945.553683 delta: 33.334 ms delta now: +33.791 ms fps: 30.00 (ts-monotonic, ts-src-eof)
cap dqbuf: 0 seq:   1676 bytesused: 10506240 ts: 1945.587016 delta: 33.333 ms delta now: +33.794 ms fps: 30.00 (ts-monotonic, ts-src-eof)
cap dqbuf: 1 seq:   1677 bytesused: 10506240 ts: 1945.620349 delta: 33.333 ms delta now: +33.790 ms fps: 30.00 (ts-monotonic, ts-src-eof)
cap dqbuf: 2 seq:   1678 bytesused: 10506240 ts: 1945.653682 delta: 33.333 ms delta now: +34.038 ms fps: 30.00 (ts-monotonic, ts-src-eof)
cap dqbuf: 3 seq:   1679 bytesused: 10506240 ts: 1945.687016 delta: 33.334 ms delta now: +33.941 ms fps: 30.00 (ts-monotonic, ts-src-eof)
cap dqbuf: 0 seq:   1680 bytesused: 10506240 ts: 1945.720350 delta: 33.334 ms delta now: +33.805 ms fps: 30.00 (ts-monotonic, ts-src-eof)
cap dqbuf: 1 seq:   1681 bytesused: 10506240 ts: 1945.753682 delta: 33.332 ms delta now: +33.936 ms fps: 30.00 (ts-monotonic, ts-src-eof)
cap dqbuf: 2 seq:   1682 bytesused: 10506240 ts: 1945.787016 delta: 33.334 ms delta now: +33.935 ms fps: 30.00 (ts-monotonic, ts-src-eof)
cap dqbuf: 3 seq:   1683 bytesused: 10506240 ts: 1945.820350 delta: 33.334 ms delta now: +33.791 ms fps: 30.00 (ts-monotonic, ts-src-eof)
cap dqbuf: 0 seq:   1684 bytesused: 10506240 ts: 1945.853682 delta: 33.332 ms delta now: +33.812 ms fps: 30.00 (ts-monotonic, ts-src-eof)
cap dqbuf: 1 seq:   1685 bytesused: 10506240 ts: 1945.887016 delta: 33.334 ms delta now: +33.959 ms fps: 30.00 (ts-monotonic, ts-src-eof)
cap dqbuf: 2 seq:   1686 bytesused: 10506240 ts: 1945.920350 delta: 33.334 ms delta now: +33.951 ms fps: 30.00 (ts-monotonic, ts-src-eof)
cap dqbuf: 3 seq:   1687 bytesused: 10506240 ts: 1945.953683 delta: 33.333 ms delta now: +33.793 ms fps: 30.00 (ts-monotonic, ts-src-eof)
cap dqbuf: 0 seq:   1688 bytesused: 10506240 ts: 1945.987016 delta: 33.333 ms delta now: +33.995 ms fps: 30.00 (ts-monotonic, ts-src-eof)
cap dqbuf: 1 seq:   1689 bytesused: 10506240 ts: 1946.020350 delta: 33.334 ms delta now: +33.933 ms fps: 30.00 (ts-monotonic, ts-src-eof)
cap dqbuf: 2 seq:   1690 bytesused: 10506240 ts: 1946.053683 delta: 33.333 ms delta now: +33.805 ms fps: 30.00 (ts-monotonic, ts-src-eof)
cap dqbuf: 3 seq:   1691 bytesused: 10506240 ts: 1946.087016 delta: 33.333 ms delta now: +34.006 ms fps: 30.00 (ts-monotonic, ts-src-eof)
cap dqbuf: 0 seq:   1692 bytesused: 10506240 ts: 1946.120350 delta: 33.334 ms delta now: +33.939 ms fps: 30.00 (ts-monotonic, ts-src-eof)
cap dqbuf: 1 seq:   1693 bytesused: 10506240 ts: 1946.153683 delta: 33.333 ms delta now: +33.812 ms fps: 30.00 (ts-monotonic, ts-src-eof)
cap dqbuf: 2 seq:   1694 bytesused: 10506240 ts: 1946.187016 delta: 33.333 ms delta now: +33.791 ms fps: 30.00 (ts-monotonic, ts-src-eof)
cap dqbuf: 3 seq:   1695 bytesused: 10506240 ts: 1946.220349 delta: 33.333 ms delta now: +33.793 ms fps: 30.00 (ts-monotonic, ts-src-eof)
cap dqbuf: 0 seq:   1696 bytesused: 10506240 ts: 1946.253682 delta: 33.333 ms delta now: +33.936 ms fps: 30.00 (ts-monotonic, ts-src-eof)
cap dqbuf: 1 seq:   1697 bytesused: 10506240 ts: 1946.287016 delta: 33.334 ms delta now: +33.937 ms fps: 30.00 (ts-monotonic, ts-src-eof)
cap dqbuf: 2 seq:   1698 bytesused: 10506240 ts: 1946.320350 delta: 33.334 ms delta now: +33.792 ms fps: 30.00 (ts-monotonic, ts-src-eof)
cap dqbuf: 3 seq:   1699 bytesused: 10506240 ts: 1946.353682 delta: 33.332 ms delta now: +33.936 ms fps: 30.00 (ts-monotonic, ts-src-eof)
cap dqbuf: 0 seq:   1700 bytesused: 10506240 ts: 1946.387017 delta: 33.335 ms delta now: +33.927 ms fps: 30.00 (ts-monotonic, ts-src-eof)
cap dqbuf: 1 seq:   1701 bytesused: 10506240 ts: 1946.420350 delta: 33.333 ms delta now: +33.791 ms fps: 30.00 (ts-monotonic, ts-src-eof)
cap dqbuf: 2 seq:   1702 bytesused: 10506240 ts: 1946.453682 delta: 33.332 ms delta now: +33.953 ms fps: 30.00 (ts-monotonic, ts-src-eof)
cap dqbuf: 3 seq:   1703 bytesused: 10506240 ts: 1946.487017 delta: 33.335 ms delta now: +33.790 ms fps: 30.00 (ts-monotonic, ts-src-eof)
cap dqbuf: 0 seq:   1704 bytesused: 10506240 ts: 1946.520349 delta: 33.332 ms delta now: +33.947 ms fps: 30.00 (ts-monotonic, ts-src-eof)
cap dqbuf: 1 seq:   1705 bytesused: 10506240 ts: 1946.553683 delta: 33.334 ms delta now: +33.791 ms fps: 30.00 (ts-monotonic, ts-src-eof)
cap dqbuf: 2 seq:   1706 bytesused: 10506240 ts: 1946.587016 delta: 33.333 ms delta now: +33.808 ms fps: 30.00 (ts-monotonic, ts-src-eof)
cap dqbuf: 3 seq:   1707 bytesused: 10506240 ts: 1946.620349 delta: 33.333 ms delta now: +33.794 ms fps: 30.00 (ts-monotonic, ts-src-eof)
cap dqbuf: 0 seq:   1708 bytesused: 10506240 ts: 1946.653682 delta: 33.333 ms delta now: +33.961 ms fps: 30.00 (ts-monotonic, ts-src-eof)
cap dqbuf: 1 seq:   1709 bytesused: 10506240 ts: 1946.687016 delta: 33.334 ms delta now: +33.838 ms fps: 30.00 (ts-monotonic, ts-src-eof)
cap dqbuf: 2 seq:   1710 bytesused: 10506240 ts: 1946.720350 delta: 33.334 ms delta now: +33.789 ms fps: 30.00 (ts-monotonic, ts-src-eof)
cap dqbuf: 3 seq:   1711 bytesused: 10506240 ts: 1946.753682 delta: 33.332 ms delta now: +33.972 ms fps: 30.00 (ts-monotonic, ts-src-eof)
cap dqbuf: 0 seq:   1712 bytesused: 10506240 ts: 1946.787016 delta: 33.334 ms delta now: +33.791 ms fps: 30.00 (ts-monotonic, ts-src-eof)
cap dqbuf: 1 seq:   1713 bytesused: 10506240 ts: 1946.820349 delta: 33.333 ms delta now: +33.938 ms fps: 30.00 (ts-monotonic, ts-src-eof)
cap dqbuf: 2 seq:   1714 bytesused: 10506240 ts: 1946.853683 delta: 33.334 ms delta now: +33.794 ms fps: 30.00 (ts-monotonic, ts-src-eof)
cap dqbuf: 3 seq:   1715 bytesused: 10506240 ts: 1946.887016 delta: 33.333 ms delta now: +33.978 ms fps: 30.00 (ts-monotonic, ts-src-eof)
cap dqbuf: 0 seq:   1716 bytesused: 10506240 ts: 1946.920350 delta: 33.334 ms delta now: +33.792 ms fps: 30.00 (ts-monotonic, ts-src-eof)
cap dqbuf: 1 seq:   1717 bytesused: 10506240 ts: 1946.953682 delta: 33.332 ms delta now: +33.941 ms fps: 30.00 (ts-monotonic, ts-src-eof)
cap dqbuf: 2 seq:   1718 bytesused: 10506240 ts: 1946.987016 delta: 33.334 ms delta now: +33.793 ms fps: 30.00 (ts-monotonic, ts-src-eof)
cap dqbuf: 3 seq:   1719 bytesused: 10506240 ts: 1947.020349 delta: 33.333 ms delta now: +33.961 ms fps: 30.00 (ts-monotonic, ts-src-eof)
cap dqbuf: 0 seq:   1720 bytesused: 10506240 ts: 1947.053683 delta: 33.334 ms delta now: +33.807 ms fps: 30.00 (ts-monotonic, ts-src-eof)
cap dqbuf: 1 seq:   1721 bytesused: 10506240 ts: 1947.087016 delta: 33.333 ms delta now: +33.811 ms fps: 30.00 (ts-monotonic, ts-src-eof)
cap dqbuf: 2 seq:   1722 bytesused: 10506240 ts: 1947.120349 delta: 33.333 ms delta now: +34.010 ms fps: 30.00 (ts-monotonic, ts-src-eof)
cap dqbuf: 3 seq:   1723 bytesused: 10506240 ts: 1947.153683 delta: 33.334 ms delta now: +33.943 ms fps: 30.00 (ts-monotonic, ts-src-eof)
cap dqbuf: 0 seq:   1724 bytesused: 10506240 ts: 1947.187016 delta: 33.333 ms delta now: +33.794 ms fps: 30.00 (ts-monotonic, ts-src-eof)
cap dqbuf: 1 seq:   1725 bytesused: 10506240 ts: 1947.220349 delta: 33.333 ms delta now: +33.791 ms fps: 30.00 (ts-monotonic, ts-src-eof)
cap dqbuf: 2 seq:   1726 bytesused: 10506240 ts: 1947.253683 delta: 33.334 ms delta now: +33.937 ms fps: 30.00 (ts-monotonic, ts-src-eof)
cap dqbuf: 3 seq:   1727 bytesused: 10506240 ts: 1947.287016 delta: 33.333 ms delta now: +33.794 ms fps: 30.00 (ts-monotonic, ts-src-eof)
cap dqbuf: 0 seq:   1728 bytesused: 10506240 ts: 1947.320349 delta: 33.333 ms delta now: +33.912 ms fps: 30.00 (ts-monotonic, ts-src-eof)
cap dqbuf: 1 seq:   1729 bytesused: 10506240 ts: 1947.353683 delta: 33.334 ms delta now: +33.819 ms fps: 30.00 (ts-monotonic, ts-src-eof)
cap dqbuf: 2 seq:   1730 bytesused: 10506240 ts: 1947.387016 delta: 33.333 ms delta now: +33.941 ms fps: 30.00 (ts-monotonic, ts-src-eof)
cap dqbuf: 3 seq:   1731 bytesused: 10506240 ts: 1947.420350 delta: 33.334 ms delta now: +33.793 ms fps: 30.00 (ts-monotonic, ts-src-eof)
cap dqbuf: 0 seq:   1732 bytesused: 10506240 ts: 1947.453682 delta: 33.332 ms delta now: +33.792 ms fps: 30.00 (ts-monotonic, ts-src-eof)
cap dqbuf: 1 seq:   1733 bytesused: 10506240 ts: 1947.487016 delta: 33.334 ms delta now: +33.794 ms fps: 30.00 (ts-monotonic, ts-src-eof)
cap dqbuf: 2 seq:   1734 bytesused: 10506240 ts: 1947.520349 delta: 33.333 ms delta now: +33.792 ms fps: 30.00 (ts-monotonic, ts-src-eof)
cap dqbuf: 3 seq:   1735 bytesused: 10506240 ts: 1947.553682 delta: 33.333 ms delta now: +33.936 ms fps: 30.00 (ts-monotonic, ts-src-eof)
cap dqbuf: 0 seq:   1736 bytesused: 10506240 ts: 1947.587016 delta: 33.334 ms delta now: +33.793 ms fps: 30.00 (ts-monotonic, ts-src-eof)
cap dqbuf: 1 seq:   1737 bytesused: 10506240 ts: 1947.620349 delta: 33.333 ms delta now: +34.050 ms fps: 30.00 (ts-monotonic, ts-src-eof)
cap dqbuf: 2 seq:   1738 bytesused: 10506240 ts: 1947.653683 delta: 33.334 ms delta now: +33.938 ms fps: 30.00 (ts-monotonic, ts-src-eof)
cap dqbuf: 3 seq:   1739 bytesused: 10506240 ts: 1947.687017 delta: 33.334 ms delta now: +33.791 ms fps: 30.00 (ts-monotonic, ts-src-eof)
cap dqbuf: 0 seq:   1740 bytesused: 10506240 ts: 1947.720349 delta: 33.332 ms delta now: +34.002 ms fps: 30.00 (ts-monotonic, ts-src-eof)
cap dqbuf: 1 seq:   1741 bytesused: 10506240 ts: 1947.753683 delta: 33.334 ms delta now: +33.800 ms fps: 30.00 (ts-monotonic, ts-src-eof)
cap dqbuf: 2 seq:   1742 bytesused: 10506240 ts: 1947.787016 delta: 33.333 ms delta now: +33.795 ms fps: 30.00 (ts-monotonic, ts-src-eof)
cap dqbuf: 3 seq:   1743 bytesused: 10506240 ts: 1947.820349 delta: 33.333 ms delta now: +33.792 ms fps: 30.00 (ts-monotonic, ts-src-eof)
cap dqbuf: 0 seq:   1744 bytesused: 10506240 ts: 1947.853682 delta: 33.333 ms delta now: +33.794 ms fps: 30.00 (ts-monotonic, ts-src-eof)
cap dqbuf: 1 seq:   1745 bytesused: 10506240 ts: 1947.887016 delta: 33.334 ms delta now: +33.792 ms fps: 30.00 (ts-monotonic, ts-src-eof)
cap dqbuf: 2 seq:   1746 bytesused: 10506240 ts: 1947.920349 delta: 33.333 ms delta now: +33.795 ms fps: 30.00 (ts-monotonic, ts-src-eof)
cap dqbuf: 3 seq:   1747 bytesused: 10506240 ts: 1947.953683 delta: 33.334 ms delta now: +33.938 ms fps: 30.00 (ts-monotonic, ts-src-eof)
cap dqbuf: 0 seq:   1748 bytesused: 10506240 ts: 1947.987017 delta: 33.334 ms delta now: +33.792 ms fps: 30.00 (ts-monotonic, ts-src-eof)
cap dqbuf: 1 seq:   1749 bytesused: 10506240 ts: 1948.020349 delta: 33.332 ms delta now: +33.936 ms fps: 30.00 (ts-monotonic, ts-src-eof)
cap dqbuf: 2 seq:   1750 bytesused: 10506240 ts: 1948.053683 delta: 33.334 ms delta now: +33.834 ms fps: 30.00 (ts-monotonic, ts-src-eof)
cap dqbuf: 3 seq:   1751 bytesused: 10506240 ts: 1948.087017 delta: 33.334 ms delta now: +33.968 ms fps: 30.00 (ts-monotonic, ts-src-eof)
cap dqbuf: 0 seq:   1752 bytesused: 10506240 ts: 1948.120350 delta: 33.333 ms delta now: +34.050 ms fps: 30.00 (ts-monotonic, ts-src-eof)
cap dqbuf: 1 seq:   1753 bytesused: 10506240 ts: 1948.153683 delta: 33.333 ms delta now: +33.933 ms fps: 30.00 (ts-monotonic, ts-src-eof)
cap dqbuf: 2 seq:   1754 bytesused: 10506240 ts: 1948.187017 delta: 33.334 ms delta now: +33.940 ms fps: 30.00 (ts-monotonic, ts-src-eof)
cap dqbuf: 3 seq:   1755 bytesused: 10506240 ts: 1948.220350 delta: 33.333 ms delta now: +33.793 ms fps: 30.00 (ts-monotonic, ts-src-eof)
cap dqbuf: 0 seq:   1756 bytesused: 10506240 ts: 1948.253683 delta: 33.333 ms delta now: +34.029 ms fps: 30.00 (ts-monotonic, ts-src-eof)
cap dqbuf: 1 seq:   1757 bytesused: 10506240 ts: 1948.287017 delta: 33.334 ms delta now: +33.941 ms fps: 30.00 (ts-monotonic, ts-src-eof)
cap dqbuf: 2 seq:   1758 bytesused: 10506240 ts: 1948.320350 delta: 33.333 ms delta now: +33.997 ms fps: 30.00 (ts-monotonic, ts-src-eof)
cap dqbuf: 3 seq:   1759 bytesused: 10506240 ts: 1948.353683 delta: 33.333 ms delta now: +33.797 ms fps: 30.00 (ts-monotonic, ts-src-eof)
cap dqbuf: 0 seq:   1760 bytesused: 10506240 ts: 1948.387016 delta: 33.333 ms delta now: +33.942 ms fps: 30.00 (ts-monotonic, ts-src-eof)
cap dqbuf: 1 seq:   1761 bytesused: 10506240 ts: 1948.420350 delta: 33.334 ms delta now: +33.792 ms fps: 30.00 (ts-monotonic, ts-src-eof)
cap dqbuf: 2 seq:   1762 bytesused: 10506240 ts: 1948.453682 delta: 33.332 ms delta now: +33.938 ms fps: 30.00 (ts-monotonic, ts-src-eof)
cap dqbuf: 3 seq:   1763 bytesused: 10506240 ts: 1948.487017 delta: 33.335 ms delta now: +33.792 ms fps: 30.00 (ts-monotonic, ts-src-eof)
cap dqbuf: 0 seq:   1764 bytesused: 10506240 ts: 1948.520349 delta: 33.332 ms delta now: +33.809 ms fps: 30.00 (ts-monotonic, ts-src-eof)
cap dqbuf: 1 seq:   1765 bytesused: 10506240 ts: 1948.553682 delta: 33.333 ms delta now: +33.795 ms fps: 30.00 (ts-monotonic, ts-src-eof)
cap dqbuf: 2 seq:   1766 bytesused: 10506240 ts: 1948.587016 delta: 33.334 ms delta now: +33.794 ms fps: 30.00 (ts-monotonic, ts-src-eof)
cap dqbuf: 3 seq:   1767 bytesused: 10506240 ts: 1948.620349 delta: 33.333 ms delta now: +33.794 ms fps: 30.00 (ts-monotonic, ts-src-eof)
cap dqbuf: 0 seq:   1768 bytesused: 10506240 ts: 1948.653683 delta: 33.334 ms delta now: +33.976 ms fps: 30.00 (ts-monotonic, ts-src-eof)
cap dqbuf: 1 seq:   1769 bytesused: 10506240 ts: 1948.687017 delta: 33.334 ms delta now: +33.792 ms fps: 30.00 (ts-monotonic, ts-src-eof)
cap dqbuf: 2 seq:   1770 bytesused: 10506240 ts: 1948.720349 delta: 33.332 ms delta now: +33.794 ms fps: 30.00 (ts-monotonic, ts-src-eof)
cap dqbuf: 3 seq:   1771 bytesused: 10506240 ts: 1948.753683 delta: 33.334 ms delta now: +33.794 ms fps: 30.00 (ts-monotonic, ts-src-eof)
cap dqbuf: 0 seq:   1772 bytesused: 10506240 ts: 1948.787016 delta: 33.333 ms delta now: +33.795 ms fps: 30.00 (ts-monotonic, ts-src-eof)
cap dqbuf: 1 seq:   1773 bytesused: 10506240 ts: 1948.820349 delta: 33.333 ms delta now: +33.814 ms fps: 30.00 (ts-monotonic, ts-src-eof)
cap dqbuf: 2 seq:   1774 bytesused: 10506240 ts: 1948.853684 delta: 33.335 ms delta now: +33.926 ms fps: 30.00 (ts-monotonic, ts-src-eof)
cap dqbuf: 3 seq:   1775 bytesused: 10506240 ts: 1948.887017 delta: 33.333 ms delta now: +33.793 ms fps: 30.00 (ts-monotonic, ts-src-eof)
cap dqbuf: 0 seq:   1776 bytesused: 10506240 ts: 1948.920349 delta: 33.332 ms delta now: +33.795 ms fps: 30.00 (ts-monotonic, ts-src-eof)
cap dqbuf: 1 seq:   1777 bytesused: 10506240 ts: 1948.953683 delta: 33.334 ms delta now: +33.793 ms fps: 30.00 (ts-monotonic, ts-src-eof)
cap dqbuf: 2 seq:   1778 bytesused: 10506240 ts: 1948.987016 delta: 33.333 ms delta now: +33.799 ms fps: 30.00 (ts-monotonic, ts-src-eof)
cap dqbuf: 3 seq:   1779 bytesused: 10506240 ts: 1949.020349 delta: 33.333 ms delta now: +33.794 ms fps: 30.00 (ts-monotonic, ts-src-eof)
cap dqbuf: 0 seq:   1780 bytesused: 10506240 ts: 1949.053683 delta: 33.334 ms delta now: +33.805 ms fps: 30.00 (ts-monotonic, ts-src-eof)
cap dqbuf: 1 seq:   1781 bytesused: 10506240 ts: 1949.087016 delta: 33.333 ms delta now: +33.961 ms fps: 30.00 (ts-monotonic, ts-src-eof)
cap dqbuf: 2 seq:   1782 bytesused: 10506240 ts: 1949.120350 delta: 33.334 ms delta now: +33.803 ms fps: 30.00 (ts-monotonic, ts-src-eof)
cap dqbuf: 3 seq:   1783 bytesused: 10506240 ts: 1949.153682 delta: 33.332 ms delta now: +33.817 ms fps: 30.00 (ts-monotonic, ts-src-eof)
cap dqbuf: 0 seq:   1784 bytesused: 10506240 ts: 1949.187016 delta: 33.334 ms delta now: +33.946 ms fps: 30.00 (ts-monotonic, ts-src-eof)
cap dqbuf: 1 seq:   1785 bytesused: 10506240 ts: 1949.220350 delta: 33.334 ms delta now: +33.951 ms fps: 30.00 (ts-monotonic, ts-src-eof)
cap dqbuf: 2 seq:   1786 bytesused: 10506240 ts: 1949.253683 delta: 33.333 ms delta now: +33.794 ms fps: 30.00 (ts-monotonic, ts-src-eof)
cap dqbuf: 3 seq:   1787 bytesused: 10506240 ts: 1949.287016 delta: 33.333 ms delta now: +33.942 ms fps: 30.00 (ts-monotonic, ts-src-eof)
cap dqbuf: 0 seq:   1788 bytesused: 10506240 ts: 1949.320350 delta: 33.334 ms delta now: +33.791 ms fps: 30.00 (ts-monotonic, ts-src-eof)
cap dqbuf: 1 seq:   1789 bytesused: 10506240 ts: 1949.353683 delta: 33.333 ms delta now: +33.792 ms fps: 30.00 (ts-monotonic, ts-src-eof)
cap dqbuf: 2 seq:   1790 bytesused: 10506240 ts: 1949.387016 delta: 33.333 ms delta now: +33.943 ms fps: 30.00 (ts-monotonic, ts-src-eof)
cap dqbuf: 3 seq:   1791 bytesused: 10506240 ts: 1949.420350 delta: 33.334 ms delta now: +33.794 ms fps: 30.00 (ts-monotonic, ts-src-eof)
cap dqbuf: 0 seq:   1792 bytesused: 10506240 ts: 1949.453683 delta: 33.333 ms delta now: +33.792 ms fps: 30.00 (ts-monotonic, ts-src-eof)
cap dqbuf: 1 seq:   1793 bytesused: 10506240 ts: 1949.487016 delta: 33.333 ms delta now: +34.003 ms fps: 30.00 (ts-monotonic, ts-src-eof)
cap dqbuf: 2 seq:   1794 bytesused: 10506240 ts: 1949.520350 delta: 33.334 ms delta now: +33.792 ms fps: 30.00 (ts-monotonic, ts-src-eof)
cap dqbuf: 3 seq:   1795 bytesused: 10506240 ts: 1949.553683 delta: 33.333 ms delta now: +33.933 ms fps: 30.00 (ts-monotonic, ts-src-eof)
cap dqbuf: 0 seq:   1796 bytesused: 10506240 ts: 1949.587017 delta: 33.334 ms delta now: +33.793 ms fps: 30.00 (ts-monotonic, ts-src-eof)
cap dqbuf: 1 seq:   1797 bytesused: 10506240 ts: 1949.620349 delta: 33.332 ms delta now: +33.793 ms fps: 30.00 (ts-monotonic, ts-src-eof)
cap dqbuf: 2 seq:   1798 bytesused: 10506240 ts: 1949.653683 delta: 33.334 ms delta now: +33.829 ms fps: 30.00 (ts-monotonic, ts-src-eof)
cap dqbuf: 3 seq:   1799 bytesused: 10506240 ts: 1949.687017 delta: 33.334 ms delta now: +33.794 ms fps: 30.00 (ts-monotonic, ts-src-eof)
cap dqbuf: 0 seq:   1800 bytesused: 10506240 ts: 1949.720350 delta: 33.333 ms delta now: +33.924 ms fps: 30.00 (ts-monotonic, ts-src-eof)
cap dqbuf: 1 seq:   1801 bytesused: 10506240 ts: 1949.753684 delta: 33.334 ms delta now: +33.790 ms fps: 30.00 (ts-monotonic, ts-src-eof)
cap dqbuf: 2 seq:   1802 bytesused: 10506240 ts: 1949.787016 delta: 33.332 ms delta now: +33.957 ms fps: 30.00 (ts-monotonic, ts-src-eof)
cap dqbuf: 3 seq:   1803 bytesused: 10506240 ts: 1949.820350 delta: 33.334 ms delta now: +33.794 ms fps: 30.00 (ts-monotonic, ts-src-eof)
cap dqbuf: 0 seq:   1804 bytesused: 10506240 ts: 1949.853683 delta: 33.333 ms delta now: +34.046 ms fps: 30.00 (ts-monotonic, ts-src-eof)
cap dqbuf: 1 seq:   1805 bytesused: 10506240 ts: 1949.887017 delta: 33.334 ms delta now: +33.792 ms fps: 30.00 (ts-monotonic, ts-src-eof)
cap dqbuf: 2 seq:   1806 bytesused: 10506240 ts: 1949.920349 delta: 33.332 ms delta now: +33.940 ms fps: 30.00 (ts-monotonic, ts-src-eof)
cap dqbuf: 3 seq:   1807 bytesused: 10506240 ts: 1949.953683 delta: 33.334 ms delta now: +33.810 ms fps: 30.00 (ts-monotonic, ts-src-eof)
cap dqbuf: 0 seq:   1808 bytesused: 10506240 ts: 1949.987016 delta: 33.333 ms delta now: +33.823 ms fps: 30.00 (ts-monotonic, ts-src-eof)
cap dqbuf: 1 seq:   1809 bytesused: 10506240 ts: 1950.020350 delta: 33.334 ms delta now: +33.793 ms fps: 30.00 (ts-monotonic, ts-src-eof)
cap dqbuf: 2 seq:   1810 bytesused: 10506240 ts: 1950.053683 delta: 33.333 ms delta now: +33.969 ms fps: 30.00 (ts-monotonic, ts-src-eof)
cap dqbuf: 3 seq:   1811 bytesused: 10506240 ts: 1950.087017 delta: 33.334 ms delta now: +33.800 ms fps: 30.00 (ts-monotonic, ts-src-eof)
cap dqbuf: 0 seq:   1812 bytesused: 10506240 ts: 1950.120349 delta: 33.332 ms delta now: +33.798 ms fps: 30.00 (ts-monotonic, ts-src-eof)
cap dqbuf: 1 seq:   1813 bytesused: 10506240 ts: 1950.153683 delta: 33.334 ms delta now: +33.794 ms fps: 30.00 (ts-monotonic, ts-src-eof)
cap dqbuf: 2 seq:   1814 bytesused: 10506240 ts: 1950.187016 delta: 33.333 ms delta now: +33.793 ms fps: 30.00 (ts-monotonic, ts-src-eof)
cap dqbuf: 3 seq:   1815 bytesused: 10506240 ts: 1950.220349 delta: 33.333 ms delta now: +33.795 ms fps: 30.00 (ts-monotonic, ts-src-eof)
cap dqbuf: 0 seq:   1816 bytesused: 10506240 ts: 1950.253683 delta: 33.334 ms delta now: +33.945 ms fps: 30.00 (ts-monotonic, ts-src-eof)
cap dqbuf: 1 seq:   1817 bytesused: 10506240 ts: 1950.287017 delta: 33.334 ms delta now: +33.792 ms fps: 30.00 (ts-monotonic, ts-src-eof)
cap dqbuf: 2 seq:   1818 bytesused: 10506240 ts: 1950.320349 delta: 33.332 ms delta now: +33.795 ms fps: 30.00 (ts-monotonic, ts-src-eof)
cap dqbuf: 3 seq:   1819 bytesused: 10506240 ts: 1950.353683 delta: 33.334 ms delta now: +33.933 ms fps: 30.00 (ts-monotonic, ts-src-eof)
cap dqbuf: 0 seq:   1820 bytesused: 10506240 ts: 1950.387017 delta: 33.334 ms delta now: +33.792 ms fps: 30.00 (ts-monotonic, ts-src-eof)
cap dqbuf: 1 seq:   1821 bytesused: 10506240 ts: 1950.420350 delta: 33.333 ms delta now: +33.788 ms fps: 30.00 (ts-monotonic, ts-src-eof)
cap dqbuf: 2 seq:   1822 bytesused: 10506240 ts: 1950.453683 delta: 33.333 ms delta now: +33.792 ms fps: 30.00 (ts-monotonic, ts-src-eof)
cap dqbuf: 3 seq:   1823 bytesused: 10506240 ts: 1950.487016 delta: 33.333 ms delta now: +33.931 ms fps: 30.00 (ts-monotonic, ts-src-eof)
cap dqbuf: 0 seq:   1824 bytesused: 10506240 ts: 1950.520350 delta: 33.334 ms delta now: +33.795 ms fps: 30.00 (ts-monotonic, ts-src-eof)
cap dqbuf: 1 seq:   1825 bytesused: 10506240 ts: 1950.553683 delta: 33.333 ms delta now: +33.947 ms fps: 30.00 (ts-monotonic, ts-src-eof)
cap dqbuf: 2 seq:   1826 bytesused: 10506240 ts: 1950.587017 delta: 33.334 ms delta now: +33.933 ms fps: 30.00 (ts-monotonic, ts-src-eof)
cap dqbuf: 3 seq:   1827 bytesused: 10506240 ts: 1950.620350 delta: 33.333 ms delta now: +33.808 ms fps: 30.00 (ts-monotonic, ts-src-eof)
cap dqbuf: 0 seq:   1828 bytesused: 10506240 ts: 1950.653683 delta: 33.333 ms delta now: +33.938 ms fps: 30.00 (ts-monotonic, ts-src-eof)
cap dqbuf: 1 seq:   1829 bytesused: 10506240 ts: 1950.687017 delta: 33.334 ms delta now: +33.793 ms fps: 30.00 (ts-monotonic, ts-src-eof)
cap dqbuf: 2 seq:   1830 bytesused: 10506240 ts: 1950.720349 delta: 33.332 ms delta now: +33.947 ms fps: 30.00 (ts-monotonic, ts-src-eof)
cap dqbuf: 3 seq:   1831 bytesused: 10506240 ts: 1950.753683 delta: 33.334 ms delta now: +34.008 ms fps: 30.00 (ts-monotonic, ts-src-eof)
cap dqbuf: 0 seq:   1832 bytesused: 10506240 ts: 1950.787017 delta: 33.334 ms delta now: +33.792 ms fps: 30.00 (ts-monotonic, ts-src-eof)
cap dqbuf: 1 seq:   1833 bytesused: 10506240 ts: 1950.820349 delta: 33.332 ms delta now: +33.796 ms fps: 30.00 (ts-monotonic, ts-src-eof)
cap dqbuf: 2 seq:   1834 bytesused: 10506240 ts: 1950.853683 delta: 33.334 ms delta now: +33.838 ms fps: 30.00 (ts-monotonic, ts-src-eof)
cap dqbuf: 3 seq:   1835 bytesused: 10506240 ts: 1950.887016 delta: 33.333 ms delta now: +33.795 ms fps: 30.00 (ts-monotonic, ts-src-eof)
cap dqbuf: 0 seq:   1836 bytesused: 10506240 ts: 1950.920349 delta: 33.333 ms delta now: +33.942 ms fps: 30.00 (ts-monotonic, ts-src-eof)
cap dqbuf: 1 seq:   1837 bytesused: 10506240 ts: 1950.953683 delta: 33.334 ms delta now: +33.914 ms fps: 30.00 (ts-monotonic, ts-src-eof)
cap dqbuf: 2 seq:   1838 bytesused: 10506240 ts: 1950.987016 delta: 33.333 ms delta now: +33.797 ms fps: 30.00 (ts-monotonic, ts-src-eof)
cap dqbuf: 3 seq:   1839 bytesused: 10506240 ts: 1951.020349 delta: 33.333 ms delta now: +33.794 ms fps: 30.00 (ts-monotonic, ts-src-eof)
cap dqbuf: 0 seq:   1840 bytesused: 10506240 ts: 1951.053683 delta: 33.334 ms delta now: +34.607 ms fps: 30.00 (ts-monotonic, ts-src-eof)
cap dqbuf: 1 seq:   1841 bytesused: 10506240 ts: 1951.087017 delta: 33.334 ms delta now: +33.796 ms fps: 30.00 (ts-monotonic, ts-src-eof)
cap dqbuf: 2 seq:   1842 bytesused: 10506240 ts: 1951.120349 delta: 33.332 ms delta now: +33.958 ms fps: 30.00 (ts-monotonic, ts-src-eof)
cap dqbuf: 3 seq:   1843 bytesused: 10506240 ts: 1951.153683 delta: 33.334 ms delta now: +33.793 ms fps: 30.00 (ts-monotonic, ts-src-eof)
cap dqbuf: 0 seq:   1844 bytesused: 10506240 ts: 1951.187016 delta: 33.333 ms delta now: +33.938 ms fps: 30.00 (ts-monotonic, ts-src-eof)
cap dqbuf: 1 seq:   1845 bytesused: 10506240 ts: 1951.220350 delta: 33.334 ms delta now: +33.791 ms fps: 30.00 (ts-monotonic, ts-src-eof)
cap dqbuf: 2 seq:   1846 bytesused: 10506240 ts: 1951.253683 delta: 33.333 ms delta now: +33.793 ms fps: 30.00 (ts-monotonic, ts-src-eof)
cap dqbuf: 3 seq:   1847 bytesused: 10506240 ts: 1951.287016 delta: 33.333 ms delta now: +33.796 ms fps: 30.00 (ts-monotonic, ts-src-eof)
cap dqbuf: 0 seq:   1848 bytesused: 10506240 ts: 1951.320349 delta: 33.333 ms delta now: +33.816 ms fps: 30.00 (ts-monotonic, ts-src-eof)
cap dqbuf: 1 seq:   1849 bytesused: 10506240 ts: 1951.353684 delta: 33.335 ms delta now: +34.031 ms fps: 30.00 (ts-monotonic, ts-src-eof)
cap dqbuf: 2 seq:   1850 bytesused: 10506240 ts: 1951.387017 delta: 33.333 ms delta now: +33.790 ms fps: 30.00 (ts-monotonic, ts-src-eof)
cap dqbuf: 3 seq:   1851 bytesused: 10506240 ts: 1951.420349 delta: 33.332 ms delta now: +33.933 ms fps: 30.00 (ts-monotonic, ts-src-eof)
cap dqbuf: 0 seq:   1852 bytesused: 10506240 ts: 1951.453684 delta: 33.335 ms delta now: +33.792 ms fps: 30.00 (ts-monotonic, ts-src-eof)
cap dqbuf: 1 seq:   1853 bytesused: 10506240 ts: 1951.487016 delta: 33.332 ms delta now: +33.951 ms fps: 30.00 (ts-monotonic, ts-src-eof)
cap dqbuf: 2 seq:   1854 bytesused: 10506240 ts: 1951.520350 delta: 33.334 ms delta now: +33.794 ms fps: 30.00 (ts-monotonic, ts-src-eof)
cap dqbuf: 3 seq:   1855 bytesused: 10506240 ts: 1951.553683 delta: 33.333 ms delta now: +33.790 ms fps: 30.00 (ts-monotonic, ts-src-eof)
cap dqbuf: 0 seq:   1856 bytesused: 10506240 ts: 1951.587016 delta: 33.333 ms delta now: +33.793 ms fps: 30.00 (ts-monotonic, ts-src-eof)
cap dqbuf: 1 seq:   1857 bytesused: 10506240 ts: 1951.620350 delta: 33.334 ms delta now: +33.792 ms fps: 30.00 (ts-monotonic, ts-src-eof)
cap dqbuf: 2 seq:   1858 bytesused: 10506240 ts: 1951.653683 delta: 33.333 ms delta now: +33.931 ms fps: 30.00 (ts-monotonic, ts-src-eof)
cap dqbuf: 3 seq:   1859 bytesused: 10506240 ts: 1951.687017 delta: 33.334 ms delta now: +33.791 ms fps: 30.00 (ts-monotonic, ts-src-eof)
cap dqbuf: 0 seq:   1860 bytesused: 10506240 ts: 1951.720350 delta: 33.333 ms delta now: +33.930 ms fps: 30.00 (ts-monotonic, ts-src-eof)
cap dqbuf: 1 seq:   1861 bytesused: 10506240 ts: 1951.753684 delta: 33.334 ms delta now: +33.793 ms fps: 30.00 (ts-monotonic, ts-src-eof)
cap dqbuf: 2 seq:   1862 bytesused: 10506240 ts: 1951.787016 delta: 33.332 ms delta now: +33.795 ms fps: 30.00 (ts-monotonic, ts-src-eof)
cap dqbuf: 3 seq:   1863 bytesused: 10506240 ts: 1951.820350 delta: 33.334 ms delta now: +33.877 ms fps: 30.00 (ts-monotonic, ts-src-eof)
cap dqbuf: 0 seq:   1864 bytesused: 10506240 ts: 1951.853683 delta: 33.333 ms delta now: +33.939 ms fps: 30.00 (ts-monotonic, ts-src-eof)
cap dqbuf: 1 seq:   1865 bytesused: 10506240 ts: 1951.887017 delta: 33.334 ms delta now: +33.936 ms fps: 30.00 (ts-monotonic, ts-src-eof)
cap dqbuf: 2 seq:   1866 bytesused: 10506240 ts: 1951.920350 delta: 33.333 ms delta now: +33.793 ms fps: 30.00 (ts-monotonic, ts-src-eof)
cap dqbuf: 3 seq:   1867 bytesused: 10506240 ts: 1951.953683 delta: 33.333 ms delta now: +34.018 ms fps: 30.00 (ts-monotonic, ts-src-eof)
cap dqbuf: 0 seq:   1868 bytesused: 10506240 ts: 1951.987017 delta: 33.334 ms delta now: +33.796 ms fps: 30.00 (ts-monotonic, ts-src-eof)
cap dqbuf: 1 seq:   1869 bytesused: 10506240 ts: 1952.020349 delta: 33.332 ms delta now: +34.050 ms fps: 30.00 (ts-monotonic, ts-src-eof)
cap dqbuf: 2 seq:   1870 bytesused: 10506240 ts: 1952.053683 delta: 33.334 ms delta now: +34.098 ms fps: 30.00 (ts-monotonic, ts-src-eof)
cap dqbuf: 3 seq:   1871 bytesused: 10506240 ts: 1952.087017 delta: 33.334 ms delta now: +33.949 ms fps: 30.00 (ts-monotonic, ts-src-eof)
cap dqbuf: 0 seq:   1872 bytesused: 10506240 ts: 1952.120350 delta: 33.333 ms delta now: +33.935 ms fps: 30.00 (ts-monotonic, ts-src-eof)
cap dqbuf: 1 seq:   1873 bytesused: 10506240 ts: 1952.153684 delta: 33.334 ms delta now: +34.051 ms fps: 30.00 (ts-monotonic, ts-src-eof)
cap dqbuf: 2 seq:   1874 bytesused: 10506240 ts: 1952.187017 delta: 33.333 ms delta now: +33.794 ms fps: 30.00 (ts-monotonic, ts-src-eof)
cap dqbuf: 3 seq:   1875 bytesused: 10506240 ts: 1952.220350 delta: 33.333 ms delta now: +33.939 ms fps: 30.00 (ts-monotonic, ts-src-eof)
cap dqbuf: 0 seq:   1876 bytesused: 10506240 ts: 1952.253684 delta: 33.334 ms delta now: +33.794 ms fps: 30.00 (ts-monotonic, ts-src-eof)
cap dqbuf: 1 seq:   1877 bytesused: 10506240 ts: 1952.287016 delta: 33.332 ms delta now: +33.938 ms fps: 30.00 (ts-monotonic, ts-src-eof)
cap dqbuf: 2 seq:   1878 bytesused: 10506240 ts: 1952.320351 delta: 33.335 ms delta now: +33.791 ms fps: 30.00 (ts-monotonic, ts-src-eof)
cap dqbuf: 3 seq:   1879 bytesused: 10506240 ts: 1952.353683 delta: 33.332 ms delta now: +33.814 ms fps: 30.00 (ts-monotonic, ts-src-eof)
cap dqbuf: 0 seq:   1880 bytesused: 10506240 ts: 1952.387016 delta: 33.333 ms delta now: +34.033 ms fps: 30.00 (ts-monotonic, ts-src-eof)
cap dqbuf: 1 seq:   1881 bytesused: 10506240 ts: 1952.420350 delta: 33.334 ms delta now: +33.794 ms fps: 30.00 (ts-monotonic, ts-src-eof)
cap dqbuf: 2 seq:   1882 bytesused: 10506240 ts: 1952.453683 delta: 33.333 ms delta now: +34.003 ms fps: 30.00 (ts-monotonic, ts-src-eof)
cap dqbuf: 3 seq:   1883 bytesused: 10506240 ts: 1952.487017 delta: 33.334 ms delta now: +33.794 ms fps: 30.00 (ts-monotonic, ts-src-eof)
cap dqbuf: 0 seq:   1884 bytesused: 10506240 ts: 1952.520350 delta: 33.333 ms delta now: +33.921 ms fps: 30.00 (ts-monotonic, ts-src-eof)
cap dqbuf: 1 seq:   1885 bytesused: 10506240 ts: 1952.553684 delta: 33.334 ms delta now: +33.793 ms fps: 30.00 (ts-monotonic, ts-src-eof)
cap dqbuf: 2 seq:   1886 bytesused: 10506240 ts: 1952.587016 delta: 33.332 ms delta now: +33.793 ms fps: 30.00 (ts-monotonic, ts-src-eof)
cap dqbuf: 3 seq:   1887 bytesused: 10506240 ts: 1952.620350 delta: 33.334 ms delta now: +33.790 ms fps: 30.00 (ts-monotonic, ts-src-eof)
cap dqbuf: 0 seq:   1888 bytesused: 10506240 ts: 1952.653683 delta: 33.333 ms delta now: +33.796 ms fps: 30.00 (ts-monotonic, ts-src-eof)
cap dqbuf: 1 seq:   1889 bytesused: 10506240 ts: 1952.687016 delta: 33.333 ms delta now: +33.813 ms fps: 30.00 (ts-monotonic, ts-src-eof)
cap dqbuf: 2 seq:   1890 bytesused: 10506240 ts: 1952.720350 delta: 33.334 ms delta now: +33.937 ms fps: 30.00 (ts-monotonic, ts-src-eof)
cap dqbuf: 3 seq:   1891 bytesused: 10506240 ts: 1952.753684 delta: 33.334 ms delta now: +33.790 ms fps: 30.00 (ts-monotonic, ts-src-eof)
cap dqbuf: 0 seq:   1892 bytesused: 10506240 ts: 1952.787016 delta: 33.332 ms delta now: +33.998 ms fps: 30.00 (ts-monotonic, ts-src-eof)
cap dqbuf: 1 seq:   1893 bytesused: 10506240 ts: 1952.820350 delta: 33.334 ms delta now: +33.792 ms fps: 30.00 (ts-monotonic, ts-src-eof)
cap dqbuf: 2 seq:   1894 bytesused: 10506240 ts: 1952.853683 delta: 33.333 ms delta now: +34.043 ms fps: 30.00 (ts-monotonic, ts-src-eof)
cap dqbuf: 3 seq:   1895 bytesused: 10506240 ts: 1952.887017 delta: 33.334 ms delta now: +33.792 ms fps: 30.00 (ts-monotonic, ts-src-eof)
cap dqbuf: 0 seq:   1896 bytesused: 10506240 ts: 1952.920349 delta: 33.332 ms delta now: +33.817 ms fps: 30.00 (ts-monotonic, ts-src-eof)
cap dqbuf: 1 seq:   1897 bytesused: 10506240 ts: 1952.953683 delta: 33.334 ms delta now: +33.805 ms fps: 30.00 (ts-monotonic, ts-src-eof)
cap dqbuf: 2 seq:   1898 bytesused: 10506240 ts: 1952.987016 delta: 33.333 ms delta now: +33.796 ms fps: 30.00 (ts-monotonic, ts-src-eof)
cap dqbuf: 3 seq:   1899 bytesused: 10506240 ts: 1953.020350 delta: 33.334 ms delta now: +33.796 ms fps: 30.00 (ts-monotonic, ts-src-eof)
cap dqbuf: 0 seq:   1900 bytesused: 10506240 ts: 1953.053683 delta: 33.333 ms delta now: +33.945 ms fps: 30.00 (ts-monotonic, ts-src-eof)
cap dqbuf: 1 seq:   1901 bytesused: 10506240 ts: 1953.087017 delta: 33.334 ms delta now: +34.013 ms fps: 30.00 (ts-monotonic, ts-src-eof)
cap dqbuf: 2 seq:   1902 bytesused: 10506240 ts: 1953.120351 delta: 33.334 ms delta now: +33.809 ms fps: 30.00 (ts-monotonic, ts-src-eof)
cap dqbuf: 3 seq:   1903 bytesused: 10506240 ts: 1953.153683 delta: 33.332 ms delta now: +33.796 ms fps: 30.00 (ts-monotonic, ts-src-eof)
cap dqbuf: 0 seq:   1904 bytesused: 10506240 ts: 1953.187017 delta: 33.334 ms delta now: +33.793 ms fps: 30.00 (ts-monotonic, ts-src-eof)
cap dqbuf: 1 seq:   1905 bytesused: 10506240 ts: 1953.220350 delta: 33.333 ms delta now: +33.932 ms fps: 30.00 (ts-monotonic, ts-src-eof)
cap dqbuf: 2 seq:   1906 bytesused: 10506240 ts: 1953.253684 delta: 33.334 ms delta now: +33.789 ms fps: 30.00 (ts-monotonic, ts-src-eof)
cap dqbuf: 3 seq:   1907 bytesused: 10506240 ts: 1953.287016 delta: 33.332 ms delta now: +33.955 ms fps: 30.00 (ts-monotonic, ts-src-eof)
cap dqbuf: 0 seq:   1908 bytesused: 10506240 ts: 1953.320350 delta: 33.334 ms delta now: +33.790 ms fps: 30.00 (ts-monotonic, ts-src-eof)
cap dqbuf: 1 seq:   1909 bytesused: 10506240 ts: 1953.353683 delta: 33.333 ms delta now: +34.050 ms fps: 30.00 (ts-monotonic, ts-src-eof)
cap dqbuf: 2 seq:   1910 bytesused: 10506240 ts: 1953.387017 delta: 33.334 ms delta now: +34.028 ms fps: 30.00 (ts-monotonic, ts-src-eof)
cap dqbuf: 3 seq:   1911 bytesused: 10506240 ts: 1953.420350 delta: 33.333 ms delta now: +33.817 ms fps: 30.00 (ts-monotonic, ts-src-eof)
cap dqbuf: 0 seq:   1912 bytesused: 10506240 ts: 1953.453683 delta: 33.333 ms delta now: +33.972 ms fps: 30.00 (ts-monotonic, ts-src-eof)
cap dqbuf: 1 seq:   1913 bytesused: 10506240 ts: 1953.487016 delta: 33.333 ms delta now: +33.938 ms fps: 30.00 (ts-monotonic, ts-src-eof)
cap dqbuf: 2 seq:   1914 bytesused: 10506240 ts: 1953.520350 delta: 33.334 ms delta now: +33.793 ms fps: 30.00 (ts-monotonic, ts-src-eof)
cap dqbuf: 3 seq:   1915 bytesused: 10506240 ts: 1953.553683 delta: 33.333 ms delta now: +33.937 ms fps: 30.00 (ts-monotonic, ts-src-eof)
cap dqbuf: 0 seq:   1916 bytesused: 10506240 ts: 1953.587017 delta: 33.334 ms delta now: +33.793 ms fps: 30.00 (ts-monotonic, ts-src-eof)
cap dqbuf: 1 seq:   1917 bytesused: 10506240 ts: 1953.620350 delta: 33.333 ms delta now: +33.949 ms fps: 30.00 (ts-monotonic, ts-src-eof)
cap dqbuf: 2 seq:   1918 bytesused: 10506240 ts: 1953.653684 delta: 33.334 ms delta now: +33.942 ms fps: 30.00 (ts-monotonic, ts-src-eof)
cap dqbuf: 3 seq:   1919 bytesused: 10506240 ts: 1953.687017 delta: 33.333 ms delta now: +33.791 ms fps: 30.00 (ts-monotonic, ts-src-eof)
cap dqbuf: 0 seq:   1920 bytesused: 10506240 ts: 1953.720350 delta: 33.333 ms delta now: +33.939 ms fps: 30.00 (ts-monotonic, ts-src-eof)
cap dqbuf: 1 seq:   1921 bytesused: 10506240 ts: 1953.753684 delta: 33.334 ms delta now: +33.793 ms fps: 30.00 (ts-monotonic, ts-src-eof)
cap dqbuf: 2 seq:   1922 bytesused: 10506240 ts: 1953.787017 delta: 33.333 ms delta now: +33.950 ms fps: 30.00 (ts-monotonic, ts-src-eof)
cap dqbuf: 3 seq:   1923 bytesused: 10506240 ts: 1953.820351 delta: 33.334 ms delta now: +33.791 ms fps: 30.00 (ts-monotonic, ts-src-eof)
cap dqbuf: 0 seq:   1924 bytesused: 10506240 ts: 1953.853683 delta: 33.332 ms delta now: +33.803 ms fps: 30.00 (ts-monotonic, ts-src-eof)
cap dqbuf: 1 seq:   1925 bytesused: 10506240 ts: 1953.887016 delta: 33.333 ms delta now: +33.796 ms fps: 30.00 (ts-monotonic, ts-src-eof)
cap dqbuf: 2 seq:   1926 bytesused: 10506240 ts: 1953.920350 delta: 33.334 ms delta now: +33.953 ms fps: 30.00 (ts-monotonic, ts-src-eof)
cap dqbuf: 3 seq:   1927 bytesused: 10506240 ts: 1953.953684 delta: 33.334 ms delta now: +33.802 ms fps: 30.00 (ts-monotonic, ts-src-eof)
cap dqbuf: 0 seq:   1928 bytesused: 10506240 ts: 1953.987016 delta: 33.332 ms delta now: +33.940 ms fps: 30.00 (ts-monotonic, ts-src-eof)
cap dqbuf: 1 seq:   1929 bytesused: 10506240 ts: 1954.020351 delta: 33.335 ms delta now: +33.834 ms fps: 30.00 (ts-monotonic, ts-src-eof)
cap dqbuf: 2 seq:   1930 bytesused: 10506240 ts: 1954.053683 delta: 33.332 ms delta now: +33.971 ms fps: 30.00 (ts-monotonic, ts-src-eof)
cap dqbuf: 3 seq:   1931 bytesused: 10506240 ts: 1954.087017 delta: 33.334 ms delta now: +33.805 ms fps: 30.00 (ts-monotonic, ts-src-eof)
cap dqbuf: 0 seq:   1932 bytesused: 10506240 ts: 1954.120350 delta: 33.333 ms delta now: +33.922 ms fps: 30.00 (ts-monotonic, ts-src-eof)
cap dqbuf: 1 seq:   1933 bytesused: 10506240 ts: 1954.153684 delta: 33.334 ms delta now: +33.792 ms fps: 30.00 (ts-monotonic, ts-src-eof)
cap dqbuf: 2 seq:   1934 bytesused: 10506240 ts: 1954.187016 delta: 33.332 ms delta now: +33.952 ms fps: 30.00 (ts-monotonic, ts-src-eof)
cap dqbuf: 3 seq:   1935 bytesused: 10506240 ts: 1954.220351 delta: 33.335 ms delta now: +33.935 ms fps: 30.00 (ts-monotonic, ts-src-eof)
cap dqbuf: 0 seq:   1936 bytesused: 10506240 ts: 1954.253684 delta: 33.333 ms delta now: +33.796 ms fps: 30.00 (ts-monotonic, ts-src-eof)
cap dqbuf: 1 seq:   1937 bytesused: 10506240 ts: 1954.287017 delta: 33.333 ms delta now: +33.793 ms fps: 30.00 (ts-monotonic, ts-src-eof)
cap dqbuf: 2 seq:   1938 bytesused: 10506240 ts: 1954.320350 delta: 33.333 ms delta now: +33.792 ms fps: 30.00 (ts-monotonic, ts-src-eof)
cap dqbuf: 3 seq:   1939 bytesused: 10506240 ts: 1954.353683 delta: 33.333 ms delta now: +33.931 ms fps: 30.00 (ts-monotonic, ts-src-eof)
cap dqbuf: 0 seq:   1940 bytesused: 10506240 ts: 1954.387017 delta: 33.334 ms delta now: +33.811 ms fps: 30.00 (ts-monotonic, ts-src-eof)
cap dqbuf: 1 seq:   1941 bytesused: 10506240 ts: 1954.420350 delta: 33.333 ms delta now: +33.797 ms fps: 30.00 (ts-monotonic, ts-src-eof)
cap dqbuf: 2 seq:   1942 bytesused: 10506240 ts: 1954.453683 delta: 33.333 ms delta now: +33.939 ms fps: 30.00 (ts-monotonic, ts-src-eof)
cap dqbuf: 3 seq:   1943 bytesused: 10506240 ts: 1954.487017 delta: 33.334 ms delta now: +33.792 ms fps: 30.00 (ts-monotonic, ts-src-eof)
cap dqbuf: 0 seq:   1944 bytesused: 10506240 ts: 1954.520350 delta: 33.333 ms delta now: +33.960 ms fps: 30.00 (ts-monotonic, ts-src-eof)
cap dqbuf: 1 seq:   1945 bytesused: 10506240 ts: 1954.553684 delta: 33.334 ms delta now: +33.791 ms fps: 30.00 (ts-monotonic, ts-src-eof)
cap dqbuf: 2 seq:   1946 bytesused: 10506240 ts: 1954.587016 delta: 33.332 ms delta now: +33.793 ms fps: 30.00 (ts-monotonic, ts-src-eof)
cap dqbuf: 3 seq:   1947 bytesused: 10506240 ts: 1954.620350 delta: 33.334 ms delta now: +33.792 ms fps: 30.00 (ts-monotonic, ts-src-eof)
cap dqbuf: 0 seq:   1948 bytesused: 10506240 ts: 1954.653683 delta: 33.333 ms delta now: +33.792 ms fps: 30.00 (ts-monotonic, ts-src-eof)
cap dqbuf: 1 seq:   1949 bytesused: 10506240 ts: 1954.687017 delta: 33.334 ms delta now: +33.919 ms fps: 30.00 (ts-monotonic, ts-src-eof)
cap dqbuf: 2 seq:   1950 bytesused: 10506240 ts: 1954.720351 delta: 33.334 ms delta now: +33.794 ms fps: 30.00 (ts-monotonic, ts-src-eof)
cap dqbuf: 3 seq:   1951 bytesused: 10506240 ts: 1954.753683 delta: 33.332 ms delta now: +33.795 ms fps: 30.00 (ts-monotonic, ts-src-eof)
cap dqbuf: 0 seq:   1952 bytesused: 10506240 ts: 1954.787016 delta: 33.333 ms delta now: +33.793 ms fps: 30.00 (ts-monotonic, ts-src-eof)
cap dqbuf: 1 seq:   1953 bytesused: 10506240 ts: 1954.820350 delta: 33.334 ms delta now: +33.932 ms fps: 30.00 (ts-monotonic, ts-src-eof)
cap dqbuf: 2 seq:   1954 bytesused: 10506240 ts: 1954.853684 delta: 33.334 ms delta now: +33.813 ms fps: 30.00 (ts-monotonic, ts-src-eof)
cap dqbuf: 3 seq:   1955 bytesused: 10506240 ts: 1954.887017 delta: 33.333 ms delta now: +33.793 ms fps: 30.00 (ts-monotonic, ts-src-eof)
cap dqbuf: 0 seq:   1956 bytesused: 10506240 ts: 1954.920350 delta: 33.333 ms delta now: +33.794 ms fps: 30.00 (ts-monotonic, ts-src-eof)
cap dqbuf: 1 seq:   1957 bytesused: 10506240 ts: 1954.953683 delta: 33.333 ms delta now: +34.036 ms fps: 30.00 (ts-monotonic, ts-src-eof)
cap dqbuf: 2 seq:   1958 bytesused: 10506240 ts: 1954.987017 delta: 33.334 ms delta now: +33.795 ms fps: 30.00 (ts-monotonic, ts-src-eof)
cap dqbuf: 3 seq:   1959 bytesused: 10506240 ts: 1955.020350 delta: 33.333 ms delta now: +33.794 ms fps: 30.00 (ts-monotonic, ts-src-eof)
cap dqbuf: 0 seq:   1960 bytesused: 10506240 ts: 1955.053683 delta: 33.333 ms delta now: +33.959 ms fps: 30.00 (ts-monotonic, ts-src-eof)
cap dqbuf: 1 seq:   1961 bytesused: 10506240 ts: 1955.087017 delta: 33.334 ms delta now: +33.800 ms fps: 30.00 (ts-monotonic, ts-src-eof)
cap dqbuf: 2 seq:   1962 bytesused: 10506240 ts: 1955.120350 delta: 33.333 ms delta now: +33.801 ms fps: 30.00 (ts-monotonic, ts-src-eof)
cap dqbuf: 3 seq:   1963 bytesused: 10506240 ts: 1955.153683 delta: 33.333 ms delta now: +33.828 ms fps: 30.00 (ts-monotonic, ts-src-eof)
cap dqbuf: 0 seq:   1964 bytesused: 10506240 ts: 1955.187017 delta: 33.334 ms delta now: +33.793 ms fps: 30.00 (ts-monotonic, ts-src-eof)
cap dqbuf: 1 seq:   1965 bytesused: 10506240 ts: 1955.220350 delta: 33.333 ms delta now: +33.937 ms fps: 30.00 (ts-monotonic, ts-src-eof)
cap dqbuf: 2 seq:   1966 bytesused: 10506240 ts: 1955.253684 delta: 33.334 ms delta now: +33.821 ms fps: 30.00 (ts-monotonic, ts-src-eof)
cap dqbuf: 3 seq:   1967 bytesused: 10506240 ts: 1955.287017 delta: 33.333 ms delta now: +33.792 ms fps: 30.00 (ts-monotonic, ts-src-eof)
cap dqbuf: 0 seq:   1968 bytesused: 10506240 ts: 1955.320350 delta: 33.333 ms delta now: +34.045 ms fps: 30.00 (ts-monotonic, ts-src-eof)
cap dqbuf: 1 seq:   1969 bytesused: 10506240 ts: 1955.353684 delta: 33.334 ms delta now: +33.796 ms fps: 30.00 (ts-monotonic, ts-src-eof)
cap dqbuf: 2 seq:   1970 bytesused: 10506240 ts: 1955.387016 delta: 33.332 ms delta now: +33.852 ms fps: 30.00 (ts-monotonic, ts-src-eof)
cap dqbuf: 3 seq:   1971 bytesused: 10506240 ts: 1955.420350 delta: 33.334 ms delta now: +34.006 ms fps: 30.00 (ts-monotonic, ts-src-eof)
cap dqbuf: 0 seq:   1972 bytesused: 10506240 ts: 1955.453684 delta: 33.334 ms delta now: +33.791 ms fps: 30.00 (ts-monotonic, ts-src-eof)
cap dqbuf: 1 seq:   1973 bytesused: 10506240 ts: 1955.487017 delta: 33.333 ms delta now: +33.792 ms fps: 30.00 (ts-monotonic, ts-src-eof)
cap dqbuf: 2 seq:   1974 bytesused: 10506240 ts: 1955.520350 delta: 33.333 ms delta now: +33.793 ms fps: 30.00 (ts-monotonic, ts-src-eof)
cap dqbuf: 3 seq:   1975 bytesused: 10506240 ts: 1955.553683 delta: 33.333 ms delta now: +33.792 ms fps: 30.00 (ts-monotonic, ts-src-eof)
cap dqbuf: 0 seq:   1976 bytesused: 10506240 ts: 1955.587017 delta: 33.334 ms delta now: +33.927 ms fps: 30.00 (ts-monotonic, ts-src-eof)
cap dqbuf: 1 seq:   1977 bytesused: 10506240 ts: 1955.620351 delta: 33.334 ms delta now: +34.010 ms fps: 30.00 (ts-monotonic, ts-src-eof)
cap dqbuf: 2 seq:   1978 bytesused: 10506240 ts: 1955.653684 delta: 33.333 ms delta now: +33.933 ms fps: 30.00 (ts-monotonic, ts-src-eof)
cap dqbuf: 3 seq:   1979 bytesused: 10506240 ts: 1955.687018 delta: 33.334 ms delta now: +33.790 ms fps: 30.00 (ts-monotonic, ts-src-eof)
cap dqbuf: 0 seq:   1980 bytesused: 10506240 ts: 1955.720350 delta: 33.332 ms delta now: +33.791 ms fps: 30.00 (ts-monotonic, ts-src-eof)
cap dqbuf: 1 seq:   1981 bytesused: 10506240 ts: 1955.753683 delta: 33.333 ms delta now: +33.938 ms fps: 30.00 (ts-monotonic, ts-src-eof)
cap dqbuf: 2 seq:   1982 bytesused: 10506240 ts: 1955.787017 delta: 33.334 ms delta now: +33.794 ms fps: 30.00 (ts-monotonic, ts-src-eof)
cap dqbuf: 3 seq:   1983 bytesused: 10506240 ts: 1955.820350 delta: 33.333 ms delta now: +33.937 ms fps: 30.00 (ts-monotonic, ts-src-eof)
cap dqbuf: 0 seq:   1984 bytesused: 10506240 ts: 1955.853684 delta: 33.334 ms delta now: +33.792 ms fps: 30.00 (ts-monotonic, ts-src-eof)
cap dqbuf: 1 seq:   1985 bytesused: 10506240 ts: 1955.887017 delta: 33.333 ms delta now: +33.798 ms fps: 30.00 (ts-monotonic, ts-src-eof)
cap dqbuf: 2 seq:   1986 bytesused: 10506240 ts: 1955.920350 delta: 33.333 ms delta now: +33.804 ms fps: 30.00 (ts-monotonic, ts-src-eof)
cap dqbuf: 3 seq:   1987 bytesused: 10506240 ts: 1955.953683 delta: 33.333 ms delta now: +33.930 ms fps: 30.00 (ts-monotonic, ts-src-eof)
cap dqbuf: 0 seq:   1988 bytesused: 10506240 ts: 1955.987017 delta: 33.334 ms delta now: +33.795 ms fps: 30.00 (ts-monotonic, ts-src-eof)
cap dqbuf: 1 seq:   1989 bytesused: 10506240 ts: 1956.020350 delta: 33.333 ms delta now: +33.950 ms fps: 30.00 (ts-monotonic, ts-src-eof)
cap dqbuf: 2 seq:   1990 bytesused: 10506240 ts: 1956.053684 delta: 33.334 ms delta now: +34.057 ms fps: 30.00 (ts-monotonic, ts-src-eof)
cap dqbuf: 3 seq:   1991 bytesused: 10506240 ts: 1956.087017 delta: 33.333 ms delta now: +33.818 ms fps: 30.00 (ts-monotonic, ts-src-eof)
cap dqbuf: 0 seq:   1992 bytesused: 10506240 ts: 1956.120350 delta: 33.333 ms delta now: +33.795 ms fps: 30.00 (ts-monotonic, ts-src-eof)
cap dqbuf: 1 seq:   1993 bytesused: 10506240 ts: 1956.153683 delta: 33.333 ms delta now: +33.942 ms fps: 30.00 (ts-monotonic, ts-src-eof)
cap dqbuf: 2 seq:   1994 bytesused: 10506240 ts: 1956.187017 delta: 33.334 ms delta now: +33.795 ms fps: 30.00 (ts-monotonic, ts-src-eof)
cap dqbuf: 3 seq:   1995 bytesused: 10506240 ts: 1956.220350 delta: 33.333 ms delta now: +33.941 ms fps: 30.00 (ts-monotonic, ts-src-eof)
cap dqbuf: 0 seq:   1996 bytesused: 10506240 ts: 1956.253684 delta: 33.334 ms delta now: +33.791 ms fps: 30.00 (ts-monotonic, ts-src-eof)
cap dqbuf: 1 seq:   1997 bytesused: 10506240 ts: 1956.287016 delta: 33.332 ms delta now: +33.793 ms fps: 30.00 (ts-monotonic, ts-src-eof)
cap dqbuf: 2 seq:   1998 bytesused: 10506240 ts: 1956.320350 delta: 33.334 ms delta now: +33.940 ms fps: 30.00 (ts-monotonic, ts-src-eof)
cap dqbuf: 3 seq:   1999 bytesused: 10506240 ts: 1956.353684 delta: 33.334 ms delta now: +33.793 ms fps: 30.00 (ts-monotonic, ts-src-eof)
cap dqbuf: 0 seq:   2000 bytesused: 10506240 ts: 1956.387017 delta: 33.333 ms delta now: +33.936 ms fps: 30.00 (ts-monotonic, ts-src-eof)
cap dqbuf: 1 seq:   2001 bytesused: 10506240 ts: 1956.420351 delta: 33.334 ms delta now: +33.790 ms fps: 30.00 (ts-monotonic, ts-src-eof)
cap dqbuf: 2 seq:   2002 bytesused: 10506240 ts: 1956.453683 delta: 33.332 ms delta now: +33.939 ms fps: 30.00 (ts-monotonic, ts-src-eof)
cap dqbuf: 3 seq:   2003 bytesused: 10506240 ts: 1956.487018 delta: 33.335 ms delta now: +33.792 ms fps: 30.00 (ts-monotonic, ts-src-eof)
cap dqbuf: 0 seq:   2004 bytesused: 10506240 ts: 1956.520350 delta: 33.332 ms delta now: +33.795 ms fps: 30.00 (ts-monotonic, ts-src-eof)
cap dqbuf: 1 seq:   2005 bytesused: 10506240 ts: 1956.553683 delta: 33.333 ms delta now: +33.792 ms fps: 30.00 (ts-monotonic, ts-src-eof)
cap dqbuf: 2 seq:   2006 bytesused: 10506240 ts: 1956.587017 delta: 33.334 ms delta now: +33.980 ms fps: 30.00 (ts-monotonic, ts-src-eof)
cap dqbuf: 3 seq:   2007 bytesused: 10506240 ts: 1956.620351 delta: 33.334 ms delta now: +33.939 ms fps: 30.00 (ts-monotonic, ts-src-eof)
cap dqbuf: 0 seq:   2008 bytesused: 10506240 ts: 1956.653684 delta: 33.333 ms delta now: +33.936 ms fps: 30.00 (ts-monotonic, ts-src-eof)
cap dqbuf: 1 seq:   2009 bytesused: 10506240 ts: 1956.687018 delta: 33.334 ms delta now: +33.790 ms fps: 30.00 (ts-monotonic, ts-src-eof)
cap dqbuf: 2 seq:   2010 bytesused: 10506240 ts: 1956.720350 delta: 33.332 ms delta now: +33.793 ms fps: 30.00 (ts-monotonic, ts-src-eof)
cap dqbuf: 3 seq:   2011 bytesused: 10506240 ts: 1956.753683 delta: 33.333 ms delta now: +33.791 ms fps: 30.00 (ts-monotonic, ts-src-eof)
cap dqbuf: 0 seq:   2012 bytesused: 10506240 ts: 1956.787017 delta: 33.334 ms delta now: +33.793 ms fps: 30.00 (ts-monotonic, ts-src-eof)
cap dqbuf: 1 seq:   2013 bytesused: 10506240 ts: 1956.820350 delta: 33.333 ms delta now: +33.794 ms fps: 30.00 (ts-monotonic, ts-src-eof)
cap dqbuf: 2 seq:   2014 bytesused: 10506240 ts: 1956.853683 delta: 33.333 ms delta now: +33.791 ms fps: 30.00 (ts-monotonic, ts-src-eof)
cap dqbuf: 3 seq:   2015 bytesused: 10506240 ts: 1956.887017 delta: 33.334 ms delta now: +33.798 ms fps: 30.00 (ts-monotonic, ts-src-eof)
cap dqbuf: 0 seq:   2016 bytesused: 10506240 ts: 1956.920350 delta: 33.333 ms delta now: +34.022 ms fps: 30.00 (ts-monotonic, ts-src-eof)
cap dqbuf: 1 seq:   2017 bytesused: 10506240 ts: 1956.953684 delta: 33.334 ms delta now: +33.814 ms fps: 30.00 (ts-monotonic, ts-src-eof)
cap dqbuf: 2 seq:   2018 bytesused: 10506240 ts: 1956.987017 delta: 33.333 ms delta now: +33.791 ms fps: 30.00 (ts-monotonic, ts-src-eof)
cap dqbuf: 3 seq:   2019 bytesused: 10506240 ts: 1957.020350 delta: 33.333 ms delta now: +33.933 ms fps: 30.00 (ts-monotonic, ts-src-eof)
cap dqbuf: 0 seq:   2020 bytesused: 10506240 ts: 1957.053684 delta: 33.334 ms delta now: +33.952 ms fps: 30.00 (ts-monotonic, ts-src-eof)
cap dqbuf: 1 seq:   2021 bytesused: 10506240 ts: 1957.087018 delta: 33.334 ms delta now: +33.951 ms fps: 30.00 (ts-monotonic, ts-src-eof)
cap dqbuf: 2 seq:   2022 bytesused: 10506240 ts: 1957.120351 delta: 33.333 ms delta now: +33.944 ms fps: 30.00 (ts-monotonic, ts-src-eof)
cap dqbuf: 3 seq:   2023 bytesused: 10506240 ts: 1957.153684 delta: 33.333 ms delta now: +33.941 ms fps: 30.00 (ts-monotonic, ts-src-eof)
cap dqbuf: 0 seq:   2024 bytesused: 10506240 ts: 1957.187018 delta: 33.334 ms delta now: +33.792 ms fps: 30.00 (ts-monotonic, ts-src-eof)
cap dqbuf: 1 seq:   2025 bytesused: 10506240 ts: 1957.220350 delta: 33.332 ms delta now: +34.033 ms fps: 30.00 (ts-monotonic, ts-src-eof)
cap dqbuf: 2 seq:   2026 bytesused: 10506240 ts: 1957.253684 delta: 33.334 ms delta now: +33.793 ms fps: 30.00 (ts-monotonic, ts-src-eof)
cap dqbuf: 3 seq:   2027 bytesused: 10506240 ts: 1957.287017 delta: 33.333 ms delta now: +33.941 ms fps: 30.00 (ts-monotonic, ts-src-eof)
cap dqbuf: 0 seq:   2028 bytesused: 10506240 ts: 1957.320351 delta: 33.334 ms delta now: +33.799 ms fps: 30.00 (ts-monotonic, ts-src-eof)
cap dqbuf: 1 seq:   2029 bytesused: 10506240 ts: 1957.353684 delta: 33.333 ms delta now: +34.021 ms fps: 30.00 (ts-monotonic, ts-src-eof)
cap dqbuf: 2 seq:   2030 bytesused: 10506240 ts: 1957.387018 delta: 33.334 ms delta now: +33.792 ms fps: 30.00 (ts-monotonic, ts-src-eof)
cap dqbuf: 3 seq:   2031 bytesused: 10506240 ts: 1957.420350 delta: 33.332 ms delta now: +33.795 ms fps: 30.00 (ts-monotonic, ts-src-eof)
cap dqbuf: 0 seq:   2032 bytesused: 10506240 ts: 1957.453684 delta: 33.334 ms delta now: +33.793 ms fps: 30.00 (ts-monotonic, ts-src-eof)
cap dqbuf: 1 seq:   2033 bytesused: 10506240 ts: 1957.487017 delta: 33.333 ms delta now: +33.936 ms fps: 30.00 (ts-monotonic, ts-src-eof)
cap dqbuf: 2 seq:   2034 bytesused: 10506240 ts: 1957.520351 delta: 33.334 ms delta now: +33.795 ms fps: 30.00 (ts-monotonic, ts-src-eof)
cap dqbuf: 3 seq:   2035 bytesused: 10506240 ts: 1957.553684 delta: 33.333 ms delta now: +33.931 ms fps: 30.00 (ts-monotonic, ts-src-eof)
cap dqbuf: 0 seq:   2036 bytesused: 10506240 ts: 1957.587018 delta: 33.334 ms delta now: +33.793 ms fps: 30.00 (ts-monotonic, ts-src-eof)
cap dqbuf: 1 seq:   2037 bytesused: 10506240 ts: 1957.620350 delta: 33.332 ms delta now: +33.935 ms fps: 30.00 (ts-monotonic, ts-src-eof)
cap dqbuf: 2 seq:   2038 bytesused: 10506240 ts: 1957.653684 delta: 33.334 ms delta now: +33.929 ms fps: 30.00 (ts-monotonic, ts-src-eof)
cap dqbuf: 3 seq:   2039 bytesused: 10506240 ts: 1957.687018 delta: 33.334 ms delta now: +33.930 ms fps: 30.00 (ts-monotonic, ts-src-eof)
cap dqbuf: 0 seq:   2040 bytesused: 10506240 ts: 1957.720351 delta: 33.333 ms delta now: +33.793 ms fps: 30.00 (ts-monotonic, ts-src-eof)
cap dqbuf: 1 seq:   2041 bytesused: 10506240 ts: 1957.753683 delta: 33.332 ms delta now: +33.935 ms fps: 30.00 (ts-monotonic, ts-src-eof)
cap dqbuf: 2 seq:   2042 bytesused: 10506240 ts: 1957.787017 delta: 33.334 ms delta now: +33.793 ms fps: 30.00 (ts-monotonic, ts-src-eof)
cap dqbuf: 3 seq:   2043 bytesused: 10506240 ts: 1957.820350 delta: 33.333 ms delta now: +33.792 ms fps: 30.00 (ts-monotonic, ts-src-eof)
cap dqbuf: 0 seq:   2044 bytesused: 10506240 ts: 1957.853683 delta: 33.333 ms delta now: +33.811 ms fps: 30.00 (ts-monotonic, ts-src-eof)
cap dqbuf: 1 seq:   2045 bytesused: 10506240 ts: 1957.887017 delta: 33.334 ms delta now: +33.792 ms fps: 30.00 (ts-monotonic, ts-src-eof)
cap dqbuf: 2 seq:   2046 bytesused: 10506240 ts: 1957.920350 delta: 33.333 ms delta now: +33.960 ms fps: 30.00 (ts-monotonic, ts-src-eof)
cap dqbuf: 3 seq:   2047 bytesused: 10506240 ts: 1957.953684 delta: 33.334 ms delta now: +34.048 ms fps: 30.00 (ts-monotonic, ts-src-eof)
cap dqbuf: 0 seq:   2048 bytesused: 10506240 ts: 1957.987018 delta: 33.334 ms delta now: +33.937 ms fps: 30.00 (ts-monotonic, ts-src-eof)
cap dqbuf: 1 seq:   2049 bytesused: 10506240 ts: 1958.020351 delta: 33.333 ms delta now: +33.796 ms fps: 30.00 (ts-monotonic, ts-src-eof)
cap dqbuf: 2 seq:   2050 bytesused: 10506240 ts: 1958.053684 delta: 33.333 ms delta now: +34.074 ms fps: 30.00 (ts-monotonic, ts-src-eof)
cap dqbuf: 3 seq:   2051 bytesused: 10506240 ts: 1958.087018 delta: 33.334 ms delta now: +33.819 ms fps: 30.00 (ts-monotonic, ts-src-eof)
cap dqbuf: 0 seq:   2052 bytesused: 10506240 ts: 1958.120350 delta: 33.332 ms delta now: +33.812 ms fps: 30.00 (ts-monotonic, ts-src-eof)
cap dqbuf: 1 seq:   2053 bytesused: 10506240 ts: 1958.153684 delta: 33.334 ms delta now: +33.941 ms fps: 30.00 (ts-monotonic, ts-src-eof)
cap dqbuf: 2 seq:   2054 bytesused: 10506240 ts: 1958.187018 delta: 33.334 ms delta now: +33.820 ms fps: 30.00 (ts-monotonic, ts-src-eof)
cap dqbuf: 3 seq:   2055 bytesused: 10506240 ts: 1958.220350 delta: 33.332 ms delta now: +33.946 ms fps: 30.00 (ts-monotonic, ts-src-eof)
cap dqbuf: 0 seq:   2056 bytesused: 10506240 ts: 1958.253684 delta: 33.334 ms delta now: +33.792 ms fps: 30.00 (ts-monotonic, ts-src-eof)
cap dqbuf: 1 seq:   2057 bytesused: 10506240 ts: 1958.287017 delta: 33.333 ms delta now: +34.045 ms fps: 30.00 (ts-monotonic, ts-src-eof)
cap dqbuf: 2 seq:   2058 bytesused: 10506240 ts: 1958.320351 delta: 33.334 ms delta now: +33.941 ms fps: 30.00 (ts-monotonic, ts-src-eof)
cap dqbuf: 3 seq:   2059 bytesused: 10506240 ts: 1958.353684 delta: 33.333 ms delta now: +33.793 ms fps: 30.00 (ts-monotonic, ts-src-eof)
cap dqbuf: 0 seq:   2060 bytesused: 10506240 ts: 1958.387017 delta: 33.333 ms delta now: +33.941 ms fps: 30.00 (ts-monotonic, ts-src-eof)
cap dqbuf: 1 seq:   2061 bytesused: 10506240 ts: 1958.420351 delta: 33.334 ms delta now: +33.792 ms fps: 30.00 (ts-monotonic, ts-src-eof)
cap dqbuf: 2 seq:   2062 bytesused: 10506240 ts: 1958.453684 delta: 33.333 ms delta now: +33.795 ms fps: 30.00 (ts-monotonic, ts-src-eof)
cap dqbuf: 3 seq:   2063 bytesused: 10506240 ts: 1958.487017 delta: 33.333 ms delta now: +33.797 ms fps: 30.00 (ts-monotonic, ts-src-eof)
cap dqbuf: 0 seq:   2064 bytesused: 10506240 ts: 1958.520350 delta: 33.333 ms delta now: +33.795 ms fps: 30.00 (ts-monotonic, ts-src-eof)
cap dqbuf: 1 seq:   2065 bytesused: 10506240 ts: 1958.553683 delta: 33.333 ms delta now: +33.791 ms fps: 30.00 (ts-monotonic, ts-src-eof)
cap dqbuf: 2 seq:   2066 bytesused: 10506240 ts: 1958.587017 delta: 33.334 ms delta now: +33.936 ms fps: 30.00 (ts-monotonic, ts-src-eof)
cap dqbuf: 3 seq:   2067 bytesused: 10506240 ts: 1958.620351 delta: 33.334 ms delta now: +33.820 ms fps: 30.00 (ts-monotonic, ts-src-eof)
cap dqbuf: 0 seq:   2068 bytesused: 10506240 ts: 1958.653683 delta: 33.332 ms delta now: +33.941 ms fps: 30.00 (ts-monotonic, ts-src-eof)
cap dqbuf: 1 seq:   2069 bytesused: 10506240 ts: 1958.687018 delta: 33.335 ms delta now: +33.942 ms fps: 30.00 (ts-monotonic, ts-src-eof)
cap dqbuf: 2 seq:   2070 bytesused: 10506240 ts: 1958.720351 delta: 33.333 ms delta now: +33.896 ms fps: 30.00 (ts-monotonic, ts-src-eof)
cap dqbuf: 3 seq:   2071 bytesused: 10506240 ts: 1958.753683 delta: 33.332 ms delta now: +33.792 ms fps: 30.00 (ts-monotonic, ts-src-eof)
cap dqbuf: 0 seq:   2072 bytesused: 10506240 ts: 1958.787017 delta: 33.334 ms delta now: +33.791 ms fps: 30.00 (ts-monotonic, ts-src-eof)
cap dqbuf: 1 seq:   2073 bytesused: 10506240 ts: 1958.820350 delta: 33.333 ms delta now: +33.939 ms fps: 30.00 (ts-monotonic, ts-src-eof)
cap dqbuf: 2 seq:   2074 bytesused: 10506240 ts: 1958.853684 delta: 33.334 ms delta now: +34.060 ms fps: 30.00 (ts-monotonic, ts-src-eof)
cap dqbuf: 3 seq:   2075 bytesused: 10506240 ts: 1958.887017 delta: 33.333 ms delta now: +33.973 ms fps: 30.00 (ts-monotonic, ts-src-eof)
cap dqbuf: 0 seq:   2076 bytesused: 10506240 ts: 1958.920351 delta: 33.334 ms delta now: +33.789 ms fps: 30.00 (ts-monotonic, ts-src-eof)
cap dqbuf: 1 seq:   2077 bytesused: 10506240 ts: 1958.953684 delta: 33.333 ms delta now: +34.062 ms fps: 30.00 (ts-monotonic, ts-src-eof)
cap dqbuf: 2 seq:   2078 bytesused: 10506240 ts: 1958.987018 delta: 33.334 ms delta now: +33.792 ms fps: 30.00 (ts-monotonic, ts-src-eof)
cap dqbuf: 3 seq:   2079 bytesused: 10506240 ts: 1959.020350 delta: 33.332 ms delta now: +33.795 ms fps: 30.00 (ts-monotonic, ts-src-eof)
cap dqbuf: 0 seq:   2080 bytesused: 10506240 ts: 1959.053684 delta: 33.334 ms delta now: +33.998 ms fps: 30.00 (ts-monotonic, ts-src-eof)
cap dqbuf: 1 seq:   2081 bytesused: 10506240 ts: 1959.087018 delta: 33.334 ms delta now: +33.802 ms fps: 30.00 (ts-monotonic, ts-src-eof)
cap dqbuf: 2 seq:   2082 bytesused: 10506240 ts: 1959.120350 delta: 33.332 ms delta now: +33.941 ms fps: 30.00 (ts-monotonic, ts-src-eof)
cap dqbuf: 3 seq:   2083 bytesused: 10506240 ts: 1959.153684 delta: 33.334 ms delta now: +33.798 ms fps: 30.00 (ts-monotonic, ts-src-eof)
cap dqbuf: 0 seq:   2084 bytesused: 10506240 ts: 1959.187017 delta: 33.333 ms delta now: +34.014 ms fps: 30.00 (ts-monotonic, ts-src-eof)
cap dqbuf: 1 seq:   2085 bytesused: 10506240 ts: 1959.220351 delta: 33.334 ms delta now: +33.795 ms fps: 30.00 (ts-monotonic, ts-src-eof)
cap dqbuf: 2 seq:   2086 bytesused: 10506240 ts: 1959.253684 delta: 33.333 ms delta now: +33.811 ms fps: 30.00 (ts-monotonic, ts-src-eof)
cap dqbuf: 3 seq:   2087 bytesused: 10506240 ts: 1959.287017 delta: 33.333 ms delta now: +33.950 ms fps: 30.00 (ts-monotonic, ts-src-eof)
cap dqbuf: 0 seq:   2088 bytesused: 10506240 ts: 1959.320351 delta: 33.334 ms delta now: +33.792 ms fps: 30.00 (ts-monotonic, ts-src-eof)
cap dqbuf: 1 seq:   2089 bytesused: 10506240 ts: 1959.353684 delta: 33.333 ms delta now: +33.938 ms fps: 30.00 (ts-monotonic, ts-src-eof)
cap dqbuf: 2 seq:   2090 bytesused: 10506240 ts: 1959.387018 delta: 33.334 ms delta now: +33.934 ms fps: 30.00 (ts-monotonic, ts-src-eof)
cap dqbuf: 3 seq:   2091 bytesused: 10506240 ts: 1959.420351 delta: 33.333 ms delta now: +33.937 ms fps: 30.00 (ts-monotonic, ts-src-eof)
cap dqbuf: 0 seq:   2092 bytesused: 10506240 ts: 1959.453684 delta: 33.333 ms delta now: +33.791 ms fps: 30.00 (ts-monotonic, ts-src-eof)
cap dqbuf: 1 seq:   2093 bytesused: 10506240 ts: 1959.487017 delta: 33.333 ms delta now: +33.948 ms fps: 30.00 (ts-monotonic, ts-src-eof)
cap dqbuf: 2 seq:   2094 bytesused: 10506240 ts: 1959.520351 delta: 33.334 ms delta now: +33.794 ms fps: 30.00 (ts-monotonic, ts-src-eof)
cap dqbuf: 3 seq:   2095 bytesused: 10506240 ts: 1959.553684 delta: 33.333 ms delta now: +33.792 ms fps: 30.00 (ts-monotonic, ts-src-eof)
cap dqbuf: 0 seq:   2096 bytesused: 10506240 ts: 1959.587017 delta: 33.333 ms delta now: +33.943 ms fps: 30.00 (ts-monotonic, ts-src-eof)
cap dqbuf: 1 seq:   2097 bytesused: 10506240 ts: 1959.620351 delta: 33.334 ms delta now: +33.794 ms fps: 30.00 (ts-monotonic, ts-src-eof)
cap dqbuf: 2 seq:   2098 bytesused: 10506240 ts: 1959.653684 delta: 33.333 ms delta now: +33.792 ms fps: 30.00 (ts-monotonic, ts-src-eof)
cap dqbuf: 3 seq:   2099 bytesused: 10506240 ts: 1959.687017 delta: 33.333 ms delta now: +33.791 ms fps: 30.00 (ts-monotonic, ts-src-eof)
cap dqbuf: 0 seq:   2100 bytesused: 10506240 ts: 1959.720350 delta: 33.333 ms delta now: +33.793 ms fps: 30.00 (ts-monotonic, ts-src-eof)
cap dqbuf: 1 seq:   2101 bytesused: 10506240 ts: 1959.753684 delta: 33.334 ms delta now: +33.987 ms fps: 30.00 (ts-monotonic, ts-src-eof)
cap dqbuf: 2 seq:   2102 bytesused: 10506240 ts: 1959.787018 delta: 33.334 ms delta now: +33.792 ms fps: 30.00 (ts-monotonic, ts-src-eof)
cap dqbuf: 3 seq:   2103 bytesused: 10506240 ts: 1959.820350 delta: 33.332 ms delta now: +33.943 ms fps: 30.00 (ts-monotonic, ts-src-eof)
cap dqbuf: 0 seq:   2104 bytesused: 10506240 ts: 1959.853685 delta: 33.335 ms delta now: +33.793 ms fps: 30.00 (ts-monotonic, ts-src-eof)
cap dqbuf: 1 seq:   2105 bytesused: 10506240 ts: 1959.887017 delta: 33.332 ms delta now: +33.951 ms fps: 30.00 (ts-monotonic, ts-src-eof)
cap dqbuf: 2 seq:   2106 bytesused: 10506240 ts: 1959.920351 delta: 33.334 ms delta now: +33.945 ms fps: 30.00 (ts-monotonic, ts-src-eof)
cap dqbuf: 3 seq:   2107 bytesused: 10506240 ts: 1959.953684 delta: 33.333 ms delta now: +33.798 ms fps: 30.00 (ts-monotonic, ts-src-eof)
cap dqbuf: 0 seq:   2108 bytesused: 10506240 ts: 1959.987017 delta: 33.333 ms delta now: +33.792 ms fps: 30.00 (ts-monotonic, ts-src-eof)
cap dqbuf: 1 seq:   2109 bytesused: 10506240 ts: 1960.020350 delta: 33.333 ms delta now: +33.945 ms fps: 30.00 (ts-monotonic, ts-src-eof)
cap dqbuf: 2 seq:   2110 bytesused: 10506240 ts: 1960.053684 delta: 33.334 ms delta now: +33.958 ms fps: 30.00 (ts-monotonic, ts-src-eof)
cap dqbuf: 3 seq:   2111 bytesused: 10506240 ts: 1960.087018 delta: 33.334 ms delta now: +33.797 ms fps: 30.00 (ts-monotonic, ts-src-eof)
cap dqbuf: 0 seq:   2112 bytesused: 10506240 ts: 1960.120350 delta: 33.332 ms delta now: +33.925 ms fps: 30.00 (ts-monotonic, ts-src-eof)
cap dqbuf: 1 seq:   2113 bytesused: 10506240 ts: 1960.153684 delta: 33.334 ms delta now: +33.935 ms fps: 30.00 (ts-monotonic, ts-src-eof)
cap dqbuf: 2 seq:   2114 bytesused: 10506240 ts: 1960.187018 delta: 33.334 ms delta now: +33.938 ms fps: 30.00 (ts-monotonic, ts-src-eof)
cap dqbuf: 3 seq:   2115 bytesused: 10506240 ts: 1960.220351 delta: 33.333 ms delta now: +33.938 ms fps: 30.00 (ts-monotonic, ts-src-eof)
cap dqbuf: 0 seq:   2116 bytesused: 10506240 ts: 1960.253684 delta: 33.333 ms delta now: +33.793 ms fps: 30.00 (ts-monotonic, ts-src-eof)
cap dqbuf: 1 seq:   2117 bytesused: 10506240 ts: 1960.287017 delta: 33.333 ms delta now: +33.997 ms fps: 30.00 (ts-monotonic, ts-src-eof)
cap dqbuf: 2 seq:   2118 bytesused: 10506240 ts: 1960.320351 delta: 33.334 ms delta now: +33.798 ms fps: 30.00 (ts-monotonic, ts-src-eof)
cap dqbuf: 3 seq:   2119 bytesused: 10506240 ts: 1960.353684 delta: 33.333 ms delta now: +33.938 ms fps: 30.00 (ts-monotonic, ts-src-eof)
cap dqbuf: 0 seq:   2120 bytesused: 10506240 ts: 1960.387018 delta: 33.334 ms delta now: +33.790 ms fps: 30.00 (ts-monotonic, ts-src-eof)
cap dqbuf: 1 seq:   2121 bytesused: 10506240 ts: 1960.420350 delta: 33.332 ms delta now: +33.936 ms fps: 30.00 (ts-monotonic, ts-src-eof)
cap dqbuf: 2 seq:   2122 bytesused: 10506240 ts: 1960.453684 delta: 33.334 ms delta now: +33.795 ms fps: 30.00 (ts-monotonic, ts-src-eof)
cap dqbuf: 3 seq:   2123 bytesused: 10506240 ts: 1960.487017 delta: 33.333 ms delta now: +33.935 ms fps: 30.00 (ts-monotonic, ts-src-eof)
cap dqbuf: 0 seq:   2124 bytesused: 10506240 ts: 1960.520351 delta: 33.334 ms delta now: +34.045 ms fps: 30.00 (ts-monotonic, ts-src-eof)
cap dqbuf: 1 seq:   2125 bytesused: 10506240 ts: 1960.553685 delta: 33.334 ms delta now: +33.788 ms fps: 30.00 (ts-monotonic, ts-src-eof)
cap dqbuf: 2 seq:   2126 bytesused: 10506240 ts: 1960.587017 delta: 33.332 ms delta now: +33.795 ms fps: 30.00 (ts-monotonic, ts-src-eof)
cap dqbuf: 3 seq:   2127 bytesused: 10506240 ts: 1960.620350 delta: 33.333 ms delta now: +33.793 ms fps: 30.00 (ts-monotonic, ts-src-eof)
cap dqbuf: 0 seq:   2128 bytesused: 10506240 ts: 1960.653684 delta: 33.334 ms delta now: +34.008 ms fps: 30.00 (ts-monotonic, ts-src-eof)
cap dqbuf: 1 seq:   2129 bytesused: 10506240 ts: 1960.687018 delta: 33.334 ms delta now: +33.804 ms fps: 30.00 (ts-monotonic, ts-src-eof)
cap dqbuf: 2 seq:   2130 bytesused: 10506240 ts: 1960.720351 delta: 33.333 ms delta now: +33.945 ms fps: 30.00 (ts-monotonic, ts-src-eof)
cap dqbuf: 3 seq:   2131 bytesused: 10506240 ts: 1960.753685 delta: 33.334 ms delta now: +34.020 ms fps: 30.00 (ts-monotonic, ts-src-eof)
cap dqbuf: 0 seq:   2132 bytesused: 10506240 ts: 1960.787018 delta: 33.333 ms delta now: +33.792 ms fps: 30.00 (ts-monotonic, ts-src-eof)
cap dqbuf: 1 seq:   2133 bytesused: 10506240 ts: 1960.820351 delta: 33.333 ms delta now: +33.793 ms fps: 30.00 (ts-monotonic, ts-src-eof)
cap dqbuf: 2 seq:   2134 bytesused: 10506240 ts: 1960.853684 delta: 33.333 ms delta now: +33.935 ms fps: 30.00 (ts-monotonic, ts-src-eof)
cap dqbuf: 3 seq:   2135 bytesused: 10506240 ts: 1960.887018 delta: 33.334 ms delta now: +33.948 ms fps: 30.00 (ts-monotonic, ts-src-eof)
cap dqbuf: 0 seq:   2136 bytesused: 10506240 ts: 1960.920351 delta: 33.333 ms delta now: +33.790 ms fps: 30.00 (ts-monotonic, ts-src-eof)
cap dqbuf: 1 seq:   2137 bytesused: 10506240 ts: 1960.953684 delta: 33.333 ms delta now: +33.792 ms fps: 30.00 (ts-monotonic, ts-src-eof)
cap dqbuf: 2 seq:   2138 bytesused: 10506240 ts: 1960.987017 delta: 33.333 ms delta now: +33.940 ms fps: 30.00 (ts-monotonic, ts-src-eof)
cap dqbuf: 3 seq:   2139 bytesused: 10506240 ts: 1961.020351 delta: 33.334 ms delta now: +33.791 ms fps: 30.00 (ts-monotonic, ts-src-eof)
cap dqbuf: 0 seq:   2140 bytesused: 10506240 ts: 1961.053684 delta: 33.333 ms delta now: +34.022 ms fps: 30.00 (ts-monotonic, ts-src-eof)
cap dqbuf: 1 seq:   2141 bytesused: 10506240 ts: 1961.087018 delta: 33.334 ms delta now: +33.813 ms fps: 30.00 (ts-monotonic, ts-src-eof)
cap dqbuf: 2 seq:   2142 bytesused: 10506240 ts: 1961.120350 delta: 33.332 ms delta now: +33.796 ms fps: 30.00 (ts-monotonic, ts-src-eof)
cap dqbuf: 3 seq:   2143 bytesused: 10506240 ts: 1961.153684 delta: 33.334 ms delta now: +33.992 ms fps: 30.00 (ts-monotonic, ts-src-eof)
cap dqbuf: 0 seq:   2144 bytesused: 10506240 ts: 1961.187018 delta: 33.334 ms delta now: +33.945 ms fps: 30.00 (ts-monotonic, ts-src-eof)
cap dqbuf: 1 seq:   2145 bytesused: 10506240 ts: 1961.220351 delta: 33.333 ms delta now: +33.792 ms fps: 30.00 (ts-monotonic, ts-src-eof)
cap dqbuf: 2 seq:   2146 bytesused: 10506240 ts: 1961.253684 delta: 33.333 ms delta now: +33.795 ms fps: 30.00 (ts-monotonic, ts-src-eof)
cap dqbuf: 3 seq:   2147 bytesused: 10506240 ts: 1961.287017 delta: 33.333 ms delta now: +33.996 ms fps: 30.00 (ts-monotonic, ts-src-eof)
cap dqbuf: 0 seq:   2148 bytesused: 10506240 ts: 1961.320351 delta: 33.334 ms delta now: +33.792 ms fps: 30.00 (ts-monotonic, ts-src-eof)
cap dqbuf: 1 seq:   2149 bytesused: 10506240 ts: 1961.353684 delta: 33.333 ms delta now: +33.813 ms fps: 30.00 (ts-monotonic, ts-src-eof)
cap dqbuf: 2 seq:   2150 bytesused: 10506240 ts: 1961.387017 delta: 33.333 ms delta now: +33.938 ms fps: 30.00 (ts-monotonic, ts-src-eof)
cap dqbuf: 3 seq:   2151 bytesused: 10506240 ts: 1961.420351 delta: 33.334 ms delta now: +33.794 ms fps: 30.00 (ts-monotonic, ts-src-eof)
cap dqbuf: 0 seq:   2152 bytesused: 10506240 ts: 1961.453684 delta: 33.333 ms delta now: +33.933 ms fps: 30.00 (ts-monotonic, ts-src-eof)
cap dqbuf: 1 seq:   2153 bytesused: 10506240 ts: 1961.487018 delta: 33.334 ms delta now: +33.790 ms fps: 30.00 (ts-monotonic, ts-src-eof)
cap dqbuf: 2 seq:   2154 bytesused: 10506240 ts: 1961.520351 delta: 33.333 ms delta now: +33.937 ms fps: 30.00 (ts-monotonic, ts-src-eof)
cap dqbuf: 3 seq:   2155 bytesused: 10506240 ts: 1961.553685 delta: 33.334 ms delta now: +33.935 ms fps: 30.00 (ts-monotonic, ts-src-eof)
cap dqbuf: 0 seq:   2156 bytesused: 10506240 ts: 1961.587018 delta: 33.333 ms delta now: +33.795 ms fps: 30.00 (ts-monotonic, ts-src-eof)
cap dqbuf: 1 seq:   2157 bytesused: 10506240 ts: 1961.620351 delta: 33.333 ms delta now: +33.933 ms fps: 30.00 (ts-monotonic, ts-src-eof)
cap dqbuf: 2 seq:   2158 bytesused: 10506240 ts: 1961.653685 delta: 33.334 ms delta now: +33.791 ms fps: 30.00 (ts-monotonic, ts-src-eof)
cap dqbuf: 3 seq:   2159 bytesused: 10506240 ts: 1961.687017 delta: 33.332 ms delta now: +33.934 ms fps: 30.00 (ts-monotonic, ts-src-eof)
cap dqbuf: 0 seq:   2160 bytesused: 10506240 ts: 1961.720351 delta: 33.334 ms delta now: +33.795 ms fps: 30.00 (ts-monotonic, ts-src-eof)
cap dqbuf: 1 seq:   2161 bytesused: 10506240 ts: 1961.753684 delta: 33.333 ms delta now: +33.988 ms fps: 30.00 (ts-monotonic, ts-src-eof)
cap dqbuf: 2 seq:   2162 bytesused: 10506240 ts: 1961.787018 delta: 33.334 ms delta now: +33.815 ms fps: 30.00 (ts-monotonic, ts-src-eof)
cap dqbuf: 3 seq:   2163 bytesused: 10506240 ts: 1961.820350 delta: 33.332 ms delta now: +33.791 ms fps: 30.00 (ts-monotonic, ts-src-eof)
cap dqbuf: 0 seq:   2164 bytesused: 10506240 ts: 1961.853684 delta: 33.334 ms delta now: +33.955 ms fps: 30.00 (ts-monotonic, ts-src-eof)
cap dqbuf: 1 seq:   2165 bytesused: 10506240 ts: 1961.887018 delta: 33.334 ms delta now: +33.792 ms fps: 30.00 (ts-monotonic, ts-src-eof)
cap dqbuf: 2 seq:   2166 bytesused: 10506240 ts: 1961.920350 delta: 33.332 ms delta now: +33.793 ms fps: 30.00 (ts-monotonic, ts-src-eof)
cap dqbuf: 3 seq:   2167 bytesused: 10506240 ts: 1961.953684 delta: 33.334 ms delta now: +33.832 ms fps: 30.00 (ts-monotonic, ts-src-eof)
cap dqbuf: 0 seq:   2168 bytesused: 10506240 ts: 1961.987017 delta: 33.333 ms delta now: +33.799 ms fps: 30.00 (ts-monotonic, ts-src-eof)
cap dqbuf: 1 seq:   2169 bytesused: 10506240 ts: 1962.020350 delta: 33.333 ms delta now: +33.936 ms fps: 30.00 (ts-monotonic, ts-src-eof)
cap dqbuf: 2 seq:   2170 bytesused: 10506240 ts: 1962.053685 delta: 33.335 ms delta now: +33.960 ms fps: 30.00 (ts-monotonic, ts-src-eof)
cap dqbuf: 3 seq:   2171 bytesused: 10506240 ts: 1962.087018 delta: 33.333 ms delta now: +33.947 ms fps: 30.00 (ts-monotonic, ts-src-eof)
cap dqbuf: 0 seq:   2172 bytesused: 10506240 ts: 1962.120351 delta: 33.333 ms delta now: +33.796 ms fps: 30.00 (ts-monotonic, ts-src-eof)
cap dqbuf: 1 seq:   2173 bytesused: 10506240 ts: 1962.153684 delta: 33.333 ms delta now: +33.791 ms fps: 30.00 (ts-monotonic, ts-src-eof)
cap dqbuf: 2 seq:   2174 bytesused: 10506240 ts: 1962.187017 delta: 33.333 ms delta now: +33.987 ms fps: 30.00 (ts-monotonic, ts-src-eof)
cap dqbuf: 3 seq:   2175 bytesused: 10506240 ts: 1962.220351 delta: 33.334 ms delta now: +33.944 ms fps: 30.00 (ts-monotonic, ts-src-eof)
cap dqbuf: 0 seq:   2176 bytesused: 10506240 ts: 1962.253685 delta: 33.334 ms delta now: +33.936 ms fps: 30.00 (ts-monotonic, ts-src-eof)
cap dqbuf: 1 seq:   2177 bytesused: 10506240 ts: 1962.287018 delta: 33.333 ms delta now: +33.808 ms fps: 30.00 (ts-monotonic, ts-src-eof)
cap dqbuf: 2 seq:   2178 bytesused: 10506240 ts: 1962.320351 delta: 33.333 ms delta now: +33.793 ms fps: 30.00 (ts-monotonic, ts-src-eof)
cap dqbuf: 3 seq:   2179 bytesused: 10506240 ts: 1962.353684 delta: 33.333 ms delta now: +33.936 ms fps: 30.00 (ts-monotonic, ts-src-eof)
cap dqbuf: 0 seq:   2180 bytesused: 10506240 ts: 1962.387018 delta: 33.334 ms delta now: +33.792 ms fps: 30.00 (ts-monotonic, ts-src-eof)
cap dqbuf: 1 seq:   2181 bytesused: 10506240 ts: 1962.420351 delta: 33.333 ms delta now: +33.940 ms fps: 30.00 (ts-monotonic, ts-src-eof)
cap dqbuf: 2 seq:   2182 bytesused: 10506240 ts: 1962.453685 delta: 33.334 ms delta now: +33.940 ms fps: 30.00 (ts-monotonic, ts-src-eof)
cap dqbuf: 3 seq:   2183 bytesused: 10506240 ts: 1962.487018 delta: 33.333 ms delta now: +33.793 ms fps: 30.00 (ts-monotonic, ts-src-eof)
cap dqbuf: 0 seq:   2184 bytesused: 10506240 ts: 1962.520351 delta: 33.333 ms delta now: +33.949 ms fps: 30.00 (ts-monotonic, ts-src-eof)
cap dqbuf: 1 seq:   2185 bytesused: 10506240 ts: 1962.553685 delta: 33.334 ms delta now: +33.935 ms fps: 30.00 (ts-monotonic, ts-src-eof)
cap dqbuf: 2 seq:   2186 bytesused: 10506240 ts: 1962.587018 delta: 33.333 ms delta now: +33.939 ms fps: 30.00 (ts-monotonic, ts-src-eof)
cap dqbuf: 3 seq:   2187 bytesused: 10506240 ts: 1962.620351 delta: 33.333 ms delta now: +33.793 ms fps: 30.00 (ts-monotonic, ts-src-eof)
cap dqbuf: 0 seq:   2188 bytesused: 10506240 ts: 1962.653684 delta: 33.333 ms delta now: +33.941 ms fps: 30.00 (ts-monotonic, ts-src-eof)
cap dqbuf: 1 seq:   2189 bytesused: 10506240 ts: 1962.687018 delta: 33.334 ms delta now: +33.875 ms fps: 30.00 (ts-monotonic, ts-src-eof)
cap dqbuf: 2 seq:   2190 bytesused: 10506240 ts: 1962.720351 delta: 33.333 ms delta now: +34.028 ms fps: 30.00 (ts-monotonic, ts-src-eof)
cap dqbuf: 3 seq:   2191 bytesused: 10506240 ts: 1962.753685 delta: 33.334 ms delta now: +33.943 ms fps: 30.00 (ts-monotonic, ts-src-eof)
cap dqbuf: 0 seq:   2192 bytesused: 10506240 ts: 1962.787018 delta: 33.333 ms delta now: +33.791 ms fps: 30.00 (ts-monotonic, ts-src-eof)
cap dqbuf: 1 seq:   2193 bytesused: 10506240 ts: 1962.820351 delta: 33.333 ms delta now: +33.794 ms fps: 30.00 (ts-monotonic, ts-src-eof)
cap dqbuf: 2 seq:   2194 bytesused: 10506240 ts: 1962.853684 delta: 33.333 ms delta now: +33.973 ms fps: 30.00 (ts-monotonic, ts-src-eof)
cap dqbuf: 3 seq:   2195 bytesused: 10506240 ts: 1962.887018 delta: 33.334 ms delta now: +33.937 ms fps: 30.00 (ts-monotonic, ts-src-eof)
cap dqbuf: 0 seq:   2196 bytesused: 10506240 ts: 1962.920352 delta: 33.334 ms delta now: +33.938 ms fps: 30.00 (ts-monotonic, ts-src-eof)
cap dqbuf: 1 seq:   2197 bytesused: 10506240 ts: 1962.953685 delta: 33.333 ms delta now: +33.793 ms fps: 30.00 (ts-monotonic, ts-src-eof)
cap dqbuf: 2 seq:   2198 bytesused: 10506240 ts: 1962.987017 delta: 33.332 ms delta now: +33.992 ms fps: 30.00 (ts-monotonic, ts-src-eof)
cap dqbuf: 3 seq:   2199 bytesused: 10506240 ts: 1963.020351 delta: 33.334 ms delta now: +33.851 ms fps: 30.00 (ts-monotonic, ts-src-eof)
cap dqbuf: 0 seq:   2200 bytesused: 10506240 ts: 1963.053685 delta: 33.334 ms delta now: +33.806 ms fps: 30.00 (ts-monotonic, ts-src-eof)
cap dqbuf: 1 seq:   2201 bytesused: 10506240 ts: 1963.087017 delta: 33.332 ms delta now: +34.064 ms fps: 30.00 (ts-monotonic, ts-src-eof)
cap dqbuf: 2 seq:   2202 bytesused: 10506240 ts: 1963.120352 delta: 33.335 ms delta now: +33.945 ms fps: 30.00 (ts-monotonic, ts-src-eof)
cap dqbuf: 3 seq:   2203 bytesused: 10506240 ts: 1963.153685 delta: 33.333 ms delta now: +33.943 ms fps: 30.00 (ts-monotonic, ts-src-eof)
cap dqbuf: 0 seq:   2204 bytesused: 10506240 ts: 1963.187018 delta: 33.333 ms delta now: +33.791 ms fps: 30.00 (ts-monotonic, ts-src-eof)
cap dqbuf: 1 seq:   2205 bytesused: 10506240 ts: 1963.220351 delta: 33.333 ms delta now: +33.793 ms fps: 30.00 (ts-monotonic, ts-src-eof)
cap dqbuf: 2 seq:   2206 bytesused: 10506240 ts: 1963.253684 delta: 33.333 ms delta now: +33.978 ms fps: 30.00 (ts-monotonic, ts-src-eof)
cap dqbuf: 3 seq:   2207 bytesused: 10506240 ts: 1963.287018 delta: 33.334 ms delta now: +33.942 ms fps: 30.00 (ts-monotonic, ts-src-eof)
cap dqbuf: 0 seq:   2208 bytesused: 10506240 ts: 1963.320352 delta: 33.334 ms delta now: +33.789 ms fps: 30.00 (ts-monotonic, ts-src-eof)
cap dqbuf: 1 seq:   2209 bytesused: 10506240 ts: 1963.353684 delta: 33.332 ms delta now: +33.997 ms fps: 30.00 (ts-monotonic, ts-src-eof)
cap dqbuf: 2 seq:   2210 bytesused: 10506240 ts: 1963.387018 delta: 33.334 ms delta now: +34.158 ms fps: 30.00 (ts-monotonic, ts-src-eof)
cap dqbuf: 3 seq:   2211 bytesused: 10506240 ts: 1963.420351 delta: 33.333 ms delta now: +33.967 ms fps: 30.00 (ts-monotonic, ts-src-eof)
cap dqbuf: 0 seq:   2212 bytesused: 10506240 ts: 1963.453685 delta: 33.334 ms delta now: +33.955 ms fps: 30.00 (ts-monotonic, ts-src-eof)
cap dqbuf: 1 seq:   2213 bytesused: 10506240 ts: 1963.487018 delta: 33.333 ms delta now: +33.792 ms fps: 30.00 (ts-monotonic, ts-src-eof)
cap dqbuf: 2 seq:   2214 bytesused: 10506240 ts: 1963.520351 delta: 33.333 ms delta now: +34.063 ms fps: 30.00 (ts-monotonic, ts-src-eof)
cap dqbuf: 3 seq:   2215 bytesused: 10506240 ts: 1963.553685 delta: 33.334 ms delta now: +33.793 ms fps: 30.00 (ts-monotonic, ts-src-eof)
cap dqbuf: 0 seq:   2216 bytesused: 10506240 ts: 1963.587017 delta: 33.332 ms delta now: +33.795 ms fps: 30.00 (ts-monotonic, ts-src-eof)
cap dqbuf: 1 seq:   2217 bytesused: 10506240 ts: 1963.620351 delta: 33.334 ms delta now: +33.794 ms fps: 30.00 (ts-monotonic, ts-src-eof)
cap dqbuf: 2 seq:   2218 bytesused: 10506240 ts: 1963.653684 delta: 33.333 ms delta now: +33.936 ms fps: 30.00 (ts-monotonic, ts-src-eof)
cap dqbuf: 3 seq:   2219 bytesused: 10506240 ts: 1963.687018 delta: 33.334 ms delta now: +33.936 ms fps: 30.00 (ts-monotonic, ts-src-eof)
cap dqbuf: 0 seq:   2220 bytesused: 10506240 ts: 1963.720352 delta: 33.334 ms delta now: +33.826 ms fps: 30.00 (ts-monotonic, ts-src-eof)
cap dqbuf: 1 seq:   2221 bytesused: 10506240 ts: 1963.753685 delta: 33.333 ms delta now: +33.793 ms fps: 30.00 (ts-monotonic, ts-src-eof)
cap dqbuf: 2 seq:   2222 bytesused: 10506240 ts: 1963.787017 delta: 33.332 ms delta now: +33.940 ms fps: 30.00 (ts-monotonic, ts-src-eof)
cap dqbuf: 3 seq:   2223 bytesused: 10506240 ts: 1963.820352 delta: 33.335 ms delta now: +33.793 ms fps: 30.00 (ts-monotonic, ts-src-eof)
cap dqbuf: 0 seq:   2224 bytesused: 10506240 ts: 1963.853684 delta: 33.332 ms delta now: +33.792 ms fps: 30.00 (ts-monotonic, ts-src-eof)
cap dqbuf: 1 seq:   2225 bytesused: 10506240 ts: 1963.887017 delta: 33.333 ms delta now: +33.936 ms fps: 30.00 (ts-monotonic, ts-src-eof)
cap dqbuf: 2 seq:   2226 bytesused: 10506240 ts: 1963.920352 delta: 33.335 ms delta now: +33.793 ms fps: 30.00 (ts-monotonic, ts-src-eof)
cap dqbuf: 3 seq:   2227 bytesused: 10506240 ts: 1963.953684 delta: 33.332 ms delta now: +33.788 ms fps: 30.00 (ts-monotonic, ts-src-eof)
cap dqbuf: 0 seq:   2228 bytesused: 10506240 ts: 1963.987018 delta: 33.334 ms delta now: +33.942 ms fps: 30.00 (ts-monotonic, ts-src-eof)
cap dqbuf: 1 seq:   2229 bytesused: 10506240 ts: 1964.020352 delta: 33.334 ms delta now: +33.798 ms fps: 30.00 (ts-monotonic, ts-src-eof)
cap dqbuf: 2 seq:   2230 bytesused: 10506240 ts: 1964.053684 delta: 33.332 ms delta now: +33.809 ms fps: 30.00 (ts-monotonic, ts-src-eof)
cap dqbuf: 3 seq:   2231 bytesused: 10506240 ts: 1964.087017 delta: 33.333 ms delta now: +33.971 ms fps: 30.00 (ts-monotonic, ts-src-eof)
cap dqbuf: 0 seq:   2232 bytesused: 10506240 ts: 1964.120352 delta: 33.335 ms delta now: +33.795 ms fps: 30.00 (ts-monotonic, ts-src-eof)
cap dqbuf: 1 seq:   2233 bytesused: 10506240 ts: 1964.153684 delta: 33.332 ms delta now: +33.795 ms fps: 30.00 (ts-monotonic, ts-src-eof)
cap dqbuf: 2 seq:   2234 bytesused: 10506240 ts: 1964.187018 delta: 33.334 ms delta now: +33.795 ms fps: 30.00 (ts-monotonic, ts-src-eof)
cap dqbuf: 3 seq:   2235 bytesused: 10506240 ts: 1964.220351 delta: 33.333 ms delta now: +33.797 ms fps: 30.00 (ts-monotonic, ts-src-eof)
cap dqbuf: 0 seq:   2236 bytesused: 10506240 ts: 1964.253684 delta: 33.333 ms delta now: +33.933 ms fps: 30.00 (ts-monotonic, ts-src-eof)
cap dqbuf: 1 seq:   2237 bytesused: 10506240 ts: 1964.287018 delta: 33.334 ms delta now: +33.793 ms fps: 30.00 (ts-monotonic, ts-src-eof)
cap dqbuf: 2 seq:   2238 bytesused: 10506240 ts: 1964.320351 delta: 33.333 ms delta now: +34.022 ms fps: 30.00 (ts-monotonic, ts-src-eof)
cap dqbuf: 3 seq:   2239 bytesused: 10506240 ts: 1964.353684 delta: 33.333 ms delta now: +33.947 ms fps: 30.00 (ts-monotonic, ts-src-eof)
cap dqbuf: 0 seq:   2240 bytesused: 10506240 ts: 1964.387018 delta: 33.334 ms delta now: +33.794 ms fps: 30.00 (ts-monotonic, ts-src-eof)
cap dqbuf: 1 seq:   2241 bytesused: 10506240 ts: 1964.420351 delta: 33.333 ms delta now: +33.944 ms fps: 30.00 (ts-monotonic, ts-src-eof)
cap dqbuf: 2 seq:   2242 bytesused: 10506240 ts: 1964.453685 delta: 33.334 ms delta now: +33.817 ms fps: 30.00 (ts-monotonic, ts-src-eof)
cap dqbuf: 3 seq:   2243 bytesused: 10506240 ts: 1964.487018 delta: 33.333 ms delta now: +33.946 ms fps: 30.00 (ts-monotonic, ts-src-eof)
cap dqbuf: 0 seq:   2244 bytesused: 10506240 ts: 1964.520352 delta: 33.334 ms delta now: +33.813 ms fps: 30.00 (ts-monotonic, ts-src-eof)
cap dqbuf: 1 seq:   2245 bytesused: 10506240 ts: 1964.553685 delta: 33.333 ms delta now: +33.793 ms fps: 30.00 (ts-monotonic, ts-src-eof)
cap dqbuf: 2 seq:   2246 bytesused: 10506240 ts: 1964.587017 delta: 33.332 ms delta now: +33.949 ms fps: 30.00 (ts-monotonic, ts-src-eof)
cap dqbuf: 3 seq:   2247 bytesused: 10506240 ts: 1964.620352 delta: 33.335 ms delta now: +33.810 ms fps: 30.00 (ts-monotonic, ts-src-eof)
cap dqbuf: 0 seq:   2248 bytesused: 10506240 ts: 1964.653684 delta: 33.332 ms delta now: +33.793 ms fps: 30.00 (ts-monotonic, ts-src-eof)
cap dqbuf: 1 seq:   2249 bytesused: 10506240 ts: 1964.687017 delta: 33.333 ms delta now: +33.823 ms fps: 30.00 (ts-monotonic, ts-src-eof)
cap dqbuf: 2 seq:   2250 bytesused: 10506240 ts: 1964.720352 delta: 33.335 ms delta now: +33.932 ms fps: 30.00 (ts-monotonic, ts-src-eof)
cap dqbuf: 3 seq:   2251 bytesused: 10506240 ts: 1964.753685 delta: 33.333 ms delta now: +33.800 ms fps: 30.00 (ts-monotonic, ts-src-eof)
cap dqbuf: 0 seq:   2252 bytesused: 10506240 ts: 1964.787018 delta: 33.333 ms delta now: +33.931 ms fps: 30.00 (ts-monotonic, ts-src-eof)
cap dqbuf: 1 seq:   2253 bytesused: 10506240 ts: 1964.820352 delta: 33.334 ms delta now: +33.820 ms fps: 30.00 (ts-monotonic, ts-src-eof)
cap dqbuf: 2 seq:   2254 bytesused: 10506240 ts: 1964.853684 delta: 33.332 ms delta now: +33.793 ms fps: 30.00 (ts-monotonic, ts-src-eof)
cap dqbuf: 3 seq:   2255 bytesused: 10506240 ts: 1964.887018 delta: 33.334 ms delta now: +33.922 ms fps: 30.00 (ts-monotonic, ts-src-eof)
cap dqbuf: 0 seq:   2256 bytesused: 10506240 ts: 1964.920351 delta: 33.333 ms delta now: +33.821 ms fps: 30.00 (ts-monotonic, ts-src-eof)
cap dqbuf: 1 seq:   2257 bytesused: 10506240 ts: 1964.953685 delta: 33.334 ms delta now: +33.791 ms fps: 30.00 (ts-monotonic, ts-src-eof)
cap dqbuf: 2 seq:   2258 bytesused: 10506240 ts: 1964.987018 delta: 33.333 ms delta now: +33.941 ms fps: 30.00 (ts-monotonic, ts-src-eof)
cap dqbuf: 3 seq:   2259 bytesused: 10506240 ts: 1965.020352 delta: 33.334 ms delta now: +33.793 ms fps: 30.00 (ts-monotonic, ts-src-eof)
cap dqbuf: 0 seq:   2260 bytesused: 10506240 ts: 1965.053684 delta: 33.332 ms delta now: +33.808 ms fps: 30.00 (ts-monotonic, ts-src-eof)
cap dqbuf: 1 seq:   2261 bytesused: 10506240 ts: 1965.087018 delta: 33.334 ms delta now: +33.954 ms fps: 30.00 (ts-monotonic, ts-src-eof)
cap dqbuf: 2 seq:   2262 bytesused: 10506240 ts: 1965.120352 delta: 33.334 ms delta now: +33.796 ms fps: 30.00 (ts-monotonic, ts-src-eof)
cap dqbuf: 3 seq:   2263 bytesused: 10506240 ts: 1965.153684 delta: 33.332 ms delta now: +33.798 ms fps: 30.00 (ts-monotonic, ts-src-eof)
cap dqbuf: 0 seq:   2264 bytesused: 10506240 ts: 1965.187018 delta: 33.334 ms delta now: +33.791 ms fps: 30.00 (ts-monotonic, ts-src-eof)
cap dqbuf: 1 seq:   2265 bytesused: 10506240 ts: 1965.220351 delta: 33.333 ms delta now: +33.816 ms fps: 30.00 (ts-monotonic, ts-src-eof)
cap dqbuf: 2 seq:   2266 bytesused: 10506240 ts: 1965.253685 delta: 33.334 ms delta now: +33.794 ms fps: 30.00 (ts-monotonic, ts-src-eof)
cap dqbuf: 3 seq:   2267 bytesused: 10506240 ts: 1965.287017 delta: 33.332 ms delta now: +33.934 ms fps: 30.00 (ts-monotonic, ts-src-eof)
cap dqbuf: 0 seq:   2268 bytesused: 10506240 ts: 1965.320352 delta: 33.335 ms delta now: +33.793 ms fps: 30.00 (ts-monotonic, ts-src-eof)
cap dqbuf: 1 seq:   2269 bytesused: 10506240 ts: 1965.353684 delta: 33.332 ms delta now: +33.794 ms fps: 30.00 (ts-monotonic, ts-src-eof)
cap dqbuf: 2 seq:   2270 bytesused: 10506240 ts: 1965.387018 delta: 33.334 ms delta now: +33.818 ms fps: 30.00 (ts-monotonic, ts-src-eof)
cap dqbuf: 3 seq:   2271 bytesused: 10506240 ts: 1965.420351 delta: 33.333 ms delta now: +33.795 ms fps: 30.00 (ts-monotonic, ts-src-eof)
cap dqbuf: 0 seq:   2272 bytesused: 10506240 ts: 1965.453684 delta: 33.333 ms delta now: +33.796 ms fps: 30.00 (ts-monotonic, ts-src-eof)
cap dqbuf: 1 seq:   2273 bytesused: 10506240 ts: 1965.487017 delta: 33.333 ms delta now: +33.795 ms fps: 30.00 (ts-monotonic, ts-src-eof)
cap dqbuf: 2 seq:   2274 bytesused: 10506240 ts: 1965.520351 delta: 33.334 ms delta now: +33.795 ms fps: 30.00 (ts-monotonic, ts-src-eof)
cap dqbuf: 3 seq:   2275 bytesused: 10506240 ts: 1965.553684 delta: 33.333 ms delta now: +33.795 ms fps: 30.00 (ts-monotonic, ts-src-eof)
cap dqbuf: 0 seq:   2276 bytesused: 10506240 ts: 1965.587018 delta: 33.334 ms delta now: +33.794 ms fps: 30.00 (ts-monotonic, ts-src-eof)
cap dqbuf: 1 seq:   2277 bytesused: 10506240 ts: 1965.620351 delta: 33.333 ms delta now: +33.942 ms fps: 30.00 (ts-monotonic, ts-src-eof)
cap dqbuf: 2 seq:   2278 bytesused: 10506240 ts: 1965.653685 delta: 33.334 ms delta now: +34.014 ms fps: 30.00 (ts-monotonic, ts-src-eof)
cap dqbuf: 3 seq:   2279 bytesused: 10506240 ts: 1965.687018 delta: 33.333 ms delta now: +33.793 ms fps: 30.00 (ts-monotonic, ts-src-eof)
cap dqbuf: 0 seq:   2280 bytesused: 10506240 ts: 1965.720351 delta: 33.333 ms delta now: +33.795 ms fps: 30.00 (ts-monotonic, ts-src-eof)
cap dqbuf: 1 seq:   2281 bytesused: 10506240 ts: 1965.753684 delta: 33.333 ms delta now: +34.043 ms fps: 30.00 (ts-monotonic, ts-src-eof)
cap dqbuf: 2 seq:   2282 bytesused: 10506240 ts: 1965.787019 delta: 33.335 ms delta now: +33.793 ms fps: 30.00 (ts-monotonic, ts-src-eof)
cap dqbuf: 3 seq:   2283 bytesused: 10506240 ts: 1965.820351 delta: 33.332 ms delta now: +33.960 ms fps: 30.00 (ts-monotonic, ts-src-eof)
cap dqbuf: 0 seq:   2284 bytesused: 10506240 ts: 1965.853685 delta: 33.334 ms delta now: +33.957 ms fps: 30.00 (ts-monotonic, ts-src-eof)
cap dqbuf: 1 seq:   2285 bytesused: 10506240 ts: 1965.887018 delta: 33.333 ms delta now: +33.792 ms fps: 30.00 (ts-monotonic, ts-src-eof)
cap dqbuf: 2 seq:   2286 bytesused: 10506240 ts: 1965.920351 delta: 33.333 ms delta now: +33.794 ms fps: 30.00 (ts-monotonic, ts-src-eof)
cap dqbuf: 3 seq:   2287 bytesused: 10506240 ts: 1965.953684 delta: 33.333 ms delta now: +33.794 ms fps: 30.00 (ts-monotonic, ts-src-eof)
cap dqbuf: 0 seq:   2288 bytesused: 10506240 ts: 1965.987018 delta: 33.334 ms delta now: +34.027 ms fps: 30.00 (ts-monotonic, ts-src-eof)
cap dqbuf: 1 seq:   2289 bytesused: 10506240 ts: 1966.020352 delta: 33.334 ms delta now: +33.792 ms fps: 30.00 (ts-monotonic, ts-src-eof)
cap dqbuf: 2 seq:   2290 bytesused: 10506240 ts: 1966.053684 delta: 33.332 ms delta now: +33.988 ms fps: 30.00 (ts-monotonic, ts-src-eof)
cap dqbuf: 3 seq:   2291 bytesused: 10506240 ts: 1966.087018 delta: 33.334 ms delta now: +33.799 ms fps: 30.00 (ts-monotonic, ts-src-eof)
cap dqbuf: 0 seq:   2292 bytesused: 10506240 ts: 1966.120351 delta: 33.333 ms delta now: +33.795 ms fps: 30.00 (ts-monotonic, ts-src-eof)
cap dqbuf: 1 seq:   2293 bytesused: 10506240 ts: 1966.153684 delta: 33.333 ms delta now: +33.822 ms fps: 30.00 (ts-monotonic, ts-src-eof)
cap dqbuf: 2 seq:   2294 bytesused: 10506240 ts: 1966.187018 delta: 33.334 ms delta now: +33.793 ms fps: 30.00 (ts-monotonic, ts-src-eof)
cap dqbuf: 3 seq:   2295 bytesused: 10506240 ts: 1966.220351 delta: 33.333 ms delta now: +33.792 ms fps: 30.00 (ts-monotonic, ts-src-eof)
cap dqbuf: 0 seq:   2296 bytesused: 10506240 ts: 1966.253684 delta: 33.333 ms delta now: +33.941 ms fps: 30.00 (ts-monotonic, ts-src-eof)
cap dqbuf: 1 seq:   2297 bytesused: 10506240 ts: 1966.287018 delta: 33.334 ms delta now: +33.792 ms fps: 30.00 (ts-monotonic, ts-src-eof)
cap dqbuf: 2 seq:   2298 bytesused: 10506240 ts: 1966.320351 delta: 33.333 ms delta now: +33.961 ms fps: 30.00 (ts-monotonic, ts-src-eof)
cap dqbuf: 3 seq:   2299 bytesused: 10506240 ts: 1966.353685 delta: 33.334 ms delta now: +33.794 ms fps: 30.00 (ts-monotonic, ts-src-eof)
cap dqbuf: 0 seq:   2300 bytesused: 10506240 ts: 1966.387018 delta: 33.333 ms delta now: +33.930 ms fps: 30.00 (ts-monotonic, ts-src-eof)
cap dqbuf: 1 seq:   2301 bytesused: 10506240 ts: 1966.420352 delta: 33.334 ms delta now: +33.791 ms fps: 30.00 (ts-monotonic, ts-src-eof)
cap dqbuf: 2 seq:   2302 bytesused: 10506240 ts: 1966.453684 delta: 33.332 ms delta now: +33.945 ms fps: 30.00 (ts-monotonic, ts-src-eof)
cap dqbuf: 3 seq:   2303 bytesused: 10506240 ts: 1966.487019 delta: 33.335 ms delta now: +33.814 ms fps: 30.00 (ts-monotonic, ts-src-eof)
cap dqbuf: 0 seq:   2304 bytesused: 10506240 ts: 1966.520351 delta: 33.332 ms delta now: +33.793 ms fps: 30.00 (ts-monotonic, ts-src-eof)
cap dqbuf: 1 seq:   2305 bytesused: 10506240 ts: 1966.553684 delta: 33.333 ms delta now: +34.010 ms fps: 30.00 (ts-monotonic, ts-src-eof)
cap dqbuf: 2 seq:   2306 bytesused: 10506240 ts: 1966.587019 delta: 33.335 ms delta now: +33.793 ms fps: 30.00 (ts-monotonic, ts-src-eof)
cap dqbuf: 3 seq:   2307 bytesused: 10506240 ts: 1966.620351 delta: 33.332 ms delta now: +33.792 ms fps: 30.00 (ts-monotonic, ts-src-eof)
cap dqbuf: 0 seq:   2308 bytesused: 10506240 ts: 1966.653684 delta: 33.333 ms delta now: +33.936 ms fps: 30.00 (ts-monotonic, ts-src-eof)
cap dqbuf: 1 seq:   2309 bytesused: 10506240 ts: 1966.687019 delta: 33.335 ms delta now: +33.790 ms fps: 30.00 (ts-monotonic, ts-src-eof)
cap dqbuf: 2 seq:   2310 bytesused: 10506240 ts: 1966.720351 delta: 33.332 ms delta now: +33.938 ms fps: 30.00 (ts-monotonic, ts-src-eof)
cap dqbuf: 3 seq:   2311 bytesused: 10506240 ts: 1966.753685 delta: 33.334 ms delta now: +33.792 ms fps: 30.00 (ts-monotonic, ts-src-eof)
cap dqbuf: 0 seq:   2312 bytesused: 10506240 ts: 1966.787018 delta: 33.333 ms delta now: +33.956 ms fps: 30.00 (ts-monotonic, ts-src-eof)
cap dqbuf: 1 seq:   2313 bytesused: 10506240 ts: 1966.820352 delta: 33.334 ms delta now: +33.792 ms fps: 30.00 (ts-monotonic, ts-src-eof)
cap dqbuf: 2 seq:   2314 bytesused: 10506240 ts: 1966.853684 delta: 33.332 ms delta now: +33.944 ms fps: 30.00 (ts-monotonic, ts-src-eof)
cap dqbuf: 3 seq:   2315 bytesused: 10506240 ts: 1966.887018 delta: 33.334 ms delta now: +34.032 ms fps: 30.00 (ts-monotonic, ts-src-eof)
cap dqbuf: 0 seq:   2316 bytesused: 10506240 ts: 1966.920352 delta: 33.334 ms delta now: +33.793 ms fps: 30.00 (ts-monotonic, ts-src-eof)
cap dqbuf: 1 seq:   2317 bytesused: 10506240 ts: 1966.953684 delta: 33.332 ms delta now: +33.796 ms fps: 30.00 (ts-monotonic, ts-src-eof)
cap dqbuf: 2 seq:   2318 bytesused: 10506240 ts: 1966.987018 delta: 33.334 ms delta now: +33.960 ms fps: 30.00 (ts-monotonic, ts-src-eof)
cap dqbuf: 3 seq:   2319 bytesused: 10506240 ts: 1967.020352 delta: 33.334 ms delta now: +33.932 ms fps: 30.00 (ts-monotonic, ts-src-eof)
cap dqbuf: 0 seq:   2320 bytesused: 10506240 ts: 1967.053685 delta: 33.333 ms delta now: +33.933 ms fps: 30.00 (ts-monotonic, ts-src-eof)
cap dqbuf: 1 seq:   2321 bytesused: 10506240 ts: 1967.087018 delta: 33.333 ms delta now: +33.957 ms fps: 30.00 (ts-monotonic, ts-src-eof)
cap dqbuf: 2 seq:   2322 bytesused: 10506240 ts: 1967.120352 delta: 33.334 ms delta now: +33.793 ms fps: 30.00 (ts-monotonic, ts-src-eof)
cap dqbuf: 3 seq:   2323 bytesused: 10506240 ts: 1967.153684 delta: 33.332 ms delta now: +33.932 ms fps: 30.00 (ts-monotonic, ts-src-eof)
cap dqbuf: 0 seq:   2324 bytesused: 10506240 ts: 1967.187018 delta: 33.334 ms delta now: +33.795 ms fps: 30.00 (ts-monotonic, ts-src-eof)
cap dqbuf: 1 seq:   2325 bytesused: 10506240 ts: 1967.220351 delta: 33.333 ms delta now: +33.815 ms fps: 30.00 (ts-monotonic, ts-src-eof)
cap dqbuf: 2 seq:   2326 bytesused: 10506240 ts: 1967.253685 delta: 33.334 ms delta now: +33.937 ms fps: 30.00 (ts-monotonic, ts-src-eof)
cap dqbuf: 3 seq:   2327 bytesused: 10506240 ts: 1967.287019 delta: 33.334 ms delta now: +33.793 ms fps: 30.00 (ts-monotonic, ts-src-eof)
cap dqbuf: 0 seq:   2328 bytesused: 10506240 ts: 1967.320351 delta: 33.332 ms delta now: +33.795 ms fps: 30.00 (ts-monotonic, ts-src-eof)
cap dqbuf: 1 seq:   2329 bytesused: 10506240 ts: 1967.353684 delta: 33.333 ms delta now: +34.051 ms fps: 30.00 (ts-monotonic, ts-src-eof)
cap dqbuf: 2 seq:   2330 bytesused: 10506240 ts: 1967.387019 delta: 33.335 ms delta now: +33.793 ms fps: 30.00 (ts-monotonic, ts-src-eof)
cap dqbuf: 3 seq:   2331 bytesused: 10506240 ts: 1967.420351 delta: 33.332 ms delta now: +33.941 ms fps: 30.00 (ts-monotonic, ts-src-eof)
cap dqbuf: 0 seq:   2332 bytesused: 10506240 ts: 1967.453685 delta: 33.334 ms delta now: +34.009 ms fps: 30.00 (ts-monotonic, ts-src-eof)
cap dqbuf: 1 seq:   2333 bytesused: 10506240 ts: 1967.487019 delta: 33.334 ms delta now: +33.948 ms fps: 30.00 (ts-monotonic, ts-src-eof)
cap dqbuf: 2 seq:   2334 bytesused: 10506240 ts: 1967.520352 delta: 33.333 ms delta now: +33.936 ms fps: 30.00 (ts-monotonic, ts-src-eof)
cap dqbuf: 3 seq:   2335 bytesused: 10506240 ts: 1967.553685 delta: 33.333 ms delta now: +33.794 ms fps: 30.00 (ts-monotonic, ts-src-eof)
cap dqbuf: 0 seq:   2336 bytesused: 10506240 ts: 1967.587018 delta: 33.333 ms delta now: +34.050 ms fps: 30.00 (ts-monotonic, ts-src-eof)
cap dqbuf: 1 seq:   2337 bytesused: 10506240 ts: 1967.620352 delta: 33.334 ms delta now: +33.794 ms fps: 30.00 (ts-monotonic, ts-src-eof)
cap dqbuf: 2 seq:   2338 bytesused: 10506240 ts: 1967.653685 delta: 33.333 ms delta now: +33.791 ms fps: 30.00 (ts-monotonic, ts-src-eof)
cap dqbuf: 3 seq:   2339 bytesused: 10506240 ts: 1967.687018 delta: 33.333 ms delta now: +33.795 ms fps: 30.00 (ts-monotonic, ts-src-eof)
cap dqbuf: 0 seq:   2340 bytesused: 10506240 ts: 1967.720351 delta: 33.333 ms delta now: +33.793 ms fps: 30.00 (ts-monotonic, ts-src-eof)
cap dqbuf: 1 seq:   2341 bytesused: 10506240 ts: 1967.753684 delta: 33.333 ms delta now: +33.795 ms fps: 30.00 (ts-monotonic, ts-src-eof)
cap dqbuf: 2 seq:   2342 bytesused: 10506240 ts: 1967.787018 delta: 33.334 ms delta now: +33.801 ms fps: 30.00 (ts-monotonic, ts-src-eof)
cap dqbuf: 3 seq:   2343 bytesused: 10506240 ts: 1967.820351 delta: 33.333 ms delta now: +33.946 ms fps: 30.00 (ts-monotonic, ts-src-eof)
cap dqbuf: 0 seq:   2344 bytesused: 10506240 ts: 1967.853685 delta: 33.334 ms delta now: +33.795 ms fps: 30.00 (ts-monotonic, ts-src-eof)
cap dqbuf: 1 seq:   2345 bytesused: 10506240 ts: 1967.887018 delta: 33.333 ms delta now: +33.937 ms fps: 30.00 (ts-monotonic, ts-src-eof)
cap dqbuf: 2 seq:   2346 bytesused: 10506240 ts: 1967.920352 delta: 33.334 ms delta now: +33.810 ms fps: 30.00 (ts-monotonic, ts-src-eof)
cap dqbuf: 3 seq:   2347 bytesused: 10506240 ts: 1967.953684 delta: 33.332 ms delta now: +33.793 ms fps: 30.00 (ts-monotonic, ts-src-eof)
cap dqbuf: 0 seq:   2348 bytesused: 10506240 ts: 1967.987018 delta: 33.334 ms delta now: +33.793 ms fps: 30.00 (ts-monotonic, ts-src-eof)
cap dqbuf: 1 seq:   2349 bytesused: 10506240 ts: 1968.020351 delta: 33.333 ms delta now: +33.795 ms fps: 30.00 (ts-monotonic, ts-src-eof)
cap dqbuf: 2 seq:   2350 bytesused: 10506240 ts: 1968.053685 delta: 33.334 ms delta now: +34.019 ms fps: 30.00 (ts-monotonic, ts-src-eof)
cap dqbuf: 3 seq:   2351 bytesused: 10506240 ts: 1968.087019 delta: 33.334 ms delta now: +33.850 ms fps: 30.00 (ts-monotonic, ts-src-eof)
cap dqbuf: 0 seq:   2352 bytesused: 10506240 ts: 1968.120351 delta: 33.332 ms delta now: +33.796 ms fps: 30.00 (ts-monotonic, ts-src-eof)
cap dqbuf: 1 seq:   2353 bytesused: 10506240 ts: 1968.153684 delta: 33.333 ms delta now: +33.998 ms fps: 30.00 (ts-monotonic, ts-src-eof)
cap dqbuf: 2 seq:   2354 bytesused: 10506240 ts: 1968.187019 delta: 33.335 ms delta now: +34.002 ms fps: 30.00 (ts-monotonic, ts-src-eof)
cap dqbuf: 3 seq:   2355 bytesused: 10506240 ts: 1968.220352 delta: 33.333 ms delta now: +33.790 ms fps: 30.00 (ts-monotonic, ts-src-eof)
cap dqbuf: 0 seq:   2356 bytesused: 10506240 ts: 1968.253685 delta: 33.333 ms delta now: +33.937 ms fps: 30.00 (ts-monotonic, ts-src-eof)
cap dqbuf: 1 seq:   2357 bytesused: 10506240 ts: 1968.287019 delta: 33.334 ms delta now: +33.856 ms fps: 30.00 (ts-monotonic, ts-src-eof)
cap dqbuf: 2 seq:   2358 bytesused: 10506240 ts: 1968.320352 delta: 33.333 ms delta now: +33.793 ms fps: 30.00 (ts-monotonic, ts-src-eof)
cap dqbuf: 3 seq:   2359 bytesused: 10506240 ts: 1968.353685 delta: 33.333 ms delta now: +33.795 ms fps: 30.00 (ts-monotonic, ts-src-eof)
cap dqbuf: 0 seq:   2360 bytesused: 10506240 ts: 1968.387018 delta: 33.333 ms delta now: +33.813 ms fps: 30.00 (ts-monotonic, ts-src-eof)
cap dqbuf: 1 seq:   2361 bytesused: 10506240 ts: 1968.420352 delta: 33.334 ms delta now: +33.790 ms fps: 30.00 (ts-monotonic, ts-src-eof)
cap dqbuf: 2 seq:   2362 bytesused: 10506240 ts: 1968.453685 delta: 33.333 ms delta now: +34.039 ms fps: 30.00 (ts-monotonic, ts-src-eof)
cap dqbuf: 3 seq:   2363 bytesused: 10506240 ts: 1968.487019 delta: 33.334 ms delta now: +33.794 ms fps: 30.00 (ts-monotonic, ts-src-eof)
cap dqbuf: 0 seq:   2364 bytesused: 10506240 ts: 1968.520351 delta: 33.332 ms delta now: +33.791 ms fps: 30.00 (ts-monotonic, ts-src-eof)
cap dqbuf: 1 seq:   2365 bytesused: 10506240 ts: 1968.553685 delta: 33.334 ms delta now: +33.791 ms fps: 30.00 (ts-monotonic, ts-src-eof)
cap dqbuf: 2 seq:   2366 bytesused: 10506240 ts: 1968.587018 delta: 33.333 ms delta now: +33.992 ms fps: 30.00 (ts-monotonic, ts-src-eof)
cap dqbuf: 3 seq:   2367 bytesused: 10506240 ts: 1968.620352 delta: 33.334 ms delta now: +33.792 ms fps: 30.00 (ts-monotonic, ts-src-eof)
cap dqbuf: 0 seq:   2368 bytesused: 10506240 ts: 1968.653684 delta: 33.332 ms delta now: +33.795 ms fps: 30.00 (ts-monotonic, ts-src-eof)
cap dqbuf: 1 seq:   2369 bytesused: 10506240 ts: 1968.687018 delta: 33.334 ms delta now: +33.792 ms fps: 30.00 (ts-monotonic, ts-src-eof)
cap dqbuf: 2 seq:   2370 bytesused: 10506240 ts: 1968.720351 delta: 33.333 ms delta now: +33.792 ms fps: 30.00 (ts-monotonic, ts-src-eof)
cap dqbuf: 3 seq:   2371 bytesused: 10506240 ts: 1968.753684 delta: 33.333 ms delta now: +33.931 ms fps: 30.00 (ts-monotonic, ts-src-eof)
cap dqbuf: 0 seq:   2372 bytesused: 10506240 ts: 1968.787018 delta: 33.334 ms delta now: +34.151 ms fps: 30.00 (ts-monotonic, ts-src-eof)
cap dqbuf: 1 seq:   2373 bytesused: 10506240 ts: 1968.820352 delta: 33.334 ms delta now: +33.797 ms fps: 30.00 (ts-monotonic, ts-src-eof)
cap dqbuf: 2 seq:   2374 bytesused: 10506240 ts: 1968.853684 delta: 33.332 ms delta now: +33.915 ms fps: 30.00 (ts-monotonic, ts-src-eof)
cap dqbuf: 3 seq:   2375 bytesused: 10506240 ts: 1968.887018 delta: 33.334 ms delta now: +33.933 ms fps: 30.00 (ts-monotonic, ts-src-eof)
cap dqbuf: 0 seq:   2376 bytesused: 10506240 ts: 1968.920352 delta: 33.334 ms delta now: +33.952 ms fps: 30.00 (ts-monotonic, ts-src-eof)
cap dqbuf: 1 seq:   2377 bytesused: 10506240 ts: 1968.953685 delta: 33.333 ms delta now: +33.938 ms fps: 30.00 (ts-monotonic, ts-src-eof)
cap dqbuf: 2 seq:   2378 bytesused: 10506240 ts: 1968.987019 delta: 33.334 ms delta now: +33.936 ms fps: 30.00 (ts-monotonic, ts-src-eof)
cap dqbuf: 3 seq:   2379 bytesused: 10506240 ts: 1969.020352 delta: 33.333 ms delta now: +33.791 ms fps: 30.00 (ts-monotonic, ts-src-eof)
cap dqbuf: 0 seq:   2380 bytesused: 10506240 ts: 1969.053685 delta: 33.333 ms delta now: +33.947 ms fps: 30.00 (ts-monotonic, ts-src-eof)
cap dqbuf: 1 seq:   2381 bytesused: 10506240 ts: 1969.087019 delta: 33.334 ms delta now: +33.943 ms fps: 30.00 (ts-monotonic, ts-src-eof)
cap dqbuf: 2 seq:   2382 bytesused: 10506240 ts: 1969.120352 delta: 33.333 ms delta now: +33.795 ms fps: 30.00 (ts-monotonic, ts-src-eof)
cap dqbuf: 3 seq:   2383 bytesused: 10506240 ts: 1969.153685 delta: 33.333 ms delta now: +33.793 ms fps: 30.00 (ts-monotonic, ts-src-eof)
cap dqbuf: 0 seq:   2384 bytesused: 10506240 ts: 1969.187018 delta: 33.333 ms delta now: +33.792 ms fps: 30.00 (ts-monotonic, ts-src-eof)
cap dqbuf: 1 seq:   2385 bytesused: 10506240 ts: 1969.220351 delta: 33.333 ms delta now: +33.795 ms fps: 30.00 (ts-monotonic, ts-src-eof)
cap dqbuf: 2 seq:   2386 bytesused: 10506240 ts: 1969.253685 delta: 33.334 ms delta now: +33.934 ms fps: 30.00 (ts-monotonic, ts-src-eof)
cap dqbuf: 3 seq:   2387 bytesused: 10506240 ts: 1969.287019 delta: 33.334 ms delta now: +33.936 ms fps: 30.00 (ts-monotonic, ts-src-eof)
cap dqbuf: 0 seq:   2388 bytesused: 10506240 ts: 1969.320352 delta: 33.333 ms delta now: +33.947 ms fps: 30.00 (ts-monotonic, ts-src-eof)
cap dqbuf: 1 seq:   2389 bytesused: 10506240 ts: 1969.353685 delta: 33.333 ms delta now: +33.941 ms fps: 30.00 (ts-monotonic, ts-src-eof)
cap dqbuf: 2 seq:   2390 bytesused: 10506240 ts: 1969.387019 delta: 33.334 ms delta now: +33.935 ms fps: 30.00 (ts-monotonic, ts-src-eof)
cap dqbuf: 3 seq:   2391 bytesused: 10506240 ts: 1969.420352 delta: 33.333 ms delta now: +33.821 ms fps: 30.00 (ts-monotonic, ts-src-eof)
cap dqbuf: 0 seq:   2392 bytesused: 10506240 ts: 1969.453685 delta: 33.333 ms delta now: +33.795 ms fps: 30.00 (ts-monotonic, ts-src-eof)
cap dqbuf: 1 seq:   2393 bytesused: 10506240 ts: 1969.487018 delta: 33.333 ms delta now: +33.941 ms fps: 30.00 (ts-monotonic, ts-src-eof)
cap dqbuf: 2 seq:   2394 bytesused: 10506240 ts: 1969.520352 delta: 33.334 ms delta now: +33.793 ms fps: 30.00 (ts-monotonic, ts-src-eof)
cap dqbuf: 3 seq:   2395 bytesused: 10506240 ts: 1969.553685 delta: 33.333 ms delta now: +34.031 ms fps: 30.00 (ts-monotonic, ts-src-eof)
cap dqbuf: 0 seq:   2396 bytesused: 10506240 ts: 1969.587019 delta: 33.334 ms delta now: +33.941 ms fps: 30.00 (ts-monotonic, ts-src-eof)
cap dqbuf: 1 seq:   2397 bytesused: 10506240 ts: 1969.620352 delta: 33.333 ms delta now: +33.945 ms fps: 30.00 (ts-monotonic, ts-src-eof)
cap dqbuf: 2 seq:   2398 bytesused: 10506240 ts: 1969.653685 delta: 33.333 ms delta now: +33.953 ms fps: 30.00 (ts-monotonic, ts-src-eof)
cap dqbuf: 3 seq:   2399 bytesused: 10506240 ts: 1969.687018 delta: 33.333 ms delta now: +33.791 ms fps: 30.00 (ts-monotonic, ts-src-eof)
cap dqbuf: 0 seq:   2400 bytesused: 10506240 ts: 1969.720351 delta: 33.333 ms delta now: +33.790 ms fps: 30.00 (ts-monotonic, ts-src-eof)
cap dqbuf: 1 seq:   2401 bytesused: 10506240 ts: 1969.753685 delta: 33.334 ms delta now: +33.790 ms fps: 30.00 (ts-monotonic, ts-src-eof)
cap dqbuf: 2 seq:   2402 bytesused: 10506240 ts: 1969.787018 delta: 33.333 ms delta now: +33.790 ms fps: 30.00 (ts-monotonic, ts-src-eof)
cap dqbuf: 3 seq:   2403 bytesused: 10506240 ts: 1969.820351 delta: 33.333 ms delta now: +33.936 ms fps: 30.00 (ts-monotonic, ts-src-eof)
cap dqbuf: 0 seq:   2404 bytesused: 10506240 ts: 1969.853685 delta: 33.334 ms delta now: +33.944 ms fps: 30.00 (ts-monotonic, ts-src-eof)
cap dqbuf: 1 seq:   2405 bytesused: 10506240 ts: 1969.887019 delta: 33.334 ms delta now: +33.791 ms fps: 30.00 (ts-monotonic, ts-src-eof)
cap dqbuf: 2 seq:   2406 bytesused: 10506240 ts: 1969.920351 delta: 33.332 ms delta now: +33.792 ms fps: 30.00 (ts-monotonic, ts-src-eof)
cap dqbuf: 3 seq:   2407 bytesused: 10506240 ts: 1969.953685 delta: 33.334 ms delta now: +34.005 ms fps: 30.00 (ts-monotonic, ts-src-eof)
cap dqbuf: 0 seq:   2408 bytesused: 10506240 ts: 1969.987019 delta: 33.334 ms delta now: +33.793 ms fps: 30.00 (ts-monotonic, ts-src-eof)
cap dqbuf: 1 seq:   2409 bytesused: 10506240 ts: 1970.020352 delta: 33.333 ms delta now: +33.932 ms fps: 30.00 (ts-monotonic, ts-src-eof)
cap dqbuf: 2 seq:   2410 bytesused: 10506240 ts: 1970.053686 delta: 33.334 ms delta now: +34.053 ms fps: 30.00 (ts-monotonic, ts-src-eof)
cap dqbuf: 3 seq:   2411 bytesused: 10506240 ts: 1970.087019 delta: 33.333 ms delta now: +33.798 ms fps: 30.00 (ts-monotonic, ts-src-eof)
cap dqbuf: 0 seq:   2412 bytesused: 10506240 ts: 1970.120351 delta: 33.332 ms delta now: +33.940 ms fps: 30.00 (ts-monotonic, ts-src-eof)
cap dqbuf: 1 seq:   2413 bytesused: 10506240 ts: 1970.153686 delta: 33.335 ms delta now: +34.103 ms fps: 30.00 (ts-monotonic, ts-src-eof)
cap dqbuf: 2 seq:   2414 bytesused: 10506240 ts: 1970.187019 delta: 33.333 ms delta now: +33.937 ms fps: 30.00 (ts-monotonic, ts-src-eof)
cap dqbuf: 3 seq:   2415 bytesused: 10506240 ts: 1970.220352 delta: 33.333 ms delta now: +33.944 ms fps: 30.00 (ts-monotonic, ts-src-eof)
cap dqbuf: 0 seq:   2416 bytesused: 10506240 ts: 1970.253685 delta: 33.333 ms delta now: +33.792 ms fps: 30.00 (ts-monotonic, ts-src-eof)
cap dqbuf: 1 seq:   2417 bytesused: 10506240 ts: 1970.287018 delta: 33.333 ms delta now: +33.940 ms fps: 30.00 (ts-monotonic, ts-src-eof)
cap dqbuf: 2 seq:   2418 bytesused: 10506240 ts: 1970.320352 delta: 33.334 ms delta now: +33.791 ms fps: 30.00 (ts-monotonic, ts-src-eof)
cap dqbuf: 3 seq:   2419 bytesused: 10506240 ts: 1970.353685 delta: 33.333 ms delta now: +33.945 ms fps: 30.00 (ts-monotonic, ts-src-eof)
cap dqbuf: 0 seq:   2420 bytesused: 10506240 ts: 1970.387019 delta: 33.334 ms delta now: +33.794 ms fps: 30.00 (ts-monotonic, ts-src-eof)
cap dqbuf: 1 seq:   2421 bytesused: 10506240 ts: 1970.420351 delta: 33.332 ms delta now: +33.794 ms fps: 30.00 (ts-monotonic, ts-src-eof)
cap dqbuf: 2 seq:   2422 bytesused: 10506240 ts: 1970.453685 delta: 33.334 ms delta now: +33.933 ms fps: 30.00 (ts-monotonic, ts-src-eof)
cap dqbuf: 3 seq:   2423 bytesused: 10506240 ts: 1970.487019 delta: 33.334 ms delta now: +33.941 ms fps: 30.00 (ts-monotonic, ts-src-eof)
cap dqbuf: 0 seq:   2424 bytesused: 10506240 ts: 1970.520352 delta: 33.333 ms delta now: +33.935 ms fps: 30.00 (ts-monotonic, ts-src-eof)
cap dqbuf: 1 seq:   2425 bytesused: 10506240 ts: 1970.553685 delta: 33.333 ms delta now: +33.795 ms fps: 30.00 (ts-monotonic, ts-src-eof)
cap dqbuf: 2 seq:   2426 bytesused: 10506240 ts: 1970.587018 delta: 33.333 ms delta now: +34.004 ms fps: 30.00 (ts-monotonic, ts-src-eof)
cap dqbuf: 3 seq:   2427 bytesused: 10506240 ts: 1970.620352 delta: 33.334 ms delta now: +33.793 ms fps: 30.00 (ts-monotonic, ts-src-eof)
cap dqbuf: 0 seq:   2428 bytesused: 10506240 ts: 1970.653685 delta: 33.333 ms delta now: +33.944 ms fps: 30.00 (ts-monotonic, ts-src-eof)
cap dqbuf: 1 seq:   2429 bytesused: 10506240 ts: 1970.687019 delta: 33.334 ms delta now: +33.825 ms fps: 30.00 (ts-monotonic, ts-src-eof)
cap dqbuf: 2 seq:   2430 bytesused: 10506240 ts: 1970.720352 delta: 33.333 ms delta now: +33.792 ms fps: 30.00 (ts-monotonic, ts-src-eof)
cap dqbuf: 3 seq:   2431 bytesused: 10506240 ts: 1970.753685 delta: 33.333 ms delta now: +33.790 ms fps: 30.00 (ts-monotonic, ts-src-eof)
cap dqbuf: 0 seq:   2432 bytesused: 10506240 ts: 1970.787018 delta: 33.333 ms delta now: +33.934 ms fps: 30.00 (ts-monotonic, ts-src-eof)
cap dqbuf: 1 seq:   2433 bytesused: 10506240 ts: 1970.820352 delta: 33.334 ms delta now: +33.792 ms fps: 30.00 (ts-monotonic, ts-src-eof)
cap dqbuf: 2 seq:   2434 bytesused: 10506240 ts: 1970.853685 delta: 33.333 ms delta now: +33.938 ms fps: 30.00 (ts-monotonic, ts-src-eof)
cap dqbuf: 3 seq:   2435 bytesused: 10506240 ts: 1970.887019 delta: 33.334 ms delta now: +33.790 ms fps: 30.00 (ts-monotonic, ts-src-eof)
cap dqbuf: 0 seq:   2436 bytesused: 10506240 ts: 1970.920351 delta: 33.332 ms delta now: +33.816 ms fps: 30.00 (ts-monotonic, ts-src-eof)
cap dqbuf: 1 seq:   2437 bytesused: 10506240 ts: 1970.953686 delta: 33.335 ms delta now: +33.814 ms fps: 30.00 (ts-monotonic, ts-src-eof)
cap dqbuf: 2 seq:   2438 bytesused: 10506240 ts: 1970.987019 delta: 33.333 ms delta now: +33.793 ms fps: 30.00 (ts-monotonic, ts-src-eof)
cap dqbuf: 3 seq:   2439 bytesused: 10506240 ts: 1971.020352 delta: 33.333 ms delta now: +33.799 ms fps: 30.00 (ts-monotonic, ts-src-eof)
cap dqbuf: 0 seq:   2440 bytesused: 10506240 ts: 1971.053685 delta: 33.333 ms delta now: +33.979 ms fps: 30.00 (ts-monotonic, ts-src-eof)
cap dqbuf: 1 seq:   2441 bytesused: 10506240 ts: 1971.087019 delta: 33.334 ms delta now: +33.801 ms fps: 30.00 (ts-monotonic, ts-src-eof)
cap dqbuf: 2 seq:   2442 bytesused: 10506240 ts: 1971.120351 delta: 33.332 ms delta now: +33.915 ms fps: 30.00 (ts-monotonic, ts-src-eof)
cap dqbuf: 3 seq:   2443 bytesused: 10506240 ts: 1971.153685 delta: 33.334 ms delta now: +33.793 ms fps: 30.00 (ts-monotonic, ts-src-eof)
cap dqbuf: 0 seq:   2444 bytesused: 10506240 ts: 1971.187018 delta: 33.333 ms delta now: +33.793 ms fps: 30.00 (ts-monotonic, ts-src-eof)
cap dqbuf: 1 seq:   2445 bytesused: 10506240 ts: 1971.220351 delta: 33.333 ms delta now: +33.940 ms fps: 30.00 (ts-monotonic, ts-src-eof)
cap dqbuf: 2 seq:   2446 bytesused: 10506240 ts: 1971.253685 delta: 33.334 ms delta now: +33.793 ms fps: 30.00 (ts-monotonic, ts-src-eof)
cap dqbuf: 3 seq:   2447 bytesused: 10506240 ts: 1971.287018 delta: 33.333 ms delta now: +34.004 ms fps: 30.00 (ts-monotonic, ts-src-eof)
cap dqbuf: 0 seq:   2448 bytesused: 10506240 ts: 1971.320352 delta: 33.334 ms delta now: +33.790 ms fps: 30.00 (ts-monotonic, ts-src-eof)
cap dqbuf: 1 seq:   2449 bytesused: 10506240 ts: 1971.353685 delta: 33.333 ms delta now: +34.041 ms fps: 30.00 (ts-monotonic, ts-src-eof)
cap dqbuf: 2 seq:   2450 bytesused: 10506240 ts: 1971.387019 delta: 33.334 ms delta now: +33.790 ms fps: 30.00 (ts-monotonic, ts-src-eof)
cap dqbuf: 3 seq:   2451 bytesused: 10506240 ts: 1971.420351 delta: 33.332 ms delta now: +33.953 ms fps: 30.00 (ts-monotonic, ts-src-eof)
cap dqbuf: 0 seq:   2452 bytesused: 10506240 ts: 1971.453686 delta: 33.335 ms delta now: +33.943 ms fps: 30.00 (ts-monotonic, ts-src-eof)
cap dqbuf: 1 seq:   2453 bytesused: 10506240 ts: 1971.487019 delta: 33.333 ms delta now: +33.794 ms fps: 30.00 (ts-monotonic, ts-src-eof)
cap dqbuf: 2 seq:   2454 bytesused: 10506240 ts: 1971.520351 delta: 33.332 ms delta now: +33.794 ms fps: 30.00 (ts-monotonic, ts-src-eof)
cap dqbuf: 3 seq:   2455 bytesused: 10506240 ts: 1971.553685 delta: 33.334 ms delta now: +33.988 ms fps: 30.00 (ts-monotonic, ts-src-eof)
cap dqbuf: 0 seq:   2456 bytesused: 10506240 ts: 1971.587019 delta: 33.334 ms delta now: +33.941 ms fps: 30.00 (ts-monotonic, ts-src-eof)
cap dqbuf: 1 seq:   2457 bytesused: 10506240 ts: 1971.620352 delta: 33.333 ms delta now: +33.792 ms fps: 30.00 (ts-monotonic, ts-src-eof)
cap dqbuf: 2 seq:   2458 bytesused: 10506240 ts: 1971.653685 delta: 33.333 ms delta now: +33.954 ms fps: 30.00 (ts-monotonic, ts-src-eof)
cap dqbuf: 3 seq:   2459 bytesused: 10506240 ts: 1971.687019 delta: 33.334 ms delta now: +33.944 ms fps: 30.00 (ts-monotonic, ts-src-eof)
cap dqbuf: 0 seq:   2460 bytesused: 10506240 ts: 1971.720352 delta: 33.333 ms delta now: +33.936 ms fps: 30.00 (ts-monotonic, ts-src-eof)
cap dqbuf: 1 seq:   2461 bytesused: 10506240 ts: 1971.753686 delta: 33.334 ms delta now: +33.804 ms fps: 30.00 (ts-monotonic, ts-src-eof)
cap dqbuf: 2 seq:   2462 bytesused: 10506240 ts: 1971.787018 delta: 33.332 ms delta now: +33.948 ms fps: 30.00 (ts-monotonic, ts-src-eof)
cap dqbuf: 3 seq:   2463 bytesused: 10506240 ts: 1971.820352 delta: 33.334 ms delta now: +34.034 ms fps: 30.00 (ts-monotonic, ts-src-eof)
cap dqbuf: 0 seq:   2464 bytesused: 10506240 ts: 1971.853686 delta: 33.334 ms delta now: +33.792 ms fps: 30.00 (ts-monotonic, ts-src-eof)
cap dqbuf: 1 seq:   2465 bytesused: 10506240 ts: 1971.887018 delta: 33.332 ms delta now: +33.813 ms fps: 30.00 (ts-monotonic, ts-src-eof)
cap dqbuf: 2 seq:   2466 bytesused: 10506240 ts: 1971.920352 delta: 33.334 ms delta now: +33.929 ms fps: 30.00 (ts-monotonic, ts-src-eof)
cap dqbuf: 3 seq:   2467 bytesused: 10506240 ts: 1971.953686 delta: 33.334 ms delta now: +33.794 ms fps: 30.00 (ts-monotonic, ts-src-eof)
cap dqbuf: 0 seq:   2468 bytesused: 10506240 ts: 1971.987018 delta: 33.332 ms delta now: +33.795 ms fps: 30.00 (ts-monotonic, ts-src-eof)
cap dqbuf: 1 seq:   2469 bytesused: 10506240 ts: 1972.020352 delta: 33.334 ms delta now: +33.992 ms fps: 30.00 (ts-monotonic, ts-src-eof)
cap dqbuf: 2 seq:   2470 bytesused: 10506240 ts: 1972.053686 delta: 33.334 ms delta now: +33.954 ms fps: 30.00 (ts-monotonic, ts-src-eof)
cap dqbuf: 3 seq:   2471 bytesused: 10506240 ts: 1972.087019 delta: 33.333 ms delta now: +33.819 ms fps: 30.00 (ts-monotonic, ts-src-eof)
cap dqbuf: 0 seq:   2472 bytesused: 10506240 ts: 1972.120352 delta: 33.333 ms delta now: +33.814 ms fps: 30.00 (ts-monotonic, ts-src-eof)
cap dqbuf: 1 seq:   2473 bytesused: 10506240 ts: 1972.153686 delta: 33.334 ms delta now: +33.803 ms fps: 30.00 (ts-monotonic, ts-src-eof)
cap dqbuf: 2 seq:   2474 bytesused: 10506240 ts: 1972.187018 delta: 33.332 ms delta now: +33.961 ms fps: 30.00 (ts-monotonic, ts-src-eof)
cap dqbuf: 3 seq:   2475 bytesused: 10506240 ts: 1972.220352 delta: 33.334 ms delta now: +33.799 ms fps: 30.00 (ts-monotonic, ts-src-eof)
cap dqbuf: 0 seq:   2476 bytesused: 10506240 ts: 1972.253685 delta: 33.333 ms delta now: +33.969 ms fps: 30.00 (ts-monotonic, ts-src-eof)
cap dqbuf: 1 seq:   2477 bytesused: 10506240 ts: 1972.287019 delta: 33.334 ms delta now: +33.995 ms fps: 30.00 (ts-monotonic, ts-src-eof)
cap dqbuf: 2 seq:   2478 bytesused: 10506240 ts: 1972.320353 delta: 33.334 ms delta now: +33.792 ms fps: 30.00 (ts-monotonic, ts-src-eof)
cap dqbuf: 3 seq:   2479 bytesused: 10506240 ts: 1972.353685 delta: 33.332 ms delta now: +34.006 ms fps: 30.00 (ts-monotonic, ts-src-eof)
cap dqbuf: 0 seq:   2480 bytesused: 10506240 ts: 1972.387019 delta: 33.334 ms delta now: +33.792 ms fps: 30.00 (ts-monotonic, ts-src-eof)
cap dqbuf: 1 seq:   2481 bytesused: 10506240 ts: 1972.420352 delta: 33.333 ms delta now: +34.007 ms fps: 30.00 (ts-monotonic, ts-src-eof)
cap dqbuf: 2 seq:   2482 bytesused: 10506240 ts: 1972.453686 delta: 33.334 ms delta now: +33.795 ms fps: 30.00 (ts-monotonic, ts-src-eof)
cap dqbuf: 3 seq:   2483 bytesused: 10506240 ts: 1972.487018 delta: 33.332 ms delta now: +33.938 ms fps: 30.00 (ts-monotonic, ts-src-eof)
cap dqbuf: 0 seq:   2484 bytesused: 10506240 ts: 1972.520352 delta: 33.334 ms delta now: +33.797 ms fps: 30.00 (ts-monotonic, ts-src-eof)
cap dqbuf: 1 seq:   2485 bytesused: 10506240 ts: 1972.553685 delta: 33.333 ms delta now: +33.795 ms fps: 30.00 (ts-monotonic, ts-src-eof)
cap dqbuf: 2 seq:   2486 bytesused: 10506240 ts: 1972.587018 delta: 33.333 ms delta now: +33.794 ms fps: 30.00 (ts-monotonic, ts-src-eof)
cap dqbuf: 3 seq:   2487 bytesused: 10506240 ts: 1972.620352 delta: 33.334 ms delta now: +33.795 ms fps: 30.00 (ts-monotonic, ts-src-eof)
cap dqbuf: 0 seq:   2488 bytesused: 10506240 ts: 1972.653685 delta: 33.333 ms delta now: +33.937 ms fps: 30.00 (ts-monotonic, ts-src-eof)
cap dqbuf: 1 seq:   2489 bytesused: 10506240 ts: 1972.687019 delta: 33.334 ms delta now: +33.792 ms fps: 30.00 (ts-monotonic, ts-src-eof)
cap dqbuf: 2 seq:   2490 bytesused: 10506240 ts: 1972.720352 delta: 33.333 ms delta now: +33.812 ms fps: 30.00 (ts-monotonic, ts-src-eof)
cap dqbuf: 3 seq:   2491 bytesused: 10506240 ts: 1972.753685 delta: 33.333 ms delta now: +34.008 ms fps: 30.00 (ts-monotonic, ts-src-eof)
cap dqbuf: 0 seq:   2492 bytesused: 10506240 ts: 1972.787019 delta: 33.334 ms delta now: +33.937 ms fps: 30.00 (ts-monotonic, ts-src-eof)
cap dqbuf: 1 seq:   2493 bytesused: 10506240 ts: 1972.820352 delta: 33.333 ms delta now: +33.796 ms fps: 30.00 (ts-monotonic, ts-src-eof)
cap dqbuf: 2 seq:   2494 bytesused: 10506240 ts: 1972.853685 delta: 33.333 ms delta now: +33.953 ms fps: 30.00 (ts-monotonic, ts-src-eof)
cap dqbuf: 3 seq:   2495 bytesused: 10506240 ts: 1972.887019 delta: 33.334 ms delta now: +33.792 ms fps: 30.00 (ts-monotonic, ts-src-eof)
cap dqbuf: 0 seq:   2496 bytesused: 10506240 ts: 1972.920352 delta: 33.333 ms delta now: +34.040 ms fps: 30.00 (ts-monotonic, ts-src-eof)
cap dqbuf: 1 seq:   2497 bytesused: 10506240 ts: 1972.953686 delta: 33.334 ms delta now: +33.810 ms fps: 30.00 (ts-monotonic, ts-src-eof)
cap dqbuf: 2 seq:   2498 bytesused: 10506240 ts: 1972.987018 delta: 33.332 ms delta now: +33.800 ms fps: 30.00 (ts-monotonic, ts-src-eof)
cap dqbuf: 3 seq:   2499 bytesused: 10506240 ts: 1973.020352 delta: 33.334 ms delta now: +34.000 ms fps: 30.00 (ts-monotonic, ts-src-eof)
cap dqbuf: 0 seq:   2500 bytesused: 10506240 ts: 1973.053686 delta: 33.334 ms delta now: +33.806 ms fps: 30.00 (ts-monotonic, ts-src-eof)
cap dqbuf: 1 seq:   2501 bytesused: 10506240 ts: 1973.087018 delta: 33.332 ms delta now: +33.800 ms fps: 30.00 (ts-monotonic, ts-src-eof)
cap dqbuf: 2 seq:   2502 bytesused: 10506240 ts: 1973.120352 delta: 33.334 ms delta now: +33.953 ms fps: 30.00 (ts-monotonic, ts-src-eof)
cap dqbuf: 3 seq:   2503 bytesused: 10506240 ts: 1973.153686 delta: 33.334 ms delta now: +33.816 ms fps: 30.00 (ts-monotonic, ts-src-eof)
cap dqbuf: 0 seq:   2504 bytesused: 10506240 ts: 1973.187018 delta: 33.332 ms delta now: +33.984 ms fps: 30.00 (ts-monotonic, ts-src-eof)
cap dqbuf: 1 seq:   2505 bytesused: 10506240 ts: 1973.220352 delta: 33.334 ms delta now: +33.797 ms fps: 30.00 (ts-monotonic, ts-src-eof)
cap dqbuf: 2 seq:   2506 bytesused: 10506240 ts: 1973.253685 delta: 33.333 ms delta now: +33.937 ms fps: 30.00 (ts-monotonic, ts-src-eof)
cap dqbuf: 3 seq:   2507 bytesused: 10506240 ts: 1973.287019 delta: 33.334 ms delta now: +34.024 ms fps: 30.00 (ts-monotonic, ts-src-eof)
cap dqbuf: 0 seq:   2508 bytesused: 10506240 ts: 1973.320352 delta: 33.333 ms delta now: +33.939 ms fps: 30.00 (ts-monotonic, ts-src-eof)
cap dqbuf: 1 seq:   2509 bytesused: 10506240 ts: 1973.353686 delta: 33.334 ms delta now: +33.794 ms fps: 30.00 (ts-monotonic, ts-src-eof)
cap dqbuf: 2 seq:   2510 bytesused: 10506240 ts: 1973.387018 delta: 33.332 ms delta now: +33.792 ms fps: 30.00 (ts-monotonic, ts-src-eof)
cap dqbuf: 3 seq:   2511 bytesused: 10506240 ts: 1973.420352 delta: 33.334 ms delta now: +33.932 ms fps: 30.00 (ts-monotonic, ts-src-eof)
cap dqbuf: 0 seq:   2512 bytesused: 10506240 ts: 1973.453686 delta: 33.334 ms delta now: +33.789 ms fps: 30.00 (ts-monotonic, ts-src-eof)
cap dqbuf: 1 seq:   2513 bytesused: 10506240 ts: 1973.487019 delta: 33.333 ms delta now: +34.002 ms fps: 30.00 (ts-monotonic, ts-src-eof)
cap dqbuf: 2 seq:   2514 bytesused: 10506240 ts: 1973.520353 delta: 33.334 ms delta now: +33.790 ms fps: 30.00 (ts-monotonic, ts-src-eof)
cap dqbuf: 3 seq:   2515 bytesused: 10506240 ts: 1973.553685 delta: 33.332 ms delta now: +33.793 ms fps: 30.00 (ts-monotonic, ts-src-eof)
cap dqbuf: 0 seq:   2516 bytesused: 10506240 ts: 1973.587018 delta: 33.333 ms delta now: +34.004 ms fps: 30.00 (ts-monotonic, ts-src-eof)
cap dqbuf: 1 seq:   2517 bytesused: 10506240 ts: 1973.620352 delta: 33.334 ms delta now: +33.794 ms fps: 30.00 (ts-monotonic, ts-src-eof)
cap dqbuf: 2 seq:   2518 bytesused: 10506240 ts: 1973.653685 delta: 33.333 ms delta now: +33.941 ms fps: 30.00 (ts-monotonic, ts-src-eof)
cap dqbuf: 3 seq:   2519 bytesused: 10506240 ts: 1973.687019 delta: 33.334 ms delta now: +33.795 ms fps: 30.00 (ts-monotonic, ts-src-eof)
cap dqbuf: 0 seq:   2520 bytesused: 10506240 ts: 1973.720352 delta: 33.333 ms delta now: +33.918 ms fps: 30.00 (ts-monotonic, ts-src-eof)
cap dqbuf: 1 seq:   2521 bytesused: 10506240 ts: 1973.753685 delta: 33.333 ms delta now: +33.795 ms fps: 30.00 (ts-monotonic, ts-src-eof)
cap dqbuf: 2 seq:   2522 bytesused: 10506240 ts: 1973.787018 delta: 33.333 ms delta now: +33.794 ms fps: 30.00 (ts-monotonic, ts-src-eof)
cap dqbuf: 3 seq:   2523 bytesused: 10506240 ts: 1973.820352 delta: 33.334 ms delta now: +33.938 ms fps: 30.00 (ts-monotonic, ts-src-eof)
cap dqbuf: 0 seq:   2524 bytesused: 10506240 ts: 1973.853686 delta: 33.334 ms delta now: +33.793 ms fps: 30.00 (ts-monotonic, ts-src-eof)
cap dqbuf: 1 seq:   2525 bytesused: 10506240 ts: 1973.887018 delta: 33.332 ms delta now: +33.791 ms fps: 30.00 (ts-monotonic, ts-src-eof)
cap dqbuf: 2 seq:   2526 bytesused: 10506240 ts: 1973.920352 delta: 33.334 ms delta now: +33.793 ms fps: 30.00 (ts-monotonic, ts-src-eof)
cap dqbuf: 3 seq:   2527 bytesused: 10506240 ts: 1973.953685 delta: 33.333 ms delta now: +33.921 ms fps: 30.00 (ts-monotonic, ts-src-eof)
cap dqbuf: 0 seq:   2528 bytesused: 10506240 ts: 1973.987019 delta: 33.334 ms delta now: +34.022 ms fps: 30.00 (ts-monotonic, ts-src-eof)
cap dqbuf: 1 seq:   2529 bytesused: 10506240 ts: 1974.020353 delta: 33.334 ms delta now: +33.798 ms fps: 30.00 (ts-monotonic, ts-src-eof)
cap dqbuf: 2 seq:   2530 bytesused: 10506240 ts: 1974.053685 delta: 33.332 ms delta now: +33.804 ms fps: 30.00 (ts-monotonic, ts-src-eof)
cap dqbuf: 3 seq:   2531 bytesused: 10506240 ts: 1974.087018 delta: 33.333 ms delta now: +33.829 ms fps: 30.00 (ts-monotonic, ts-src-eof)
cap dqbuf: 0 seq:   2532 bytesused: 10506240 ts: 1974.120353 delta: 33.335 ms delta now: +34.002 ms fps: 30.00 (ts-monotonic, ts-src-eof)
cap dqbuf: 1 seq:   2533 bytesused: 10506240 ts: 1974.153686 delta: 33.333 ms delta now: +33.799 ms fps: 30.00 (ts-monotonic, ts-src-eof)
cap dqbuf: 2 seq:   2534 bytesused: 10506240 ts: 1974.187019 delta: 33.333 ms delta now: +33.952 ms fps: 30.00 (ts-monotonic, ts-src-eof)
cap dqbuf: 3 seq:   2535 bytesused: 10506240 ts: 1974.220353 delta: 33.334 ms delta now: +33.790 ms fps: 30.00 (ts-monotonic, ts-src-eof)
cap dqbuf: 0 seq:   2536 bytesused: 10506240 ts: 1974.253685 delta: 33.332 ms delta now: +33.928 ms fps: 30.00 (ts-monotonic, ts-src-eof)
cap dqbuf: 1 seq:   2537 bytesused: 10506240 ts: 1974.287019 delta: 33.334 ms delta now: +33.790 ms fps: 30.00 (ts-monotonic, ts-src-eof)
cap dqbuf: 2 seq:   2538 bytesused: 10506240 ts: 1974.320352 delta: 33.333 ms delta now: +33.949 ms fps: 30.00 (ts-monotonic, ts-src-eof)
cap dqbuf: 3 seq:   2539 bytesused: 10506240 ts: 1974.353686 delta: 33.334 ms delta now: +33.793 ms fps: 30.00 (ts-monotonic, ts-src-eof)
cap dqbuf: 0 seq:   2540 bytesused: 10506240 ts: 1974.387019 delta: 33.333 ms delta now: +33.938 ms fps: 30.00 (ts-monotonic, ts-src-eof)
cap dqbuf: 1 seq:   2541 bytesused: 10506240 ts: 1974.420353 delta: 33.334 ms delta now: +33.810 ms fps: 30.00 (ts-monotonic, ts-src-eof)
cap dqbuf: 2 seq:   2542 bytesused: 10506240 ts: 1974.453685 delta: 33.332 ms delta now: +33.956 ms fps: 30.00 (ts-monotonic, ts-src-eof)
cap dqbuf: 3 seq:   2543 bytesused: 10506240 ts: 1974.487019 delta: 33.334 ms delta now: +34.072 ms fps: 30.00 (ts-monotonic, ts-src-eof)
cap dqbuf: 0 seq:   2544 bytesused: 10506240 ts: 1974.520353 delta: 33.334 ms delta now: +33.873 ms fps: 30.00 (ts-monotonic, ts-src-eof)
cap dqbuf: 1 seq:   2545 bytesused: 10506240 ts: 1974.553686 delta: 33.333 ms delta now: +33.930 ms fps: 30.00 (ts-monotonic, ts-src-eof)
cap dqbuf: 2 seq:   2546 bytesused: 10506240 ts: 1974.587019 delta: 33.333 ms delta now: +33.832 ms fps: 30.00 (ts-monotonic, ts-src-eof)
cap dqbuf: 3 seq:   2547 bytesused: 10506240 ts: 1974.620352 delta: 33.333 ms delta now: +33.790 ms fps: 30.00 (ts-monotonic, ts-src-eof)
cap dqbuf: 0 seq:   2548 bytesused: 10506240 ts: 1974.653685 delta: 33.333 ms delta now: +34.050 ms fps: 30.00 (ts-monotonic, ts-src-eof)
cap dqbuf: 1 seq:   2549 bytesused: 10506240 ts: 1974.687019 delta: 33.334 ms delta now: +33.825 ms fps: 30.00 (ts-monotonic, ts-src-eof)
cap dqbuf: 2 seq:   2550 bytesused: 10506240 ts: 1974.720352 delta: 33.333 ms delta now: +33.950 ms fps: 30.00 (ts-monotonic, ts-src-eof)
cap dqbuf: 3 seq:   2551 bytesused: 10506240 ts: 1974.753686 delta: 33.334 ms delta now: +33.790 ms fps: 30.00 (ts-monotonic, ts-src-eof)
cap dqbuf: 0 seq:   2552 bytesused: 10506240 ts: 1974.787019 delta: 33.333 ms delta now: +33.943 ms fps: 30.00 (ts-monotonic, ts-src-eof)
cap dqbuf: 1 seq:   2553 bytesused: 10506240 ts: 1974.820353 delta: 33.334 ms delta now: +33.788 ms fps: 30.00 (ts-monotonic, ts-src-eof)
cap dqbuf: 2 seq:   2554 bytesused: 10506240 ts: 1974.853685 delta: 33.332 ms delta now: +33.793 ms fps: 30.00 (ts-monotonic, ts-src-eof)
cap dqbuf: 3 seq:   2555 bytesused: 10506240 ts: 1974.887018 delta: 33.333 ms delta now: +34.003 ms fps: 30.00 (ts-monotonic, ts-src-eof)
cap dqbuf: 0 seq:   2556 bytesused: 10506240 ts: 1974.920353 delta: 33.335 ms delta now: +33.933 ms fps: 30.00 (ts-monotonic, ts-src-eof)
cap dqbuf: 1 seq:   2557 bytesused: 10506240 ts: 1974.953686 delta: 33.333 ms delta now: +33.934 ms fps: 30.00 (ts-monotonic, ts-src-eof)
cap dqbuf: 2 seq:   2558 bytesused: 10506240 ts: 1974.987020 delta: 33.334 ms delta now: +33.794 ms fps: 30.00 (ts-monotonic, ts-src-eof)
cap dqbuf: 3 seq:   2559 bytesused: 10506240 ts: 1975.020352 delta: 33.332 ms delta now: +33.792 ms fps: 30.00 (ts-monotonic, ts-src-eof)
cap dqbuf: 0 seq:   2560 bytesused: 10506240 ts: 1975.053685 delta: 33.333 ms delta now: +34.208 ms fps: 30.00 (ts-monotonic, ts-src-eof)
cap dqbuf: 1 seq:   2561 bytesused: 10506240 ts: 1975.087019 delta: 33.334 ms delta now: +33.952 ms fps: 30.00 (ts-monotonic, ts-src-eof)
cap dqbuf: 2 seq:   2562 bytesused: 10506240 ts: 1975.120353 delta: 33.334 ms delta now: +33.791 ms fps: 30.00 (ts-monotonic, ts-src-eof)
cap dqbuf: 3 seq:   2563 bytesused: 10506240 ts: 1975.153685 delta: 33.332 ms delta now: +33.931 ms fps: 30.00 (ts-monotonic, ts-src-eof)
cap dqbuf: 0 seq:   2564 bytesused: 10506240 ts: 1975.187019 delta: 33.334 ms delta now: +33.793 ms fps: 30.00 (ts-monotonic, ts-src-eof)
cap dqbuf: 1 seq:   2565 bytesused: 10506240 ts: 1975.220352 delta: 33.333 ms delta now: +33.937 ms fps: 30.00 (ts-monotonic, ts-src-eof)
cap dqbuf: 2 seq:   2566 bytesused: 10506240 ts: 1975.253686 delta: 33.334 ms delta now: +33.794 ms fps: 30.00 (ts-monotonic, ts-src-eof)
cap dqbuf: 3 seq:   2567 bytesused: 10506240 ts: 1975.287019 delta: 33.333 ms delta now: +33.799 ms fps: 30.00 (ts-monotonic, ts-src-eof)
cap dqbuf: 0 seq:   2568 bytesused: 10506240 ts: 1975.320352 delta: 33.333 ms delta now: +34.022 ms fps: 30.00 (ts-monotonic, ts-src-eof)
cap dqbuf: 1 seq:   2569 bytesused: 10506240 ts: 1975.353686 delta: 33.334 ms delta now: +34.085 ms fps: 30.00 (ts-monotonic, ts-src-eof)
cap dqbuf: 2 seq:   2570 bytesused: 10506240 ts: 1975.387019 delta: 33.333 ms delta now: +33.939 ms fps: 30.00 (ts-monotonic, ts-src-eof)
cap dqbuf: 3 seq:   2571 bytesused: 10506240 ts: 1975.420353 delta: 33.334 ms delta now: +33.793 ms fps: 30.00 (ts-monotonic, ts-src-eof)
cap dqbuf: 0 seq:   2572 bytesused: 10506240 ts: 1975.453685 delta: 33.332 ms delta now: +33.949 ms fps: 30.00 (ts-monotonic, ts-src-eof)
cap dqbuf: 1 seq:   2573 bytesused: 10506240 ts: 1975.487019 delta: 33.334 ms delta now: +33.940 ms fps: 30.00 (ts-monotonic, ts-src-eof)
cap dqbuf: 2 seq:   2574 bytesused: 10506240 ts: 1975.520353 delta: 33.334 ms delta now: +33.792 ms fps: 30.00 (ts-monotonic, ts-src-eof)
cap dqbuf: 3 seq:   2575 bytesused: 10506240 ts: 1975.553685 delta: 33.332 ms delta now: +33.795 ms fps: 30.00 (ts-monotonic, ts-src-eof)
cap dqbuf: 0 seq:   2576 bytesused: 10506240 ts: 1975.587019 delta: 33.334 ms delta now: +33.934 ms fps: 30.00 (ts-monotonic, ts-src-eof)
cap dqbuf: 1 seq:   2577 bytesused: 10506240 ts: 1975.620353 delta: 33.334 ms delta now: +33.794 ms fps: 30.00 (ts-monotonic, ts-src-eof)
cap dqbuf: 2 seq:   2578 bytesused: 10506240 ts: 1975.653685 delta: 33.332 ms delta now: +33.791 ms fps: 30.00 (ts-monotonic, ts-src-eof)
cap dqbuf: 3 seq:   2579 bytesused: 10506240 ts: 1975.687018 delta: 33.333 ms delta now: +33.793 ms fps: 30.00 (ts-monotonic, ts-src-eof)
cap dqbuf: 0 seq:   2580 bytesused: 10506240 ts: 1975.720352 delta: 33.334 ms delta now: +33.961 ms fps: 30.00 (ts-monotonic, ts-src-eof)
cap dqbuf: 1 seq:   2581 bytesused: 10506240 ts: 1975.753686 delta: 33.334 ms delta now: +33.794 ms fps: 30.00 (ts-monotonic, ts-src-eof)
cap dqbuf: 2 seq:   2582 bytesused: 10506240 ts: 1975.787019 delta: 33.333 ms delta now: +33.943 ms fps: 30.00 (ts-monotonic, ts-src-eof)
cap dqbuf: 3 seq:   2583 bytesused: 10506240 ts: 1975.820353 delta: 33.334 ms delta now: +33.793 ms fps: 30.00 (ts-monotonic, ts-src-eof)
cap dqbuf: 0 seq:   2584 bytesused: 10506240 ts: 1975.853685 delta: 33.332 ms delta now: +33.950 ms fps: 30.00 (ts-monotonic, ts-src-eof)
cap dqbuf: 1 seq:   2585 bytesused: 10506240 ts: 1975.887020 delta: 33.335 ms delta now: +33.790 ms fps: 30.00 (ts-monotonic, ts-src-eof)
cap dqbuf: 2 seq:   2586 bytesused: 10506240 ts: 1975.920352 delta: 33.332 ms delta now: +33.984 ms fps: 30.00 (ts-monotonic, ts-src-eof)
cap dqbuf: 3 seq:   2587 bytesused: 10506240 ts: 1975.953686 delta: 33.334 ms delta now: +33.791 ms fps: 30.00 (ts-monotonic, ts-src-eof)
cap dqbuf: 0 seq:   2588 bytesused: 10506240 ts: 1975.987019 delta: 33.333 ms delta now: +33.792 ms fps: 30.00 (ts-monotonic, ts-src-eof)
cap dqbuf: 1 seq:   2589 bytesused: 10506240 ts: 1976.020352 delta: 33.333 ms delta now: +33.999 ms fps: 30.00 (ts-monotonic, ts-src-eof)
cap dqbuf: 2 seq:   2590 bytesused: 10506240 ts: 1976.053686 delta: 33.334 ms delta now: +33.802 ms fps: 30.00 (ts-monotonic, ts-src-eof)
cap dqbuf: 3 seq:   2591 bytesused: 10506240 ts: 1976.087019 delta: 33.333 ms delta now: +33.948 ms fps: 30.00 (ts-monotonic, ts-src-eof)
cap dqbuf: 0 seq:   2592 bytesused: 10506240 ts: 1976.120353 delta: 33.334 ms delta now: +33.792 ms fps: 30.00 (ts-monotonic, ts-src-eof)
cap dqbuf: 1 seq:   2593 bytesused: 10506240 ts: 1976.153685 delta: 33.332 ms delta now: +33.795 ms fps: 30.00 (ts-monotonic, ts-src-eof)
cap dqbuf: 2 seq:   2594 bytesused: 10506240 ts: 1976.187019 delta: 33.334 ms delta now: +33.793 ms fps: 30.00 (ts-monotonic, ts-src-eof)
cap dqbuf: 3 seq:   2595 bytesused: 10506240 ts: 1976.220352 delta: 33.333 ms delta now: +33.797 ms fps: 30.00 (ts-monotonic, ts-src-eof)
cap dqbuf: 0 seq:   2596 bytesused: 10506240 ts: 1976.253685 delta: 33.333 ms delta now: +33.798 ms fps: 30.00 (ts-monotonic, ts-src-eof)
cap dqbuf: 1 seq:   2597 bytesused: 10506240 ts: 1976.287019 delta: 33.334 ms delta now: +33.937 ms fps: 30.00 (ts-monotonic, ts-src-eof)
cap dqbuf: 2 seq:   2598 bytesused: 10506240 ts: 1976.320353 delta: 33.334 ms delta now: +33.793 ms fps: 30.00 (ts-monotonic, ts-src-eof)
cap dqbuf: 3 seq:   2599 bytesused: 10506240 ts: 1976.353685 delta: 33.332 ms delta now: +33.795 ms fps: 30.00 (ts-monotonic, ts-src-eof)
cap dqbuf: 0 seq:   2600 bytesused: 10506240 ts: 1976.387019 delta: 33.334 ms delta now: +33.943 ms fps: 30.00 (ts-monotonic, ts-src-eof)
cap dqbuf: 1 seq:   2601 bytesused: 10506240 ts: 1976.420353 delta: 33.334 ms delta now: +33.794 ms fps: 30.00 (ts-monotonic, ts-src-eof)
cap dqbuf: 2 seq:   2602 bytesused: 10506240 ts: 1976.453685 delta: 33.332 ms delta now: +33.937 ms fps: 30.00 (ts-monotonic, ts-src-eof)
cap dqbuf: 3 seq:   2603 bytesused: 10506240 ts: 1976.487019 delta: 33.334 ms delta now: +33.792 ms fps: 30.00 (ts-monotonic, ts-src-eof)
cap dqbuf: 0 seq:   2604 bytesused: 10506240 ts: 1976.520352 delta: 33.333 ms delta now: +33.792 ms fps: 30.00 (ts-monotonic, ts-src-eof)
cap dqbuf: 1 seq:   2605 bytesused: 10506240 ts: 1976.553685 delta: 33.333 ms delta now: +33.811 ms fps: 30.00 (ts-monotonic, ts-src-eof)
cap dqbuf: 2 seq:   2606 bytesused: 10506240 ts: 1976.587019 delta: 33.334 ms delta now: +33.795 ms fps: 30.00 (ts-monotonic, ts-src-eof)
cap dqbuf: 3 seq:   2607 bytesused: 10506240 ts: 1976.620352 delta: 33.333 ms delta now: +33.796 ms fps: 30.00 (ts-monotonic, ts-src-eof)
cap dqbuf: 0 seq:   2608 bytesused: 10506240 ts: 1976.653685 delta: 33.333 ms delta now: +33.940 ms fps: 30.00 (ts-monotonic, ts-src-eof)
cap dqbuf: 1 seq:   2609 bytesused: 10506240 ts: 1976.687020 delta: 33.335 ms delta now: +33.794 ms fps: 30.00 (ts-monotonic, ts-src-eof)
cap dqbuf: 2 seq:   2610 bytesused: 10506240 ts: 1976.720352 delta: 33.332 ms delta now: +33.941 ms fps: 30.00 (ts-monotonic, ts-src-eof)
cap dqbuf: 3 seq:   2611 bytesused: 10506240 ts: 1976.753686 delta: 33.334 ms delta now: +33.794 ms fps: 30.00 (ts-monotonic, ts-src-eof)
cap dqbuf: 0 seq:   2612 bytesused: 10506240 ts: 1976.787019 delta: 33.333 ms delta now: +33.944 ms fps: 30.00 (ts-monotonic, ts-src-eof)
cap dqbuf: 1 seq:   2613 bytesused: 10506240 ts: 1976.820353 delta: 33.334 ms delta now: +33.795 ms fps: 30.00 (ts-monotonic, ts-src-eof)
cap dqbuf: 2 seq:   2614 bytesused: 10506240 ts: 1976.853685 delta: 33.332 ms delta now: +33.795 ms fps: 30.00 (ts-monotonic, ts-src-eof)
cap dqbuf: 3 seq:   2615 bytesused: 10506240 ts: 1976.887019 delta: 33.334 ms delta now: +33.937 ms fps: 30.00 (ts-monotonic, ts-src-eof)
cap dqbuf: 0 seq:   2616 bytesused: 10506240 ts: 1976.920353 delta: 33.334 ms delta now: +33.794 ms fps: 30.00 (ts-monotonic, ts-src-eof)
cap dqbuf: 1 seq:   2617 bytesused: 10506240 ts: 1976.953685 delta: 33.332 ms delta now: +33.791 ms fps: 30.00 (ts-monotonic, ts-src-eof)
cap dqbuf: 2 seq:   2618 bytesused: 10506240 ts: 1976.987019 delta: 33.334 ms delta now: +33.818 ms fps: 30.00 (ts-monotonic, ts-src-eof)
cap dqbuf: 3 seq:   2619 bytesused: 10506240 ts: 1977.020352 delta: 33.333 ms delta now: +33.929 ms fps: 30.00 (ts-monotonic, ts-src-eof)
cap dqbuf: 0 seq:   2620 bytesused: 10506240 ts: 1977.053686 delta: 33.334 ms delta now: +33.804 ms fps: 30.00 (ts-monotonic, ts-src-eof)
cap dqbuf: 1 seq:   2621 bytesused: 10506240 ts: 1977.087019 delta: 33.333 ms delta now: +33.803 ms fps: 30.00 (ts-monotonic, ts-src-eof)
cap dqbuf: 2 seq:   2622 bytesused: 10506240 ts: 1977.120352 delta: 33.333 ms delta now: +33.811 ms fps: 30.00 (ts-monotonic, ts-src-eof)
cap dqbuf: 3 seq:   2623 bytesused: 10506240 ts: 1977.153685 delta: 33.333 ms delta now: +33.792 ms fps: 30.00 (ts-monotonic, ts-src-eof)
cap dqbuf: 0 seq:   2624 bytesused: 10506240 ts: 1977.187019 delta: 33.334 ms delta now: +33.800 ms fps: 30.00 (ts-monotonic, ts-src-eof)
cap dqbuf: 1 seq:   2625 bytesused: 10506240 ts: 1977.220352 delta: 33.333 ms delta now: +33.940 ms fps: 30.00 (ts-monotonic, ts-src-eof)
cap dqbuf: 2 seq:   2626 bytesused: 10506240 ts: 1977.253686 delta: 33.334 ms delta now: +33.817 ms fps: 30.00 (ts-monotonic, ts-src-eof)
cap dqbuf: 3 seq:   2627 bytesused: 10506240 ts: 1977.287019 delta: 33.333 ms delta now: +34.013 ms fps: 30.00 (ts-monotonic, ts-src-eof)
cap dqbuf: 0 seq:   2628 bytesused: 10506240 ts: 1977.320353 delta: 33.334 ms delta now: +33.792 ms fps: 30.00 (ts-monotonic, ts-src-eof)
cap dqbuf: 1 seq:   2629 bytesused: 10506240 ts: 1977.353685 delta: 33.332 ms delta now: +33.795 ms fps: 30.00 (ts-monotonic, ts-src-eof)
cap dqbuf: 2 seq:   2630 bytesused: 10506240 ts: 1977.387019 delta: 33.334 ms delta now: +33.794 ms fps: 30.00 (ts-monotonic, ts-src-eof)
cap dqbuf: 3 seq:   2631 bytesused: 10506240 ts: 1977.420352 delta: 33.333 ms delta now: +33.941 ms fps: 30.00 (ts-monotonic, ts-src-eof)
cap dqbuf: 0 seq:   2632 bytesused: 10506240 ts: 1977.453686 delta: 33.334 ms delta now: +33.792 ms fps: 30.00 (ts-monotonic, ts-src-eof)
cap dqbuf: 1 seq:   2633 bytesused: 10506240 ts: 1977.487019 delta: 33.333 ms delta now: +33.929 ms fps: 30.00 (ts-monotonic, ts-src-eof)
cap dqbuf: 2 seq:   2634 bytesused: 10506240 ts: 1977.520353 delta: 33.334 ms delta now: +33.792 ms fps: 30.00 (ts-monotonic, ts-src-eof)
cap dqbuf: 3 seq:   2635 bytesused: 10506240 ts: 1977.553685 delta: 33.332 ms delta now: +33.792 ms fps: 30.00 (ts-monotonic, ts-src-eof)
cap dqbuf: 0 seq:   2636 bytesused: 10506240 ts: 1977.587019 delta: 33.334 ms delta now: +33.791 ms fps: 30.00 (ts-monotonic, ts-src-eof)
cap dqbuf: 1 seq:   2637 bytesused: 10506240 ts: 1977.620352 delta: 33.333 ms delta now: +33.794 ms fps: 30.00 (ts-monotonic, ts-src-eof)
cap dqbuf: 2 seq:   2638 bytesused: 10506240 ts: 1977.653686 delta: 33.334 ms delta now: +33.790 ms fps: 30.00 (ts-monotonic, ts-src-eof)
cap dqbuf: 3 seq:   2639 bytesused: 10506240 ts: 1977.687019 delta: 33.333 ms delta now: +33.963 ms fps: 30.00 (ts-monotonic, ts-src-eof)
cap dqbuf: 0 seq:   2640 bytesused: 10506240 ts: 1977.720353 delta: 33.334 ms delta now: +33.792 ms fps: 30.00 (ts-monotonic, ts-src-eof)
cap dqbuf: 1 seq:   2641 bytesused: 10506240 ts: 1977.753686 delta: 33.333 ms delta now: +33.813 ms fps: 30.00 (ts-monotonic, ts-src-eof)
cap dqbuf: 2 seq:   2642 bytesused: 10506240 ts: 1977.787019 delta: 33.333 ms delta now: +33.935 ms fps: 30.00 (ts-monotonic, ts-src-eof)
cap dqbuf: 3 seq:   2643 bytesused: 10506240 ts: 1977.820353 delta: 33.334 ms delta now: +33.792 ms fps: 30.00 (ts-monotonic, ts-src-eof)
cap dqbuf: 0 seq:   2644 bytesused: 10506240 ts: 1977.853686 delta: 33.333 ms delta now: +33.792 ms fps: 30.00 (ts-monotonic, ts-src-eof)
cap dqbuf: 1 seq:   2645 bytesused: 10506240 ts: 1977.887019 delta: 33.333 ms delta now: +33.854 ms fps: 30.00 (ts-monotonic, ts-src-eof)
cap dqbuf: 2 seq:   2646 bytesused: 10506240 ts: 1977.920353 delta: 33.334 ms delta now: +34.010 ms fps: 30.00 (ts-monotonic, ts-src-eof)
cap dqbuf: 3 seq:   2647 bytesused: 10506240 ts: 1977.953686 delta: 33.333 ms delta now: +33.938 ms fps: 30.00 (ts-monotonic, ts-src-eof)
cap dqbuf: 0 seq:   2648 bytesused: 10506240 ts: 1977.987020 delta: 33.334 ms delta now: +33.984 ms fps: 30.00 (ts-monotonic, ts-src-eof)
cap dqbuf: 1 seq:   2649 bytesused: 10506240 ts: 1978.020353 delta: 33.333 ms delta now: +33.937 ms fps: 30.00 (ts-monotonic, ts-src-eof)
cap dqbuf: 2 seq:   2650 bytesused: 10506240 ts: 1978.053686 delta: 33.333 ms delta now: +33.955 ms fps: 30.00 (ts-monotonic, ts-src-eof)
cap dqbuf: 3 seq:   2651 bytesused: 10506240 ts: 1978.087020 delta: 33.334 ms delta now: +33.817 ms fps: 30.00 (ts-monotonic, ts-src-eof)
cap dqbuf: 0 seq:   2652 bytesused: 10506240 ts: 1978.120352 delta: 33.332 ms delta now: +33.944 ms fps: 30.00 (ts-monotonic, ts-src-eof)
cap dqbuf: 1 seq:   2653 bytesused: 10506240 ts: 1978.153686 delta: 33.334 ms delta now: +33.927 ms fps: 30.00 (ts-monotonic, ts-src-eof)
cap dqbuf: 2 seq:   2654 bytesused: 10506240 ts: 1978.187020 delta: 33.334 ms delta now: +33.941 ms fps: 30.00 (ts-monotonic, ts-src-eof)
cap dqbuf: 3 seq:   2655 bytesused: 10506240 ts: 1978.220353 delta: 33.333 ms delta now: +33.939 ms fps: 30.00 (ts-monotonic, ts-src-eof)
cap dqbuf: 0 seq:   2656 bytesused: 10506240 ts: 1978.253686 delta: 33.333 ms delta now: +33.794 ms fps: 30.00 (ts-monotonic, ts-src-eof)
cap dqbuf: 1 seq:   2657 bytesused: 10506240 ts: 1978.287019 delta: 33.333 ms delta now: +33.999 ms fps: 30.00 (ts-monotonic, ts-src-eof)
cap dqbuf: 2 seq:   2658 bytesused: 10506240 ts: 1978.320353 delta: 33.334 ms delta now: +34.047 ms fps: 30.00 (ts-monotonic, ts-src-eof)
cap dqbuf: 3 seq:   2659 bytesused: 10506240 ts: 1978.353686 delta: 33.333 ms delta now: +34.067 ms fps: 30.00 (ts-monotonic, ts-src-eof)
cap dqbuf: 0 seq:   2660 bytesused: 10506240 ts: 1978.387020 delta: 33.334 ms delta now: +33.790 ms fps: 30.00 (ts-monotonic, ts-src-eof)
cap dqbuf: 1 seq:   2661 bytesused: 10506240 ts: 1978.420352 delta: 33.332 ms delta now: +33.824 ms fps: 30.00 (ts-monotonic, ts-src-eof)
cap dqbuf: 2 seq:   2662 bytesused: 10506240 ts: 1978.453686 delta: 33.334 ms delta now: +33.793 ms fps: 30.00 (ts-monotonic, ts-src-eof)
cap dqbuf: 3 seq:   2663 bytesused: 10506240 ts: 1978.487019 delta: 33.333 ms delta now: +33.942 ms fps: 30.00 (ts-monotonic, ts-src-eof)
cap dqbuf: 0 seq:   2664 bytesused: 10506240 ts: 1978.520353 delta: 33.334 ms delta now: +33.790 ms fps: 30.00 (ts-monotonic, ts-src-eof)
cap dqbuf: 1 seq:   2665 bytesused: 10506240 ts: 1978.553686 delta: 33.333 ms delta now: +33.792 ms fps: 30.00 (ts-monotonic, ts-src-eof)
cap dqbuf: 2 seq:   2666 bytesused: 10506240 ts: 1978.587019 delta: 33.333 ms delta now: +33.937 ms fps: 30.00 (ts-monotonic, ts-src-eof)
cap dqbuf: 3 seq:   2667 bytesused: 10506240 ts: 1978.620353 delta: 33.334 ms delta now: +33.934 ms fps: 30.00 (ts-monotonic, ts-src-eof)
cap dqbuf: 0 seq:   2668 bytesused: 10506240 ts: 1978.653686 delta: 33.333 ms delta now: +33.931 ms fps: 30.00 (ts-monotonic, ts-src-eof)
cap dqbuf: 1 seq:   2669 bytesused: 10506240 ts: 1978.687020 delta: 33.334 ms delta now: +33.966 ms fps: 30.00 (ts-monotonic, ts-src-eof)
cap dqbuf: 2 seq:   2670 bytesused: 10506240 ts: 1978.720353 delta: 33.333 ms delta now: +33.794 ms fps: 30.00 (ts-monotonic, ts-src-eof)
cap dqbuf: 3 seq:   2671 bytesused: 10506240 ts: 1978.753686 delta: 33.333 ms delta now: +33.794 ms fps: 30.00 (ts-monotonic, ts-src-eof)
cap dqbuf: 0 seq:   2672 bytesused: 10506240 ts: 1978.787019 delta: 33.333 ms delta now: +33.791 ms fps: 30.00 (ts-monotonic, ts-src-eof)
cap dqbuf: 1 seq:   2673 bytesused: 10506240 ts: 1978.820352 delta: 33.333 ms delta now: +33.952 ms fps: 30.00 (ts-monotonic, ts-src-eof)
cap dqbuf: 2 seq:   2674 bytesused: 10506240 ts: 1978.853686 delta: 33.334 ms delta now: +33.931 ms fps: 30.00 (ts-monotonic, ts-src-eof)
cap dqbuf: 3 seq:   2675 bytesused: 10506240 ts: 1978.887020 delta: 33.334 ms delta now: +33.813 ms fps: 30.00 (ts-monotonic, ts-src-eof)
cap dqbuf: 0 seq:   2676 bytesused: 10506240 ts: 1978.920353 delta: 33.333 ms delta now: +33.930 ms fps: 30.00 (ts-monotonic, ts-src-eof)
cap dqbuf: 1 seq:   2677 bytesused: 10506240 ts: 1978.953686 delta: 33.333 ms delta now: +33.793 ms fps: 30.00 (ts-monotonic, ts-src-eof)
cap dqbuf: 2 seq:   2678 bytesused: 10506240 ts: 1978.987019 delta: 33.333 ms delta now: +33.936 ms fps: 30.00 (ts-monotonic, ts-src-eof)
cap dqbuf: 3 seq:   2679 bytesused: 10506240 ts: 1979.020353 delta: 33.334 ms delta now: +33.961 ms fps: 30.00 (ts-monotonic, ts-src-eof)
cap dqbuf: 0 seq:   2680 bytesused: 10506240 ts: 1979.053686 delta: 33.333 ms delta now: +33.954 ms fps: 30.00 (ts-monotonic, ts-src-eof)
cap dqbuf: 1 seq:   2681 bytesused: 10506240 ts: 1979.087020 delta: 33.334 ms delta now: +34.053 ms fps: 30.00 (ts-monotonic, ts-src-eof)
cap dqbuf: 2 seq:   2682 bytesused: 10506240 ts: 1979.120353 delta: 33.333 ms delta now: +33.793 ms fps: 30.00 (ts-monotonic, ts-src-eof)
cap dqbuf: 3 seq:   2683 bytesused: 10506240 ts: 1979.153686 delta: 33.333 ms delta now: +33.794 ms fps: 30.00 (ts-monotonic, ts-src-eof)
cap dqbuf: 0 seq:   2684 bytesused: 10506240 ts: 1979.187019 delta: 33.333 ms delta now: +33.794 ms fps: 30.00 (ts-monotonic, ts-src-eof)
cap dqbuf: 1 seq:   2685 bytesused: 10506240 ts: 1979.220352 delta: 33.333 ms delta now: +33.792 ms fps: 30.00 (ts-monotonic, ts-src-eof)
cap dqbuf: 2 seq:   2686 bytesused: 10506240 ts: 1979.253686 delta: 33.334 ms delta now: +34.011 ms fps: 30.00 (ts-monotonic, ts-src-eof)
cap dqbuf: 3 seq:   2687 bytesused: 10506240 ts: 1979.287020 delta: 33.334 ms delta now: +33.817 ms fps: 30.00 (ts-monotonic, ts-src-eof)
cap dqbuf: 0 seq:   2688 bytesused: 10506240 ts: 1979.320353 delta: 33.333 ms delta now: +33.928 ms fps: 30.00 (ts-monotonic, ts-src-eof)
cap dqbuf: 1 seq:   2689 bytesused: 10506240 ts: 1979.353686 delta: 33.333 ms delta now: +33.793 ms fps: 30.00 (ts-monotonic, ts-src-eof)
cap dqbuf: 2 seq:   2690 bytesused: 10506240 ts: 1979.387019 delta: 33.333 ms delta now: +33.946 ms fps: 30.00 (ts-monotonic, ts-src-eof)
cap dqbuf: 3 seq:   2691 bytesused: 10506240 ts: 1979.420353 delta: 33.334 ms delta now: +33.792 ms fps: 30.00 (ts-monotonic, ts-src-eof)
cap dqbuf: 0 seq:   2692 bytesused: 10506240 ts: 1979.453686 delta: 33.333 ms delta now: +33.946 ms fps: 30.00 (ts-monotonic, ts-src-eof)
cap dqbuf: 1 seq:   2693 bytesused: 10506240 ts: 1979.487020 delta: 33.334 ms delta now: +33.943 ms fps: 30.00 (ts-monotonic, ts-src-eof)
cap dqbuf: 2 seq:   2694 bytesused: 10506240 ts: 1979.520353 delta: 33.333 ms delta now: +33.947 ms fps: 30.00 (ts-monotonic, ts-src-eof)
cap dqbuf: 3 seq:   2695 bytesused: 10506240 ts: 1979.553686 delta: 33.333 ms delta now: +33.815 ms fps: 30.00 (ts-monotonic, ts-src-eof)
cap dqbuf: 0 seq:   2696 bytesused: 10506240 ts: 1979.587020 delta: 33.334 ms delta now: +33.938 ms fps: 30.00 (ts-monotonic, ts-src-eof)
cap dqbuf: 1 seq:   2697 bytesused: 10506240 ts: 1979.620353 delta: 33.333 ms delta now: +33.804 ms fps: 30.00 (ts-monotonic, ts-src-eof)
cap dqbuf: 2 seq:   2698 bytesused: 10506240 ts: 1979.653686 delta: 33.333 ms delta now: +33.937 ms fps: 30.00 (ts-monotonic, ts-src-eof)
cap dqbuf: 3 seq:   2699 bytesused: 10506240 ts: 1979.687020 delta: 33.334 ms delta now: +33.792 ms fps: 30.00 (ts-monotonic, ts-src-eof)
cap dqbuf: 0 seq:   2700 bytesused: 10506240 ts: 1979.720352 delta: 33.332 ms delta now: +33.794 ms fps: 30.00 (ts-monotonic, ts-src-eof)
cap dqbuf: 1 seq:   2701 bytesused: 10506240 ts: 1979.753686 delta: 33.334 ms delta now: +33.793 ms fps: 30.00 (ts-monotonic, ts-src-eof)
cap dqbuf: 2 seq:   2702 bytesused: 10506240 ts: 1979.787019 delta: 33.333 ms delta now: +33.940 ms fps: 30.00 (ts-monotonic, ts-src-eof)
cap dqbuf: 3 seq:   2703 bytesused: 10506240 ts: 1979.820353 delta: 33.334 ms delta now: +33.938 ms fps: 30.00 (ts-monotonic, ts-src-eof)
cap dqbuf: 0 seq:   2704 bytesused: 10506240 ts: 1979.853687 delta: 33.334 ms delta now: +33.938 ms fps: 30.00 (ts-monotonic, ts-src-eof)
cap dqbuf: 1 seq:   2705 bytesused: 10506240 ts: 1979.887020 delta: 33.333 ms delta now: +33.939 ms fps: 30.00 (ts-monotonic, ts-src-eof)
cap dqbuf: 2 seq:   2706 bytesused: 10506240 ts: 1979.920353 delta: 33.333 ms delta now: +33.792 ms fps: 30.00 (ts-monotonic, ts-src-eof)
cap dqbuf: 3 seq:   2707 bytesused: 10506240 ts: 1979.953686 delta: 33.333 ms delta now: +33.937 ms fps: 30.00 (ts-monotonic, ts-src-eof)
cap dqbuf: 0 seq:   2708 bytesused: 10506240 ts: 1979.987020 delta: 33.334 ms delta now: +33.791 ms fps: 30.00 (ts-monotonic, ts-src-eof)
cap dqbuf: 1 seq:   2709 bytesused: 10506240 ts: 1980.020352 delta: 33.332 ms delta now: +33.996 ms fps: 30.00 (ts-monotonic, ts-src-eof)
cap dqbuf: 2 seq:   2710 bytesused: 10506240 ts: 1980.053687 delta: 33.335 ms delta now: +33.814 ms fps: 30.00 (ts-monotonic, ts-src-eof)
cap dqbuf: 3 seq:   2711 bytesused: 10506240 ts: 1980.087019 delta: 33.332 ms delta now: +33.830 ms fps: 30.00 (ts-monotonic, ts-src-eof)
cap dqbuf: 0 seq:   2712 bytesused: 10506240 ts: 1980.120353 delta: 33.334 ms delta now: +33.818 ms fps: 30.00 (ts-monotonic, ts-src-eof)
cap dqbuf: 1 seq:   2713 bytesused: 10506240 ts: 1980.153686 delta: 33.333 ms delta now: +33.946 ms fps: 30.00 (ts-monotonic, ts-src-eof)
cap dqbuf: 2 seq:   2714 bytesused: 10506240 ts: 1980.187020 delta: 33.334 ms delta now: +33.947 ms fps: 30.00 (ts-monotonic, ts-src-eof)
cap dqbuf: 3 seq:   2715 bytesused: 10506240 ts: 1980.220353 delta: 33.333 ms delta now: +34.008 ms fps: 30.00 (ts-monotonic, ts-src-eof)
cap dqbuf: 0 seq:   2716 bytesused: 10506240 ts: 1980.253686 delta: 33.333 ms delta now: +33.792 ms fps: 30.00 (ts-monotonic, ts-src-eof)
cap dqbuf: 1 seq:   2717 bytesused: 10506240 ts: 1980.287019 delta: 33.333 ms delta now: +33.942 ms fps: 30.00 (ts-monotonic, ts-src-eof)
cap dqbuf: 2 seq:   2718 bytesused: 10506240 ts: 1980.320353 delta: 33.334 ms delta now: +33.937 ms fps: 30.00 (ts-monotonic, ts-src-eof)
cap dqbuf: 3 seq:   2719 bytesused: 10506240 ts: 1980.353686 delta: 33.333 ms delta now: +33.919 ms fps: 30.00 (ts-monotonic, ts-src-eof)
cap dqbuf: 0 seq:   2720 bytesused: 10506240 ts: 1980.387020 delta: 33.334 ms delta now: +33.793 ms fps: 30.00 (ts-monotonic, ts-src-eof)
cap dqbuf: 1 seq:   2721 bytesused: 10506240 ts: 1980.420352 delta: 33.332 ms delta now: +33.793 ms fps: 30.00 (ts-monotonic, ts-src-eof)
cap dqbuf: 2 seq:   2722 bytesused: 10506240 ts: 1980.453686 delta: 33.334 ms delta now: +33.933 ms fps: 30.00 (ts-monotonic, ts-src-eof)
cap dqbuf: 3 seq:   2723 bytesused: 10506240 ts: 1980.487020 delta: 33.334 ms delta now: +33.849 ms fps: 30.00 (ts-monotonic, ts-src-eof)
cap dqbuf: 0 seq:   2724 bytesused: 10506240 ts: 1980.520352 delta: 33.332 ms delta now: +33.792 ms fps: 30.00 (ts-monotonic, ts-src-eof)
cap dqbuf: 1 seq:   2725 bytesused: 10506240 ts: 1980.553686 delta: 33.334 ms delta now: +33.946 ms fps: 30.00 (ts-monotonic, ts-src-eof)
cap dqbuf: 2 seq:   2726 bytesused: 10506240 ts: 1980.587020 delta: 33.334 ms delta now: +34.041 ms fps: 30.00 (ts-monotonic, ts-src-eof)
cap dqbuf: 3 seq:   2727 bytesused: 10506240 ts: 1980.620353 delta: 33.333 ms delta now: +33.803 ms fps: 30.00 (ts-monotonic, ts-src-eof)
cap dqbuf: 0 seq:   2728 bytesused: 10506240 ts: 1980.653686 delta: 33.333 ms delta now: +33.961 ms fps: 30.00 (ts-monotonic, ts-src-eof)
cap dqbuf: 1 seq:   2729 bytesused: 10506240 ts: 1980.687020 delta: 33.334 ms delta now: +33.790 ms fps: 30.00 (ts-monotonic, ts-src-eof)
cap dqbuf: 2 seq:   2730 bytesused: 10506240 ts: 1980.720352 delta: 33.332 ms delta now: +33.912 ms fps: 30.00 (ts-monotonic, ts-src-eof)
cap dqbuf: 3 seq:   2731 bytesused: 10506240 ts: 1980.753687 delta: 33.335 ms delta now: +33.915 ms fps: 30.00 (ts-monotonic, ts-src-eof)
cap dqbuf: 0 seq:   2732 bytesused: 10506240 ts: 1980.787019 delta: 33.332 ms delta now: +33.942 ms fps: 30.00 (ts-monotonic, ts-src-eof)
cap dqbuf: 1 seq:   2733 bytesused: 10506240 ts: 1980.820353 delta: 33.334 ms delta now: +33.794 ms fps: 30.00 (ts-monotonic, ts-src-eof)
cap dqbuf: 2 seq:   2734 bytesused: 10506240 ts: 1980.853686 delta: 33.333 ms delta now: +33.794 ms fps: 30.00 (ts-monotonic, ts-src-eof)
cap dqbuf: 3 seq:   2735 bytesused: 10506240 ts: 1980.887019 delta: 33.333 ms delta now: +33.794 ms fps: 30.00 (ts-monotonic, ts-src-eof)
cap dqbuf: 0 seq:   2736 bytesused: 10506240 ts: 1980.920353 delta: 33.334 ms delta now: +33.794 ms fps: 30.00 (ts-monotonic, ts-src-eof)
cap dqbuf: 1 seq:   2737 bytesused: 10506240 ts: 1980.953686 delta: 33.333 ms delta now: +33.795 ms fps: 30.00 (ts-monotonic, ts-src-eof)
cap dqbuf: 2 seq:   2738 bytesused: 10506240 ts: 1980.987019 delta: 33.333 ms delta now: +33.946 ms fps: 30.00 (ts-monotonic, ts-src-eof)
cap dqbuf: 3 seq:   2739 bytesused: 10506240 ts: 1981.020353 delta: 33.334 ms delta now: +33.793 ms fps: 30.00 (ts-monotonic, ts-src-eof)
cap dqbuf: 0 seq:   2740 bytesused: 10506240 ts: 1981.053686 delta: 33.333 ms delta now: +34.886 ms fps: 30.00 (ts-monotonic, ts-src-eof)
cap dqbuf: 1 seq:   2741 bytesused: 10506240 ts: 1981.087020 delta: 33.334 ms delta now: +33.800 ms fps: 30.00 (ts-monotonic, ts-src-eof)
cap dqbuf: 2 seq:   2742 bytesused: 10506240 ts: 1981.120353 delta: 33.333 ms delta now: +33.943 ms fps: 30.00 (ts-monotonic, ts-src-eof)
cap dqbuf: 3 seq:   2743 bytesused: 10506240 ts: 1981.153687 delta: 33.334 ms delta now: +33.790 ms fps: 30.00 (ts-monotonic, ts-src-eof)
cap dqbuf: 0 seq:   2744 bytesused: 10506240 ts: 1981.187019 delta: 33.332 ms delta now: +34.010 ms fps: 30.00 (ts-monotonic, ts-src-eof)
cap dqbuf: 1 seq:   2745 bytesused: 10506240 ts: 1981.220353 delta: 33.334 ms delta now: +33.792 ms fps: 30.00 (ts-monotonic, ts-src-eof)
cap dqbuf: 2 seq:   2746 bytesused: 10506240 ts: 1981.253686 delta: 33.333 ms delta now: +33.913 ms fps: 30.00 (ts-monotonic, ts-src-eof)
cap dqbuf: 3 seq:   2747 bytesused: 10506240 ts: 1981.287020 delta: 33.334 ms delta now: +33.937 ms fps: 30.00 (ts-monotonic, ts-src-eof)
cap dqbuf: 0 seq:   2748 bytesused: 10506240 ts: 1981.320353 delta: 33.333 ms delta now: +33.793 ms fps: 30.00 (ts-monotonic, ts-src-eof)
cap dqbuf: 1 seq:   2749 bytesused: 10506240 ts: 1981.353686 delta: 33.333 ms delta now: +34.003 ms fps: 30.00 (ts-monotonic, ts-src-eof)
cap dqbuf: 2 seq:   2750 bytesused: 10506240 ts: 1981.387020 delta: 33.334 ms delta now: +33.831 ms fps: 30.00 (ts-monotonic, ts-src-eof)
cap dqbuf: 3 seq:   2751 bytesused: 10506240 ts: 1981.420352 delta: 33.332 ms delta now: +33.795 ms fps: 30.00 (ts-monotonic, ts-src-eof)
cap dqbuf: 0 seq:   2752 bytesused: 10506240 ts: 1981.453686 delta: 33.334 ms delta now: +33.795 ms fps: 30.00 (ts-monotonic, ts-src-eof)
cap dqbuf: 1 seq:   2753 bytesused: 10506240 ts: 1981.487019 delta: 33.333 ms delta now: +33.940 ms fps: 30.00 (ts-monotonic, ts-src-eof)
cap dqbuf: 2 seq:   2754 bytesused: 10506240 ts: 1981.520353 delta: 33.334 ms delta now: +33.793 ms fps: 30.00 (ts-monotonic, ts-src-eof)
cap dqbuf: 3 seq:   2755 bytesused: 10506240 ts: 1981.553686 delta: 33.333 ms delta now: +33.934 ms fps: 30.00 (ts-monotonic, ts-src-eof)
cap dqbuf: 0 seq:   2756 bytesused: 10506240 ts: 1981.587020 delta: 33.334 ms delta now: +33.797 ms fps: 30.00 (ts-monotonic, ts-src-eof)
cap dqbuf: 1 seq:   2757 bytesused: 10506240 ts: 1981.620352 delta: 33.332 ms delta now: +33.948 ms fps: 30.00 (ts-monotonic, ts-src-eof)
cap dqbuf: 2 seq:   2758 bytesused: 10506240 ts: 1981.653687 delta: 33.335 ms delta now: +33.802 ms fps: 30.00 (ts-monotonic, ts-src-eof)
cap dqbuf: 3 seq:   2759 bytesused: 10506240 ts: 1981.687019 delta: 33.332 ms delta now: +33.936 ms fps: 30.00 (ts-monotonic, ts-src-eof)
cap dqbuf: 0 seq:   2760 bytesused: 10506240 ts: 1981.720353 delta: 33.334 ms delta now: +33.796 ms fps: 30.00 (ts-monotonic, ts-src-eof)
cap dqbuf: 1 seq:   2761 bytesused: 10506240 ts: 1981.753686 delta: 33.333 ms delta now: +33.937 ms fps: 30.00 (ts-monotonic, ts-src-eof)
cap dqbuf: 2 seq:   2762 bytesused: 10506240 ts: 1981.787020 delta: 33.334 ms delta now: +33.794 ms fps: 30.00 (ts-monotonic, ts-src-eof)
cap dqbuf: 3 seq:   2763 bytesused: 10506240 ts: 1981.820353 delta: 33.333 ms delta now: +33.943 ms fps: 30.00 (ts-monotonic, ts-src-eof)
cap dqbuf: 0 seq:   2764 bytesused: 10506240 ts: 1981.853687 delta: 33.334 ms delta now: +33.801 ms fps: 30.00 (ts-monotonic, ts-src-eof)
cap dqbuf: 1 seq:   2765 bytesused: 10506240 ts: 1981.887019 delta: 33.332 ms delta now: +33.791 ms fps: 30.00 (ts-monotonic, ts-src-eof)
cap dqbuf: 2 seq:   2766 bytesused: 10506240 ts: 1981.920353 delta: 33.334 ms delta now: +33.790 ms fps: 30.00 (ts-monotonic, ts-src-eof)
cap dqbuf: 3 seq:   2767 bytesused: 10506240 ts: 1981.953686 delta: 33.333 ms delta now: +33.793 ms fps: 30.00 (ts-monotonic, ts-src-eof)
cap dqbuf: 0 seq:   2768 bytesused: 10506240 ts: 1981.987019 delta: 33.333 ms delta now: +33.940 ms fps: 30.00 (ts-monotonic, ts-src-eof)
cap dqbuf: 1 seq:   2769 bytesused: 10506240 ts: 1982.020353 delta: 33.334 ms delta now: +33.796 ms fps: 30.00 (ts-monotonic, ts-src-eof)
cap dqbuf: 2 seq:   2770 bytesused: 10506240 ts: 1982.053686 delta: 33.333 ms delta now: +33.995 ms fps: 30.00 (ts-monotonic, ts-src-eof)
cap dqbuf: 3 seq:   2771 bytesused: 10506240 ts: 1982.087020 delta: 33.334 ms delta now: +33.798 ms fps: 30.00 (ts-monotonic, ts-src-eof)
cap dqbuf: 0 seq:   2772 bytesused: 10506240 ts: 1982.120352 delta: 33.332 ms delta now: +33.936 ms fps: 30.00 (ts-monotonic, ts-src-eof)
cap dqbuf: 1 seq:   2773 bytesused: 10506240 ts: 1982.153687 delta: 33.335 ms delta now: +33.795 ms fps: 30.00 (ts-monotonic, ts-src-eof)
cap dqbuf: 2 seq:   2774 bytesused: 10506240 ts: 1982.187019 delta: 33.332 ms delta now: +33.941 ms fps: 30.00 (ts-monotonic, ts-src-eof)
cap dqbuf: 3 seq:   2775 bytesused: 10506240 ts: 1982.220353 delta: 33.334 ms delta now: +33.791 ms fps: 30.00 (ts-monotonic, ts-src-eof)
cap dqbuf: 0 seq:   2776 bytesused: 10506240 ts: 1982.253686 delta: 33.333 ms delta now: +33.921 ms fps: 30.00 (ts-monotonic, ts-src-eof)
cap dqbuf: 1 seq:   2777 bytesused: 10506240 ts: 1982.287019 delta: 33.333 ms delta now: +33.935 ms fps: 30.00 (ts-monotonic, ts-src-eof)
cap dqbuf: 2 seq:   2778 bytesused: 10506240 ts: 1982.320354 delta: 33.335 ms delta now: +33.792 ms fps: 30.00 (ts-monotonic, ts-src-eof)
cap dqbuf: 3 seq:   2779 bytesused: 10506240 ts: 1982.353686 delta: 33.332 ms delta now: +33.934 ms fps: 30.00 (ts-monotonic, ts-src-eof)
cap dqbuf: 0 seq:   2780 bytesused: 10506240 ts: 1982.387020 delta: 33.334 ms delta now: +33.943 ms fps: 30.00 (ts-monotonic, ts-src-eof)
cap dqbuf: 1 seq:   2781 bytesused: 10506240 ts: 1982.420353 delta: 33.333 ms delta now: +33.793 ms fps: 30.00 (ts-monotonic, ts-src-eof)
cap dqbuf: 2 seq:   2782 bytesused: 10506240 ts: 1982.453686 delta: 33.333 ms delta now: +33.793 ms fps: 30.00 (ts-monotonic, ts-src-eof)
cap dqbuf: 3 seq:   2783 bytesused: 10506240 ts: 1982.487019 delta: 33.333 ms delta now: +33.795 ms fps: 30.00 (ts-monotonic, ts-src-eof)
cap dqbuf: 0 seq:   2784 bytesused: 10506240 ts: 1982.520353 delta: 33.334 ms delta now: +33.793 ms fps: 30.00 (ts-monotonic, ts-src-eof)
cap dqbuf: 1 seq:   2785 bytesused: 10506240 ts: 1982.553686 delta: 33.333 ms delta now: +33.794 ms fps: 30.00 (ts-monotonic, ts-src-eof)
cap dqbuf: 2 seq:   2786 bytesused: 10506240 ts: 1982.587019 delta: 33.333 ms delta now: +33.939 ms fps: 30.00 (ts-monotonic, ts-src-eof)
cap dqbuf: 3 seq:   2787 bytesused: 10506240 ts: 1982.620353 delta: 33.334 ms delta now: +33.943 ms fps: 30.00 (ts-monotonic, ts-src-eof)
cap dqbuf: 0 seq:   2788 bytesused: 10506240 ts: 1982.653687 delta: 33.334 ms delta now: +33.793 ms fps: 30.00 (ts-monotonic, ts-src-eof)
cap dqbuf: 1 seq:   2789 bytesused: 10506240 ts: 1982.687019 delta: 33.332 ms delta now: +33.937 ms fps: 30.00 (ts-monotonic, ts-src-eof)
cap dqbuf: 2 seq:   2790 bytesused: 10506240 ts: 1982.720353 delta: 33.334 ms delta now: +33.795 ms fps: 30.00 (ts-monotonic, ts-src-eof)
cap dqbuf: 3 seq:   2791 bytesused: 10506240 ts: 1982.753686 delta: 33.333 ms delta now: +33.934 ms fps: 30.00 (ts-monotonic, ts-src-eof)
cap dqbuf: 0 seq:   2792 bytesused: 10506240 ts: 1982.787020 delta: 33.334 ms delta now: +33.792 ms fps: 30.00 (ts-monotonic, ts-src-eof)
cap dqbuf: 1 seq:   2793 bytesused: 10506240 ts: 1982.820353 delta: 33.333 ms delta now: +33.935 ms fps: 30.00 (ts-monotonic, ts-src-eof)
cap dqbuf: 2 seq:   2794 bytesused: 10506240 ts: 1982.853687 delta: 33.334 ms delta now: +33.792 ms fps: 30.00 (ts-monotonic, ts-src-eof)
cap dqbuf: 3 seq:   2795 bytesused: 10506240 ts: 1982.887019 delta: 33.332 ms delta now: +33.795 ms fps: 30.00 (ts-monotonic, ts-src-eof)
cap dqbuf: 0 seq:   2796 bytesused: 10506240 ts: 1982.920353 delta: 33.334 ms delta now: +33.936 ms fps: 30.00 (ts-monotonic, ts-src-eof)
cap dqbuf: 1 seq:   2797 bytesused: 10506240 ts: 1982.953687 delta: 33.334 ms delta now: +33.792 ms fps: 30.00 (ts-monotonic, ts-src-eof)
cap dqbuf: 2 seq:   2798 bytesused: 10506240 ts: 1982.987019 delta: 33.332 ms delta now: +33.920 ms fps: 30.00 (ts-monotonic, ts-src-eof)
cap dqbuf: 3 seq:   2799 bytesused: 10506240 ts: 1983.020353 delta: 33.334 ms delta now: +33.793 ms fps: 30.00 (ts-monotonic, ts-src-eof)
cap dqbuf: 0 seq:   2800 bytesused: 10506240 ts: 1983.053686 delta: 33.333 ms delta now: +33.807 ms fps: 30.00 (ts-monotonic, ts-src-eof)
cap dqbuf: 1 seq:   2801 bytesused: 10506240 ts: 1983.087019 delta: 33.333 ms delta now: +33.839 ms fps: 30.00 (ts-monotonic, ts-src-eof)
cap dqbuf: 2 seq:   2802 bytesused: 10506240 ts: 1983.120353 delta: 33.334 ms delta now: +33.880 ms fps: 30.00 (ts-monotonic, ts-src-eof)
cap dqbuf: 3 seq:   2803 bytesused: 10506240 ts: 1983.153686 delta: 33.333 ms delta now: +33.794 ms fps: 30.00 (ts-monotonic, ts-src-eof)
cap dqbuf: 0 seq:   2804 bytesused: 10506240 ts: 1983.187019 delta: 33.333 ms delta now: +33.998 ms fps: 30.00 (ts-monotonic, ts-src-eof)
cap dqbuf: 1 seq:   2805 bytesused: 10506240 ts: 1983.220354 delta: 33.335 ms delta now: +33.924 ms fps: 30.00 (ts-monotonic, ts-src-eof)
cap dqbuf: 2 seq:   2806 bytesused: 10506240 ts: 1983.253687 delta: 33.333 ms delta now: +33.792 ms fps: 30.00 (ts-monotonic, ts-src-eof)
cap dqbuf: 3 seq:   2807 bytesused: 10506240 ts: 1983.287019 delta: 33.332 ms delta now: +33.936 ms fps: 30.00 (ts-monotonic, ts-src-eof)
cap dqbuf: 0 seq:   2808 bytesused: 10506240 ts: 1983.320353 delta: 33.334 ms delta now: +33.794 ms fps: 30.00 (ts-monotonic, ts-src-eof)
cap dqbuf: 1 seq:   2809 bytesused: 10506240 ts: 1983.353686 delta: 33.333 ms delta now: +33.938 ms fps: 30.00 (ts-monotonic, ts-src-eof)
cap dqbuf: 2 seq:   2810 bytesused: 10506240 ts: 1983.387020 delta: 33.334 ms delta now: +33.877 ms fps: 30.00 (ts-monotonic, ts-src-eof)
cap dqbuf: 3 seq:   2811 bytesused: 10506240 ts: 1983.420353 delta: 33.333 ms delta now: +33.814 ms fps: 30.00 (ts-monotonic, ts-src-eof)
cap dqbuf: 0 seq:   2812 bytesused: 10506240 ts: 1983.453686 delta: 33.333 ms delta now: +33.793 ms fps: 30.00 (ts-monotonic, ts-src-eof)
cap dqbuf: 1 seq:   2813 bytesused: 10506240 ts: 1983.487020 delta: 33.334 ms delta now: +34.045 ms fps: 30.00 (ts-monotonic, ts-src-eof)
cap dqbuf: 2 seq:   2814 bytesused: 10506240 ts: 1983.520354 delta: 33.334 ms delta now: +33.918 ms fps: 30.00 (ts-monotonic, ts-src-eof)
cap dqbuf: 3 seq:   2815 bytesused: 10506240 ts: 1983.553687 delta: 33.333 ms delta now: +33.790 ms fps: 30.00 (ts-monotonic, ts-src-eof)
cap dqbuf: 0 seq:   2816 bytesused: 10506240 ts: 1983.587019 delta: 33.332 ms delta now: +33.934 ms fps: 30.00 (ts-monotonic, ts-src-eof)
cap dqbuf: 1 seq:   2817 bytesused: 10506240 ts: 1983.620354 delta: 33.335 ms delta now: +33.800 ms fps: 30.00 (ts-monotonic, ts-src-eof)
cap dqbuf: 2 seq:   2818 bytesused: 10506240 ts: 1983.653686 delta: 33.332 ms delta now: +33.799 ms fps: 30.00 (ts-monotonic, ts-src-eof)
cap dqbuf: 3 seq:   2819 bytesused: 10506240 ts: 1983.687019 delta: 33.333 ms delta now: +33.794 ms fps: 30.00 (ts-monotonic, ts-src-eof)
cap dqbuf: 0 seq:   2820 bytesused: 10506240 ts: 1983.720353 delta: 33.334 ms delta now: +33.793 ms fps: 30.00 (ts-monotonic, ts-src-eof)
cap dqbuf: 1 seq:   2821 bytesused: 10506240 ts: 1983.753686 delta: 33.333 ms delta now: +33.938 ms fps: 30.00 (ts-monotonic, ts-src-eof)
cap dqbuf: 2 seq:   2822 bytesused: 10506240 ts: 1983.787020 delta: 33.334 ms delta now: +33.794 ms fps: 30.00 (ts-monotonic, ts-src-eof)
cap dqbuf: 3 seq:   2823 bytesused: 10506240 ts: 1983.820353 delta: 33.333 ms delta now: +33.792 ms fps: 30.00 (ts-monotonic, ts-src-eof)
cap dqbuf: 0 seq:   2824 bytesused: 10506240 ts: 1983.853686 delta: 33.333 ms delta now: +33.925 ms fps: 30.00 (ts-monotonic, ts-src-eof)
cap dqbuf: 1 seq:   2825 bytesused: 10506240 ts: 1983.887020 delta: 33.334 ms delta now: +33.795 ms fps: 30.00 (ts-monotonic, ts-src-eof)
cap dqbuf: 2 seq:   2826 bytesused: 10506240 ts: 1983.920353 delta: 33.333 ms delta now: +33.795 ms fps: 30.00 (ts-monotonic, ts-src-eof)
cap dqbuf: 3 seq:   2827 bytesused: 10506240 ts: 1983.953686 delta: 33.333 ms delta now: +33.795 ms fps: 30.00 (ts-monotonic, ts-src-eof)
cap dqbuf: 0 seq:   2828 bytesused: 10506240 ts: 1983.987019 delta: 33.333 ms delta now: +33.792 ms fps: 30.00 (ts-monotonic, ts-src-eof)
cap dqbuf: 1 seq:   2829 bytesused: 10506240 ts: 1984.020353 delta: 33.334 ms delta now: +33.936 ms fps: 30.00 (ts-monotonic, ts-src-eof)
cap dqbuf: 2 seq:   2830 bytesused: 10506240 ts: 1984.053687 delta: 33.334 ms delta now: +33.804 ms fps: 30.00 (ts-monotonic, ts-src-eof)
cap dqbuf: 3 seq:   2831 bytesused: 10506240 ts: 1984.087020 delta: 33.333 ms delta now: +33.797 ms fps: 30.00 (ts-monotonic, ts-src-eof)
cap dqbuf: 0 seq:   2832 bytesused: 10506240 ts: 1984.120353 delta: 33.333 ms delta now: +33.792 ms fps: 30.00 (ts-monotonic, ts-src-eof)
cap dqbuf: 1 seq:   2833 bytesused: 10506240 ts: 1984.153686 delta: 33.333 ms delta now: +33.791 ms fps: 30.00 (ts-monotonic, ts-src-eof)
cap dqbuf: 2 seq:   2834 bytesused: 10506240 ts: 1984.187019 delta: 33.333 ms delta now: +33.936 ms fps: 30.00 (ts-monotonic, ts-src-eof)
cap dqbuf: 3 seq:   2835 bytesused: 10506240 ts: 1984.220354 delta: 33.335 ms delta now: +33.794 ms fps: 30.00 (ts-monotonic, ts-src-eof)
cap dqbuf: 0 seq:   2836 bytesused: 10506240 ts: 1984.253686 delta: 33.332 ms delta now: +33.943 ms fps: 30.00 (ts-monotonic, ts-src-eof)
cap dqbuf: 1 seq:   2837 bytesused: 10506240 ts: 1984.287020 delta: 33.334 ms delta now: +33.821 ms fps: 30.00 (ts-monotonic, ts-src-eof)
cap dqbuf: 2 seq:   2838 bytesused: 10506240 ts: 1984.320353 delta: 33.333 ms delta now: +33.792 ms fps: 30.00 (ts-monotonic, ts-src-eof)
cap dqbuf: 3 seq:   2839 bytesused: 10506240 ts: 1984.353686 delta: 33.333 ms delta now: +33.791 ms fps: 30.00 (ts-monotonic, ts-src-eof)
cap dqbuf: 0 seq:   2840 bytesused: 10506240 ts: 1984.387020 delta: 33.334 ms delta now: +33.940 ms fps: 30.00 (ts-monotonic, ts-src-eof)
cap dqbuf: 1 seq:   2841 bytesused: 10506240 ts: 1984.420354 delta: 33.334 ms delta now: +33.943 ms fps: 30.00 (ts-monotonic, ts-src-eof)
cap dqbuf: 2 seq:   2842 bytesused: 10506240 ts: 1984.453687 delta: 33.333 ms delta now: +33.940 ms fps: 30.00 (ts-monotonic, ts-src-eof)
cap dqbuf: 3 seq:   2843 bytesused: 10506240 ts: 1984.487020 delta: 33.333 ms delta now: +33.793 ms fps: 30.00 (ts-monotonic, ts-src-eof)
cap dqbuf: 0 seq:   2844 bytesused: 10506240 ts: 1984.520353 delta: 33.333 ms delta now: +33.927 ms fps: 30.00 (ts-monotonic, ts-src-eof)
cap dqbuf: 1 seq:   2845 bytesused: 10506240 ts: 1984.553687 delta: 33.334 ms delta now: +33.939 ms fps: 30.00 (ts-monotonic, ts-src-eof)
cap dqbuf: 2 seq:   2846 bytesused: 10506240 ts: 1984.587020 delta: 33.333 ms delta now: +33.797 ms fps: 30.00 (ts-monotonic, ts-src-eof)
cap dqbuf: 3 seq:   2847 bytesused: 10506240 ts: 1984.620353 delta: 33.333 ms delta now: +33.963 ms fps: 30.00 (ts-monotonic, ts-src-eof)
cap dqbuf: 0 seq:   2848 bytesused: 10506240 ts: 1984.653687 delta: 33.334 ms delta now: +33.938 ms fps: 30.00 (ts-monotonic, ts-src-eof)
cap dqbuf: 1 seq:   2849 bytesused: 10506240 ts: 1984.687020 delta: 33.333 ms delta now: +33.811 ms fps: 30.00 (ts-monotonic, ts-src-eof)
cap dqbuf: 2 seq:   2850 bytesused: 10506240 ts: 1984.720353 delta: 33.333 ms delta now: +33.968 ms fps: 30.00 (ts-monotonic, ts-src-eof)
cap dqbuf: 3 seq:   2851 bytesused: 10506240 ts: 1984.753687 delta: 33.334 ms delta now: +33.793 ms fps: 30.00 (ts-monotonic, ts-src-eof)
cap dqbuf: 0 seq:   2852 bytesused: 10506240 ts: 1984.787019 delta: 33.332 ms delta now: +33.796 ms fps: 30.00 (ts-monotonic, ts-src-eof)
cap dqbuf: 1 seq:   2853 bytesused: 10506240 ts: 1984.820353 delta: 33.334 ms delta now: +33.931 ms fps: 30.00 (ts-monotonic, ts-src-eof)
cap dqbuf: 2 seq:   2854 bytesused: 10506240 ts: 1984.853687 delta: 33.334 ms delta now: +33.793 ms fps: 30.00 (ts-monotonic, ts-src-eof)
cap dqbuf: 3 seq:   2855 bytesused: 10506240 ts: 1984.887020 delta: 33.333 ms delta now: +33.792 ms fps: 30.00 (ts-monotonic, ts-src-eof)
cap dqbuf: 0 seq:   2856 bytesused: 10506240 ts: 1984.920353 delta: 33.333 ms delta now: +33.791 ms fps: 30.00 (ts-monotonic, ts-src-eof)
cap dqbuf: 1 seq:   2857 bytesused: 10506240 ts: 1984.953686 delta: 33.333 ms delta now: +33.996 ms fps: 30.00 (ts-monotonic, ts-src-eof)
cap dqbuf: 2 seq:   2858 bytesused: 10506240 ts: 1984.987020 delta: 33.334 ms delta now: +33.793 ms fps: 30.00 (ts-monotonic, ts-src-eof)
cap dqbuf: 3 seq:   2859 bytesused: 10506240 ts: 1985.020353 delta: 33.333 ms delta now: +33.935 ms fps: 30.00 (ts-monotonic, ts-src-eof)
cap dqbuf: 0 seq:   2860 bytesused: 10506240 ts: 1985.053687 delta: 33.334 ms delta now: +33.803 ms fps: 30.00 (ts-monotonic, ts-src-eof)
cap dqbuf: 1 seq:   2861 bytesused: 10506240 ts: 1985.087020 delta: 33.333 ms delta now: +33.957 ms fps: 30.00 (ts-monotonic, ts-src-eof)
cap dqbuf: 2 seq:   2862 bytesused: 10506240 ts: 1985.120354 delta: 33.334 ms delta now: +33.790 ms fps: 30.00 (ts-monotonic, ts-src-eof)
cap dqbuf: 3 seq:   2863 bytesused: 10506240 ts: 1985.153686 delta: 33.332 ms delta now: +33.792 ms fps: 30.00 (ts-monotonic, ts-src-eof)
cap dqbuf: 0 seq:   2864 bytesused: 10506240 ts: 1985.187020 delta: 33.334 ms delta now: +33.791 ms fps: 30.00 (ts-monotonic, ts-src-eof)
cap dqbuf: 1 seq:   2865 bytesused: 10506240 ts: 1985.220353 delta: 33.333 ms delta now: +33.935 ms fps: 30.00 (ts-monotonic, ts-src-eof)
cap dqbuf: 2 seq:   2866 bytesused: 10506240 ts: 1985.253687 delta: 33.334 ms delta now: +33.929 ms fps: 30.00 (ts-monotonic, ts-src-eof)
cap dqbuf: 3 seq:   2867 bytesused: 10506240 ts: 1985.287020 delta: 33.333 ms delta now: +33.793 ms fps: 30.00 (ts-monotonic, ts-src-eof)
cap dqbuf: 0 seq:   2868 bytesused: 10506240 ts: 1985.320353 delta: 33.333 ms delta now: +33.791 ms fps: 30.00 (ts-monotonic, ts-src-eof)
cap dqbuf: 1 seq:   2869 bytesused: 10506240 ts: 1985.353686 delta: 33.333 ms delta now: +33.791 ms fps: 30.00 (ts-monotonic, ts-src-eof)
cap dqbuf: 2 seq:   2870 bytesused: 10506240 ts: 1985.387020 delta: 33.334 ms delta now: +33.795 ms fps: 30.00 (ts-monotonic, ts-src-eof)
cap dqbuf: 3 seq:   2871 bytesused: 10506240 ts: 1985.420353 delta: 33.333 ms delta now: +33.962 ms fps: 30.00 (ts-monotonic, ts-src-eof)
cap dqbuf: 0 seq:   2872 bytesused: 10506240 ts: 1985.453686 delta: 33.333 ms delta now: +33.937 ms fps: 30.00 (ts-monotonic, ts-src-eof)
cap dqbuf: 1 seq:   2873 bytesused: 10506240 ts: 1985.487020 delta: 33.334 ms delta now: +33.937 ms fps: 30.00 (ts-monotonic, ts-src-eof)
cap dqbuf: 2 seq:   2874 bytesused: 10506240 ts: 1985.520354 delta: 33.334 ms delta now: +33.942 ms fps: 30.00 (ts-monotonic, ts-src-eof)
cap dqbuf: 3 seq:   2875 bytesused: 10506240 ts: 1985.553687 delta: 33.333 ms delta now: +34.041 ms fps: 30.00 (ts-monotonic, ts-src-eof)
cap dqbuf: 0 seq:   2876 bytesused: 10506240 ts: 1985.587020 delta: 33.333 ms delta now: +33.795 ms fps: 30.00 (ts-monotonic, ts-src-eof)
cap dqbuf: 1 seq:   2877 bytesused: 10506240 ts: 1985.620353 delta: 33.333 ms delta now: +34.008 ms fps: 30.00 (ts-monotonic, ts-src-eof)
cap dqbuf: 2 seq:   2878 bytesused: 10506240 ts: 1985.653687 delta: 33.334 ms delta now: +33.830 ms fps: 30.00 (ts-monotonic, ts-src-eof)
cap dqbuf: 3 seq:   2879 bytesused: 10506240 ts: 1985.687019 delta: 33.332 ms delta now: +33.968 ms fps: 30.00 (ts-monotonic, ts-src-eof)
cap dqbuf: 0 seq:   2880 bytesused: 10506240 ts: 1985.720354 delta: 33.335 ms delta now: +33.933 ms fps: 30.00 (ts-monotonic, ts-src-eof)
cap dqbuf: 1 seq:   2881 bytesused: 10506240 ts: 1985.753687 delta: 33.333 ms delta now: +33.792 ms fps: 30.00 (ts-monotonic, ts-src-eof)
cap dqbuf: 2 seq:   2882 bytesused: 10506240 ts: 1985.787020 delta: 33.333 ms delta now: +33.957 ms fps: 30.00 (ts-monotonic, ts-src-eof)
cap dqbuf: 3 seq:   2883 bytesused: 10506240 ts: 1985.820354 delta: 33.334 ms delta now: +33.813 ms fps: 30.00 (ts-monotonic, ts-src-eof)
cap dqbuf: 0 seq:   2884 bytesused: 10506240 ts: 1985.853687 delta: 33.333 ms delta now: +34.005 ms fps: 30.00 (ts-monotonic, ts-src-eof)
cap dqbuf: 1 seq:   2885 bytesused: 10506240 ts: 1985.887021 delta: 33.334 ms delta now: +33.808 ms fps: 30.00 (ts-monotonic, ts-src-eof)
cap dqbuf: 2 seq:   2886 bytesused: 10506240 ts: 1985.920353 delta: 33.332 ms delta now: +33.996 ms fps: 30.00 (ts-monotonic, ts-src-eof)
cap dqbuf: 3 seq:   2887 bytesused: 10506240 ts: 1985.953687 delta: 33.334 ms delta now: +33.936 ms fps: 30.00 (ts-monotonic, ts-src-eof)
cap dqbuf: 0 seq:   2888 bytesused: 10506240 ts: 1985.987020 delta: 33.333 ms delta now: +33.992 ms fps: 30.00 (ts-monotonic, ts-src-eof)
cap dqbuf: 1 seq:   2889 bytesused: 10506240 ts: 1986.020354 delta: 33.334 ms delta now: +33.793 ms fps: 30.00 (ts-monotonic, ts-src-eof)
cap dqbuf: 2 seq:   2890 bytesused: 10506240 ts: 1986.053686 delta: 33.332 ms delta now: +33.958 ms fps: 30.00 (ts-monotonic, ts-src-eof)
cap dqbuf: 3 seq:   2891 bytesused: 10506240 ts: 1986.087020 delta: 33.334 ms delta now: +33.813 ms fps: 30.00 (ts-monotonic, ts-src-eof)
cap dqbuf: 0 seq:   2892 bytesused: 10506240 ts: 1986.120353 delta: 33.333 ms delta now: +33.950 ms fps: 30.00 (ts-monotonic, ts-src-eof)
cap dqbuf: 1 seq:   2893 bytesused: 10506240 ts: 1986.153687 delta: 33.334 ms delta now: +33.798 ms fps: 30.00 (ts-monotonic, ts-src-eof)
cap dqbuf: 2 seq:   2894 bytesused: 10506240 ts: 1986.187019 delta: 33.332 ms delta now: +33.857 ms fps: 30.00 (ts-monotonic, ts-src-eof)
cap dqbuf: 3 seq:   2895 bytesused: 10506240 ts: 1986.220354 delta: 33.335 ms delta now: +33.934 ms fps: 30.00 (ts-monotonic, ts-src-eof)
cap dqbuf: 0 seq:   2896 bytesused: 10506240 ts: 1986.253687 delta: 33.333 ms delta now: +33.931 ms fps: 30.00 (ts-monotonic, ts-src-eof)
cap dqbuf: 1 seq:   2897 bytesused: 10506240 ts: 1986.287020 delta: 33.333 ms delta now: +33.939 ms fps: 30.00 (ts-monotonic, ts-src-eof)
cap dqbuf: 2 seq:   2898 bytesused: 10506240 ts: 1986.320354 delta: 33.334 ms delta now: +33.789 ms fps: 30.00 (ts-monotonic, ts-src-eof)
cap dqbuf: 3 seq:   2899 bytesused: 10506240 ts: 1986.353686 delta: 33.332 ms delta now: +33.790 ms fps: 30.00 (ts-monotonic, ts-src-eof)
cap dqbuf: 0 seq:   2900 bytesused: 10506240 ts: 1986.387020 delta: 33.334 ms delta now: +33.943 ms fps: 30.00 (ts-monotonic, ts-src-eof)
cap dqbuf: 1 seq:   2901 bytesused: 10506240 ts: 1986.420354 delta: 33.334 ms delta now: +33.793 ms fps: 30.00 (ts-monotonic, ts-src-eof)
cap dqbuf: 2 seq:   2902 bytesused: 10506240 ts: 1986.453686 delta: 33.332 ms delta now: +33.792 ms fps: 30.00 (ts-monotonic, ts-src-eof)
cap dqbuf: 3 seq:   2903 bytesused: 10506240 ts: 1986.487019 delta: 33.333 ms delta now: +33.936 ms fps: 30.00 (ts-monotonic, ts-src-eof)
cap dqbuf: 0 seq:   2904 bytesused: 10506240 ts: 1986.520354 delta: 33.335 ms delta now: +33.789 ms fps: 30.00 (ts-monotonic, ts-src-eof)
cap dqbuf: 1 seq:   2905 bytesused: 10506240 ts: 1986.553686 delta: 33.332 ms delta now: +33.792 ms fps: 30.00 (ts-monotonic, ts-src-eof)
cap dqbuf: 2 seq:   2906 bytesused: 10506240 ts: 1986.587020 delta: 33.334 ms delta now: +33.942 ms fps: 30.00 (ts-monotonic, ts-src-eof)
cap dqbuf: 3 seq:   2907 bytesused: 10506240 ts: 1986.620354 delta: 33.334 ms delta now: +33.814 ms fps: 30.00 (ts-monotonic, ts-src-eof)
cap dqbuf: 0 seq:   2908 bytesused: 10506240 ts: 1986.653687 delta: 33.333 ms delta now: +33.943 ms fps: 30.00 (ts-monotonic, ts-src-eof)
cap dqbuf: 1 seq:   2909 bytesused: 10506240 ts: 1986.687020 delta: 33.333 ms delta now: +33.791 ms fps: 30.00 (ts-monotonic, ts-src-eof)
cap dqbuf: 2 seq:   2910 bytesused: 10506240 ts: 1986.720353 delta: 33.333 ms delta now: +34.040 ms fps: 30.00 (ts-monotonic, ts-src-eof)
cap dqbuf: 3 seq:   2911 bytesused: 10506240 ts: 1986.753687 delta: 33.334 ms delta now: +33.947 ms fps: 30.00 (ts-monotonic, ts-src-eof)
cap dqbuf: 0 seq:   2912 bytesused: 10506240 ts: 1986.787021 delta: 33.334 ms delta now: +33.793 ms fps: 30.00 (ts-monotonic, ts-src-eof)
cap dqbuf: 1 seq:   2913 bytesused: 10506240 ts: 1986.820353 delta: 33.332 ms delta now: +34.001 ms fps: 30.00 (ts-monotonic, ts-src-eof)
cap dqbuf: 2 seq:   2914 bytesused: 10506240 ts: 1986.853687 delta: 33.334 ms delta now: +33.793 ms fps: 30.00 (ts-monotonic, ts-src-eof)
cap dqbuf: 3 seq:   2915 bytesused: 10506240 ts: 1986.887020 delta: 33.333 ms delta now: +33.814 ms fps: 30.00 (ts-monotonic, ts-src-eof)
cap dqbuf: 0 seq:   2916 bytesused: 10506240 ts: 1986.920354 delta: 33.334 ms delta now: +33.794 ms fps: 30.00 (ts-monotonic, ts-src-eof)
cap dqbuf: 1 seq:   2917 bytesused: 10506240 ts: 1986.953686 delta: 33.332 ms delta now: +33.937 ms fps: 30.00 (ts-monotonic, ts-src-eof)
cap dqbuf: 2 seq:   2918 bytesused: 10506240 ts: 1986.987020 delta: 33.334 ms delta now: +33.915 ms fps: 30.00 (ts-monotonic, ts-src-eof)
cap dqbuf: 3 seq:   2919 bytesused: 10506240 ts: 1987.020353 delta: 33.333 ms delta now: +33.818 ms fps: 30.00 (ts-monotonic, ts-src-eof)
cap dqbuf: 0 seq:   2920 bytesused: 10506240 ts: 1987.053687 delta: 33.334 ms delta now: +34.014 ms fps: 30.00 (ts-monotonic, ts-src-eof)
cap dqbuf: 1 seq:   2921 bytesused: 10506240 ts: 1987.087020 delta: 33.333 ms delta now: +33.809 ms fps: 30.00 (ts-monotonic, ts-src-eof)
cap dqbuf: 2 seq:   2922 bytesused: 10506240 ts: 1987.120353 delta: 33.333 ms delta now: +33.815 ms fps: 30.00 (ts-monotonic, ts-src-eof)
cap dqbuf: 3 seq:   2923 bytesused: 10506240 ts: 1987.153686 delta: 33.333 ms delta now: +33.795 ms fps: 30.00 (ts-monotonic, ts-src-eof)
cap dqbuf: 0 seq:   2924 bytesused: 10506240 ts: 1987.187020 delta: 33.334 ms delta now: +33.941 ms fps: 30.00 (ts-monotonic, ts-src-eof)
cap dqbuf: 1 seq:   2925 bytesused: 10506240 ts: 1987.220354 delta: 33.334 ms delta now: +33.923 ms fps: 30.00 (ts-monotonic, ts-src-eof)
cap dqbuf: 2 seq:   2926 bytesused: 10506240 ts: 1987.253687 delta: 33.333 ms delta now: +33.792 ms fps: 30.00 (ts-monotonic, ts-src-eof)
cap dqbuf: 3 seq:   2927 bytesused: 10506240 ts: 1987.287020 delta: 33.333 ms delta now: +33.943 ms fps: 30.00 (ts-monotonic, ts-src-eof)
cap dqbuf: 0 seq:   2928 bytesused: 10506240 ts: 1987.320354 delta: 33.334 ms delta now: +33.935 ms fps: 30.00 (ts-monotonic, ts-src-eof)
cap dqbuf: 1 seq:   2929 bytesused: 10506240 ts: 1987.353687 delta: 33.333 ms delta now: +33.982 ms fps: 30.00 (ts-monotonic, ts-src-eof)
cap dqbuf: 2 seq:   2930 bytesused: 10506240 ts: 1987.387021 delta: 33.334 ms delta now: +33.934 ms fps: 30.00 (ts-monotonic, ts-src-eof)
cap dqbuf: 3 seq:   2931 bytesused: 10506240 ts: 1987.420354 delta: 33.333 ms delta now: +33.794 ms fps: 30.00 (ts-monotonic, ts-src-eof)
cap dqbuf: 0 seq:   2932 bytesused: 10506240 ts: 1987.453686 delta: 33.332 ms delta now: +33.939 ms fps: 30.00 (ts-monotonic, ts-src-eof)
cap dqbuf: 1 seq:   2933 bytesused: 10506240 ts: 1987.487021 delta: 33.335 ms delta now: +33.790 ms fps: 30.00 (ts-monotonic, ts-src-eof)
cap dqbuf: 2 seq:   2934 bytesused: 10506240 ts: 1987.520353 delta: 33.332 ms delta now: +33.794 ms fps: 30.00 (ts-monotonic, ts-src-eof)
cap dqbuf: 3 seq:   2935 bytesused: 10506240 ts: 1987.553686 delta: 33.333 ms delta now: +33.935 ms fps: 30.00 (ts-monotonic, ts-src-eof)
cap dqbuf: 0 seq:   2936 bytesused: 10506240 ts: 1987.587021 delta: 33.335 ms delta now: +33.937 ms fps: 30.00 (ts-monotonic, ts-src-eof)
cap dqbuf: 1 seq:   2937 bytesused: 10506240 ts: 1987.620353 delta: 33.332 ms delta now: +33.793 ms fps: 30.00 (ts-monotonic, ts-src-eof)
cap dqbuf: 2 seq:   2938 bytesused: 10506240 ts: 1987.653687 delta: 33.334 ms delta now: +33.792 ms fps: 30.00 (ts-monotonic, ts-src-eof)
cap dqbuf: 3 seq:   2939 bytesused: 10506240 ts: 1987.687020 delta: 33.333 ms delta now: +33.791 ms fps: 30.00 (ts-monotonic, ts-src-eof)
cap dqbuf: 0 seq:   2940 bytesused: 10506240 ts: 1987.720353 delta: 33.333 ms delta now: +33.789 ms fps: 30.00 (ts-monotonic, ts-src-eof)
cap dqbuf: 1 seq:   2941 bytesused: 10506240 ts: 1987.753687 delta: 33.334 ms delta now: +33.989 ms fps: 30.00 (ts-monotonic, ts-src-eof)
cap dqbuf: 2 seq:   2942 bytesused: 10506240 ts: 1987.787021 delta: 33.334 ms delta now: +33.851 ms fps: 30.00 (ts-monotonic, ts-src-eof)
cap dqbuf: 3 seq:   2943 bytesused: 10506240 ts: 1987.820354 delta: 33.333 ms delta now: +33.792 ms fps: 30.00 (ts-monotonic, ts-src-eof)
cap dqbuf: 0 seq:   2944 bytesused: 10506240 ts: 1987.853687 delta: 33.333 ms delta now: +33.794 ms fps: 30.00 (ts-monotonic, ts-src-eof)
cap dqbuf: 1 seq:   2945 bytesused: 10506240 ts: 1987.887020 delta: 33.333 ms delta now: +33.939 ms fps: 30.00 (ts-monotonic, ts-src-eof)
cap dqbuf: 2 seq:   2946 bytesused: 10506240 ts: 1987.920354 delta: 33.334 ms delta now: +33.792 ms fps: 30.00 (ts-monotonic, ts-src-eof)
cap dqbuf: 3 seq:   2947 bytesused: 10506240 ts: 1987.953687 delta: 33.333 ms delta now: +33.933 ms fps: 30.00 (ts-monotonic, ts-src-eof)
cap dqbuf: 0 seq:   2948 bytesused: 10506240 ts: 1987.987021 delta: 33.334 ms delta now: +33.790 ms fps: 30.00 (ts-monotonic, ts-src-eof)
cap dqbuf: 1 seq:   2949 bytesused: 10506240 ts: 1988.020353 delta: 33.332 ms delta now: +33.800 ms fps: 30.00 (ts-monotonic, ts-src-eof)
cap dqbuf: 2 seq:   2950 bytesused: 10506240 ts: 1988.053686 delta: 33.333 ms delta now: +33.951 ms fps: 30.00 (ts-monotonic, ts-src-eof)
cap dqbuf: 3 seq:   2951 bytesused: 10506240 ts: 1988.087021 delta: 33.335 ms delta now: +34.053 ms fps: 30.00 (ts-monotonic, ts-src-eof)
cap dqbuf: 0 seq:   2952 bytesused: 10506240 ts: 1988.120354 delta: 33.333 ms delta now: +33.944 ms fps: 30.00 (ts-monotonic, ts-src-eof)
cap dqbuf: 1 seq:   2953 bytesused: 10506240 ts: 1988.153687 delta: 33.333 ms delta now: +33.928 ms fps: 30.00 (ts-monotonic, ts-src-eof)
cap dqbuf: 2 seq:   2954 bytesused: 10506240 ts: 1988.187021 delta: 33.334 ms delta now: +33.793 ms fps: 30.00 (ts-monotonic, ts-src-eof)
cap dqbuf: 3 seq:   2955 bytesused: 10506240 ts: 1988.220353 delta: 33.332 ms delta now: +33.911 ms fps: 30.00 (ts-monotonic, ts-src-eof)
cap dqbuf: 0 seq:   2956 bytesused: 10506240 ts: 1988.253687 delta: 33.334 ms delta now: +33.794 ms fps: 30.00 (ts-monotonic, ts-src-eof)
cap dqbuf: 1 seq:   2957 bytesused: 10506240 ts: 1988.287020 delta: 33.333 ms delta now: +33.794 ms fps: 30.00 (ts-monotonic, ts-src-eof)
cap dqbuf: 2 seq:   2958 bytesused: 10506240 ts: 1988.320353 delta: 33.333 ms delta now: +33.864 ms fps: 30.00 (ts-monotonic, ts-src-eof)
cap dqbuf: 3 seq:   2959 bytesused: 10506240 ts: 1988.353687 delta: 33.334 ms delta now: +33.795 ms fps: 30.00 (ts-monotonic, ts-src-eof)
cap dqbuf: 0 seq:   2960 bytesused: 10506240 ts: 1988.387020 delta: 33.333 ms delta now: +33.945 ms fps: 30.00 (ts-monotonic, ts-src-eof)
cap dqbuf: 1 seq:   2961 bytesused: 10506240 ts: 1988.420354 delta: 33.334 ms delta now: +33.792 ms fps: 30.00 (ts-monotonic, ts-src-eof)
cap dqbuf: 2 seq:   2962 bytesused: 10506240 ts: 1988.453686 delta: 33.332 ms delta now: +33.966 ms fps: 30.00 (ts-monotonic, ts-src-eof)
cap dqbuf: 3 seq:   2963 bytesused: 10506240 ts: 1988.487021 delta: 33.335 ms delta now: +33.794 ms fps: 30.00 (ts-monotonic, ts-src-eof)
cap dqbuf: 0 seq:   2964 bytesused: 10506240 ts: 1988.520353 delta: 33.332 ms delta now: +33.793 ms fps: 30.00 (ts-monotonic, ts-src-eof)
cap dqbuf: 1 seq:   2965 bytesused: 10506240 ts: 1988.553686 delta: 33.333 ms delta now: +33.937 ms fps: 30.00 (ts-monotonic, ts-src-eof)
cap dqbuf: 2 seq:   2966 bytesused: 10506240 ts: 1988.587021 delta: 33.335 ms delta now: +34.038 ms fps: 30.00 (ts-monotonic, ts-src-eof)
cap dqbuf: 3 seq:   2967 bytesused: 10506240 ts: 1988.620354 delta: 33.333 ms delta now: +33.951 ms fps: 30.00 (ts-monotonic, ts-src-eof)
cap dqbuf: 0 seq:   2968 bytesused: 10506240 ts: 1988.653687 delta: 33.333 ms delta now: +33.939 ms fps: 30.00 (ts-monotonic, ts-src-eof)
cap dqbuf: 1 seq:   2969 bytesused: 10506240 ts: 1988.687021 delta: 33.334 ms delta now: +33.813 ms fps: 30.00 (ts-monotonic, ts-src-eof)
cap dqbuf: 2 seq:   2970 bytesused: 10506240 ts: 1988.720353 delta: 33.332 ms delta now: +33.796 ms fps: 30.00 (ts-monotonic, ts-src-eof)
cap dqbuf: 3 seq:   2971 bytesused: 10506240 ts: 1988.753687 delta: 33.334 ms delta now: +33.793 ms fps: 30.00 (ts-monotonic, ts-src-eof)
cap dqbuf: 0 seq:   2972 bytesused: 10506240 ts: 1988.787020 delta: 33.333 ms delta now: +33.801 ms fps: 30.00 (ts-monotonic, ts-src-eof)
cap dqbuf: 1 seq:   2973 bytesused: 10506240 ts: 1988.820353 delta: 33.333 ms delta now: +33.936 ms fps: 30.00 (ts-monotonic, ts-src-eof)
cap dqbuf: 2 seq:   2974 bytesused: 10506240 ts: 1988.853687 delta: 33.334 ms delta now: +33.793 ms fps: 30.00 (ts-monotonic, ts-src-eof)
cap dqbuf: 3 seq:   2975 bytesused: 10506240 ts: 1988.887020 delta: 33.333 ms delta now: +33.794 ms fps: 30.00 (ts-monotonic, ts-src-eof)
cap dqbuf: 0 seq:   2976 bytesused: 10506240 ts: 1988.920353 delta: 33.333 ms delta now: +33.935 ms fps: 30.00 (ts-monotonic, ts-src-eof)
cap dqbuf: 1 seq:   2977 bytesused: 10506240 ts: 1988.953687 delta: 33.334 ms delta now: +33.791 ms fps: 30.00 (ts-monotonic, ts-src-eof)
cap dqbuf: 2 seq:   2978 bytesused: 10506240 ts: 1988.987020 delta: 33.333 ms delta now: +33.946 ms fps: 30.00 (ts-monotonic, ts-src-eof)
cap dqbuf: 3 seq:   2979 bytesused: 10506240 ts: 1989.020354 delta: 33.334 ms delta now: +33.792 ms fps: 30.00 (ts-monotonic, ts-src-eof)
cap dqbuf: 0 seq:   2980 bytesused: 10506240 ts: 1989.053687 delta: 33.333 ms delta now: +33.969 ms fps: 30.00 (ts-monotonic, ts-src-eof)
cap dqbuf: 1 seq:   2981 bytesused: 10506240 ts: 1989.087021 delta: 33.334 ms delta now: +33.829 ms fps: 30.00 (ts-monotonic, ts-src-eof)
cap dqbuf: 2 seq:   2982 bytesused: 10506240 ts: 1989.120354 delta: 33.333 ms delta now: +33.795 ms fps: 30.00 (ts-monotonic, ts-src-eof)
cap dqbuf: 3 seq:   2983 bytesused: 10506240 ts: 1989.153687 delta: 33.333 ms delta now: +33.988 ms fps: 30.00 (ts-monotonic, ts-src-eof)
cap dqbuf: 0 seq:   2984 bytesused: 10506240 ts: 1989.187021 delta: 33.334 ms delta now: +33.792 ms fps: 30.00 (ts-monotonic, ts-src-eof)
cap dqbuf: 1 seq:   2985 bytesused: 10506240 ts: 1989.220353 delta: 33.332 ms delta now: +33.800 ms fps: 30.00 (ts-monotonic, ts-src-eof)
cap dqbuf: 2 seq:   2986 bytesused: 10506240 ts: 1989.253687 delta: 33.334 ms delta now: +33.792 ms fps: 30.00 (ts-monotonic, ts-src-eof)
cap dqbuf: 3 seq:   2987 bytesused: 10506240 ts: 1989.287020 delta: 33.333 ms delta now: +33.791 ms fps: 30.00 (ts-monotonic, ts-src-eof)
cap dqbuf: 0 seq:   2988 bytesused: 10506240 ts: 1989.320353 delta: 33.333 ms delta now: +33.931 ms fps: 30.00 (ts-monotonic, ts-src-eof)
cap dqbuf: 1 seq:   2989 bytesused: 10506240 ts: 1989.353687 delta: 33.334 ms delta now: +33.792 ms fps: 30.00 (ts-monotonic, ts-src-eof)
cap dqbuf: 2 seq:   2990 bytesused: 10506240 ts: 1989.387020 delta: 33.333 ms delta now: +33.791 ms fps: 30.00 (ts-monotonic, ts-src-eof)
cap dqbuf: 3 seq:   2991 bytesused: 10506240 ts: 1989.420353 delta: 33.333 ms delta now: +33.930 ms fps: 30.00 (ts-monotonic, ts-src-eof)
cap dqbuf: 0 seq:   2992 bytesused: 10506240 ts: 1989.453687 delta: 33.334 ms delta now: +33.793 ms fps: 30.00 (ts-monotonic, ts-src-eof)
cap dqbuf: 1 seq:   2993 bytesused: 10506240 ts: 1989.487020 delta: 33.333 ms delta now: +33.936 ms fps: 30.00 (ts-monotonic, ts-src-eof)
cap dqbuf: 2 seq:   2994 bytesused: 10506240 ts: 1989.520354 delta: 33.334 ms delta now: +33.790 ms fps: 30.00 (ts-monotonic, ts-src-eof)
cap dqbuf: 3 seq:   2995 bytesused: 10506240 ts: 1989.553687 delta: 33.333 ms delta now: +33.800 ms fps: 30.00 (ts-monotonic, ts-src-eof)
cap dqbuf: 0 seq:   2996 bytesused: 10506240 ts: 1989.587020 delta: 33.333 ms delta now: +33.793 ms fps: 30.00 (ts-monotonic, ts-src-eof)
cap dqbuf: 1 seq:   2997 bytesused: 10506240 ts: 1989.620353 delta: 33.333 ms delta now: +33.937 ms fps: 30.00 (ts-monotonic, ts-src-eof)
cap dqbuf: 2 seq:   2998 bytesused: 10506240 ts: 1989.653687 delta: 33.334 ms delta now: +33.789 ms fps: 30.00 (ts-monotonic, ts-src-eof)
cap dqbuf: 3 seq:   2999 bytesused: 10506240 ts: 1989.687020 delta: 33.333 ms delta now: +33.998 ms fps: 30.00 (ts-monotonic, ts-src-eof)
cap dqbuf: 0 seq:   3000 bytesused: 10506240 ts: 1989.720354 delta: 33.334 ms delta now: +33.790 ms fps: 30.00 (ts-monotonic, ts-src-eof)
cap dqbuf: 1 seq:   3001 bytesused: 10506240 ts: 1989.753687 delta: 33.333 ms delta now: +33.794 ms fps: 30.00 (ts-monotonic, ts-src-eof)
cap dqbuf: 2 seq:   3002 bytesused: 10506240 ts: 1989.787020 delta: 33.333 ms delta now: +33.939 ms fps: 30.00 (ts-monotonic, ts-src-eof)
cap dqbuf: 3 seq:   3003 bytesused: 10506240 ts: 1989.820354 delta: 33.334 ms delta now: +33.794 ms fps: 30.00 (ts-monotonic, ts-src-eof)
cap dqbuf: 0 seq:   3004 bytesused: 10506240 ts: 1989.853687 delta: 33.333 ms delta now: +33.907 ms fps: 30.00 (ts-monotonic, ts-src-eof)
cap dqbuf: 1 seq:   3005 bytesused: 10506240 ts: 1989.887021 delta: 33.334 ms delta now: +33.788 ms fps: 30.00 (ts-monotonic, ts-src-eof)
cap dqbuf: 2 seq:   3006 bytesused: 10506240 ts: 1989.920354 delta: 33.333 ms delta now: +33.936 ms fps: 30.00 (ts-monotonic, ts-src-eof)
cap dqbuf: 3 seq:   3007 bytesused: 10506240 ts: 1989.953688 delta: 33.334 ms delta now: +33.793 ms fps: 30.00 (ts-monotonic, ts-src-eof)

VIDIOC_QUERYCAP: ok
