		VIDIOC_REQBUFS returned 0 (Success)
		VIDIOC_QUERYBUF returned 0 (Success)
		VIDIOC_QUERYBUF returned 0 (Success)
		VIDIOC_QUERYBUF returned 0 (Success)
		VIDIOC_QUERYBUF returned 0 (Success)
		VIDIOC_QBUF returned 0 (Success)
		VIDIOC_QBUF returned 0 (Success)
		VIDIOC_QBUF returned 0 (Success)
		VIDIOC_QBUF returned 0 (Success)
		VIDIOC_STREAMON returned 0 (Success)
cap dqbuf: 0 seq:      0 bytesused: 12441600 ts: 177.052214 delta now: +34.260 ms (ts-monotonic, ts-src-eof)
cap dqbuf: 1 seq:      1 bytesused: 12441600 ts: 177.085566 delta: 33.352 ms delta now: +34.380 ms (ts-monotonic, ts-src-eof)
cap dqbuf: 2 seq:      2 bytesused: 12441600 ts: 177.118901 delta: 33.335 ms delta now: +34.557 ms (ts-monotonic, ts-src-eof)
cap dqbuf: 3 seq:      3 bytesused: 12441600 ts: 177.152219 delta: 33.318 ms delta now: +32.843 ms (ts-monotonic, ts-src-eof)
cap dqbuf: 0 seq:      4 bytesused: 12441600 ts: 177.185545 delta: 33.326 ms delta now: +32.523 ms fps: 30.00 (ts-monotonic, ts-src-eof)
cap dqbuf: 1 seq:      5 bytesused: 12441600 ts: 177.218867 delta: 33.322 ms delta now: +34.635 ms fps: 30.00 (ts-monotonic, ts-src-eof)
cap dqbuf: 2 seq:      6 bytesused: 12441600 ts: 177.252230 delta: 33.363 ms delta now: +32.545 ms fps: 30.00 (ts-monotonic, ts-src-eof)
cap dqbuf: 3 seq:      7 bytesused: 12441600 ts: 177.285533 delta: 33.303 ms delta now: +32.563 ms fps: 30.00 (ts-monotonic, ts-src-eof)
cap dqbuf: 0 seq:      8 bytesused: 12441600 ts: 177.318880 delta: 33.347 ms delta now: +34.364 ms fps: 30.00 (ts-monotonic, ts-src-eof)
cap dqbuf: 1 seq:      9 bytesused: 12441600 ts: 177.352218 delta: 33.338 ms delta now: +32.496 ms fps: 30.00 (ts-monotonic, ts-src-eof)
cap dqbuf: 2 seq:     10 bytesused: 12441600 ts: 177.385545 delta: 33.327 ms delta now: +32.803 ms fps: 30.00 (ts-monotonic, ts-src-eof)
cap dqbuf: 3 seq:     11 bytesused: 12441600 ts: 177.418869 delta: 33.324 ms delta now: +33.593 ms fps: 30.00 (ts-monotonic, ts-src-eof)
cap dqbuf: 0 seq:     12 bytesused: 12441600 ts: 177.452222 delta: 33.353 ms delta now: +32.603 ms fps: 30.00 (ts-monotonic, ts-src-eof)
cap dqbuf: 1 seq:     13 bytesused: 12441600 ts: 177.485545 delta: 33.323 ms delta now: +32.542 ms fps: 30.00 (ts-monotonic, ts-src-eof)
cap dqbuf: 2 seq:     14 bytesused: 12441600 ts: 177.518878 delta: 33.333 ms delta now: +32.495 ms fps: 30.00 (ts-monotonic, ts-src-eof)
cap dqbuf: 3 seq:     15 bytesused: 12441600 ts: 177.552211 delta: 33.333 ms delta now: +34.374 ms fps: 30.00 (ts-monotonic, ts-src-eof)
cap dqbuf: 0 seq:     16 bytesused: 12441600 ts: 177.585559 delta: 33.348 ms delta now: +32.481 ms fps: 30.00 (ts-monotonic, ts-src-eof)
cap dqbuf: 1 seq:     17 bytesused: 12441600 ts: 177.618879 delta: 33.320 ms delta now: +34.085 ms fps: 30.00 (ts-monotonic, ts-src-eof)
cap dqbuf: 2 seq:     18 bytesused: 12441600 ts: 177.652232 delta: 33.353 ms delta now: +34.348 ms fps: 30.00 (ts-monotonic, ts-src-eof)
cap dqbuf: 3 seq:     19 bytesused: 12441600 ts: 177.685574 delta: 33.342 ms delta now: +32.526 ms fps: 30.00 (ts-monotonic, ts-src-eof)
cap dqbuf: 0 seq:     20 bytesused: 12441600 ts: 177.718867 delta: 33.293 ms delta now: +34.374 ms fps: 30.00 (ts-monotonic, ts-src-eof)
cap dqbuf: 1 seq:     21 bytesused: 12441600 ts: 177.752223 delta: 33.356 ms delta now: +32.509 ms fps: 30.00 (ts-monotonic, ts-src-eof)
cap dqbuf: 2 seq:     22 bytesused: 12441600 ts: 177.785533 delta: 33.310 ms delta now: +32.561 ms fps: 30.00 (ts-monotonic, ts-src-eof)
cap dqbuf: 3 seq:     23 bytesused: 12441600 ts: 177.818878 delta: 33.345 ms delta now: +32.495 ms fps: 30.00 (ts-monotonic, ts-src-eof)
cap dqbuf: 0 seq:     24 bytesused: 12441600 ts: 177.852200 delta: 33.322 ms delta now: +32.520 ms fps: 30.00 (ts-monotonic, ts-src-eof)
cap dqbuf: 1 seq:     25 bytesused: 12441600 ts: 177.885547 delta: 33.347 ms delta now: +32.540 ms fps: 30.00 (ts-monotonic, ts-src-eof)
cap dqbuf: 2 seq:     26 bytesused: 12441600 ts: 177.918878 delta: 33.331 ms delta now: +34.556 ms fps: 30.00 (ts-monotonic, ts-src-eof)
cap dqbuf: 3 seq:     27 bytesused: 12441600 ts: 177.952232 delta: 33.354 ms delta now: +32.474 ms fps: 30.00 (ts-monotonic, ts-src-eof)
cap dqbuf: 0 seq:     28 bytesused: 12441600 ts: 177.985545 delta: 33.313 ms delta now: +34.422 ms fps: 30.00 (ts-monotonic, ts-src-eof)
cap dqbuf: 1 seq:     29 bytesused: 12441600 ts: 178.018899 delta: 33.354 ms delta now: +33.154 ms fps: 30.00 (ts-monotonic, ts-src-eof)
cap dqbuf: 2 seq:     30 bytesused: 12441600 ts: 178.052212 delta: 33.313 ms delta now: +32.551 ms fps: 30.00 (ts-monotonic, ts-src-eof)
cap dqbuf: 3 seq:     31 bytesused: 12441600 ts: 178.085534 delta: 33.322 ms delta now: +34.552 ms fps: 30.00 (ts-monotonic, ts-src-eof)
cap dqbuf: 0 seq:     32 bytesused: 12441600 ts: 178.118886 delta: 33.352 ms delta now: +32.502 ms fps: 30.00 (ts-monotonic, ts-src-eof)
cap dqbuf: 1 seq:     33 bytesused: 12441600 ts: 178.152200 delta: 33.314 ms delta now: +32.534 ms fps: 30.00 (ts-monotonic, ts-src-eof)
cap dqbuf: 2 seq:     34 bytesused: 12441600 ts: 178.185534 delta: 33.334 ms delta now: +34.404 ms fps: 30.00 (ts-monotonic, ts-src-eof)
cap dqbuf: 3 seq:     35 bytesused: 12441600 ts: 178.218884 delta: 33.350 ms delta now: +32.520 ms fps: 30.00 (ts-monotonic, ts-src-eof)
cap dqbuf: 0 seq:     36 bytesused: 12441600 ts: 178.252212 delta: 33.328 ms delta now: +32.512 ms fps: 30.00 (ts-monotonic, ts-src-eof)
cap dqbuf: 1 seq:     37 bytesused: 12441600 ts: 178.285534 delta: 33.322 ms delta now: +34.385 ms fps: 30.00 (ts-monotonic, ts-src-eof)
cap dqbuf: 2 seq:     38 bytesused: 12441600 ts: 178.318905 delta: 33.371 ms delta now: +34.389 ms fps: 30.00 (ts-monotonic, ts-src-eof)
cap dqbuf: 3 seq:     39 bytesused: 12441600 ts: 178.352231 delta: 33.326 ms delta now: +34.343 ms fps: 30.00 (ts-monotonic, ts-src-eof)
cap dqbuf: 0 seq:     40 bytesused: 12441600 ts: 178.385570 delta: 33.339 ms delta now: +34.351 ms fps: 30.00 (ts-monotonic, ts-src-eof)
cap dqbuf: 1 seq:     41 bytesused: 12441600 ts: 178.418884 delta: 33.314 ms delta now: +34.513 ms fps: 30.00 (ts-monotonic, ts-src-eof)
cap dqbuf: 2 seq:     42 bytesused: 12441600 ts: 178.452232 delta: 33.348 ms delta now: +32.500 ms fps: 30.00 (ts-monotonic, ts-src-eof)
cap dqbuf: 3 seq:     43 bytesused: 12441600 ts: 178.485533 delta: 33.301 ms delta now: +32.561 ms fps: 30.00 (ts-monotonic, ts-src-eof)
cap dqbuf: 0 seq:     44 bytesused: 12441600 ts: 178.518867 delta: 33.334 ms delta now: +34.674 ms fps: 30.00 (ts-monotonic, ts-src-eof)
cap dqbuf: 1 seq:     45 bytesused: 12441600 ts: 178.552232 delta: 33.365 ms delta now: +32.510 ms fps: 30.00 (ts-monotonic, ts-src-eof)
cap dqbuf: 2 seq:     46 bytesused: 12441600 ts: 178.585545 delta: 33.313 ms delta now: +32.540 ms fps: 30.00 (ts-monotonic, ts-src-eof)
cap dqbuf: 3 seq:     47 bytesused: 12441600 ts: 178.618878 delta: 33.333 ms delta now: +32.498 ms fps: 30.00 (ts-monotonic, ts-src-eof)
cap dqbuf: 0 seq:     48 bytesused: 12441600 ts: 178.652212 delta: 33.334 ms delta now: +34.533 ms fps: 30.00 (ts-monotonic, ts-src-eof)
cap dqbuf: 1 seq:     49 bytesused: 12441600 ts: 178.685564 delta: 33.352 ms delta now: +32.476 ms fps: 30.00 (ts-monotonic, ts-src-eof)
cap dqbuf: 2 seq:     50 bytesused: 12441600 ts: 178.718878 delta: 33.314 ms delta now: +32.552 ms fps: 30.00 (ts-monotonic, ts-src-eof)
cap dqbuf: 3 seq:     51 bytesused: 12441600 ts: 178.752200 delta: 33.322 ms delta now: +32.508 ms fps: 30.00 (ts-monotonic, ts-src-eof)
cap dqbuf: 0 seq:     52 bytesused: 12441600 ts: 178.785534 delta: 33.334 ms delta now: +34.381 ms fps: 30.00 (ts-monotonic, ts-src-eof)
cap dqbuf: 1 seq:     53 bytesused: 12441600 ts: 178.818899 delta: 33.365 ms delta now: +32.527 ms fps: 30.00 (ts-monotonic, ts-src-eof)
cap dqbuf: 2 seq:     54 bytesused: 12441600 ts: 178.852211 delta: 33.312 ms delta now: +32.556 ms fps: 30.00 (ts-monotonic, ts-src-eof)
cap dqbuf: 3 seq:     55 bytesused: 12441600 ts: 178.885534 delta: 33.323 ms delta now: +32.522 ms fps: 30.00 (ts-monotonic, ts-src-eof)
cap dqbuf: 0 seq:     56 bytesused: 12441600 ts: 178.918867 delta: 33.333 ms delta now: +34.593 ms fps: 30.00 (ts-monotonic, ts-src-eof)
cap dqbuf: 1 seq:     57 bytesused: 12441600 ts: 178.952232 delta: 33.365 ms delta now: +32.484 ms fps: 30.00 (ts-monotonic, ts-src-eof)
cap dqbuf: 2 seq:     58 bytesused: 12441600 ts: 178.985533 delta: 33.301 ms delta now: +34.539 ms fps: 30.00 (ts-monotonic, ts-src-eof)
cap dqbuf: 3 seq:     59 bytesused: 12441600 ts: 179.018905 delta: 33.372 ms delta now: +32.524 ms fps: 30.00 (ts-monotonic, ts-src-eof)
cap dqbuf: 0 seq:     60 bytesused: 12441600 ts: 179.052212 delta: 33.307 ms delta now: +34.366 ms fps: 30.00 (ts-monotonic, ts-src-eof)
cap dqbuf: 1 seq:     61 bytesused: 12441600 ts: 179.085571 delta: 33.359 ms delta now: +32.515 ms fps: 30.00 (ts-monotonic, ts-src-eof)
cap dqbuf: 2 seq:     62 bytesused: 12441600 ts: 179.118868 delta: 33.297 ms delta now: +32.585 ms fps: 30.00 (ts-monotonic, ts-src-eof)
cap dqbuf: 3 seq:     63 bytesused: 12441600 ts: 179.152212 delta: 33.344 ms delta now: +32.511 ms fps: 30.00 (ts-monotonic, ts-src-eof)
cap dqbuf: 0 seq:     64 bytesused: 12441600 ts: 179.185534 delta: 33.322 ms delta now: +34.539 ms fps: 30.00 (ts-monotonic, ts-src-eof)
cap dqbuf: 1 seq:     65 bytesused: 12441600 ts: 179.218885 delta: 33.351 ms delta now: +32.557 ms fps: 30.00 (ts-monotonic, ts-src-eof)
cap dqbuf: 2 seq:     66 bytesused: 12441600 ts: 179.252212 delta: 33.327 ms delta now: +32.553 ms fps: 30.00 (ts-monotonic, ts-src-eof)
cap dqbuf: 3 seq:     67 bytesused: 12441600 ts: 179.285545 delta: 33.333 ms delta now: +32.556 ms fps: 30.00 (ts-monotonic, ts-src-eof)
cap dqbuf: 0 seq:     68 bytesused: 12441600 ts: 179.318878 delta: 33.333 ms delta now: +32.542 ms fps: 30.00 (ts-monotonic, ts-src-eof)
cap dqbuf: 1 seq:     69 bytesused: 12441600 ts: 179.352212 delta: 33.334 ms delta now: +34.359 ms fps: 30.00 (ts-monotonic, ts-src-eof)
cap dqbuf: 2 seq:     70 bytesused: 12441600 ts: 179.385565 delta: 33.353 ms delta now: +32.520 ms fps: 30.00 (ts-monotonic, ts-src-eof)
cap dqbuf: 3 seq:     71 bytesused: 12441600 ts: 179.418867 delta: 33.302 ms delta now: +32.559 ms fps: 30.00 (ts-monotonic, ts-src-eof)
cap dqbuf: 0 seq:     72 bytesused: 12441600 ts: 179.452200 delta: 33.333 ms delta now: +34.381 ms fps: 30.00 (ts-monotonic, ts-src-eof)
cap dqbuf: 1 seq:     73 bytesused: 12441600 ts: 179.485564 delta: 33.364 ms delta now: +32.477 ms fps: 30.00 (ts-monotonic, ts-src-eof)
cap dqbuf: 2 seq:     74 bytesused: 12441600 ts: 179.518878 delta: 33.314 ms delta now: +32.512 ms fps: 30.00 (ts-monotonic, ts-src-eof)
cap dqbuf: 3 seq:     75 bytesused: 12441600 ts: 179.552212 delta: 33.334 ms delta now: +34.429 ms fps: 30.00 (ts-monotonic, ts-src-eof)
cap dqbuf: 0 seq:     76 bytesused: 12441600 ts: 179.585552 delta: 33.340 ms delta now: +32.559 ms fps: 30.00 (ts-monotonic, ts-src-eof)
cap dqbuf: 1 seq:     77 bytesused: 12441600 ts: 179.618867 delta: 33.315 ms delta now: +32.563 ms fps: 30.00 (ts-monotonic, ts-src-eof)
cap dqbuf: 2 seq:     78 bytesused: 12441600 ts: 179.652212 delta: 33.345 ms delta now: +32.496 ms fps: 30.00 (ts-monotonic, ts-src-eof)
cap dqbuf: 3 seq:     79 bytesused: 12441600 ts: 179.685533 delta: 33.321 ms delta now: +34.385 ms fps: 30.00 (ts-monotonic, ts-src-eof)
cap dqbuf: 0 seq:     80 bytesused: 12441600 ts: 179.718899 delta: 33.366 ms delta now: +32.593 ms fps: 30.00 (ts-monotonic, ts-src-eof)
cap dqbuf: 1 seq:     81 bytesused: 12441600 ts: 179.752212 delta: 33.313 ms delta now: +34.494 ms fps: 30.00 (ts-monotonic, ts-src-eof)
cap dqbuf: 2 seq:     82 bytesused: 12441600 ts: 179.785565 delta: 33.353 ms delta now: +32.475 ms fps: 30.00 (ts-monotonic, ts-src-eof)
cap dqbuf: 3 seq:     83 bytesused: 12441600 ts: 179.818867 delta: 33.302 ms delta now: +34.597 ms fps: 30.00 (ts-monotonic, ts-src-eof)
cap dqbuf: 0 seq:     84 bytesused: 12441600 ts: 179.852219 delta: 33.352 ms delta now: +34.361 ms fps: 30.00 (ts-monotonic, ts-src-eof)
cap dqbuf: 1 seq:     85 bytesused: 12441600 ts: 179.885565 delta: 33.346 ms delta now: +32.560 ms fps: 30.00 (ts-monotonic, ts-src-eof)
cap dqbuf: 2 seq:     86 bytesused: 12441600 ts: 179.918867 delta: 33.302 ms delta now: +32.560 ms fps: 30.00 (ts-monotonic, ts-src-eof)
cap dqbuf: 3 seq:     87 bytesused: 12441600 ts: 179.952200 delta: 33.333 ms delta now: +34.538 ms fps: 30.00 (ts-monotonic, ts-src-eof)
cap dqbuf: 0 seq:     88 bytesused: 12441600 ts: 179.985564 delta: 33.364 ms delta now: +32.531 ms fps: 30.00 (ts-monotonic, ts-src-eof)
cap dqbuf: 1 seq:     89 bytesused: 12441600 ts: 180.018867 delta: 33.303 ms delta now: +34.123 ms fps: 30.00 (ts-monotonic, ts-src-eof)
cap dqbuf: 2 seq:     90 bytesused: 12441600 ts: 180.052232 delta: 33.365 ms delta now: +32.531 ms fps: 30.00 (ts-monotonic, ts-src-eof)
cap dqbuf: 3 seq:     91 bytesused: 12441600 ts: 180.085545 delta: 33.313 ms delta now: +34.498 ms fps: 30.00 (ts-monotonic, ts-src-eof)
cap dqbuf: 0 seq:     92 bytesused: 12441600 ts: 180.118899 delta: 33.354 ms delta now: +34.398 ms fps: 30.00 (ts-monotonic, ts-src-eof)
cap dqbuf: 1 seq:     93 bytesused: 12441600 ts: 180.152233 delta: 33.334 ms delta now: +32.575 ms fps: 30.00 (ts-monotonic, ts-src-eof)
cap dqbuf: 2 seq:     94 bytesused: 12441600 ts: 180.185533 delta: 33.300 ms delta now: +34.575 ms fps: 30.00 (ts-monotonic, ts-src-eof)
cap dqbuf: 3 seq:     95 bytesused: 12441600 ts: 180.218899 delta: 33.366 ms delta now: +32.552 ms fps: 30.00 (ts-monotonic, ts-src-eof)
cap dqbuf: 0 seq:     96 bytesused: 12441600 ts: 180.252212 delta: 33.313 ms delta now: +32.576 ms fps: 30.00 (ts-monotonic, ts-src-eof)
cap dqbuf: 1 seq:     97 bytesused: 12441600 ts: 180.285534 delta: 33.322 ms delta now: +34.378 ms fps: 30.00 (ts-monotonic, ts-src-eof)
cap dqbuf: 2 seq:     98 bytesused: 12441600 ts: 180.318894 delta: 33.360 ms delta now: +32.544 ms fps: 30.00 (ts-monotonic, ts-src-eof)
cap dqbuf: 3 seq:     99 bytesused: 12441600 ts: 180.352200 delta: 33.306 ms delta now: +32.510 ms fps: 30.00 (ts-monotonic, ts-src-eof)
cap dqbuf: 0 seq:    100 bytesused: 12441600 ts: 180.385534 delta: 33.334 ms delta now: +34.575 ms fps: 30.00 (ts-monotonic, ts-src-eof)
cap dqbuf: 1 seq:    101 bytesused: 12441600 ts: 180.418886 delta: 33.352 ms delta now: +32.547 ms fps: 30.00 (ts-monotonic, ts-src-eof)
cap dqbuf: 2 seq:    102 bytesused: 12441600 ts: 180.452200 delta: 33.314 ms delta now: +34.375 ms fps: 30.00 (ts-monotonic, ts-src-eof)
cap dqbuf: 3 seq:    103 bytesused: 12441600 ts: 180.485562 delta: 33.362 ms delta now: +32.492 ms fps: 30.00 (ts-monotonic, ts-src-eof)
cap dqbuf: 0 seq:    104 bytesused: 12441600 ts: 180.518867 delta: 33.305 ms delta now: +32.515 ms fps: 30.00 (ts-monotonic, ts-src-eof)
cap dqbuf: 1 seq:    105 bytesused: 12441600 ts: 180.552212 delta: 33.345 ms delta now: +34.523 ms fps: 30.00 (ts-monotonic, ts-src-eof)
cap dqbuf: 2 seq:    106 bytesused: 12441600 ts: 180.585551 delta: 33.339 ms delta now: +34.406 ms fps: 30.00 (ts-monotonic, ts-src-eof)
cap dqbuf: 3 seq:    107 bytesused: 12441600 ts: 180.618885 delta: 33.334 ms delta now: +32.534 ms fps: 30.00 (ts-monotonic, ts-src-eof)
cap dqbuf: 0 seq:    108 bytesused: 12441600 ts: 180.652219 delta: 33.334 ms delta now: +32.488 ms fps: 30.00 (ts-monotonic, ts-src-eof)
cap dqbuf: 1 seq:    109 bytesused: 12441600 ts: 180.685545 delta: 33.326 ms delta now: +34.311 ms fps: 30.00 (ts-monotonic, ts-src-eof)
cap dqbuf: 2 seq:    110 bytesused: 12441600 ts: 180.718898 delta: 33.353 ms delta now: +32.523 ms fps: 30.00 (ts-monotonic, ts-src-eof)
cap dqbuf: 3 seq:    111 bytesused: 12441600 ts: 180.752213 delta: 33.315 ms delta now: +34.363 ms fps: 30.00 (ts-monotonic, ts-src-eof)
cap dqbuf: 0 seq:    112 bytesused: 12441600 ts: 180.785565 delta: 33.352 ms delta now: +32.518 ms fps: 30.00 (ts-monotonic, ts-src-eof)
cap dqbuf: 1 seq:    113 bytesused: 12441600 ts: 180.818867 delta: 33.302 ms delta now: +34.161 ms fps: 30.00 (ts-monotonic, ts-src-eof)
cap dqbuf: 2 seq:    114 bytesused: 12441600 ts: 180.852232 delta: 33.365 ms delta now: +32.477 ms fps: 30.00 (ts-monotonic, ts-src-eof)
cap dqbuf: 3 seq:    115 bytesused: 12441600 ts: 180.885533 delta: 33.301 ms delta now: +32.570 ms fps: 30.00 (ts-monotonic, ts-src-eof)
cap dqbuf: 0 seq:    116 bytesused: 12441600 ts: 180.918867 delta: 33.334 ms delta now: +34.334 ms fps: 30.00 (ts-monotonic, ts-src-eof)
cap dqbuf: 1 seq:    117 bytesused: 12441600 ts: 180.952218 delta: 33.351 ms delta now: +34.384 ms fps: 30.00 (ts-monotonic, ts-src-eof)
cap dqbuf: 2 seq:    118 bytesused: 12441600 ts: 180.985575 delta: 33.357 ms delta now: +34.388 ms fps: 30.00 (ts-monotonic, ts-src-eof)
cap dqbuf: 3 seq:    119 bytesused: 12441600 ts: 181.018906 delta: 33.331 ms delta now: +32.470 ms fps: 30.00 (ts-monotonic, ts-src-eof)
cap dqbuf: 0 seq:    120 bytesused: 12441600 ts: 181.052212 delta: 33.306 ms delta now: +32.508 ms fps: 30.00 (ts-monotonic, ts-src-eof)
cap dqbuf: 1 seq:    121 bytesused: 12441600 ts: 181.085534 delta: 33.322 ms delta now: +32.512 ms fps: 30.00 (ts-monotonic, ts-src-eof)
cap dqbuf: 2 seq:    122 bytesused: 12441600 ts: 181.118901 delta: 33.367 ms delta now: +34.505 ms fps: 30.00 (ts-monotonic, ts-src-eof)
cap dqbuf: 3 seq:    123 bytesused: 12441600 ts: 181.152231 delta: 33.330 ms delta now: +32.562 ms fps: 30.00 (ts-monotonic, ts-src-eof)
cap dqbuf: 0 seq:    124 bytesused: 12441600 ts: 181.185535 delta: 33.304 ms delta now: +34.407 ms fps: 30.00 (ts-monotonic, ts-src-eof)
cap dqbuf: 1 seq:    125 bytesused: 12441600 ts: 181.218887 delta: 33.352 ms delta now: +34.386 ms fps: 30.00 (ts-monotonic, ts-src-eof)
cap dqbuf: 2 seq:    126 bytesused: 12441600 ts: 181.252220 delta: 33.333 ms delta now: +34.570 ms fps: 30.00 (ts-monotonic, ts-src-eof)
cap dqbuf: 3 seq:    127 bytesused: 12441600 ts: 181.285566 delta: 33.346 ms delta now: +32.527 ms fps: 30.00 (ts-monotonic, ts-src-eof)
cap dqbuf: 0 seq:    128 bytesused: 12441600 ts: 181.318867 delta: 33.301 ms delta now: +34.410 ms fps: 30.00 (ts-monotonic, ts-src-eof)
cap dqbuf: 1 seq:    129 bytesused: 12441600 ts: 181.352219 delta: 33.352 ms delta now: +32.541 ms fps: 30.00 (ts-monotonic, ts-src-eof)
cap dqbuf: 2 seq:    130 bytesused: 12441600 ts: 181.385534 delta: 33.315 ms delta now: +34.528 ms fps: 30.00 (ts-monotonic, ts-src-eof)
cap dqbuf: 3 seq:    131 bytesused: 12441600 ts: 181.418887 delta: 33.353 ms delta now: +34.418 ms fps: 30.00 (ts-monotonic, ts-src-eof)
cap dqbuf: 0 seq:    132 bytesused: 12441600 ts: 181.452233 delta: 33.346 ms delta now: +32.517 ms fps: 30.00 (ts-monotonic, ts-src-eof)
cap dqbuf: 1 seq:    133 bytesused: 12441600 ts: 181.485534 delta: 33.301 ms delta now: +34.386 ms fps: 30.00 (ts-monotonic, ts-src-eof)
cap dqbuf: 2 seq:    134 bytesused: 12441600 ts: 181.518886 delta: 33.352 ms delta now: +32.539 ms fps: 30.00 (ts-monotonic, ts-src-eof)
cap dqbuf: 3 seq:    135 bytesused: 12441600 ts: 181.552215 delta: 33.329 ms delta now: +32.538 ms fps: 30.00 (ts-monotonic, ts-src-eof)
cap dqbuf: 0 seq:    136 bytesused: 12441600 ts: 181.585535 delta: 33.320 ms delta now: +34.423 ms fps: 30.00 (ts-monotonic, ts-src-eof)
cap dqbuf: 1 seq:    137 bytesused: 12441600 ts: 181.618900 delta: 33.365 ms delta now: +32.476 ms fps: 30.00 (ts-monotonic, ts-src-eof)
cap dqbuf: 2 seq:    138 bytesused: 12441600 ts: 181.652201 delta: 33.301 ms delta now: +34.610 ms fps: 30.00 (ts-monotonic, ts-src-eof)
cap dqbuf: 3 seq:    139 bytesused: 12441600 ts: 181.685565 delta: 33.364 ms delta now: +33.033 ms fps: 30.00 (ts-monotonic, ts-src-eof)
cap dqbuf: 0 seq:    140 bytesused: 12441600 ts: 181.718880 delta: 33.315 ms delta now: +32.545 ms fps: 30.00 (ts-monotonic, ts-src-eof)
cap dqbuf: 1 seq:    141 bytesused: 12441600 ts: 181.752201 delta: 33.321 ms delta now: +32.522 ms fps: 30.00 (ts-monotonic, ts-src-eof)
cap dqbuf: 2 seq:    142 bytesused: 12441600 ts: 181.785534 delta: 33.333 ms delta now: +34.390 ms fps: 30.00 (ts-monotonic, ts-src-eof)
cap dqbuf: 3 seq:    143 bytesused: 12441600 ts: 181.818902 delta: 33.368 ms delta now: +32.528 ms fps: 30.00 (ts-monotonic, ts-src-eof)
cap dqbuf: 0 seq:    144 bytesused: 12441600 ts: 181.852201 delta: 33.299 ms delta now: +32.508 ms fps: 30.00 (ts-monotonic, ts-src-eof)
cap dqbuf: 1 seq:    145 bytesused: 12441600 ts: 181.885535 delta: 33.334 ms delta now: +32.506 ms fps: 30.00 (ts-monotonic, ts-src-eof)
cap dqbuf: 2 seq:    146 bytesused: 12441600 ts: 181.918880 delta: 33.345 ms delta now: +32.552 ms fps: 30.00 (ts-monotonic, ts-src-eof)
cap dqbuf: 3 seq:    147 bytesused: 12441600 ts: 181.952212 delta: 33.332 ms delta now: +33.842 ms fps: 30.00 (ts-monotonic, ts-src-eof)
cap dqbuf: 0 seq:    148 bytesused: 12441600 ts: 181.985554 delta: 33.342 ms delta now: +32.541 ms fps: 30.00 (ts-monotonic, ts-src-eof)
cap dqbuf: 1 seq:    149 bytesused: 12441600 ts: 182.018868 delta: 33.314 ms delta now: +34.378 ms fps: 30.00 (ts-monotonic, ts-src-eof)
cap dqbuf: 2 seq:    150 bytesused: 12441600 ts: 182.052220 delta: 33.352 ms delta now: +34.502 ms fps: 30.00 (ts-monotonic, ts-src-eof)
cap dqbuf: 3 seq:    151 bytesused: 12441600 ts: 182.085565 delta: 33.345 ms delta now: +34.351 ms fps: 30.00 (ts-monotonic, ts-src-eof)
cap dqbuf: 0 seq:    152 bytesused: 12441600 ts: 182.118886 delta: 33.321 ms delta now: +32.534 ms fps: 30.00 (ts-monotonic, ts-src-eof)
cap dqbuf: 1 seq:    153 bytesused: 12441600 ts: 182.152214 delta: 33.328 ms delta now: +34.401 ms fps: 30.00 (ts-monotonic, ts-src-eof)
cap dqbuf: 2 seq:    154 bytesused: 12441600 ts: 182.185551 delta: 33.337 ms delta now: +32.508 ms fps: 30.00 (ts-monotonic, ts-src-eof)
cap dqbuf: 3 seq:    155 bytesused: 12441600 ts: 182.218880 delta: 33.329 ms delta now: +34.413 ms fps: 30.00 (ts-monotonic, ts-src-eof)
cap dqbuf: 0 seq:    156 bytesused: 12441600 ts: 182.252218 delta: 33.338 ms delta now: +34.376 ms fps: 30.00 (ts-monotonic, ts-src-eof)
cap dqbuf: 1 seq:    157 bytesused: 12441600 ts: 182.285552 delta: 33.334 ms delta now: +32.499 ms fps: 30.00 (ts-monotonic, ts-src-eof)
cap dqbuf: 2 seq:    158 bytesused: 12441600 ts: 182.318879 delta: 33.327 ms delta now: +34.368 ms fps: 30.00 (ts-monotonic, ts-src-eof)
cap dqbuf: 3 seq:    159 bytesused: 12441600 ts: 182.352232 delta: 33.353 ms delta now: +32.520 ms fps: 30.00 (ts-monotonic, ts-src-eof)
cap dqbuf: 0 seq:    160 bytesused: 12441600 ts: 182.385533 delta: 33.301 ms delta now: +34.535 ms fps: 30.00 (ts-monotonic, ts-src-eof)
cap dqbuf: 1 seq:    161 bytesused: 12441600 ts: 182.418898 delta: 33.365 ms delta now: +34.353 ms fps: 30.00 (ts-monotonic, ts-src-eof)
cap dqbuf: 2 seq:    162 bytesused: 12441600 ts: 182.452232 delta: 33.334 ms delta now: +32.523 ms fps: 30.00 (ts-monotonic, ts-src-eof)
cap dqbuf: 3 seq:    163 bytesused: 12441600 ts: 182.485534 delta: 33.302 ms delta now: +32.560 ms fps: 30.00 (ts-monotonic, ts-src-eof)
cap dqbuf: 0 seq:    164 bytesused: 12441600 ts: 182.518878 delta: 33.344 ms delta now: +34.117 ms fps: 30.00 (ts-monotonic, ts-src-eof)
cap dqbuf: 1 seq:    165 bytesused: 12441600 ts: 182.552233 delta: 33.355 ms delta now: +33.338 ms fps: 30.00 (ts-monotonic, ts-src-eof)
cap dqbuf: 2 seq:    166 bytesused: 12441600 ts: 182.585545 delta: 33.312 ms delta now: +34.497 ms fps: 30.00 (ts-monotonic, ts-src-eof)
cap dqbuf: 3 seq:    167 bytesused: 12441600 ts: 182.618898 delta: 33.353 ms delta now: +32.476 ms fps: 30.00 (ts-monotonic, ts-src-eof)
cap dqbuf: 0 seq:    168 bytesused: 12441600 ts: 182.652201 delta: 33.303 ms delta now: +32.552 ms fps: 30.00 (ts-monotonic, ts-src-eof)
cap dqbuf: 1 seq:    169 bytesused: 12441600 ts: 182.685534 delta: 33.333 ms delta now: +34.334 ms fps: 30.00 (ts-monotonic, ts-src-eof)
cap dqbuf: 2 seq:    170 bytesused: 12441600 ts: 182.718899 delta: 33.365 ms delta now: +32.477 ms fps: 30.00 (ts-monotonic, ts-src-eof)
cap dqbuf: 3 seq:    171 bytesused: 12441600 ts: 182.752212 delta: 33.313 ms delta now: +32.548 ms fps: 30.00 (ts-monotonic, ts-src-eof)
cap dqbuf: 0 seq:    172 bytesused: 12441600 ts: 182.785565 delta: 33.353 ms delta now: +34.351 ms fps: 30.00 (ts-monotonic, ts-src-eof)
cap dqbuf: 1 seq:    173 bytesused: 12441600 ts: 182.818886 delta: 33.321 ms delta now: +32.535 ms fps: 30.00 (ts-monotonic, ts-src-eof)
cap dqbuf: 2 seq:    174 bytesused: 12441600 ts: 182.852212 delta: 33.326 ms delta now: +34.413 ms fps: 30.00 (ts-monotonic, ts-src-eof)
cap dqbuf: 3 seq:    175 bytesused: 12441600 ts: 182.885570 delta: 33.358 ms delta now: +33.629 ms fps: 30.00 (ts-monotonic, ts-src-eof)
cap dqbuf: 0 seq:    176 bytesused: 12441600 ts: 182.918885 delta: 33.315 ms delta now: +32.521 ms fps: 30.00 (ts-monotonic, ts-src-eof)
cap dqbuf: 1 seq:    177 bytesused: 12441600 ts: 182.952212 delta: 33.327 ms delta now: +32.564 ms fps: 30.00 (ts-monotonic, ts-src-eof)
cap dqbuf: 2 seq:    178 bytesused: 12441600 ts: 182.985534 delta: 33.322 ms delta now: +33.312 ms fps: 30.00 (ts-monotonic, ts-src-eof)
cap dqbuf: 3 seq:    179 bytesused: 12441600 ts: 183.018899 delta: 33.365 ms delta now: +33.059 ms fps: 30.00 (ts-monotonic, ts-src-eof)
cap dqbuf: 0 seq:    180 bytesused: 12441600 ts: 183.052212 delta: 33.313 ms delta now: +32.193 ms fps: 30.00 (ts-monotonic, ts-src-eof)
cap dqbuf: 1 seq:    181 bytesused: 12441600 ts: 183.085534 delta: 33.322 ms delta now: +33.270 ms fps: 30.00 (ts-monotonic, ts-src-eof)
cap dqbuf: 2 seq:    182 bytesused: 12441600 ts: 183.118902 delta: 33.368 ms delta now: +33.032 ms fps: 30.00 (ts-monotonic, ts-src-eof)
cap dqbuf: 3 seq:    183 bytesused: 12441600 ts: 183.152212 delta: 33.310 ms delta now: +33.218 ms fps: 30.00 (ts-monotonic, ts-src-eof)
cap dqbuf: 0 seq:    184 bytesused: 12441600 ts: 183.185565 delta: 33.353 ms delta now: +33.286 ms fps: 30.00 (ts-monotonic, ts-src-eof)
cap dqbuf: 1 seq:    185 bytesused: 12441600 ts: 183.218899 delta: 33.334 ms delta now: +32.180 ms fps: 30.00 (ts-monotonic, ts-src-eof)
cap dqbuf: 2 seq:    186 bytesused: 12441600 ts: 183.252202 delta: 33.303 ms delta now: +33.310 ms fps: 30.00 (ts-monotonic, ts-src-eof)
cap dqbuf: 3 seq:    187 bytesused: 12441600 ts: 183.285565 delta: 33.363 ms delta now: +32.174 ms fps: 30.00 (ts-monotonic, ts-src-eof)
cap dqbuf: 0 seq:    188 bytesused: 12441600 ts: 183.318879 delta: 33.314 ms delta now: +33.156 ms fps: 30.00 (ts-monotonic, ts-src-eof)
cap dqbuf: 1 seq:    189 bytesused: 12441600 ts: 183.352220 delta: 33.341 ms delta now: +33.175 ms fps: 30.00 (ts-monotonic, ts-src-eof)
cap dqbuf: 2 seq:    190 bytesused: 12441600 ts: 183.385551 delta: 33.331 ms delta now: +33.321 ms fps: 30.00 (ts-monotonic, ts-src-eof)
cap dqbuf: 3 seq:    191 bytesused: 12441600 ts: 183.418898 delta: 33.347 ms delta now: +32.174 ms fps: 30.00 (ts-monotonic, ts-src-eof)
cap dqbuf: 0 seq:    192 bytesused: 12441600 ts: 183.452200 delta: 33.302 ms delta now: +33.292 ms fps: 30.00 (ts-monotonic, ts-src-eof)
cap dqbuf: 1 seq:    193 bytesused: 12441600 ts: 183.485573 delta: 33.373 ms delta now: +33.239 ms fps: 30.00 (ts-monotonic, ts-src-eof)
cap dqbuf: 2 seq:    194 bytesused: 12441600 ts: 183.518885 delta: 33.312 ms delta now: +33.201 ms fps: 30.00 (ts-monotonic, ts-src-eof)
cap dqbuf: 3 seq:    195 bytesused: 12441600 ts: 183.552232 delta: 33.347 ms delta now: +33.185 ms fps: 30.00 (ts-monotonic, ts-src-eof)
cap dqbuf: 0 seq:    196 bytesused: 12441600 ts: 183.585551 delta: 33.319 ms delta now: +33.314 ms fps: 30.00 (ts-monotonic, ts-src-eof)
cap dqbuf: 1 seq:    197 bytesused: 12441600 ts: 183.618898 delta: 33.347 ms delta now: +33.165 ms fps: 30.00 (ts-monotonic, ts-src-eof)
cap dqbuf: 2 seq:    198 bytesused: 12441600 ts: 183.652232 delta: 33.334 ms delta now: +32.180 ms fps: 30.00 (ts-monotonic, ts-src-eof)
cap dqbuf: 3 seq:    199 bytesused: 12441600 ts: 183.685534 delta: 33.302 ms delta now: +32.203 ms fps: 30.00 (ts-monotonic, ts-src-eof)
cap dqbuf: 0 seq:    200 bytesused: 12441600 ts: 183.718879 delta: 33.345 ms delta now: +33.248 ms fps: 30.00 (ts-monotonic, ts-src-eof)
cap dqbuf: 1 seq:    201 bytesused: 12441600 ts: 183.752234 delta: 33.355 ms delta now: +33.050 ms fps: 30.00 (ts-monotonic, ts-src-eof)
cap dqbuf: 2 seq:    202 bytesused: 12441600 ts: 183.785534 delta: 33.300 ms delta now: +33.260 ms fps: 30.00 (ts-monotonic, ts-src-eof)
cap dqbuf: 3 seq:    203 bytesused: 12441600 ts: 183.818901 delta: 33.367 ms delta now: +32.211 ms fps: 30.00 (ts-monotonic, ts-src-eof)
cap dqbuf: 0 seq:    204 bytesused: 12441600 ts: 183.852200 delta: 33.299 ms delta now: +32.248 ms fps: 30.00 (ts-monotonic, ts-src-eof)
cap dqbuf: 1 seq:    205 bytesused: 12441600 ts: 183.885534 delta: 33.334 ms delta now: +32.563 ms fps: 30.00 (ts-monotonic, ts-src-eof)
cap dqbuf: 2 seq:    206 bytesused: 12441600 ts: 183.918879 delta: 33.345 ms delta now: +33.183 ms fps: 30.00 (ts-monotonic, ts-src-eof)
cap dqbuf: 3 seq:    207 bytesused: 12441600 ts: 183.952219 delta: 33.340 ms delta now: +33.076 ms fps: 30.00 (ts-monotonic, ts-src-eof)
cap dqbuf: 0 seq:    208 bytesused: 12441600 ts: 183.985535 delta: 33.316 ms delta now: +33.316 ms fps: 30.00 (ts-monotonic, ts-src-eof)
cap dqbuf: 1 seq:    209 bytesused: 12441600 ts: 184.018899 delta: 33.364 ms delta now: +33.216 ms fps: 30.00 (ts-monotonic, ts-src-eof)
cap dqbuf: 2 seq:    210 bytesused: 12441600 ts: 184.052219 delta: 33.320 ms delta now: +32.186 ms fps: 30.00 (ts-monotonic, ts-src-eof)
cap dqbuf: 3 seq:    211 bytesused: 12441600 ts: 184.085545 delta: 33.326 ms delta now: +33.171 ms fps: 30.00 (ts-monotonic, ts-src-eof)
cap dqbuf: 0 seq:    212 bytesused: 12441600 ts: 184.118899 delta: 33.354 ms delta now: +32.175 ms fps: 30.00 (ts-monotonic, ts-src-eof)
cap dqbuf: 1 seq:    213 bytesused: 12441600 ts: 184.152201 delta: 33.302 ms delta now: +33.331 ms fps: 30.00 (ts-monotonic, ts-src-eof)
cap dqbuf: 2 seq:    214 bytesused: 12441600 ts: 184.185553 delta: 33.352 ms delta now: +33.204 ms fps: 30.00 (ts-monotonic, ts-src-eof)
cap dqbuf: 3 seq:    215 bytesused: 12441600 ts: 184.218899 delta: 33.346 ms delta now: +33.174 ms fps: 30.00 (ts-monotonic, ts-src-eof)
cap dqbuf: 0 seq:    216 bytesused: 12441600 ts: 184.252232 delta: 33.333 ms delta now: +33.041 ms fps: 30.00 (ts-monotonic, ts-src-eof)
cap dqbuf: 1 seq:    217 bytesused: 12441600 ts: 184.285535 delta: 33.303 ms delta now: +33.174 ms fps: 30.00 (ts-monotonic, ts-src-eof)
cap dqbuf: 2 seq:    218 bytesused: 12441600 ts: 184.318887 delta: 33.352 ms delta now: +32.191 ms fps: 30.00 (ts-monotonic, ts-src-eof)
cap dqbuf: 3 seq:    219 bytesused: 12441600 ts: 184.352201 delta: 33.314 ms delta now: +33.059 ms fps: 30.00 (ts-monotonic, ts-src-eof)
cap dqbuf: 0 seq:    220 bytesused: 12441600 ts: 184.385534 delta: 33.333 ms delta now: +33.308 ms fps: 30.00 (ts-monotonic, ts-src-eof)
cap dqbuf: 1 seq:    221 bytesused: 12441600 ts: 184.418898 delta: 33.364 ms delta now: +32.175 ms fps: 30.00 (ts-monotonic, ts-src-eof)
cap dqbuf: 2 seq:    222 bytesused: 12441600 ts: 184.452200 delta: 33.302 ms delta now: +32.205 ms fps: 30.00 (ts-monotonic, ts-src-eof)
cap dqbuf: 3 seq:    223 bytesused: 12441600 ts: 184.485546 delta: 33.346 ms delta now: +33.287 ms fps: 30.00 (ts-monotonic, ts-src-eof)
cap dqbuf: 0 seq:    224 bytesused: 12441600 ts: 184.518899 delta: 33.353 ms delta now: +32.174 ms fps: 30.00 (ts-monotonic, ts-src-eof)
cap dqbuf: 1 seq:    225 bytesused: 12441600 ts: 184.552201 delta: 33.302 ms delta now: +33.068 ms fps: 30.00 (ts-monotonic, ts-src-eof)
cap dqbuf: 2 seq:    226 bytesused: 12441600 ts: 184.585534 delta: 33.333 ms delta now: +33.098 ms fps: 30.00 (ts-monotonic, ts-src-eof)
cap dqbuf: 3 seq:    227 bytesused: 12441600 ts: 184.618868 delta: 33.334 ms delta now: +33.078 ms fps: 30.00 (ts-monotonic, ts-src-eof)
cap dqbuf: 0 seq:    228 bytesused: 12441600 ts: 184.652201 delta: 33.333 ms delta now: +33.084 ms fps: 30.00 (ts-monotonic, ts-src-eof)
cap dqbuf: 1 seq:    229 bytesused: 12441600 ts: 184.685546 delta: 33.345 ms delta now: +33.203 ms fps: 30.00 (ts-monotonic, ts-src-eof)
cap dqbuf: 2 seq:    230 bytesused: 12441600 ts: 184.718885 delta: 33.339 ms delta now: +33.058 ms fps: 30.00 (ts-monotonic, ts-src-eof)
cap dqbuf: 3 seq:    231 bytesused: 12441600 ts: 184.752212 delta: 33.327 ms delta now: +33.380 ms fps: 30.00 (ts-monotonic, ts-src-eof)
cap dqbuf: 0 seq:    232 bytesused: 12441600 ts: 184.785565 delta: 33.353 ms delta now: +32.190 ms fps: 30.00 (ts-monotonic, ts-src-eof)
cap dqbuf: 1 seq:    233 bytesused: 12441600 ts: 184.818879 delta: 33.314 ms delta now: +33.065 ms fps: 30.00 (ts-monotonic, ts-src-eof)
cap dqbuf: 2 seq:    234 bytesused: 12441600 ts: 184.852213 delta: 33.334 ms delta now: +33.195 ms fps: 30.00 (ts-monotonic, ts-src-eof)
cap dqbuf: 3 seq:    235 bytesused: 12441600 ts: 184.885552 delta: 33.339 ms delta now: +33.188 ms fps: 30.00 (ts-monotonic, ts-src-eof)
cap dqbuf: 0 seq:    236 bytesused: 12441600 ts: 184.918885 delta: 33.333 ms delta now: +33.067 ms fps: 30.00 (ts-monotonic, ts-src-eof)
cap dqbuf: 1 seq:    237 bytesused: 12441600 ts: 184.952201 delta: 33.316 ms delta now: +33.311 ms fps: 30.00 (ts-monotonic, ts-src-eof)
cap dqbuf: 2 seq:    238 bytesused: 12441600 ts: 184.985565 delta: 33.364 ms delta now: +32.180 ms fps: 30.00 (ts-monotonic, ts-src-eof)
cap dqbuf: 3 seq:    239 bytesused: 12441600 ts: 185.018867 delta: 33.302 ms delta now: +33.073 ms fps: 30.00 (ts-monotonic, ts-src-eof)
cap dqbuf: 0 seq:    240 bytesused: 12441600 ts: 185.052201 delta: 33.334 ms delta now: +33.254 ms fps: 30.00 (ts-monotonic, ts-src-eof)
cap dqbuf: 1 seq:    241 bytesused: 12441600 ts: 185.085566 delta: 33.365 ms delta now: +33.053 ms fps: 30.00 (ts-monotonic, ts-src-eof)
cap dqbuf: 2 seq:    242 bytesused: 12441600 ts: 185.118879 delta: 33.313 ms delta now: +33.307 ms fps: 30.00 (ts-monotonic, ts-src-eof)
cap dqbuf: 3 seq:    243 bytesused: 12441600 ts: 185.152232 delta: 33.353 ms delta now: +32.194 ms fps: 30.00 (ts-monotonic, ts-src-eof)
cap dqbuf: 0 seq:    244 bytesused: 12441600 ts: 185.185534 delta: 33.302 ms delta now: +33.226 ms fps: 30.00 (ts-monotonic, ts-src-eof)
cap dqbuf: 1 seq:    245 bytesused: 12441600 ts: 185.218899 delta: 33.365 ms delta now: +33.253 ms fps: 30.00 (ts-monotonic, ts-src-eof)
cap dqbuf: 2 seq:    246 bytesused: 12441600 ts: 185.252232 delta: 33.333 ms delta now: +32.179 ms fps: 30.00 (ts-monotonic, ts-src-eof)
cap dqbuf: 3 seq:    247 bytesused: 12441600 ts: 185.285534 delta: 33.302 ms delta now: +33.205 ms fps: 30.00 (ts-monotonic, ts-src-eof)
cap dqbuf: 0 seq:    248 bytesused: 12441600 ts: 185.318901 delta: 33.367 ms delta now: +33.181 ms fps: 30.00 (ts-monotonic, ts-src-eof)
cap dqbuf: 1 seq:    249 bytesused: 12441600 ts: 185.352219 delta: 33.318 ms delta now: +33.045 ms fps: 30.00 (ts-monotonic, ts-src-eof)
cap dqbuf: 2 seq:    250 bytesused: 12441600 ts: 185.385546 delta: 33.327 ms delta now: +33.184 ms fps: 30.00 (ts-monotonic, ts-src-eof)
cap dqbuf: 3 seq:    251 bytesused: 12441600 ts: 185.418886 delta: 33.340 ms delta now: +32.188 ms fps: 30.00 (ts-monotonic, ts-src-eof)
cap dqbuf: 0 seq:    252 bytesused: 12441600 ts: 185.452212 delta: 33.326 ms delta now: +33.204 ms fps: 30.00 (ts-monotonic, ts-src-eof)
cap dqbuf: 1 seq:    253 bytesused: 12441600 ts: 185.485552 delta: 33.340 ms delta now: +33.180 ms fps: 30.00 (ts-monotonic, ts-src-eof)
cap dqbuf: 2 seq:    254 bytesused: 12441600 ts: 185.518886 delta: 33.334 ms delta now: +32.185 ms fps: 30.00 (ts-monotonic, ts-src-eof)
cap dqbuf: 3 seq:    255 bytesused: 12441600 ts: 185.552212 delta: 33.326 ms delta now: +32.193 ms fps: 30.00 (ts-monotonic, ts-src-eof)
cap dqbuf: 0 seq:    256 bytesused: 12441600 ts: 185.585534 delta: 33.322 ms delta now: +33.070 ms fps: 30.00 (ts-monotonic, ts-src-eof)
cap dqbuf: 1 seq:    257 bytesused: 12441600 ts: 185.618880 delta: 33.346 ms delta now: +32.192 ms fps: 30.00 (ts-monotonic, ts-src-eof)
cap dqbuf: 2 seq:    258 bytesused: 12441600 ts: 185.652200 delta: 33.320 ms delta now: +33.306 ms fps: 30.00 (ts-monotonic, ts-src-eof)
cap dqbuf: 3 seq:    259 bytesused: 12441600 ts: 185.685565 delta: 33.365 ms delta now: +33.216 ms fps: 30.00 (ts-monotonic, ts-src-eof)
cap dqbuf: 0 seq:    260 bytesused: 12441600 ts: 185.718885 delta: 33.320 ms delta now: +32.187 ms fps: 30.00 (ts-monotonic, ts-src-eof)
cap dqbuf: 1 seq:    261 bytesused: 12441600 ts: 185.752213 delta: 33.328 ms delta now: +33.273 ms fps: 30.00 (ts-monotonic, ts-src-eof)
cap dqbuf: 2 seq:    262 bytesused: 12441600 ts: 185.785553 delta: 33.340 ms delta now: +33.245 ms fps: 30.00 (ts-monotonic, ts-src-eof)
cap dqbuf: 3 seq:    263 bytesused: 12441600 ts: 185.818899 delta: 33.346 ms delta now: +33.226 ms fps: 30.00 (ts-monotonic, ts-src-eof)
cap dqbuf: 0 seq:    264 bytesused: 12441600 ts: 185.852234 delta: 33.335 ms delta now: +32.201 ms fps: 30.00 (ts-monotonic, ts-src-eof)
cap dqbuf: 1 seq:    265 bytesused: 12441600 ts: 185.885536 delta: 33.302 ms delta now: +33.382 ms fps: 30.00 (ts-monotonic, ts-src-eof)
cap dqbuf: 2 seq:    266 bytesused: 12441600 ts: 185.918899 delta: 33.363 ms delta now: +33.268 ms fps: 30.00 (ts-monotonic, ts-src-eof)
cap dqbuf: 3 seq:    267 bytesused: 12441600 ts: 185.952229 delta: 33.330 ms delta now: +33.158 ms fps: 30.00 (ts-monotonic, ts-src-eof)
cap dqbuf: 0 seq:    268 bytesused: 12441600 ts: 185.985566 delta: 33.337 ms delta now: +33.273 ms fps: 30.00 (ts-monotonic, ts-src-eof)
cap dqbuf: 1 seq:    269 bytesused: 12441600 ts: 186.018886 delta: 33.320 ms delta now: +33.362 ms fps: 30.00 (ts-monotonic, ts-src-eof)
cap dqbuf: 2 seq:    270 bytesused: 12441600 ts: 186.052219 delta: 33.333 ms delta now: +33.265 ms fps: 30.00 (ts-monotonic, ts-src-eof)
cap dqbuf: 3 seq:    271 bytesused: 12441600 ts: 186.085553 delta: 33.334 ms delta now: +32.289 ms fps: 30.00 (ts-monotonic, ts-src-eof)
cap dqbuf: 0 seq:    272 bytesused: 12441600 ts: 186.118867 delta: 33.314 ms delta now: +33.080 ms fps: 30.00 (ts-monotonic, ts-src-eof)
cap dqbuf: 1 seq:    273 bytesused: 12441600 ts: 186.152201 delta: 33.334 ms delta now: +33.357 ms fps: 30.00 (ts-monotonic, ts-src-eof)
cap dqbuf: 2 seq:    274 bytesused: 12441600 ts: 186.185554 delta: 33.353 ms delta now: +33.296 ms fps: 30.00 (ts-monotonic, ts-src-eof)
cap dqbuf: 3 seq:    275 bytesused: 12441600 ts: 186.218886 delta: 33.332 ms delta now: +32.247 ms fps: 30.00 (ts-monotonic, ts-src-eof)
cap dqbuf: 0 seq:    276 bytesused: 12441600 ts: 186.252213 delta: 33.327 ms delta now: +33.195 ms fps: 30.00 (ts-monotonic, ts-src-eof)
cap dqbuf: 1 seq:    277 bytesused: 12441600 ts: 186.285565 delta: 33.352 ms delta now: +32.617 ms fps: 30.00 (ts-monotonic, ts-src-eof)
cap dqbuf: 2 seq:    278 bytesused: 12441600 ts: 186.318879 delta: 33.314 ms delta now: +32.192 ms fps: 30.00 (ts-monotonic, ts-src-eof)
cap dqbuf: 3 seq:    279 bytesused: 12441600 ts: 186.352213 delta: 33.334 ms delta now: +32.192 ms fps: 30.00 (ts-monotonic, ts-src-eof)
cap dqbuf: 0 seq:    280 bytesused: 12441600 ts: 186.385534 delta: 33.321 ms delta now: +33.240 ms fps: 30.00 (ts-monotonic, ts-src-eof)
cap dqbuf: 1 seq:    281 bytesused: 12441600 ts: 186.418899 delta: 33.365 ms delta now: +33.204 ms fps: 30.00 (ts-monotonic, ts-src-eof)
cap dqbuf: 2 seq:    282 bytesused: 12441600 ts: 186.452232 delta: 33.333 ms delta now: +33.102 ms fps: 30.00 (ts-monotonic, ts-src-eof)
cap dqbuf: 3 seq:    283 bytesused: 12441600 ts: 186.485569 delta: 33.337 ms delta now: +33.040 ms fps: 30.00 (ts-monotonic, ts-src-eof)
cap dqbuf: 0 seq:    284 bytesused: 12441600 ts: 186.518867 delta: 33.298 ms delta now: +33.212 ms fps: 30.00 (ts-monotonic, ts-src-eof)
cap dqbuf: 1 seq:    285 bytesused: 12441600 ts: 186.552220 delta: 33.353 ms delta now: +33.053 ms fps: 30.00 (ts-monotonic, ts-src-eof)
cap dqbuf: 2 seq:    286 bytesused: 12441600 ts: 186.585534 delta: 33.314 ms delta now: +33.244 ms fps: 30.00 (ts-monotonic, ts-src-eof)
cap dqbuf: 3 seq:    287 bytesused: 12441600 ts: 186.618900 delta: 33.366 ms delta now: +33.054 ms fps: 30.00 (ts-monotonic, ts-src-eof)
cap dqbuf: 0 seq:    288 bytesused: 12441600 ts: 186.652201 delta: 33.301 ms delta now: +33.327 ms fps: 30.00 (ts-monotonic, ts-src-eof)
cap dqbuf: 1 seq:    289 bytesused: 12441600 ts: 186.685565 delta: 33.364 ms delta now: +32.194 ms fps: 30.00 (ts-monotonic, ts-src-eof)
cap dqbuf: 2 seq:    290 bytesused: 12441600 ts: 186.718868 delta: 33.303 ms delta now: +33.069 ms fps: 30.00 (ts-monotonic, ts-src-eof)
cap dqbuf: 3 seq:    291 bytesused: 12441600 ts: 186.752212 delta: 33.344 ms delta now: +33.191 ms fps: 30.00 (ts-monotonic, ts-src-eof)
cap dqbuf: 0 seq:    292 bytesused: 12441600 ts: 186.785552 delta: 33.340 ms delta now: +33.295 ms fps: 30.00 (ts-monotonic, ts-src-eof)
cap dqbuf: 1 seq:    293 bytesused: 12441600 ts: 186.818911 delta: 33.359 ms delta now: +33.035 ms fps: 30.00 (ts-monotonic, ts-src-eof)
cap dqbuf: 2 seq:    294 bytesused: 12441600 ts: 186.852213 delta: 33.302 ms delta now: +33.075 ms fps: 30.00 (ts-monotonic, ts-src-eof)
cap dqbuf: 3 seq:    295 bytesused: 12441600 ts: 186.885534 delta: 33.321 ms delta now: +32.203 ms fps: 30.00 (ts-monotonic, ts-src-eof)
cap dqbuf: 0 seq:    296 bytesused: 12441600 ts: 186.918879 delta: 33.345 ms delta now: +33.200 ms fps: 30.00 (ts-monotonic, ts-src-eof)
cap dqbuf: 1 seq:    297 bytesused: 12441600 ts: 186.952219 delta: 33.340 ms delta now: +32.188 ms fps: 30.00 (ts-monotonic, ts-src-eof)
cap dqbuf: 2 seq:    298 bytesused: 12441600 ts: 186.985534 delta: 33.315 ms delta now: +33.254 ms fps: 30.00 (ts-monotonic, ts-src-eof)
cap dqbuf: 3 seq:    299 bytesused: 12441600 ts: 187.018906 delta: 33.372 ms delta now: +32.166 ms fps: 30.00 (ts-monotonic, ts-src-eof)
cap dqbuf: 0 seq:    300 bytesused: 12441600 ts: 187.052201 delta: 33.295 ms delta now: +33.310 ms fps: 30.00 (ts-monotonic, ts-src-eof)
cap dqbuf: 1 seq:    301 bytesused: 12441600 ts: 187.085565 delta: 33.364 ms delta now: +32.180 ms fps: 30.00 (ts-monotonic, ts-src-eof)
cap dqbuf: 2 seq:    302 bytesused: 12441600 ts: 187.118867 delta: 33.302 ms delta now: +33.302 ms fps: 30.00 (ts-monotonic, ts-src-eof)
cap dqbuf: 3 seq:    303 bytesused: 12441600 ts: 187.152218 delta: 33.351 ms delta now: +32.207 ms fps: 30.00 (ts-monotonic, ts-src-eof)
cap dqbuf: 0 seq:    304 bytesused: 12441600 ts: 187.185534 delta: 33.316 ms delta now: +33.090 ms fps: 30.00 (ts-monotonic, ts-src-eof)
cap dqbuf: 1 seq:    305 bytesused: 12441600 ts: 187.218868 delta: 33.334 ms delta now: +32.614 ms fps: 30.00 (ts-monotonic, ts-src-eof)
cap dqbuf: 2 seq:    306 bytesused: 12441600 ts: 187.252213 delta: 33.345 ms delta now: +33.234 ms fps: 30.00 (ts-monotonic, ts-src-eof)
cap dqbuf: 3 seq:    307 bytesused: 12441600 ts: 187.285558 delta: 33.345 ms delta now: +32.181 ms fps: 30.00 (ts-monotonic, ts-src-eof)
cap dqbuf: 0 seq:    308 bytesused: 12441600 ts: 187.318879 delta: 33.321 ms delta now: +33.059 ms fps: 30.00 (ts-monotonic, ts-src-eof)
cap dqbuf: 1 seq:    309 bytesused: 12441600 ts: 187.352212 delta: 33.333 ms delta now: +33.068 ms fps: 30.00 (ts-monotonic, ts-src-eof)
cap dqbuf: 2 seq:    310 bytesused: 12441600 ts: 187.385535 delta: 33.323 ms delta now: +33.269 ms fps: 30.00 (ts-monotonic, ts-src-eof)
cap dqbuf: 3 seq:    311 bytesused: 12441600 ts: 187.418899 delta: 33.364 ms delta now: +32.173 ms fps: 30.00 (ts-monotonic, ts-src-eof)
cap dqbuf: 0 seq:    312 bytesused: 12441600 ts: 187.452213 delta: 33.314 ms delta now: +32.198 ms fps: 30.00 (ts-monotonic, ts-src-eof)
cap dqbuf: 1 seq:    313 bytesused: 12441600 ts: 187.485534 delta: 33.321 ms delta now: +33.300 ms fps: 30.00 (ts-monotonic, ts-src-eof)
cap dqbuf: 2 seq:    314 bytesused: 12441600 ts: 187.518886 delta: 33.352 ms delta now: +33.165 ms fps: 30.00 (ts-monotonic, ts-src-eof)
cap dqbuf: 3 seq:    315 bytesused: 12441600 ts: 187.552233 delta: 33.347 ms delta now: +32.173 ms fps: 30.00 (ts-monotonic, ts-src-eof)
cap dqbuf: 0 seq:    316 bytesused: 12441600 ts: 187.585546 delta: 33.313 ms delta now: +33.240 ms fps: 30.00 (ts-monotonic, ts-src-eof)
cap dqbuf: 1 seq:    317 bytesused: 12441600 ts: 187.618893 delta: 33.347 ms delta now: +33.216 ms fps: 30.00 (ts-monotonic, ts-src-eof)
cap dqbuf: 2 seq:    318 bytesused: 12441600 ts: 187.652220 delta: 33.327 ms delta now: +32.187 ms fps: 30.00 (ts-monotonic, ts-src-eof)
cap dqbuf: 3 seq:    319 bytesused: 12441600 ts: 187.685534 delta: 33.314 ms delta now: +33.285 ms fps: 30.00 (ts-monotonic, ts-src-eof)
cap dqbuf: 0 seq:    320 bytesused: 12441600 ts: 187.718899 delta: 33.365 ms delta now: +33.385 ms fps: 30.00 (ts-monotonic, ts-src-eof)
cap dqbuf: 1 seq:    321 bytesused: 12441600 ts: 187.752232 delta: 33.333 ms delta now: +33.170 ms fps: 30.00 (ts-monotonic, ts-src-eof)
cap dqbuf: 2 seq:    322 bytesused: 12441600 ts: 187.785552 delta: 33.320 ms delta now: +32.188 ms fps: 30.00 (ts-monotonic, ts-src-eof)
cap dqbuf: 3 seq:    323 bytesused: 12441600 ts: 187.818868 delta: 33.316 ms delta now: +33.298 ms fps: 30.00 (ts-monotonic, ts-src-eof)
cap dqbuf: 0 seq:    324 bytesused: 12441600 ts: 187.852232 delta: 33.364 ms delta now: +32.174 ms fps: 30.00 (ts-monotonic, ts-src-eof)
cap dqbuf: 1 seq:    325 bytesused: 12441600 ts: 187.885534 delta: 33.302 ms delta now: +33.306 ms fps: 30.00 (ts-monotonic, ts-src-eof)
cap dqbuf: 2 seq:    326 bytesused: 12441600 ts: 187.918899 delta: 33.365 ms delta now: +33.159 ms fps: 30.00 (ts-monotonic, ts-src-eof)
cap dqbuf: 3 seq:    327 bytesused: 12441600 ts: 187.952219 delta: 33.320 ms delta now: +33.183 ms fps: 30.00 (ts-monotonic, ts-src-eof)
cap dqbuf: 0 seq:    328 bytesused: 12441600 ts: 187.985566 delta: 33.347 ms delta now: +33.157 ms fps: 30.00 (ts-monotonic, ts-src-eof)
cap dqbuf: 1 seq:    329 bytesused: 12441600 ts: 188.018900 delta: 33.334 ms delta now: +33.263 ms fps: 30.00 (ts-monotonic, ts-src-eof)
cap dqbuf: 2 seq:    330 bytesused: 12441600 ts: 188.052232 delta: 33.332 ms delta now: +32.178 ms fps: 30.00 (ts-monotonic, ts-src-eof)
cap dqbuf: 3 seq:    331 bytesused: 12441600 ts: 188.085546 delta: 33.314 ms delta now: +33.293 ms fps: 30.00 (ts-monotonic, ts-src-eof)
cap dqbuf: 0 seq:    332 bytesused: 12441600 ts: 188.118885 delta: 33.339 ms delta now: +33.100 ms fps: 30.00 (ts-monotonic, ts-src-eof)
cap dqbuf: 1 seq:    333 bytesused: 12441600 ts: 188.152201 delta: 33.316 ms delta now: +33.298 ms fps: 30.00 (ts-monotonic, ts-src-eof)
cap dqbuf: 2 seq:    334 bytesused: 12441600 ts: 188.185559 delta: 33.358 ms delta now: +33.218 ms fps: 30.00 (ts-monotonic, ts-src-eof)
cap dqbuf: 3 seq:    335 bytesused: 12441600 ts: 188.218886 delta: 33.327 ms delta now: +33.313 ms fps: 30.00 (ts-monotonic, ts-src-eof)
cap dqbuf: 0 seq:    336 bytesused: 12441600 ts: 188.252219 delta: 33.333 ms delta now: +33.303 ms fps: 30.00 (ts-monotonic, ts-src-eof)
cap dqbuf: 1 seq:    337 bytesused: 12441600 ts: 188.285569 delta: 33.350 ms delta now: +33.165 ms fps: 30.00 (ts-monotonic, ts-src-eof)
cap dqbuf: 2 seq:    338 bytesused: 12441600 ts: 188.318886 delta: 33.317 ms delta now: +32.187 ms fps: 30.00 (ts-monotonic, ts-src-eof)
cap dqbuf: 3 seq:    339 bytesused: 12441600 ts: 188.352201 delta: 33.315 ms delta now: +33.188 ms fps: 30.00 (ts-monotonic, ts-src-eof)
cap dqbuf: 0 seq:    340 bytesused: 12441600 ts: 188.385553 delta: 33.352 ms delta now: +32.187 ms fps: 30.00 (ts-monotonic, ts-src-eof)
cap dqbuf: 1 seq:    341 bytesused: 12441600 ts: 188.418869 delta: 33.316 ms delta now: +33.353 ms fps: 30.00 (ts-monotonic, ts-src-eof)
cap dqbuf: 2 seq:    342 bytesused: 12441600 ts: 188.452240 delta: 33.371 ms delta now: +33.265 ms fps: 30.00 (ts-monotonic, ts-src-eof)
cap dqbuf: 3 seq:    343 bytesused: 12441600 ts: 188.485571 delta: 33.331 ms delta now: +33.242 ms fps: 30.00 (ts-monotonic, ts-src-eof)
cap dqbuf: 0 seq:    344 bytesused: 12441600 ts: 188.518886 delta: 33.315 ms delta now: +33.057 ms fps: 30.00 (ts-monotonic, ts-src-eof)
cap dqbuf: 1 seq:    345 bytesused: 12441600 ts: 188.552201 delta: 33.315 ms delta now: +33.087 ms fps: 30.00 (ts-monotonic, ts-src-eof)
cap dqbuf: 2 seq:    346 bytesused: 12441600 ts: 188.585579 delta: 33.378 ms delta now: +33.246 ms fps: 30.00 (ts-monotonic, ts-src-eof)
cap dqbuf: 3 seq:    347 bytesused: 12441600 ts: 188.618885 delta: 33.306 ms delta now: +32.187 ms fps: 30.00 (ts-monotonic, ts-src-eof)
cap dqbuf: 0 seq:    348 bytesused: 12441600 ts: 188.652201 delta: 33.316 ms delta now: +33.073 ms fps: 30.00 (ts-monotonic, ts-src-eof)
cap dqbuf: 1 seq:    349 bytesused: 12441600 ts: 188.685534 delta: 33.333 ms delta now: +33.071 ms fps: 30.00 (ts-monotonic, ts-src-eof)
cap dqbuf: 2 seq:    350 bytesused: 12441600 ts: 188.718879 delta: 33.345 ms delta now: +33.211 ms fps: 30.00 (ts-monotonic, ts-src-eof)
cap dqbuf: 3 seq:    351 bytesused: 12441600 ts: 188.752244 delta: 33.365 ms delta now: +32.162 ms fps: 30.00 (ts-monotonic, ts-src-eof)
cap dqbuf: 0 seq:    352 bytesused: 12441600 ts: 188.785534 delta: 33.290 ms delta now: +33.074 ms fps: 30.00 (ts-monotonic, ts-src-eof)
cap dqbuf: 1 seq:    353 bytesused: 12441600 ts: 188.818879 delta: 33.345 ms delta now: +33.208 ms fps: 30.00 (ts-monotonic, ts-src-eof)
cap dqbuf: 2 seq:    354 bytesused: 12441600 ts: 188.852219 delta: 33.340 ms delta now: +33.351 ms fps: 30.00 (ts-monotonic, ts-src-eof)
cap dqbuf: 3 seq:    355 bytesused: 12441600 ts: 188.885567 delta: 33.348 ms delta now: +33.042 ms fps: 30.00 (ts-monotonic, ts-src-eof)
cap dqbuf: 0 seq:    356 bytesused: 12441600 ts: 188.918880 delta: 33.313 ms delta now: +33.275 ms fps: 30.00 (ts-monotonic, ts-src-eof)
cap dqbuf: 1 seq:    357 bytesused: 12441600 ts: 188.952220 delta: 33.340 ms delta now: +33.176 ms fps: 30.00 (ts-monotonic, ts-src-eof)
cap dqbuf: 2 seq:    358 bytesused: 12441600 ts: 188.985567 delta: 33.347 ms delta now: +33.175 ms fps: 30.00 (ts-monotonic, ts-src-eof)
cap dqbuf: 3 seq:    359 bytesused: 12441600 ts: 189.018885 delta: 33.318 ms delta now: +33.342 ms fps: 30.00 (ts-monotonic, ts-src-eof)
cap dqbuf: 0 seq:    360 bytesused: 12441600 ts: 189.052233 delta: 33.348 ms delta now: +33.046 ms fps: 30.00 (ts-monotonic, ts-src-eof)
cap dqbuf: 1 seq:    361 bytesused: 12441600 ts: 189.085546 delta: 33.313 ms delta now: +33.290 ms fps: 30.00 (ts-monotonic, ts-src-eof)
cap dqbuf: 2 seq:    362 bytesused: 12441600 ts: 189.118899 delta: 33.353 ms delta now: +32.217 ms fps: 30.00 (ts-monotonic, ts-src-eof)
cap dqbuf: 3 seq:    363 bytesused: 12441600 ts: 189.152201 delta: 33.302 ms delta now: +33.163 ms fps: 30.00 (ts-monotonic, ts-src-eof)
cap dqbuf: 0 seq:    364 bytesused: 12441600 ts: 189.185552 delta: 33.351 ms delta now: +32.196 ms fps: 30.00 (ts-monotonic, ts-src-eof)
cap dqbuf: 1 seq:    365 bytesused: 12441600 ts: 189.218879 delta: 33.327 ms delta now: +32.246 ms fps: 30.00 (ts-monotonic, ts-src-eof)
cap dqbuf: 2 seq:    366 bytesused: 12441600 ts: 189.252201 delta: 33.322 ms delta now: +33.200 ms fps: 30.00 (ts-monotonic, ts-src-eof)
cap dqbuf: 3 seq:    367 bytesused: 12441600 ts: 189.285566 delta: 33.365 ms delta now: +33.038 ms fps: 30.00 (ts-monotonic, ts-src-eof)
cap dqbuf: 0 seq:    368 bytesused: 12441600 ts: 189.318868 delta: 33.302 ms delta now: +33.069 ms fps: 30.00 (ts-monotonic, ts-src-eof)
cap dqbuf: 1 seq:    369 bytesused: 12441600 ts: 189.352213 delta: 33.345 ms delta now: +33.209 ms fps: 30.00 (ts-monotonic, ts-src-eof)
cap dqbuf: 2 seq:    370 bytesused: 12441600 ts: 189.385553 delta: 33.340 ms delta now: +33.297 ms fps: 30.00 (ts-monotonic, ts-src-eof)
cap dqbuf: 3 seq:    371 bytesused: 12441600 ts: 189.418899 delta: 33.346 ms delta now: +33.326 ms fps: 30.00 (ts-monotonic, ts-src-eof)
cap dqbuf: 0 seq:    372 bytesused: 12441600 ts: 189.452221 delta: 33.322 ms delta now: +33.268 ms fps: 30.00 (ts-monotonic, ts-src-eof)
cap dqbuf: 1 seq:    373 bytesused: 12441600 ts: 189.485567 delta: 33.346 ms delta now: +32.172 ms fps: 30.00 (ts-monotonic, ts-src-eof)
cap dqbuf: 2 seq:    374 bytesused: 12441600 ts: 189.518880 delta: 33.313 ms delta now: +33.185 ms fps: 30.00 (ts-monotonic, ts-src-eof)
cap dqbuf: 3 seq:    375 bytesused: 12441600 ts: 189.552233 delta: 33.353 ms delta now: +33.277 ms fps: 30.00 (ts-monotonic, ts-src-eof)
cap dqbuf: 0 seq:    376 bytesused: 12441600 ts: 189.585551 delta: 33.318 ms delta now: +33.180 ms fps: 30.00 (ts-monotonic, ts-src-eof)
cap dqbuf: 1 seq:    377 bytesused: 12441600 ts: 189.618900 delta: 33.349 ms delta now: +32.175 ms fps: 30.00 (ts-monotonic, ts-src-eof)
cap dqbuf: 2 seq:    378 bytesused: 12441600 ts: 189.652202 delta: 33.302 ms delta now: +33.084 ms fps: 30.00 (ts-monotonic, ts-src-eof)
cap dqbuf: 3 seq:    379 bytesused: 12441600 ts: 189.685535 delta: 33.333 ms delta now: +33.310 ms fps: 30.00 (ts-monotonic, ts-src-eof)
cap dqbuf: 0 seq:    380 bytesused: 12441600 ts: 189.718899 delta: 33.364 ms delta now: +32.174 ms fps: 30.00 (ts-monotonic, ts-src-eof)
cap dqbuf: 1 seq:    381 bytesused: 12441600 ts: 189.752213 delta: 33.314 ms delta now: +33.079 ms fps: 30.00 (ts-monotonic, ts-src-eof)
cap dqbuf: 2 seq:    382 bytesused: 12441600 ts: 189.785535 delta: 33.322 ms delta now: +32.206 ms fps: 30.00 (ts-monotonic, ts-src-eof)
cap dqbuf: 3 seq:    383 bytesused: 12441600 ts: 189.818868 delta: 33.333 ms delta now: +33.304 ms fps: 30.00 (ts-monotonic, ts-src-eof)
cap dqbuf: 0 seq:    384 bytesused: 12441600 ts: 189.852219 delta: 33.351 ms delta now: +33.080 ms fps: 30.00 (ts-monotonic, ts-src-eof)
cap dqbuf: 1 seq:    385 bytesused: 12441600 ts: 189.885546 delta: 33.327 ms delta now: +33.064 ms fps: 30.00 (ts-monotonic, ts-src-eof)
cap dqbuf: 2 seq:    386 bytesused: 12441600 ts: 189.918879 delta: 33.333 ms delta now: +33.397 ms fps: 30.00 (ts-monotonic, ts-src-eof)
cap dqbuf: 3 seq:    387 bytesused: 12441600 ts: 189.952232 delta: 33.353 ms delta now: +33.145 ms fps: 30.00 (ts-monotonic, ts-src-eof)
cap dqbuf: 0 seq:    388 bytesused: 12441600 ts: 189.985568 delta: 33.336 ms delta now: +32.172 ms fps: 30.00 (ts-monotonic, ts-src-eof)
cap dqbuf: 1 seq:    389 bytesused: 12441600 ts: 190.018879 delta: 33.311 ms delta now: +32.195 ms fps: 30.00 (ts-monotonic, ts-src-eof)
cap dqbuf: 2 seq:    390 bytesused: 12441600 ts: 190.052213 delta: 33.334 ms delta now: +32.194 ms fps: 30.00 (ts-monotonic, ts-src-eof)
cap dqbuf: 3 seq:    391 bytesused: 12441600 ts: 190.085546 delta: 33.333 ms delta now: +33.224 ms fps: 30.00 (ts-monotonic, ts-src-eof)
cap dqbuf: 0 seq:    392 bytesused: 12441600 ts: 190.118887 delta: 33.341 ms delta now: +33.287 ms fps: 30.00 (ts-monotonic, ts-src-eof)
cap dqbuf: 1 seq:    393 bytesused: 12441600 ts: 190.152232 delta: 33.345 ms delta now: +33.084 ms fps: 30.00 (ts-monotonic, ts-src-eof)
cap dqbuf: 2 seq:    394 bytesused: 12441600 ts: 190.185560 delta: 33.328 ms delta now: +32.197 ms fps: 30.00 (ts-monotonic, ts-src-eof)
cap dqbuf: 3 seq:    395 bytesused: 12441600 ts: 190.218880 delta: 33.320 ms delta now: +33.288 ms fps: 30.00 (ts-monotonic, ts-src-eof)
cap dqbuf: 0 seq:    396 bytesused: 12441600 ts: 190.252233 delta: 33.353 ms delta now: +33.169 ms fps: 30.00 (ts-monotonic, ts-src-eof)
cap dqbuf: 1 seq:    397 bytesused: 12441600 ts: 190.285553 delta: 33.320 ms delta now: +33.237 ms fps: 30.00 (ts-monotonic, ts-src-eof)
cap dqbuf: 2 seq:    398 bytesused: 12441600 ts: 190.318887 delta: 33.334 ms delta now: +32.187 ms fps: 30.00 (ts-monotonic, ts-src-eof)
cap dqbuf: 3 seq:    399 bytesused: 12441600 ts: 190.352201 delta: 33.314 ms delta now: +33.075 ms fps: 30.00 (ts-monotonic, ts-src-eof)
cap dqbuf: 0 seq:    400 bytesused: 12441600 ts: 190.385535 delta: 33.334 ms delta now: +33.428 ms fps: 30.00 (ts-monotonic, ts-src-eof)
cap dqbuf: 1 seq:    401 bytesused: 12441600 ts: 190.418889 delta: 33.354 ms delta now: +33.210 ms fps: 30.00 (ts-monotonic, ts-src-eof)
cap dqbuf: 2 seq:    402 bytesused: 12441600 ts: 190.452220 delta: 33.331 ms delta now: +32.186 ms fps: 30.00 (ts-monotonic, ts-src-eof)
cap dqbuf: 3 seq:    403 bytesused: 12441600 ts: 190.485547 delta: 33.327 ms delta now: +33.339 ms fps: 30.00 (ts-monotonic, ts-src-eof)
cap dqbuf: 0 seq:    404 bytesused: 12441600 ts: 190.518900 delta: 33.353 ms delta now: +33.046 ms fps: 30.00 (ts-monotonic, ts-src-eof)
cap dqbuf: 1 seq:    405 bytesused: 12441600 ts: 190.552202 delta: 33.302 ms delta now: +32.204 ms fps: 30.00 (ts-monotonic, ts-src-eof)
cap dqbuf: 2 seq:    406 bytesused: 12441600 ts: 190.585535 delta: 33.333 ms delta now: +33.200 ms fps: 30.00 (ts-monotonic, ts-src-eof)
cap dqbuf: 3 seq:    407 bytesused: 12441600 ts: 190.618886 delta: 33.351 ms delta now: +33.261 ms fps: 30.00 (ts-monotonic, ts-src-eof)
cap dqbuf: 0 seq:    408 bytesused: 12441600 ts: 190.652238 delta: 33.352 ms delta now: +33.268 ms fps: 30.00 (ts-monotonic, ts-src-eof)
cap dqbuf: 1 seq:    409 bytesused: 12441600 ts: 190.685566 delta: 33.328 ms delta now: +33.290 ms fps: 30.00 (ts-monotonic, ts-src-eof)
cap dqbuf: 2 seq:    410 bytesused: 12441600 ts: 190.718899 delta: 33.333 ms delta now: +33.162 ms fps: 30.00 (ts-monotonic, ts-src-eof)
cap dqbuf: 3 seq:    411 bytesused: 12441600 ts: 190.752227 delta: 33.328 ms delta now: +33.175 ms fps: 30.00 (ts-monotonic, ts-src-eof)
cap dqbuf: 0 seq:    412 bytesused: 12441600 ts: 190.785566 delta: 33.339 ms delta now: +32.178 ms fps: 30.00 (ts-monotonic, ts-src-eof)
cap dqbuf: 1 seq:    413 bytesused: 12441600 ts: 190.818868 delta: 33.302 ms delta now: +33.272 ms fps: 30.00 (ts-monotonic, ts-src-eof)
cap dqbuf: 2 seq:    414 bytesused: 12441600 ts: 190.852239 delta: 33.371 ms delta now: +33.053 ms fps: 30.00 (ts-monotonic, ts-src-eof)
cap dqbuf: 3 seq:    415 bytesused: 12441600 ts: 190.885546 delta: 33.307 ms delta now: +33.061 ms fps: 30.00 (ts-monotonic, ts-src-eof)
cap dqbuf: 0 seq:    416 bytesused: 12441600 ts: 190.918879 delta: 33.333 ms delta now: +33.070 ms fps: 30.00 (ts-monotonic, ts-src-eof)
cap dqbuf: 1 seq:    417 bytesused: 12441600 ts: 190.952202 delta: 33.323 ms delta now: +33.071 ms fps: 30.00 (ts-monotonic, ts-src-eof)
cap dqbuf: 2 seq:    418 bytesused: 12441600 ts: 190.985546 delta: 33.344 ms delta now: +33.193 ms fps: 30.00 (ts-monotonic, ts-src-eof)
cap dqbuf: 3 seq:    419 bytesused: 12441600 ts: 191.018885 delta: 33.339 ms delta now: +33.244 ms fps: 30.00 (ts-monotonic, ts-src-eof)
cap dqbuf: 0 seq:    420 bytesused: 12441600 ts: 191.052233 delta: 33.348 ms delta now: +33.159 ms fps: 30.00 (ts-monotonic, ts-src-eof)
cap dqbuf: 1 seq:    421 bytesused: 12441600 ts: 191.085567 delta: 33.334 ms delta now: +33.269 ms fps: 30.00 (ts-monotonic, ts-src-eof)
cap dqbuf: 2 seq:    422 bytesused: 12441600 ts: 191.118899 delta: 33.332 ms delta now: +33.161 ms fps: 30.00 (ts-monotonic, ts-src-eof)
cap dqbuf: 3 seq:    423 bytesused: 12441600 ts: 191.152233 delta: 33.334 ms delta now: +33.065 ms fps: 30.00 (ts-monotonic, ts-src-eof)
cap dqbuf: 0 seq:    424 bytesused: 12441600 ts: 191.185549 delta: 33.316 ms delta now: +33.148 ms fps: 30.00 (ts-monotonic, ts-src-eof)
cap dqbuf: 1 seq:    425 bytesused: 12441600 ts: 191.218879 delta: 33.330 ms delta now: +32.205 ms fps: 30.00 (ts-monotonic, ts-src-eof)
cap dqbuf: 2 seq:    426 bytesused: 12441600 ts: 191.252201 delta: 33.322 ms delta now: +33.116 ms fps: 30.00 (ts-monotonic, ts-src-eof)
cap dqbuf: 3 seq:    427 bytesused: 12441600 ts: 191.285546 delta: 33.345 ms delta now: +33.058 ms fps: 30.00 (ts-monotonic, ts-src-eof)
cap dqbuf: 0 seq:    428 bytesused: 12441600 ts: 191.318868 delta: 33.322 ms delta now: +33.194 ms fps: 30.00 (ts-monotonic, ts-src-eof)
cap dqbuf: 1 seq:    429 bytesused: 12441600 ts: 191.352220 delta: 33.352 ms delta now: +33.061 ms fps: 30.00 (ts-monotonic, ts-src-eof)
cap dqbuf: 2 seq:    430 bytesused: 12441600 ts: 191.385534 delta: 33.314 ms delta now: +33.186 ms fps: 30.00 (ts-monotonic, ts-src-eof)
cap dqbuf: 3 seq:    431 bytesused: 12441600 ts: 191.418886 delta: 33.352 ms delta now: +32.190 ms fps: 30.00 (ts-monotonic, ts-src-eof)
cap dqbuf: 0 seq:    432 bytesused: 12441600 ts: 191.452213 delta: 33.327 ms delta now: +33.085 ms fps: 30.00 (ts-monotonic, ts-src-eof)
cap dqbuf: 1 seq:    433 bytesused: 12441600 ts: 191.485546 delta: 33.333 ms delta now: +33.244 ms fps: 30.00 (ts-monotonic, ts-src-eof)
cap dqbuf: 2 seq:    434 bytesused: 12441600 ts: 191.518901 delta: 33.355 ms delta now: +33.387 ms fps: 30.00 (ts-monotonic, ts-src-eof)
cap dqbuf: 3 seq:    435 bytesused: 12441600 ts: 191.552222 delta: 33.321 ms delta now: +33.069 ms fps: 30.00 (ts-monotonic, ts-src-eof)
cap dqbuf: 0 seq:    436 bytesused: 12441600 ts: 191.585547 delta: 33.325 ms delta now: +33.299 ms fps: 30.00 (ts-monotonic, ts-src-eof)
cap dqbuf: 1 seq:    437 bytesused: 12441600 ts: 191.618902 delta: 33.355 ms delta now: +32.172 ms fps: 30.00 (ts-monotonic, ts-src-eof)
cap dqbuf: 2 seq:    438 bytesused: 12441600 ts: 191.652213 delta: 33.311 ms delta now: +33.364 ms fps: 30.00 (ts-monotonic, ts-src-eof)
cap dqbuf: 3 seq:    439 bytesused: 12441600 ts: 191.685566 delta: 33.353 ms delta now: +32.174 ms fps: 30.00 (ts-monotonic, ts-src-eof)
cap dqbuf: 0 seq:    440 bytesused: 12441600 ts: 191.718879 delta: 33.313 ms delta now: +33.080 ms fps: 30.00 (ts-monotonic, ts-src-eof)
cap dqbuf: 1 seq:    441 bytesused: 12441600 ts: 191.752213 delta: 33.334 ms delta now: +33.245 ms fps: 30.00 (ts-monotonic, ts-src-eof)
cap dqbuf: 2 seq:    442 bytesused: 12441600 ts: 191.785553 delta: 33.340 ms delta now: +32.187 ms fps: 30.00 (ts-monotonic, ts-src-eof)
cap dqbuf: 3 seq:    443 bytesused: 12441600 ts: 191.818868 delta: 33.315 ms delta now: +33.073 ms fps: 30.00 (ts-monotonic, ts-src-eof)
cap dqbuf: 0 seq:    444 bytesused: 12441600 ts: 191.852201 delta: 33.333 ms delta now: +33.299 ms fps: 30.00 (ts-monotonic, ts-src-eof)
cap dqbuf: 1 seq:    445 bytesused: 12441600 ts: 191.885567 delta: 33.366 ms delta now: +33.160 ms fps: 30.00 (ts-monotonic, ts-src-eof)
cap dqbuf: 2 seq:    446 bytesused: 12441600 ts: 191.918900 delta: 33.333 ms delta now: +33.073 ms fps: 30.00 (ts-monotonic, ts-src-eof)
cap dqbuf: 3 seq:    447 bytesused: 12441600 ts: 191.952213 delta: 33.313 ms delta now: +33.247 ms fps: 30.00 (ts-monotonic, ts-src-eof)
cap dqbuf: 0 seq:    448 bytesused: 12441600 ts: 191.985567 delta: 33.354 ms delta now: +32.173 ms fps: 30.00 (ts-monotonic, ts-src-eof)
cap dqbuf: 1 seq:    449 bytesused: 12441600 ts: 192.018879 delta: 33.312 ms delta now: +33.064 ms fps: 30.00 (ts-monotonic, ts-src-eof)
cap dqbuf: 2 seq:    450 bytesused: 12441600 ts: 192.052213 delta: 33.334 ms delta now: +33.256 ms fps: 30.00 (ts-monotonic, ts-src-eof)
cap dqbuf: 3 seq:    451 bytesused: 12441600 ts: 192.085567 delta: 33.354 ms delta now: +33.031 ms fps: 30.00 (ts-monotonic, ts-src-eof)
cap dqbuf: 0 seq:    452 bytesused: 12441600 ts: 192.118869 delta: 33.302 ms delta now: +33.426 ms fps: 30.00 (ts-monotonic, ts-src-eof)
cap dqbuf: 1 seq:    453 bytesused: 12441600 ts: 192.152222 delta: 33.353 ms delta now: +33.213 ms fps: 30.00 (ts-monotonic, ts-src-eof)
cap dqbuf: 2 seq:    454 bytesused: 12441600 ts: 192.185553 delta: 33.331 ms delta now: +33.211 ms fps: 30.00 (ts-monotonic, ts-src-eof)
cap dqbuf: 3 seq:    455 bytesused: 12441600 ts: 192.218901 delta: 33.348 ms delta now: +33.052 ms fps: 30.00 (ts-monotonic, ts-src-eof)
cap dqbuf: 0 seq:    456 bytesused: 12441600 ts: 192.252201 delta: 33.300 ms delta now: +33.172 ms fps: 30.00 (ts-monotonic, ts-src-eof)
cap dqbuf: 1 seq:    457 bytesused: 12441600 ts: 192.285566 delta: 33.365 ms delta now: +33.287 ms fps: 30.00 (ts-monotonic, ts-src-eof)
cap dqbuf: 2 seq:    458 bytesused: 12441600 ts: 192.318899 delta: 33.333 ms delta now: +32.194 ms fps: 30.00 (ts-monotonic, ts-src-eof)
cap dqbuf: 3 seq:    459 bytesused: 12441600 ts: 192.352212 delta: 33.313 ms delta now: +33.178 ms fps: 30.00 (ts-monotonic, ts-src-eof)
cap dqbuf: 0 seq:    460 bytesused: 12441600 ts: 192.385553 delta: 33.341 ms delta now: +33.175 ms fps: 30.00 (ts-monotonic, ts-src-eof)
cap dqbuf: 1 seq:    461 bytesused: 12441600 ts: 192.418900 delta: 33.347 ms delta now: +33.150 ms fps: 30.00 (ts-monotonic, ts-src-eof)
cap dqbuf: 2 seq:    462 bytesused: 12441600 ts: 192.452232 delta: 33.332 ms delta now: +33.044 ms fps: 30.00 (ts-monotonic, ts-src-eof)
cap dqbuf: 3 seq:    463 bytesused: 12441600 ts: 192.485546 delta: 33.314 ms delta now: +33.368 ms fps: 30.00 (ts-monotonic, ts-src-eof)
cap dqbuf: 0 seq:    464 bytesused: 12441600 ts: 192.518905 delta: 33.359 ms delta now: +32.304 ms fps: 30.00 (ts-monotonic, ts-src-eof)
cap dqbuf: 1 seq:    465 bytesused: 12441600 ts: 192.552214 delta: 33.309 ms delta now: +33.396 ms fps: 30.00 (ts-monotonic, ts-src-eof)
cap dqbuf: 2 seq:    466 bytesused: 12441600 ts: 192.585566 delta: 33.352 ms delta now: +33.253 ms fps: 30.00 (ts-monotonic, ts-src-eof)
cap dqbuf: 3 seq:    467 bytesused: 12441600 ts: 192.618886 delta: 33.320 ms delta now: +33.340 ms fps: 30.00 (ts-monotonic, ts-src-eof)
cap dqbuf: 0 seq:    468 bytesused: 12441600 ts: 192.652219 delta: 33.333 ms delta now: +33.298 ms fps: 30.00 (ts-monotonic, ts-src-eof)
cap dqbuf: 1 seq:    469 bytesused: 12441600 ts: 192.685553 delta: 33.334 ms delta now: +32.187 ms fps: 30.00 (ts-monotonic, ts-src-eof)
cap dqbuf: 2 seq:    470 bytesused: 12441600 ts: 192.718880 delta: 33.327 ms delta now: +33.160 ms fps: 30.00 (ts-monotonic, ts-src-eof)
cap dqbuf: 3 seq:    471 bytesused: 12441600 ts: 192.752234 delta: 33.354 ms delta now: +32.172 ms fps: 30.00 (ts-monotonic, ts-src-eof)
cap dqbuf: 0 seq:    472 bytesused: 12441600 ts: 192.785535 delta: 33.301 ms delta now: +33.183 ms fps: 30.00 (ts-monotonic, ts-src-eof)
cap dqbuf: 1 seq:    473 bytesused: 12441600 ts: 192.818886 delta: 33.351 ms delta now: +32.188 ms fps: 30.00 (ts-monotonic, ts-src-eof)
cap dqbuf: 2 seq:    474 bytesused: 12441600 ts: 192.852213 delta: 33.327 ms delta now: +33.295 ms fps: 30.00 (ts-monotonic, ts-src-eof)
cap dqbuf: 3 seq:    475 bytesused: 12441600 ts: 192.885568 delta: 33.355 ms delta now: +33.273 ms fps: 30.00 (ts-monotonic, ts-src-eof)
cap dqbuf: 0 seq:    476 bytesused: 12441600 ts: 192.918886 delta: 33.318 ms delta now: +33.084 ms fps: 30.00 (ts-monotonic, ts-src-eof)
cap dqbuf: 1 seq:    477 bytesused: 12441600 ts: 192.952213 delta: 33.327 ms delta now: +33.305 ms fps: 30.00 (ts-monotonic, ts-src-eof)
cap dqbuf: 2 seq:    478 bytesused: 12441600 ts: 192.985553 delta: 33.340 ms delta now: +33.185 ms fps: 30.00 (ts-monotonic, ts-src-eof)
cap dqbuf: 3 seq:    479 bytesused: 12441600 ts: 193.018887 delta: 33.334 ms delta now: +33.297 ms fps: 30.00 (ts-monotonic, ts-src-eof)
cap dqbuf: 0 seq:    480 bytesused: 12441600 ts: 193.052233 delta: 33.346 ms delta now: +33.037 ms fps: 30.00 (ts-monotonic, ts-src-eof)
cap dqbuf: 1 seq:    481 bytesused: 12441600 ts: 193.085535 delta: 33.302 ms delta now: +32.207 ms fps: 30.00 (ts-monotonic, ts-src-eof)
cap dqbuf: 2 seq:    482 bytesused: 12441600 ts: 193.118868 delta: 33.333 ms delta now: +33.239 ms fps: 30.00 (ts-monotonic, ts-src-eof)
cap dqbuf: 3 seq:    483 bytesused: 12441600 ts: 193.152234 delta: 33.366 ms delta now: +33.061 ms fps: 30.00 (ts-monotonic, ts-src-eof)
cap dqbuf: 0 seq:    484 bytesused: 12441600 ts: 193.185535 delta: 33.301 ms delta now: +32.214 ms fps: 30.00 (ts-monotonic, ts-src-eof)
cap dqbuf: 1 seq:    485 bytesused: 12441600 ts: 193.218880 delta: 33.345 ms delta now: +33.203 ms fps: 30.00 (ts-monotonic, ts-src-eof)
cap dqbuf: 2 seq:    486 bytesused: 12441600 ts: 193.252219 delta: 33.339 ms delta now: +33.272 ms fps: 30.00 (ts-monotonic, ts-src-eof)
cap dqbuf: 3 seq:    487 bytesused: 12441600 ts: 193.285566 delta: 33.347 ms delta now: +33.169 ms fps: 30.00 (ts-monotonic, ts-src-eof)
cap dqbuf: 0 seq:    488 bytesused: 12441600 ts: 193.318887 delta: 33.321 ms delta now: +33.156 ms fps: 30.00 (ts-monotonic, ts-src-eof)
cap dqbuf: 1 seq:    489 bytesused: 12441600 ts: 193.352219 delta: 33.332 ms delta now: +33.061 ms fps: 30.00 (ts-monotonic, ts-src-eof)
cap dqbuf: 2 seq:    490 bytesused: 12441600 ts: 193.385547 delta: 33.328 ms delta now: +33.304 ms fps: 30.00 (ts-monotonic, ts-src-eof)
cap dqbuf: 3 seq:    491 bytesused: 12441600 ts: 193.418887 delta: 33.340 ms delta now: +32.868 ms fps: 30.00 (ts-monotonic, ts-src-eof)
cap dqbuf: 0 seq:    492 bytesused: 12441600 ts: 193.452202 delta: 33.315 ms delta now: +33.072 ms fps: 30.00 (ts-monotonic, ts-src-eof)
cap dqbuf: 1 seq:    493 bytesused: 12441600 ts: 193.485547 delta: 33.345 ms delta now: +33.194 ms fps: 30.00 (ts-monotonic, ts-src-eof)
cap dqbuf: 2 seq:    494 bytesused: 12441600 ts: 193.518899 delta: 33.352 ms delta now: +33.051 ms fps: 30.00 (ts-monotonic, ts-src-eof)
cap dqbuf: 3 seq:    495 bytesused: 12441600 ts: 193.552213 delta: 33.314 ms delta now: +33.189 ms fps: 30.00 (ts-monotonic, ts-src-eof)
cap dqbuf: 0 seq:    496 bytesused: 12441600 ts: 193.585553 delta: 33.340 ms delta now: +33.057 ms fps: 30.00 (ts-monotonic, ts-src-eof)
cap dqbuf: 1 seq:    497 bytesused: 12441600 ts: 193.618880 delta: 33.327 ms delta now: +33.327 ms fps: 30.00 (ts-monotonic, ts-src-eof)
cap dqbuf: 2 seq:    498 bytesused: 12441600 ts: 193.652235 delta: 33.355 ms delta now: +33.210 ms fps: 30.00 (ts-monotonic, ts-src-eof)
cap dqbuf: 3 seq:    499 bytesused: 12441600 ts: 193.685566 delta: 33.331 ms delta now: +33.180 ms fps: 30.00 (ts-monotonic, ts-src-eof)
cap dqbuf: 0 seq:    500 bytesused: 12441600 ts: 193.718886 delta: 33.320 ms delta now: +32.187 ms fps: 30.00 (ts-monotonic, ts-src-eof)
cap dqbuf: 1 seq:    501 bytesused: 12441600 ts: 193.752213 delta: 33.327 ms delta now: +33.285 ms fps: 30.00 (ts-monotonic, ts-src-eof)
cap dqbuf: 2 seq:    502 bytesused: 12441600 ts: 193.785552 delta: 33.339 ms delta now: +33.072 ms fps: 30.00 (ts-monotonic, ts-src-eof)
cap dqbuf: 3 seq:    503 bytesused: 12441600 ts: 193.818879 delta: 33.327 ms delta now: +33.060 ms fps: 30.00 (ts-monotonic, ts-src-eof)
cap dqbuf: 0 seq:    504 bytesused: 12441600 ts: 193.852202 delta: 33.323 ms delta now: +33.268 ms fps: 30.00 (ts-monotonic, ts-src-eof)
cap dqbuf: 1 seq:    505 bytesused: 12441600 ts: 193.885566 delta: 33.364 ms delta now: +32.178 ms fps: 30.00 (ts-monotonic, ts-src-eof)
cap dqbuf: 2 seq:    506 bytesused: 12441600 ts: 193.918879 delta: 33.313 ms delta now: +33.047 ms fps: 30.00 (ts-monotonic, ts-src-eof)
cap dqbuf: 3 seq:    507 bytesused: 12441600 ts: 193.952213 delta: 33.334 ms delta now: +33.294 ms fps: 30.00 (ts-monotonic, ts-src-eof)
cap dqbuf: 0 seq:    508 bytesused: 12441600 ts: 193.985553 delta: 33.340 ms delta now: +32.187 ms fps: 30.00 (ts-monotonic, ts-src-eof)
cap dqbuf: 1 seq:    509 bytesused: 12441600 ts: 194.018869 delta: 33.316 ms delta now: +33.085 ms fps: 30.00 (ts-monotonic, ts-src-eof)
cap dqbuf: 2 seq:    510 bytesused: 12441600 ts: 194.052214 delta: 33.345 ms delta now: +33.068 ms fps: 30.00 (ts-monotonic, ts-src-eof)
cap dqbuf: 3 seq:    511 bytesused: 12441600 ts: 194.085535 delta: 33.321 ms delta now: +33.196 ms fps: 30.00 (ts-monotonic, ts-src-eof)
cap dqbuf: 0 seq:    512 bytesused: 12441600 ts: 194.118900 delta: 33.365 ms delta now: +32.207 ms fps: 30.00 (ts-monotonic, ts-src-eof)
cap dqbuf: 1 seq:    513 bytesused: 12441600 ts: 194.152202 delta: 33.302 ms delta now: +33.401 ms fps: 30.00 (ts-monotonic, ts-src-eof)
cap dqbuf: 2 seq:    514 bytesused: 12441600 ts: 194.185560 delta: 33.358 ms delta now: +33.280 ms fps: 30.00 (ts-monotonic, ts-src-eof)
cap dqbuf: 3 seq:    515 bytesused: 12441600 ts: 194.218901 delta: 33.341 ms delta now: +33.180 ms fps: 30.00 (ts-monotonic, ts-src-eof)
cap dqbuf: 0 seq:    516 bytesused: 12441600 ts: 194.252233 delta: 33.332 ms delta now: +33.058 ms fps: 30.00 (ts-monotonic, ts-src-eof)
cap dqbuf: 1 seq:    517 bytesused: 12441600 ts: 194.285535 delta: 33.302 ms delta now: +33.191 ms fps: 30.00 (ts-monotonic, ts-src-eof)
cap dqbuf: 2 seq:    518 bytesused: 12441600 ts: 194.318899 delta: 33.364 ms delta now: +33.377 ms fps: 30.00 (ts-monotonic, ts-src-eof)
cap dqbuf: 3 seq:    519 bytesused: 12441600 ts: 194.352220 delta: 33.321 ms delta now: +33.196 ms fps: 30.00 (ts-monotonic, ts-src-eof)
cap dqbuf: 0 seq:    520 bytesused: 12441600 ts: 194.385565 delta: 33.345 ms delta now: +33.276 ms fps: 30.00 (ts-monotonic, ts-src-eof)
cap dqbuf: 1 seq:    521 bytesused: 12441600 ts: 194.418899 delta: 33.334 ms delta now: +33.256 ms fps: 30.00 (ts-monotonic, ts-src-eof)
cap dqbuf: 2 seq:    522 bytesused: 12441600 ts: 194.452234 delta: 33.335 ms delta now: +33.061 ms fps: 30.00 (ts-monotonic, ts-src-eof)
cap dqbuf: 3 seq:    523 bytesused: 12441600 ts: 194.485547 delta: 33.313 ms delta now: +33.294 ms fps: 30.00 (ts-monotonic, ts-src-eof)
cap dqbuf: 0 seq:    524 bytesused: 12441600 ts: 194.518887 delta: 33.340 ms delta now: +32.186 ms fps: 30.00 (ts-monotonic, ts-src-eof)
cap dqbuf: 1 seq:    525 bytesused: 12441600 ts: 194.552214 delta: 33.327 ms delta now: +32.233 ms fps: 30.00 (ts-monotonic, ts-src-eof)
cap dqbuf: 2 seq:    526 bytesused: 12441600 ts: 194.585546 delta: 33.332 ms delta now: +32.197 ms fps: 30.00 (ts-monotonic, ts-src-eof)
cap dqbuf: 3 seq:    527 bytesused: 12441600 ts: 194.618881 delta: 33.335 ms delta now: +33.060 ms fps: 30.00 (ts-monotonic, ts-src-eof)
cap dqbuf: 0 seq:    528 bytesused: 12441600 ts: 194.652213 delta: 33.332 ms delta now: +33.172 ms fps: 30.00 (ts-monotonic, ts-src-eof)
cap dqbuf: 1 seq:    529 bytesused: 12441600 ts: 194.685552 delta: 33.339 ms delta now: +33.057 ms fps: 30.00 (ts-monotonic, ts-src-eof)
cap dqbuf: 2 seq:    530 bytesused: 12441600 ts: 194.718880 delta: 33.328 ms delta now: +32.195 ms fps: 30.00 (ts-monotonic, ts-src-eof)
cap dqbuf: 3 seq:    531 bytesused: 12441600 ts: 194.752214 delta: 33.334 ms delta now: +32.192 ms fps: 30.00 (ts-monotonic, ts-src-eof)
cap dqbuf: 0 seq:    532 bytesused: 12441600 ts: 194.785535 delta: 33.321 ms delta now: +32.204 ms fps: 30.00 (ts-monotonic, ts-src-eof)
cap dqbuf: 1 seq:    533 bytesused: 12441600 ts: 194.818880 delta: 33.345 ms delta now: +32.200 ms fps: 30.00 (ts-monotonic, ts-src-eof)
cap dqbuf: 2 seq:    534 bytesused: 12441600 ts: 194.852201 delta: 33.321 ms delta now: +32.215 ms fps: 30.00 (ts-monotonic, ts-src-eof)
cap dqbuf: 3 seq:    535 bytesused: 12441600 ts: 194.885547 delta: 33.346 ms delta now: +32.198 ms fps: 30.00 (ts-monotonic, ts-src-eof)
cap dqbuf: 0 seq:    536 bytesused: 12441600 ts: 194.918869 delta: 33.322 ms delta now: +33.413 ms fps: 30.00 (ts-monotonic, ts-src-eof)
cap dqbuf: 1 seq:    537 bytesused: 12441600 ts: 194.952236 delta: 33.367 ms delta now: +33.061 ms fps: 30.00 (ts-monotonic, ts-src-eof)
cap dqbuf: 2 seq:    538 bytesused: 12441600 ts: 194.985547 delta: 33.311 ms delta now: +33.307 ms fps: 30.00 (ts-monotonic, ts-src-eof)
cap dqbuf: 3 seq:    539 bytesused: 12441600 ts: 195.018886 delta: 33.339 ms delta now: +32.187 ms fps: 30.00 (ts-monotonic, ts-src-eof)
cap dqbuf: 0 seq:    540 bytesused: 12441600 ts: 195.052213 delta: 33.327 ms delta now: +33.255 ms fps: 30.00 (ts-monotonic, ts-src-eof)
cap dqbuf: 1 seq:    541 bytesused: 12441600 ts: 195.085552 delta: 33.339 ms delta now: +32.193 ms fps: 30.00 (ts-monotonic, ts-src-eof)
cap dqbuf: 2 seq:    542 bytesused: 12441600 ts: 195.118880 delta: 33.328 ms delta now: +33.293 ms fps: 30.00 (ts-monotonic, ts-src-eof)
cap dqbuf: 3 seq:    543 bytesused: 12441600 ts: 195.152220 delta: 33.340 ms delta now: +33.315 ms fps: 30.00 (ts-monotonic, ts-src-eof)
cap dqbuf: 0 seq:    544 bytesused: 12441600 ts: 195.185553 delta: 33.333 ms delta now: +33.092 ms fps: 30.00 (ts-monotonic, ts-src-eof)
cap dqbuf: 1 seq:    545 bytesused: 12441600 ts: 195.218869 delta: 33.316 ms delta now: +33.177 ms fps: 30.00 (ts-monotonic, ts-src-eof)
cap dqbuf: 2 seq:    546 bytesused: 12441600 ts: 195.252219 delta: 33.350 ms delta now: +33.301 ms fps: 30.00 (ts-monotonic, ts-src-eof)
cap dqbuf: 3 seq:    547 bytesused: 12441600 ts: 195.285553 delta: 33.334 ms delta now: +33.279 ms fps: 30.00 (ts-monotonic, ts-src-eof)
cap dqbuf: 0 seq:    548 bytesused: 12441600 ts: 195.318886 delta: 33.333 ms delta now: +33.300 ms fps: 30.00 (ts-monotonic, ts-src-eof)
cap dqbuf: 1 seq:    549 bytesused: 12441600 ts: 195.352233 delta: 33.347 ms delta now: +32.174 ms fps: 30.00 (ts-monotonic, ts-src-eof)
cap dqbuf: 2 seq:    550 bytesused: 12441600 ts: 195.385546 delta: 33.313 ms delta now: +33.002 ms fps: 30.00 (ts-monotonic, ts-src-eof)
cap dqbuf: 3 seq:    551 bytesused: 12441600 ts: 195.418880 delta: 33.334 ms delta now: +33.177 ms fps: 30.00 (ts-monotonic, ts-src-eof)
cap dqbuf: 0 seq:    552 bytesused: 12441600 ts: 195.452232 delta: 33.352 ms delta now: +33.268 ms fps: 30.00 (ts-monotonic, ts-src-eof)
cap dqbuf: 1 seq:    553 bytesused: 12441600 ts: 195.485567 delta: 33.335 ms delta now: +32.174 ms fps: 30.00 (ts-monotonic, ts-src-eof)
cap dqbuf: 2 seq:    554 bytesused: 12441600 ts: 195.518880 delta: 33.313 ms delta now: +33.051 ms fps: 30.00 (ts-monotonic, ts-src-eof)
cap dqbuf: 3 seq:    555 bytesused: 12441600 ts: 195.552214 delta: 33.334 ms delta now: +33.313 ms fps: 30.00 (ts-monotonic, ts-src-eof)
cap dqbuf: 0 seq:    556 bytesused: 12441600 ts: 195.585552 delta: 33.338 ms delta now: +33.070 ms fps: 30.00 (ts-monotonic, ts-src-eof)
cap dqbuf: 1 seq:    557 bytesused: 12441600 ts: 195.618868 delta: 33.316 ms delta now: +33.311 ms fps: 30.00 (ts-monotonic, ts-src-eof)
cap dqbuf: 2 seq:    558 bytesused: 12441600 ts: 195.652220 delta: 33.352 ms delta now: +32.192 ms fps: 30.00 (ts-monotonic, ts-src-eof)
cap dqbuf: 3 seq:    559 bytesused: 12441600 ts: 195.685536 delta: 33.316 ms delta now: +33.421 ms fps: 30.00 (ts-monotonic, ts-src-eof)
cap dqbuf: 0 seq:    560 bytesused: 12441600 ts: 195.718902 delta: 33.366 ms delta now: +32.172 ms fps: 30.00 (ts-monotonic, ts-src-eof)
cap dqbuf: 1 seq:    561 bytesused: 12441600 ts: 195.752213 delta: 33.311 ms delta now: +32.195 ms fps: 30.00 (ts-monotonic, ts-src-eof)
cap dqbuf: 2 seq:    562 bytesused: 12441600 ts: 195.785546 delta: 33.333 ms delta now: +33.099 ms fps: 30.00 (ts-monotonic, ts-src-eof)
cap dqbuf: 3 seq:    563 bytesused: 12441600 ts: 195.818868 delta: 33.322 ms delta now: +33.080 ms fps: 30.00 (ts-monotonic, ts-src-eof)
cap dqbuf: 0 seq:    564 bytesused: 12441600 ts: 195.852213 delta: 33.345 ms delta now: +33.056 ms fps: 30.00 (ts-monotonic, ts-src-eof)
cap dqbuf: 1 seq:    565 bytesused: 12441600 ts: 195.885547 delta: 33.334 ms delta now: +33.291 ms fps: 30.00 (ts-monotonic, ts-src-eof)
cap dqbuf: 2 seq:    566 bytesused: 12441600 ts: 195.918886 delta: 33.339 ms delta now: +33.284 ms fps: 30.00 (ts-monotonic, ts-src-eof)
cap dqbuf: 3 seq:    567 bytesused: 12441600 ts: 195.952219 delta: 33.333 ms delta now: +32.188 ms fps: 30.00 (ts-monotonic, ts-src-eof)
cap dqbuf: 0 seq:    568 bytesused: 12441600 ts: 195.985535 delta: 33.316 ms delta now: +33.210 ms fps: 30.00 (ts-monotonic, ts-src-eof)
cap dqbuf: 1 seq:    569 bytesused: 12441600 ts: 196.018888 delta: 33.353 ms delta now: +32.185 ms fps: 30.00 (ts-monotonic, ts-src-eof)
cap dqbuf: 2 seq:    570 bytesused: 12441600 ts: 196.052213 delta: 33.325 ms delta now: +33.168 ms fps: 30.00 (ts-monotonic, ts-src-eof)
cap dqbuf: 3 seq:    571 bytesused: 12441600 ts: 196.085566 delta: 33.353 ms delta now: +32.178 ms fps: 30.00 (ts-monotonic, ts-src-eof)
cap dqbuf: 0 seq:    572 bytesused: 12441600 ts: 196.118880 delta: 33.314 ms delta now: +33.052 ms fps: 30.00 (ts-monotonic, ts-src-eof)
cap dqbuf: 1 seq:    573 bytesused: 12441600 ts: 196.152214 delta: 33.334 ms delta now: +33.075 ms fps: 30.00 (ts-monotonic, ts-src-eof)
cap dqbuf: 2 seq:    574 bytesused: 12441600 ts: 196.185547 delta: 33.333 ms delta now: +33.078 ms fps: 30.00 (ts-monotonic, ts-src-eof)
cap dqbuf: 3 seq:    575 bytesused: 12441600 ts: 196.218880 delta: 33.333 ms delta now: +33.231 ms fps: 30.00 (ts-monotonic, ts-src-eof)
cap dqbuf: 0 seq:    576 bytesused: 12441600 ts: 196.252219 delta: 33.339 ms delta now: +33.285 ms fps: 30.00 (ts-monotonic, ts-src-eof)
cap dqbuf: 1 seq:    577 bytesused: 12441600 ts: 196.285553 delta: 33.334 ms delta now: +33.155 ms fps: 30.00 (ts-monotonic, ts-src-eof)
cap dqbuf: 2 seq:    578 bytesused: 12441600 ts: 196.318900 delta: 33.347 ms delta now: +33.174 ms fps: 30.00 (ts-monotonic, ts-src-eof)
cap dqbuf: 3 seq:    579 bytesused: 12441600 ts: 196.352221 delta: 33.321 ms delta now: +33.111 ms fps: 30.00 (ts-monotonic, ts-src-eof)
cap dqbuf: 0 seq:    580 bytesused: 12441600 ts: 196.385553 delta: 33.332 ms delta now: +33.280 ms fps: 30.00 (ts-monotonic, ts-src-eof)
cap dqbuf: 1 seq:    581 bytesused: 12441600 ts: 196.418900 delta: 33.347 ms delta now: +33.282 ms fps: 30.00 (ts-monotonic, ts-src-eof)
cap dqbuf: 2 seq:    582 bytesused: 12441600 ts: 196.452222 delta: 33.322 ms delta now: +33.288 ms fps: 30.00 (ts-monotonic, ts-src-eof)
cap dqbuf: 3 seq:    583 bytesused: 12441600 ts: 196.485566 delta: 33.344 ms delta now: +33.286 ms fps: 30.00 (ts-monotonic, ts-src-eof)
cap dqbuf: 0 seq:    584 bytesused: 12441600 ts: 196.518887 delta: 33.321 ms delta now: +33.056 ms fps: 30.00 (ts-monotonic, ts-src-eof)
cap dqbuf: 1 seq:    585 bytesused: 12441600 ts: 196.552202 delta: 33.315 ms delta now: +33.190 ms fps: 30.00 (ts-monotonic, ts-src-eof)
cap dqbuf: 2 seq:    586 bytesused: 12441600 ts: 196.585567 delta: 33.365 ms delta now: +32.178 ms fps: 30.00 (ts-monotonic, ts-src-eof)
cap dqbuf: 3 seq:    587 bytesused: 12441600 ts: 196.618880 delta: 33.313 ms delta now: +33.280 ms fps: 30.00 (ts-monotonic, ts-src-eof)
cap dqbuf: 0 seq:    588 bytesused: 12441600 ts: 196.652219 delta: 33.339 ms delta now: +33.207 ms fps: 30.00 (ts-monotonic, ts-src-eof)
cap dqbuf: 1 seq:    589 bytesused: 12441600 ts: 196.685554 delta: 33.335 ms delta now: +32.186 ms fps: 30.00 (ts-monotonic, ts-src-eof)
cap dqbuf: 2 seq:    590 bytesused: 12441600 ts: 196.718880 delta: 33.326 ms delta now: +33.158 ms fps: 30.00 (ts-monotonic, ts-src-eof)
cap dqbuf: 3 seq:    591 bytesused: 12441600 ts: 196.752221 delta: 33.341 ms delta now: +33.172 ms fps: 30.00 (ts-monotonic, ts-src-eof)
cap dqbuf: 0 seq:    592 bytesused: 12441600 ts: 196.785553 delta: 33.332 ms delta now: +32.188 ms fps: 30.00 (ts-monotonic, ts-src-eof)
cap dqbuf: 1 seq:    593 bytesused: 12441600 ts: 196.818880 delta: 33.327 ms delta now: +32.196 ms fps: 30.00 (ts-monotonic, ts-src-eof)
cap dqbuf: 2 seq:    594 bytesused: 12441600 ts: 196.852202 delta: 33.322 ms delta now: +32.204 ms fps: 30.00 (ts-monotonic, ts-src-eof)
cap dqbuf: 3 seq:    595 bytesused: 12441600 ts: 196.885536 delta: 33.334 ms delta now: +33.087 ms fps: 30.00 (ts-monotonic, ts-src-eof)
cap dqbuf: 0 seq:    596 bytesused: 12441600 ts: 196.918868 delta: 33.332 ms delta now: +32.691 ms fps: 30.00 (ts-monotonic, ts-src-eof)
cap dqbuf: 1 seq:    597 bytesused: 12441600 ts: 196.952214 delta: 33.346 ms delta now: +32.193 ms fps: 30.00 (ts-monotonic, ts-src-eof)
cap dqbuf: 2 seq:    598 bytesused: 12441600 ts: 196.985547 delta: 33.333 ms delta now: +32.193 ms fps: 30.00 (ts-monotonic, ts-src-eof)
cap dqbuf: 3 seq:    599 bytesused: 12441600 ts: 197.018880 delta: 33.333 ms delta now: +33.064 ms fps: 30.00 (ts-monotonic, ts-src-eof)
cap dqbuf: 0 seq:    600 bytesused: 12441600 ts: 197.052213 delta: 33.333 ms delta now: +33.060 ms fps: 30.00 (ts-monotonic, ts-src-eof)
cap dqbuf: 1 seq:    601 bytesused: 12441600 ts: 197.085535 delta: 33.322 ms delta now: +33.238 ms fps: 30.00 (ts-monotonic, ts-src-eof)
cap dqbuf: 2 seq:    602 bytesused: 12441600 ts: 197.118887 delta: 33.352 ms delta now: +33.067 ms fps: 30.00 (ts-monotonic, ts-src-eof)
cap dqbuf: 3 seq:    603 bytesused: 12441600 ts: 197.152203 delta: 33.316 ms delta now: +33.093 ms fps: 30.00 (ts-monotonic, ts-src-eof)
cap dqbuf: 0 seq:    604 bytesused: 12441600 ts: 197.185546 delta: 33.343 ms delta now: +33.062 ms fps: 30.00 (ts-monotonic, ts-src-eof)
cap dqbuf: 1 seq:    605 bytesused: 12441600 ts: 197.218869 delta: 33.323 ms delta now: +32.220 ms fps: 30.00 (ts-monotonic, ts-src-eof)
cap dqbuf: 2 seq:    606 bytesused: 12441600 ts: 197.252213 delta: 33.344 ms delta now: +33.072 ms fps: 30.00 (ts-monotonic, ts-src-eof)
cap dqbuf: 3 seq:    607 bytesused: 12441600 ts: 197.285536 delta: 33.323 ms delta now: +33.372 ms fps: 30.00 (ts-monotonic, ts-src-eof)
cap dqbuf: 0 seq:    608 bytesused: 12441600 ts: 197.318887 delta: 33.351 ms delta now: +33.156 ms fps: 30.00 (ts-monotonic, ts-src-eof)
cap dqbuf: 1 seq:    609 bytesused: 12441600 ts: 197.352219 delta: 33.332 ms delta now: +33.292 ms fps: 30.00 (ts-monotonic, ts-src-eof)
cap dqbuf: 2 seq:    610 bytesused: 12441600 ts: 197.385566 delta: 33.347 ms delta now: +33.163 ms fps: 30.00 (ts-monotonic, ts-src-eof)
cap dqbuf: 3 seq:    611 bytesused: 12441600 ts: 197.418886 delta: 33.320 ms delta now: +33.056 ms fps: 30.00 (ts-monotonic, ts-src-eof)
cap dqbuf: 0 seq:    612 bytesused: 12441600 ts: 197.452202 delta: 33.316 ms delta now: +33.188 ms fps: 30.00 (ts-monotonic, ts-src-eof)
cap dqbuf: 1 seq:    613 bytesused: 12441600 ts: 197.485567 delta: 33.365 ms delta now: +32.843 ms fps: 30.00 (ts-monotonic, ts-src-eof)
cap dqbuf: 2 seq:    614 bytesused: 12441600 ts: 197.518869 delta: 33.302 ms delta now: +33.112 ms fps: 30.00 (ts-monotonic, ts-src-eof)
cap dqbuf: 3 seq:    615 bytesused: 12441600 ts: 197.552214 delta: 33.345 ms delta now: +32.198 ms fps: 30.00 (ts-monotonic, ts-src-eof)
cap dqbuf: 0 seq:    616 bytesused: 12441600 ts: 197.585547 delta: 33.333 ms delta now: +33.020 ms fps: 30.00 (ts-monotonic, ts-src-eof)
cap dqbuf: 1 seq:    617 bytesused: 12441600 ts: 197.618868 delta: 33.321 ms delta now: +33.074 ms fps: 30.00 (ts-monotonic, ts-src-eof)
cap dqbuf: 2 seq:    618 bytesused: 12441600 ts: 197.652214 delta: 33.346 ms delta now: +32.196 ms fps: 30.00 (ts-monotonic, ts-src-eof)
cap dqbuf: 3 seq:    619 bytesused: 12441600 ts: 197.685546 delta: 33.332 ms delta now: +33.172 ms fps: 30.00 (ts-monotonic, ts-src-eof)
cap dqbuf: 0 seq:    620 bytesused: 12441600 ts: 197.718888 delta: 33.342 ms delta now: +33.065 ms fps: 30.00 (ts-monotonic, ts-src-eof)
cap dqbuf: 1 seq:    621 bytesused: 12441600 ts: 197.752202 delta: 33.314 ms delta now: +33.210 ms fps: 30.00 (ts-monotonic, ts-src-eof)
cap dqbuf: 2 seq:    622 bytesused: 12441600 ts: 197.785566 delta: 33.364 ms delta now: +33.299 ms fps: 30.00 (ts-monotonic, ts-src-eof)
cap dqbuf: 3 seq:    623 bytesused: 12441600 ts: 197.818893 delta: 33.327 ms delta now: +33.042 ms fps: 30.00 (ts-monotonic, ts-src-eof)
cap dqbuf: 0 seq:    624 bytesused: 12441600 ts: 197.852214 delta: 33.321 ms delta now: +33.240 ms fps: 30.00 (ts-monotonic, ts-src-eof)
cap dqbuf: 1 seq:    625 bytesused: 12441600 ts: 197.885553 delta: 33.339 ms delta now: +33.183 ms fps: 30.00 (ts-monotonic, ts-src-eof)
cap dqbuf: 2 seq:    626 bytesused: 12441600 ts: 197.918900 delta: 33.347 ms delta now: +32.174 ms fps: 30.00 (ts-monotonic, ts-src-eof)
cap dqbuf: 3 seq:    627 bytesused: 12441600 ts: 197.952214 delta: 33.314 ms delta now: +32.193 ms fps: 30.00 (ts-monotonic, ts-src-eof)
cap dqbuf: 0 seq:    628 bytesused: 12441600 ts: 197.985535 delta: 33.321 ms delta now: +32.209 ms fps: 30.00 (ts-monotonic, ts-src-eof)
cap dqbuf: 1 seq:    629 bytesused: 12441600 ts: 198.018880 delta: 33.345 ms delta now: +32.193 ms fps: 30.00 (ts-monotonic, ts-src-eof)
cap dqbuf: 2 seq:    630 bytesused: 12441600 ts: 198.052202 delta: 33.322 ms delta now: +33.209 ms fps: 30.00 (ts-monotonic, ts-src-eof)
cap dqbuf: 3 seq:    631 bytesused: 12441600 ts: 198.085554 delta: 33.352 ms delta now: +33.336 ms fps: 30.00 (ts-monotonic, ts-src-eof)
cap dqbuf: 0 seq:    632 bytesused: 12441600 ts: 198.118889 delta: 33.335 ms delta now: +32.206 ms fps: 30.00 (ts-monotonic, ts-src-eof)
cap dqbuf: 1 seq:    633 bytesused: 12441600 ts: 198.152214 delta: 33.325 ms delta now: +33.192 ms fps: 30.00 (ts-monotonic, ts-src-eof)
cap dqbuf: 2 seq:    634 bytesused: 12441600 ts: 198.185568 delta: 33.354 ms delta now: +32.186 ms fps: 30.00 (ts-monotonic, ts-src-eof)
cap dqbuf: 3 seq:    635 bytesused: 12441600 ts: 198.218882 delta: 33.314 ms delta now: +32.203 ms fps: 30.00 (ts-monotonic, ts-src-eof)
cap dqbuf: 0 seq:    636 bytesused: 12441600 ts: 198.252202 delta: 33.320 ms delta now: +33.299 ms fps: 30.00 (ts-monotonic, ts-src-eof)
cap dqbuf: 1 seq:    637 bytesused: 12441600 ts: 198.285553 delta: 33.351 ms delta now: +33.196 ms fps: 30.00 (ts-monotonic, ts-src-eof)
cap dqbuf: 2 seq:    638 bytesused: 12441600 ts: 198.318899 delta: 33.346 ms delta now: +33.286 ms fps: 30.00 (ts-monotonic, ts-src-eof)
cap dqbuf: 3 seq:    639 bytesused: 12441600 ts: 198.352219 delta: 33.320 ms delta now: +33.189 ms fps: 30.00 (ts-monotonic, ts-src-eof)
cap dqbuf: 0 seq:    640 bytesused: 12441600 ts: 198.385568 delta: 33.349 ms delta now: +32.172 ms fps: 30.00 (ts-monotonic, ts-src-eof)
cap dqbuf: 1 seq:    641 bytesused: 12441600 ts: 198.418880 delta: 33.312 ms delta now: +33.181 ms fps: 30.00 (ts-monotonic, ts-src-eof)
cap dqbuf: 2 seq:    642 bytesused: 12441600 ts: 198.452234 delta: 33.354 ms delta now: +33.041 ms fps: 30.00 (ts-monotonic, ts-src-eof)
cap dqbuf: 3 seq:    643 bytesused: 12441600 ts: 198.485535 delta: 33.301 ms delta now: +32.211 ms fps: 30.00 (ts-monotonic, ts-src-eof)
cap dqbuf: 0 seq:    644 bytesused: 12441600 ts: 198.518880 delta: 33.345 ms delta now: +33.218 ms fps: 30.00 (ts-monotonic, ts-src-eof)
cap dqbuf: 1 seq:    645 bytesused: 12441600 ts: 198.552233 delta: 33.353 ms delta now: +32.173 ms fps: 30.00 (ts-monotonic, ts-src-eof)
cap dqbuf: 2 seq:    646 bytesused: 12441600 ts: 198.585547 delta: 33.314 ms delta now: +32.191 ms fps: 30.00 (ts-monotonic, ts-src-eof)
cap dqbuf: 3 seq:    647 bytesused: 12441600 ts: 198.618868 delta: 33.321 ms delta now: +33.125 ms fps: 30.00 (ts-monotonic, ts-src-eof)
cap dqbuf: 0 seq:    648 bytesused: 12441600 ts: 198.652202 delta: 33.334 ms delta now: +33.249 ms fps: 30.00 (ts-monotonic, ts-src-eof)
cap dqbuf: 1 seq:    649 bytesused: 12441600 ts: 198.685553 delta: 33.351 ms delta now: +32.230 ms fps: 30.00 (ts-monotonic, ts-src-eof)
cap dqbuf: 2 seq:    650 bytesused: 12441600 ts: 198.718869 delta: 33.316 ms delta now: +32.206 ms fps: 30.00 (ts-monotonic, ts-src-eof)
cap dqbuf: 3 seq:    651 bytesused: 12441600 ts: 198.752214 delta: 33.345 ms delta now: +33.207 ms fps: 30.00 (ts-monotonic, ts-src-eof)
cap dqbuf: 0 seq:    652 bytesused: 12441600 ts: 198.785568 delta: 33.354 ms delta now: +32.172 ms fps: 30.00 (ts-monotonic, ts-src-eof)
cap dqbuf: 1 seq:    653 bytesused: 12441600 ts: 198.818881 delta: 33.313 ms delta now: +33.057 ms fps: 30.00 (ts-monotonic, ts-src-eof)
cap dqbuf: 2 seq:    654 bytesused: 12441600 ts: 198.852213 delta: 33.332 ms delta now: +33.069 ms fps: 30.00 (ts-monotonic, ts-src-eof)
cap dqbuf: 3 seq:    655 bytesused: 12441600 ts: 198.885547 delta: 33.334 ms delta now: +33.262 ms fps: 30.00 (ts-monotonic, ts-src-eof)
cap dqbuf: 0 seq:    656 bytesused: 12441600 ts: 198.918901 delta: 33.354 ms delta now: +33.397 ms fps: 30.00 (ts-monotonic, ts-src-eof)
cap dqbuf: 1 seq:    657 bytesused: 12441600 ts: 198.952224 delta: 33.323 ms delta now: +33.176 ms fps: 30.00 (ts-monotonic, ts-src-eof)
cap dqbuf: 2 seq:    658 bytesused: 12441600 ts: 198.985554 delta: 33.330 ms delta now: +32.186 ms fps: 30.00 (ts-monotonic, ts-src-eof)
cap dqbuf: 3 seq:    659 bytesused: 12441600 ts: 199.018880 delta: 33.326 ms delta now: +32.199 ms fps: 30.00 (ts-monotonic, ts-src-eof)
cap dqbuf: 0 seq:    660 bytesused: 12441600 ts: 199.052213 delta: 33.333 ms delta now: +32.194 ms fps: 30.00 (ts-monotonic, ts-src-eof)
cap dqbuf: 1 seq:    661 bytesused: 12441600 ts: 199.085536 delta: 33.323 ms delta now: +33.393 ms fps: 30.00 (ts-monotonic, ts-src-eof)
cap dqbuf: 2 seq:    662 bytesused: 12441600 ts: 199.118887 delta: 33.351 ms delta now: +33.279 ms fps: 30.00 (ts-monotonic, ts-src-eof)
cap dqbuf: 3 seq:    663 bytesused: 12441600 ts: 199.152233 delta: 33.346 ms delta now: +33.064 ms fps: 30.00 (ts-monotonic, ts-src-eof)
cap dqbuf: 0 seq:    664 bytesused: 12441600 ts: 199.185548 delta: 33.315 ms delta now: +33.298 ms fps: 30.00 (ts-monotonic, ts-src-eof)
cap dqbuf: 1 seq:    665 bytesused: 12441600 ts: 199.218901 delta: 33.353 ms delta now: +32.182 ms fps: 30.00 (ts-monotonic, ts-src-eof)
cap dqbuf: 2 seq:    666 bytesused: 12441600 ts: 199.252214 delta: 33.313 ms delta now: +33.298 ms fps: 30.00 (ts-monotonic, ts-src-eof)
cap dqbuf: 3 seq:    667 bytesused: 12441600 ts: 199.285567 delta: 33.353 ms delta now: +33.315 ms fps: 30.00 (ts-monotonic, ts-src-eof)
cap dqbuf: 0 seq:    668 bytesused: 12441600 ts: 199.318888 delta: 33.321 ms delta now: +33.064 ms fps: 30.00 (ts-monotonic, ts-src-eof)
cap dqbuf: 1 seq:    669 bytesused: 12441600 ts: 199.352214 delta: 33.326 ms delta now: +33.398 ms fps: 30.00 (ts-monotonic, ts-src-eof)
cap dqbuf: 2 seq:    670 bytesused: 12441600 ts: 199.385554 delta: 33.340 ms delta now: +33.197 ms fps: 30.00 (ts-monotonic, ts-src-eof)
cap dqbuf: 3 seq:    671 bytesused: 12441600 ts: 199.418901 delta: 33.347 ms delta now: +32.172 ms fps: 30.00 (ts-monotonic, ts-src-eof)
cap dqbuf: 0 seq:    672 bytesused: 12441600 ts: 199.452213 delta: 33.312 ms delta now: +33.266 ms fps: 30.00 (ts-monotonic, ts-src-eof)
cap dqbuf: 1 seq:    673 bytesused: 12441600 ts: 199.485569 delta: 33.356 ms delta now: +32.172 ms fps: 30.00 (ts-monotonic, ts-src-eof)
cap dqbuf: 2 seq:    674 bytesused: 12441600 ts: 199.518869 delta: 33.300 ms delta now: +33.071 ms fps: 30.00 (ts-monotonic, ts-src-eof)
cap dqbuf: 3 seq:    675 bytesused: 12441600 ts: 199.552202 delta: 33.333 ms delta now: +33.195 ms fps: 30.00 (ts-monotonic, ts-src-eof)
cap dqbuf: 0 seq:    676 bytesused: 12441600 ts: 199.585554 delta: 33.352 ms delta now: +33.301 ms fps: 30.00 (ts-monotonic, ts-src-eof)
cap dqbuf: 1 seq:    677 bytesused: 12441600 ts: 199.618900 delta: 33.346 ms delta now: +33.059 ms fps: 30.00 (ts-monotonic, ts-src-eof)
cap dqbuf: 2 seq:    678 bytesused: 12441600 ts: 199.652202 delta: 33.302 ms delta now: +32.205 ms fps: 30.00 (ts-monotonic, ts-src-eof)
cap dqbuf: 3 seq:    679 bytesused: 12441600 ts: 199.685547 delta: 33.345 ms delta now: +32.196 ms fps: 30.00 (ts-monotonic, ts-src-eof)
cap dqbuf: 0 seq:    680 bytesused: 12441600 ts: 199.718869 delta: 33.322 ms delta now: +33.091 ms fps: 30.00 (ts-monotonic, ts-src-eof)
cap dqbuf: 1 seq:    681 bytesused: 12441600 ts: 199.752214 delta: 33.345 ms delta now: +33.189 ms fps: 30.00 (ts-monotonic, ts-src-eof)
cap dqbuf: 2 seq:    682 bytesused: 12441600 ts: 199.785555 delta: 33.341 ms delta now: +33.297 ms fps: 30.00 (ts-monotonic, ts-src-eof)
cap dqbuf: 3 seq:    683 bytesused: 12441600 ts: 199.818901 delta: 33.346 ms delta now: +33.181 ms fps: 30.00 (ts-monotonic, ts-src-eof)
cap dqbuf: 0 seq:    684 bytesused: 12441600 ts: 199.852233 delta: 33.332 ms delta now: +33.035 ms fps: 30.00 (ts-monotonic, ts-src-eof)
cap dqbuf: 1 seq:    685 bytesused: 12441600 ts: 199.885536 delta: 33.303 ms delta now: +32.213 ms fps: 30.00 (ts-monotonic, ts-src-eof)
cap dqbuf: 2 seq:    686 bytesused: 12441600 ts: 199.918881 delta: 33.345 ms delta now: +33.073 ms fps: 30.00 (ts-monotonic, ts-src-eof)
cap dqbuf: 3 seq:    687 bytesused: 12441600 ts: 199.952214 delta: 33.333 ms delta now: +33.285 ms fps: 30.00 (ts-monotonic, ts-src-eof)
cap dqbuf: 0 seq:    688 bytesused: 12441600 ts: 199.985559 delta: 33.345 ms delta now: +33.050 ms fps: 30.00 (ts-monotonic, ts-src-eof)
cap dqbuf: 1 seq:    689 bytesused: 12441600 ts: 200.018880 delta: 33.321 ms delta now: +33.189 ms fps: 30.00 (ts-monotonic, ts-src-eof)
cap dqbuf: 2 seq:    690 bytesused: 12441600 ts: 200.052220 delta: 33.340 ms delta now: +33.229 ms fps: 30.00 (ts-monotonic, ts-src-eof)
cap dqbuf: 3 seq:    691 bytesused: 12441600 ts: 200.085554 delta: 33.334 ms delta now: +33.183 ms fps: 30.00 (ts-monotonic, ts-src-eof)
cap dqbuf: 0 seq:    692 bytesused: 12441600 ts: 200.118887 delta: 33.333 ms delta now: +33.340 ms fps: 30.00 (ts-monotonic, ts-src-eof)
cap dqbuf: 1 seq:    693 bytesused: 12441600 ts: 200.152229 delta: 33.342 ms delta now: +32.201 ms fps: 30.00 (ts-monotonic, ts-src-eof)
cap dqbuf: 2 seq:    694 bytesused: 12441600 ts: 200.185535 delta: 33.306 ms delta now: +33.294 ms fps: 30.00 (ts-monotonic, ts-src-eof)
cap dqbuf: 3 seq:    695 bytesused: 12441600 ts: 200.218900 delta: 33.365 ms delta now: +33.275 ms fps: 30.00 (ts-monotonic, ts-src-eof)
cap dqbuf: 0 seq:    696 bytesused: 12441600 ts: 200.252221 delta: 33.321 ms delta now: +32.193 ms fps: 30.00 (ts-monotonic, ts-src-eof)
cap dqbuf: 1 seq:    697 bytesused: 12441600 ts: 200.285548 delta: 33.327 ms delta now: +32.194 ms fps: 30.00 (ts-monotonic, ts-src-eof)
cap dqbuf: 2 seq:    698 bytesused: 12441600 ts: 200.318881 delta: 33.333 ms delta now: +33.247 ms fps: 30.00 (ts-monotonic, ts-src-eof)
cap dqbuf: 3 seq:    699 bytesused: 12441600 ts: 200.352220 delta: 33.339 ms delta now: +33.057 ms fps: 30.00 (ts-monotonic, ts-src-eof)
cap dqbuf: 0 seq:    700 bytesused: 12441600 ts: 200.385535 delta: 33.315 ms delta now: +33.242 ms fps: 30.00 (ts-monotonic, ts-src-eof)
cap dqbuf: 1 seq:    701 bytesused: 12441600 ts: 200.418909 delta: 33.374 ms delta now: +33.183 ms fps: 30.00 (ts-monotonic, ts-src-eof)
cap dqbuf: 2 seq:    702 bytesused: 12441600 ts: 200.452234 delta: 33.325 ms delta now: +33.049 ms fps: 30.00 (ts-monotonic, ts-src-eof)
cap dqbuf: 3 seq:    703 bytesused: 12441600 ts: 200.485547 delta: 33.313 ms delta now: +33.418 ms fps: 30.00 (ts-monotonic, ts-src-eof)
cap dqbuf: 0 seq:    704 bytesused: 12441600 ts: 200.518889 delta: 33.342 ms delta now: +33.274 ms fps: 30.00 (ts-monotonic, ts-src-eof)
cap dqbuf: 1 seq:    705 bytesused: 12441600 ts: 200.552233 delta: 33.344 ms delta now: +33.148 ms fps: 30.00 (ts-monotonic, ts-src-eof)
cap dqbuf: 2 seq:    706 bytesused: 12441600 ts: 200.585553 delta: 33.320 ms delta now: +33.191 ms fps: 30.00 (ts-monotonic, ts-src-eof)
cap dqbuf: 3 seq:    707 bytesused: 12441600 ts: 200.618887 delta: 33.334 ms delta now: +33.287 ms fps: 30.00 (ts-monotonic, ts-src-eof)
cap dqbuf: 0 seq:    708 bytesused: 12441600 ts: 200.652241 delta: 33.354 ms delta now: +32.169 ms fps: 30.00 (ts-monotonic, ts-src-eof)
cap dqbuf: 1 seq:    709 bytesused: 12441600 ts: 200.685535 delta: 33.294 ms delta now: +33.263 ms fps: 30.00 (ts-monotonic, ts-src-eof)
cap dqbuf: 2 seq:    710 bytesused: 12441600 ts: 200.718886 delta: 33.351 ms delta now: +32.186 ms fps: 30.00 (ts-monotonic, ts-src-eof)
cap dqbuf: 3 seq:    711 bytesused: 12441600 ts: 200.752202 delta: 33.316 ms delta now: +33.318 ms fps: 30.00 (ts-monotonic, ts-src-eof)
cap dqbuf: 0 seq:    712 bytesused: 12441600 ts: 200.785568 delta: 33.366 ms delta now: +32.173 ms fps: 30.00 (ts-monotonic, ts-src-eof)
cap dqbuf: 1 seq:    713 bytesused: 12441600 ts: 200.818882 delta: 33.314 ms delta now: +33.169 ms fps: 30.00 (ts-monotonic, ts-src-eof)
cap dqbuf: 2 seq:    714 bytesused: 12441600 ts: 200.852236 delta: 33.354 ms delta now: +32.172 ms fps: 30.00 (ts-monotonic, ts-src-eof)
cap dqbuf: 3 seq:    715 bytesused: 12441600 ts: 200.885547 delta: 33.311 ms delta now: +33.226 ms fps: 30.00 (ts-monotonic, ts-src-eof)
cap dqbuf: 0 seq:    716 bytesused: 12441600 ts: 200.918900 delta: 33.353 ms delta now: +32.177 ms fps: 30.00 (ts-monotonic, ts-src-eof)
cap dqbuf: 1 seq:    717 bytesused: 12441600 ts: 200.952214 delta: 33.314 ms delta now: +33.296 ms fps: 30.00 (ts-monotonic, ts-src-eof)
cap dqbuf: 2 seq:    718 bytesused: 12441600 ts: 200.985554 delta: 33.340 ms delta now: +33.196 ms fps: 30.00 (ts-monotonic, ts-src-eof)
cap dqbuf: 3 seq:    719 bytesused: 12441600 ts: 201.018887 delta: 33.333 ms delta now: +32.191 ms fps: 30.00 (ts-monotonic, ts-src-eof)
cap dqbuf: 0 seq:    720 bytesused: 12441600 ts: 201.052214 delta: 33.327 ms delta now: +33.238 ms fps: 30.00 (ts-monotonic, ts-src-eof)
cap dqbuf: 1 seq:    721 bytesused: 12441600 ts: 201.085583 delta: 33.369 ms delta now: +33.244 ms fps: 30.00 (ts-monotonic, ts-src-eof)
cap dqbuf: 2 seq:    722 bytesused: 12441600 ts: 201.118887 delta: 33.304 ms delta now: +33.165 ms fps: 30.00 (ts-monotonic, ts-src-eof)
cap dqbuf: 3 seq:    723 bytesused: 12441600 ts: 201.152221 delta: 33.334 ms delta now: +32.240 ms fps: 30.00 (ts-monotonic, ts-src-eof)
cap dqbuf: 0 seq:    724 bytesused: 12441600 ts: 201.185536 delta: 33.315 ms delta now: +33.198 ms fps: 30.00 (ts-monotonic, ts-src-eof)
cap dqbuf: 1 seq:    725 bytesused: 12441600 ts: 201.218900 delta: 33.364 ms delta now: +33.164 ms fps: 30.00 (ts-monotonic, ts-src-eof)
cap dqbuf: 2 seq:    726 bytesused: 12441600 ts: 201.252220 delta: 33.320 ms delta now: +32.190 ms fps: 30.00 (ts-monotonic, ts-src-eof)
cap dqbuf: 3 seq:    727 bytesused: 12441600 ts: 201.285547 delta: 33.327 ms delta now: +33.273 ms fps: 30.00 (ts-monotonic, ts-src-eof)
cap dqbuf: 0 seq:    728 bytesused: 12441600 ts: 201.318887 delta: 33.340 ms delta now: +32.286 ms fps: 30.00 (ts-monotonic, ts-src-eof)
cap dqbuf: 1 seq:    729 bytesused: 12441600 ts: 201.352203 delta: 33.316 ms delta now: +32.203 ms fps: 30.00 (ts-monotonic, ts-src-eof)
cap dqbuf: 2 seq:    730 bytesused: 12441600 ts: 201.385548 delta: 33.345 ms delta now: +32.233 ms fps: 30.00 (ts-monotonic, ts-src-eof)
cap dqbuf: 3 seq:    731 bytesused: 12441600 ts: 201.418869 delta: 33.321 ms delta now: +33.207 ms fps: 30.00 (ts-monotonic, ts-src-eof)
cap dqbuf: 0 seq:    732 bytesused: 12441600 ts: 201.452222 delta: 33.353 ms delta now: +32.341 ms fps: 30.00 (ts-monotonic, ts-src-eof)
cap dqbuf: 1 seq:    733 bytesused: 12441600 ts: 201.485535 delta: 33.313 ms delta now: +33.183 ms fps: 30.00 (ts-monotonic, ts-src-eof)
cap dqbuf: 2 seq:    734 bytesused: 12441600 ts: 201.518887 delta: 33.352 ms delta now: +33.065 ms fps: 30.00 (ts-monotonic, ts-src-eof)
cap dqbuf: 3 seq:    735 bytesused: 12441600 ts: 201.552214 delta: 33.327 ms delta now: +33.072 ms fps: 30.00 (ts-monotonic, ts-src-eof)
cap dqbuf: 0 seq:    736 bytesused: 12441600 ts: 201.585536 delta: 33.322 ms delta now: +33.072 ms fps: 30.00 (ts-monotonic, ts-src-eof)
cap dqbuf: 1 seq:    737 bytesused: 12441600 ts: 201.618869 delta: 33.333 ms delta now: +33.306 ms fps: 30.00 (ts-monotonic, ts-src-eof)
cap dqbuf: 2 seq:    738 bytesused: 12441600 ts: 201.652220 delta: 33.351 ms delta now: +32.187 ms fps: 30.00 (ts-monotonic, ts-src-eof)
cap dqbuf: 3 seq:    739 bytesused: 12441600 ts: 201.685547 delta: 33.327 ms delta now: +33.377 ms fps: 30.00 (ts-monotonic, ts-src-eof)
cap dqbuf: 0 seq:    740 bytesused: 12441600 ts: 201.718901 delta: 33.354 ms delta now: +32.176 ms fps: 30.00 (ts-monotonic, ts-src-eof)
cap dqbuf: 1 seq:    741 bytesused: 12441600 ts: 201.752214 delta: 33.313 ms delta now: +33.187 ms fps: 30.00 (ts-monotonic, ts-src-eof)
cap dqbuf: 2 seq:    742 bytesused: 12441600 ts: 201.785562 delta: 33.348 ms delta now: +33.250 ms fps: 30.00 (ts-monotonic, ts-src-eof)
cap dqbuf: 3 seq:    743 bytesused: 12441600 ts: 201.818887 delta: 33.325 ms delta now: +32.187 ms fps: 30.00 (ts-monotonic, ts-src-eof)
cap dqbuf: 0 seq:    744 bytesused: 12441600 ts: 201.852215 delta: 33.328 ms delta now: +33.061 ms fps: 30.00 (ts-monotonic, ts-src-eof)
cap dqbuf: 1 seq:    745 bytesused: 12441600 ts: 201.885548 delta: 33.333 ms delta now: +33.291 ms fps: 30.00 (ts-monotonic, ts-src-eof)
cap dqbuf: 2 seq:    746 bytesused: 12441600 ts: 201.918888 delta: 33.340 ms delta now: +33.063 ms fps: 30.00 (ts-monotonic, ts-src-eof)
cap dqbuf: 3 seq:    747 bytesused: 12441600 ts: 201.952214 delta: 33.326 ms delta now: +33.251 ms fps: 30.00 (ts-monotonic, ts-src-eof)
cap dqbuf: 0 seq:    748 bytesused: 12441600 ts: 201.985554 delta: 33.340 ms delta now: +32.189 ms fps: 30.00 (ts-monotonic, ts-src-eof)
cap dqbuf: 1 seq:    749 bytesused: 12441600 ts: 202.018869 delta: 33.315 ms delta now: +32.209 ms fps: 30.00 (ts-monotonic, ts-src-eof)
cap dqbuf: 2 seq:    750 bytesused: 12441600 ts: 202.052214 delta: 33.345 ms delta now: +33.077 ms fps: 30.00 (ts-monotonic, ts-src-eof)
cap dqbuf: 3 seq:    751 bytesused: 12441600 ts: 202.085547 delta: 33.333 ms delta now: +33.288 ms fps: 30.00 (ts-monotonic, ts-src-eof)
cap dqbuf: 0 seq:    752 bytesused: 12441600 ts: 202.118887 delta: 33.340 ms delta now: +33.296 ms fps: 30.00 (ts-monotonic, ts-src-eof)
cap dqbuf: 1 seq:    753 bytesused: 12441600 ts: 202.152233 delta: 33.346 ms delta now: +32.205 ms fps: 30.00 (ts-monotonic, ts-src-eof)
cap dqbuf: 2 seq:    754 bytesused: 12441600 ts: 202.185536 delta: 33.303 ms delta now: +33.288 ms fps: 30.00 (ts-monotonic, ts-src-eof)
cap dqbuf: 3 seq:    755 bytesused: 12441600 ts: 202.218900 delta: 33.364 ms delta now: +33.234 ms fps: 30.00 (ts-monotonic, ts-src-eof)
cap dqbuf: 0 seq:    756 bytesused: 12441600 ts: 202.252233 delta: 33.333 ms delta now: +33.391 ms fps: 30.00 (ts-monotonic, ts-src-eof)
cap dqbuf: 1 seq:    757 bytesused: 12441600 ts: 202.285556 delta: 33.323 ms delta now: +32.186 ms fps: 30.00 (ts-monotonic, ts-src-eof)
cap dqbuf: 2 seq:    758 bytesused: 12441600 ts: 202.318881 delta: 33.325 ms delta now: +32.683 ms fps: 30.00 (ts-monotonic, ts-src-eof)
cap dqbuf: 3 seq:    759 bytesused: 12441600 ts: 202.352214 delta: 33.333 ms delta now: +32.194 ms fps: 30.00 (ts-monotonic, ts-src-eof)
cap dqbuf: 0 seq:    760 bytesused: 12441600 ts: 202.385547 delta: 33.333 ms delta now: +32.194 ms fps: 30.00 (ts-monotonic, ts-src-eof)
cap dqbuf: 1 seq:    761 bytesused: 12441600 ts: 202.418881 delta: 33.334 ms delta now: +32.193 ms fps: 30.00 (ts-monotonic, ts-src-eof)
cap dqbuf: 2 seq:    762 bytesused: 12441600 ts: 202.452214 delta: 33.333 ms delta now: +33.280 ms fps: 30.00 (ts-monotonic, ts-src-eof)
cap dqbuf: 3 seq:    763 bytesused: 12441600 ts: 202.485578 delta: 33.364 ms delta now: +33.044 ms fps: 30.00 (ts-monotonic, ts-src-eof)
cap dqbuf: 0 seq:    764 bytesused: 12441600 ts: 202.518869 delta: 33.291 ms delta now: +33.299 ms fps: 30.00 (ts-monotonic, ts-src-eof)
cap dqbuf: 1 seq:    765 bytesused: 12441600 ts: 202.552220 delta: 33.351 ms delta now: +32.188 ms fps: 30.00 (ts-monotonic, ts-src-eof)
cap dqbuf: 2 seq:    766 bytesused: 12441600 ts: 202.585536 delta: 33.316 ms delta now: +33.382 ms fps: 30.00 (ts-monotonic, ts-src-eof)
cap dqbuf: 3 seq:    767 bytesused: 12441600 ts: 202.618888 delta: 33.352 ms delta now: +33.209 ms fps: 30.00 (ts-monotonic, ts-src-eof)
cap dqbuf: 0 seq:    768 bytesused: 12441600 ts: 202.652220 delta: 33.332 ms delta now: +33.236 ms fps: 30.00 (ts-monotonic, ts-src-eof)
cap dqbuf: 1 seq:    769 bytesused: 12441600 ts: 202.685553 delta: 33.333 ms delta now: +32.187 ms fps: 30.00 (ts-monotonic, ts-src-eof)
cap dqbuf: 2 seq:    770 bytesused: 12441600 ts: 202.718880 delta: 33.327 ms delta now: +33.296 ms fps: 30.00 (ts-monotonic, ts-src-eof)
cap dqbuf: 3 seq:    771 bytesused: 12441600 ts: 202.752219 delta: 33.339 ms delta now: +33.069 ms fps: 30.00 (ts-monotonic, ts-src-eof)
cap dqbuf: 0 seq:    772 bytesused: 12441600 ts: 202.785547 delta: 33.328 ms delta now: +33.069 ms fps: 30.00 (ts-monotonic, ts-src-eof)
cap dqbuf: 1 seq:    773 bytesused: 12441600 ts: 202.818869 delta: 33.322 ms delta now: +33.434 ms fps: 30.00 (ts-monotonic, ts-src-eof)
cap dqbuf: 2 seq:    774 bytesused: 12441600 ts: 202.852235 delta: 33.366 ms delta now: +32.173 ms fps: 30.00 (ts-monotonic, ts-src-eof)
cap dqbuf: 3 seq:    775 bytesused: 12441600 ts: 202.885537 delta: 33.302 ms delta now: +32.214 ms fps: 30.00 (ts-monotonic, ts-src-eof)
cap dqbuf: 0 seq:    776 bytesused: 12441600 ts: 202.918870 delta: 33.333 ms delta now: +32.569 ms fps: 30.00 (ts-monotonic, ts-src-eof)
cap dqbuf: 1 seq:    777 bytesused: 12441600 ts: 202.952203 delta: 33.333 ms delta now: +33.299 ms fps: 30.00 (ts-monotonic, ts-src-eof)
cap dqbuf: 2 seq:    778 bytesused: 12441600 ts: 202.985567 delta: 33.364 ms delta now: +32.174 ms fps: 30.00 (ts-monotonic, ts-src-eof)
cap dqbuf: 3 seq:    779 bytesused: 12441600 ts: 203.018881 delta: 33.314 ms delta now: +32.194 ms fps: 30.00 (ts-monotonic, ts-src-eof)
cap dqbuf: 0 seq:    780 bytesused: 12441600 ts: 203.052203 delta: 33.322 ms delta now: +32.208 ms fps: 30.00 (ts-monotonic, ts-src-eof)
cap dqbuf: 1 seq:    781 bytesused: 12441600 ts: 203.085536 delta: 33.333 ms delta now: +33.294 ms fps: 30.00 (ts-monotonic, ts-src-eof)
cap dqbuf: 2 seq:    782 bytesused: 12441600 ts: 203.118900 delta: 33.364 ms delta now: +32.177 ms fps: 30.00 (ts-monotonic, ts-src-eof)
cap dqbuf: 3 seq:    783 bytesused: 12441600 ts: 203.152202 delta: 33.302 ms delta now: +33.243 ms fps: 30.00 (ts-monotonic, ts-src-eof)
cap dqbuf: 0 seq:    784 bytesused: 12441600 ts: 203.185569 delta: 33.367 ms delta now: +33.035 ms fps: 30.00 (ts-monotonic, ts-src-eof)
cap dqbuf: 1 seq:    785 bytesused: 12441600 ts: 203.218869 delta: 33.300 ms delta now: +33.350 ms fps: 30.00 (ts-monotonic, ts-src-eof)
cap dqbuf: 2 seq:    786 bytesused: 12441600 ts: 203.252221 delta: 33.352 ms delta now: +33.172 ms fps: 30.00 (ts-monotonic, ts-src-eof)
cap dqbuf: 3 seq:    787 bytesused: 12441600 ts: 203.285567 delta: 33.346 ms delta now: +33.181 ms fps: 30.00 (ts-monotonic, ts-src-eof)
cap dqbuf: 0 seq:    788 bytesused: 12441600 ts: 203.318887 delta: 33.320 ms delta now: +32.210 ms fps: 30.00 (ts-monotonic, ts-src-eof)
cap dqbuf: 1 seq:    789 bytesused: 12441600 ts: 203.352203 delta: 33.316 ms delta now: +33.092 ms fps: 30.00 (ts-monotonic, ts-src-eof)
cap dqbuf: 2 seq:    790 bytesused: 12441600 ts: 203.385548 delta: 33.345 ms delta now: +32.206 ms fps: 30.00 (ts-monotonic, ts-src-eof)
cap dqbuf: 3 seq:    791 bytesused: 12441600 ts: 203.418869 delta: 33.321 ms delta now: +33.207 ms fps: 30.00 (ts-monotonic, ts-src-eof)
cap dqbuf: 0 seq:    792 bytesused: 12441600 ts: 203.452234 delta: 33.365 ms delta now: +33.250 ms fps: 30.00 (ts-monotonic, ts-src-eof)
cap dqbuf: 1 seq:    793 bytesused: 12441600 ts: 203.485554 delta: 33.320 ms delta now: +33.058 ms fps: 30.00 (ts-monotonic, ts-src-eof)
cap dqbuf: 2 seq:    794 bytesused: 12441600 ts: 203.518880 delta: 33.326 ms delta now: +32.192 ms fps: 30.00 (ts-monotonic, ts-src-eof)
cap dqbuf: 3 seq:    795 bytesused: 12441600 ts: 203.552214 delta: 33.334 ms delta now: +33.068 ms fps: 30.00 (ts-monotonic, ts-src-eof)
cap dqbuf: 0 seq:    796 bytesused: 12441600 ts: 203.585547 delta: 33.333 ms delta now: +33.069 ms fps: 30.00 (ts-monotonic, ts-src-eof)
cap dqbuf: 1 seq:    797 bytesused: 12441600 ts: 203.618881 delta: 33.334 ms delta now: +33.289 ms fps: 30.00 (ts-monotonic, ts-src-eof)
cap dqbuf: 2 seq:    798 bytesused: 12441600 ts: 203.652227 delta: 33.346 ms delta now: +33.198 ms fps: 30.00 (ts-monotonic, ts-src-eof)
cap dqbuf: 3 seq:    799 bytesused: 12441600 ts: 203.685554 delta: 33.327 ms delta now: +33.195 ms fps: 30.00 (ts-monotonic, ts-src-eof)
cap dqbuf: 0 seq:    800 bytesused: 12441600 ts: 203.718887 delta: 33.333 ms delta now: +33.065 ms fps: 30.00 (ts-monotonic, ts-src-eof)
cap dqbuf: 1 seq:    801 bytesused: 12441600 ts: 203.752215 delta: 33.328 ms delta now: +33.203 ms fps: 30.00 (ts-monotonic, ts-src-eof)
cap dqbuf: 2 seq:    802 bytesused: 12441600 ts: 203.785557 delta: 33.342 ms delta now: +32.728 ms fps: 30.00 (ts-monotonic, ts-src-eof)
cap dqbuf: 3 seq:    803 bytesused: 12441600 ts: 203.818869 delta: 33.312 ms delta now: +33.070 ms fps: 30.00 (ts-monotonic, ts-src-eof)
cap dqbuf: 0 seq:    804 bytesused: 12441600 ts: 203.852215 delta: 33.346 ms delta now: +33.306 ms fps: 30.00 (ts-monotonic, ts-src-eof)
cap dqbuf: 1 seq:    805 bytesused: 12441600 ts: 203.885570 delta: 33.355 ms delta now: +32.171 ms fps: 30.00 (ts-monotonic, ts-src-eof)
cap dqbuf: 2 seq:    806 bytesused: 12441600 ts: 203.918881 delta: 33.311 ms delta now: +32.192 ms fps: 30.00 (ts-monotonic, ts-src-eof)
cap dqbuf: 3 seq:    807 bytesused: 12441600 ts: 203.952214 delta: 33.333 ms delta now: +32.193 ms fps: 30.00 (ts-monotonic, ts-src-eof)
cap dqbuf: 0 seq:    808 bytesused: 12441600 ts: 203.985547 delta: 33.333 ms delta now: +33.236 ms fps: 30.00 (ts-monotonic, ts-src-eof)
cap dqbuf: 1 seq:    809 bytesused: 12441600 ts: 204.018891 delta: 33.344 ms delta now: +32.184 ms fps: 30.00 (ts-monotonic, ts-src-eof)
cap dqbuf: 2 seq:    810 bytesused: 12441600 ts: 204.052217 delta: 33.326 ms delta now: +33.373 ms fps: 30.00 (ts-monotonic, ts-src-eof)
cap dqbuf: 3 seq:    811 bytesused: 12441600 ts: 204.085556 delta: 33.339 ms delta now: +33.237 ms fps: 30.00 (ts-monotonic, ts-src-eof)
cap dqbuf: 0 seq:    812 bytesused: 12441600 ts: 204.118901 delta: 33.345 ms delta now: +33.154 ms fps: 30.00 (ts-monotonic, ts-src-eof)
cap dqbuf: 1 seq:    813 bytesused: 12441600 ts: 204.152221 delta: 33.320 ms delta now: +33.152 ms fps: 30.00 (ts-monotonic, ts-src-eof)
cap dqbuf: 2 seq:    814 bytesused: 12441600 ts: 204.185571 delta: 33.350 ms delta now: +33.064 ms fps: 30.00 (ts-monotonic, ts-src-eof)
cap dqbuf: 3 seq:    815 bytesused: 12441600 ts: 204.218870 delta: 33.299 ms delta now: +32.210 ms fps: 30.00 (ts-monotonic, ts-src-eof)
cap dqbuf: 0 seq:    816 bytesused: 12441600 ts: 204.252202 delta: 33.332 ms delta now: +33.176 ms fps: 30.00 (ts-monotonic, ts-src-eof)
cap dqbuf: 1 seq:    817 bytesused: 12441600 ts: 204.285567 delta: 33.365 ms delta now: +32.173 ms fps: 30.00 (ts-monotonic, ts-src-eof)
cap dqbuf: 2 seq:    818 bytesused: 12441600 ts: 204.318880 delta: 33.313 ms delta now: +33.164 ms fps: 30.00 (ts-monotonic, ts-src-eof)
cap dqbuf: 3 seq:    819 bytesused: 12441600 ts: 204.352234 delta: 33.354 ms delta now: +32.178 ms fps: 30.00 (ts-monotonic, ts-src-eof)
cap dqbuf: 0 seq:    820 bytesused: 12441600 ts: 204.385536 delta: 33.302 ms delta now: +33.207 ms fps: 30.00 (ts-monotonic, ts-src-eof)
cap dqbuf: 1 seq:    821 bytesused: 12441600 ts: 204.418901 delta: 33.365 ms delta now: +33.215 ms fps: 30.00 (ts-monotonic, ts-src-eof)
cap dqbuf: 2 seq:    822 bytesused: 12441600 ts: 204.452220 delta: 33.319 ms delta now: +33.224 ms fps: 30.00 (ts-monotonic, ts-src-eof)
cap dqbuf: 3 seq:    823 bytesused: 12441600 ts: 204.485571 delta: 33.351 ms delta now: +32.169 ms fps: 30.00 (ts-monotonic, ts-src-eof)
cap dqbuf: 0 seq:    824 bytesused: 12441600 ts: 204.518870 delta: 33.299 ms delta now: +33.355 ms fps: 30.00 (ts-monotonic, ts-src-eof)
cap dqbuf: 1 seq:    825 bytesused: 12441600 ts: 204.552235 delta: 33.365 ms delta now: +32.173 ms fps: 30.00 (ts-monotonic, ts-src-eof)
cap dqbuf: 2 seq:    826 bytesused: 12441600 ts: 204.585536 delta: 33.301 ms delta now: +33.315 ms fps: 30.00 (ts-monotonic, ts-src-eof)
cap dqbuf: 3 seq:    827 bytesused: 12441600 ts: 204.618886 delta: 33.350 ms delta now: +33.196 ms fps: 30.00 (ts-monotonic, ts-src-eof)
cap dqbuf: 0 seq:    828 bytesused: 12441600 ts: 204.652234 delta: 33.348 ms delta now: +32.179 ms fps: 30.00 (ts-monotonic, ts-src-eof)
cap dqbuf: 1 seq:    829 bytesused: 12441600 ts: 204.685536 delta: 33.302 ms delta now: +33.078 ms fps: 30.00 (ts-monotonic, ts-src-eof)
cap dqbuf: 2 seq:    830 bytesused: 12441600 ts: 204.718869 delta: 33.333 ms delta now: +32.206 ms fps: 30.00 (ts-monotonic, ts-src-eof)
cap dqbuf: 3 seq:    831 bytesused: 12441600 ts: 204.752214 delta: 33.345 ms delta now: +32.193 ms fps: 30.00 (ts-monotonic, ts-src-eof)
cap dqbuf: 0 seq:    832 bytesused: 12441600 ts: 204.785537 delta: 33.323 ms delta now: +33.421 ms fps: 30.00 (ts-monotonic, ts-src-eof)
cap dqbuf: 1 seq:    833 bytesused: 12441600 ts: 204.818891 delta: 33.354 ms delta now: +33.063 ms fps: 30.00 (ts-monotonic, ts-src-eof)
cap dqbuf: 2 seq:    834 bytesused: 12441600 ts: 204.852203 delta: 33.312 ms delta now: +33.198 ms fps: 30.00 (ts-monotonic, ts-src-eof)
cap dqbuf: 3 seq:    835 bytesused: 12441600 ts: 204.885567 delta: 33.364 ms delta now: +32.178 ms fps: 30.00 (ts-monotonic, ts-src-eof)
cap dqbuf: 0 seq:    836 bytesused: 12441600 ts: 204.918869 delta: 33.302 ms delta now: +33.086 ms fps: 30.00 (ts-monotonic, ts-src-eof)
cap dqbuf: 1 seq:    837 bytesused: 12441600 ts: 204.952204 delta: 33.335 ms delta now: +32.690 ms fps: 30.00 (ts-monotonic, ts-src-eof)
cap dqbuf: 2 seq:    838 bytesused: 12441600 ts: 204.985548 delta: 33.344 ms delta now: +33.055 ms fps: 30.00 (ts-monotonic, ts-src-eof)
cap dqbuf: 3 seq:    839 bytesused: 12441600 ts: 205.018870 delta: 33.322 ms delta now: +32.204 ms fps: 30.00 (ts-monotonic, ts-src-eof)
cap dqbuf: 0 seq:    840 bytesused: 12441600 ts: 205.052203 delta: 33.333 ms delta now: +33.394 ms fps: 30.00 (ts-monotonic, ts-src-eof)
cap dqbuf: 1 seq:    841 bytesused: 12441600 ts: 205.085568 delta: 33.365 ms delta now: +32.173 ms fps: 30.00 (ts-monotonic, ts-src-eof)
cap dqbuf: 2 seq:    842 bytesused: 12441600 ts: 205.118881 delta: 33.313 ms delta now: +33.285 ms fps: 30.00 (ts-monotonic, ts-src-eof)
cap dqbuf: 3 seq:    843 bytesused: 12441600 ts: 205.152221 delta: 33.340 ms delta now: +33.069 ms fps: 30.00 (ts-monotonic, ts-src-eof)
cap dqbuf: 0 seq:    844 bytesused: 12441600 ts: 205.185536 delta: 33.315 ms delta now: +33.198 ms fps: 30.00 (ts-monotonic, ts-src-eof)
cap dqbuf: 1 seq:    845 bytesused: 12441600 ts: 205.218902 delta: 33.366 ms delta now: +33.046 ms fps: 30.00 (ts-monotonic, ts-src-eof)
cap dqbuf: 2 seq:    846 bytesused: 12441600 ts: 205.252203 delta: 33.301 ms delta now: +32.213 ms fps: 30.00 (ts-monotonic, ts-src-eof)
cap dqbuf: 3 seq:    847 bytesused: 12441600 ts: 205.285548 delta: 33.345 ms delta now: +33.183 ms fps: 30.00 (ts-monotonic, ts-src-eof)
cap dqbuf: 0 seq:    848 bytesused: 12441600 ts: 205.318887 delta: 33.339 ms delta now: +33.170 ms fps: 30.00 (ts-monotonic, ts-src-eof)
cap dqbuf: 1 seq:    849 bytesused: 12441600 ts: 205.352234 delta: 33.347 ms delta now: +32.420 ms fps: 30.00 (ts-monotonic, ts-src-eof)
cap dqbuf: 2 seq:    850 bytesused: 12441600 ts: 205.385536 delta: 33.302 ms delta now: +33.188 ms fps: 30.00 (ts-monotonic, ts-src-eof)
cap dqbuf: 3 seq:    851 bytesused: 12441600 ts: 205.418900 delta: 33.364 ms delta now: +33.263 ms fps: 30.00 (ts-monotonic, ts-src-eof)
cap dqbuf: 0 seq:    852 bytesused: 12441600 ts: 205.452233 delta: 33.333 ms delta now: +33.174 ms fps: 30.00 (ts-monotonic, ts-src-eof)
cap dqbuf: 1 seq:    853 bytesused: 12441600 ts: 205.485566 delta: 33.333 ms delta now: +33.296 ms fps: 30.00 (ts-monotonic, ts-src-eof)
cap dqbuf: 2 seq:    854 bytesused: 12441600 ts: 205.518901 delta: 33.335 ms delta now: +33.045 ms fps: 30.00 (ts-monotonic, ts-src-eof)
cap dqbuf: 3 seq:    855 bytesused: 12441600 ts: 205.552214 delta: 33.313 ms delta now: +32.507 ms fps: 30.00 (ts-monotonic, ts-src-eof)
cap dqbuf: 0 seq:    856 bytesused: 12441600 ts: 205.585548 delta: 33.334 ms delta now: +33.069 ms fps: 30.00 (ts-monotonic, ts-src-eof)
cap dqbuf: 1 seq:    857 bytesused: 12441600 ts: 205.618881 delta: 33.333 ms delta now: +33.214 ms fps: 30.00 (ts-monotonic, ts-src-eof)
cap dqbuf: 2 seq:    858 bytesused: 12441600 ts: 205.652221 delta: 33.340 ms delta now: +33.258 ms fps: 30.00 (ts-monotonic, ts-src-eof)
cap dqbuf: 3 seq:    859 bytesused: 12441600 ts: 205.685556 delta: 33.335 ms delta now: +32.184 ms fps: 30.00 (ts-monotonic, ts-src-eof)
cap dqbuf: 0 seq:    860 bytesused: 12441600 ts: 205.718881 delta: 33.325 ms delta now: +33.056 ms fps: 30.00 (ts-monotonic, ts-src-eof)
cap dqbuf: 1 seq:    861 bytesused: 12441600 ts: 205.752215 delta: 33.334 ms delta now: +32.302 ms fps: 30.00 (ts-monotonic, ts-src-eof)
cap dqbuf: 2 seq:    862 bytesused: 12441600 ts: 205.785548 delta: 33.333 ms delta now: +33.267 ms fps: 30.00 (ts-monotonic, ts-src-eof)
cap dqbuf: 3 seq:    863 bytesused: 12441600 ts: 205.818900 delta: 33.352 ms delta now: +33.081 ms fps: 30.00 (ts-monotonic, ts-src-eof)
cap dqbuf: 0 seq:    864 bytesused: 12441600 ts: 205.852203 delta: 33.303 ms delta now: +33.304 ms fps: 30.00 (ts-monotonic, ts-src-eof)
cap dqbuf: 1 seq:    865 bytesused: 12441600 ts: 205.885554 delta: 33.351 ms delta now: +32.187 ms fps: 30.00 (ts-monotonic, ts-src-eof)
cap dqbuf: 2 seq:    866 bytesused: 12441600 ts: 205.918881 delta: 33.327 ms delta now: +33.183 ms fps: 30.00 (ts-monotonic, ts-src-eof)
cap dqbuf: 3 seq:    867 bytesused: 12441600 ts: 205.952220 delta: 33.339 ms delta now: +32.191 ms fps: 30.00 (ts-monotonic, ts-src-eof)
cap dqbuf: 0 seq:    868 bytesused: 12441600 ts: 205.985537 delta: 33.317 ms delta now: +32.205 ms fps: 30.00 (ts-monotonic, ts-src-eof)
cap dqbuf: 1 seq:    869 bytesused: 12441600 ts: 206.018881 delta: 33.344 ms delta now: +32.197 ms fps: 30.00 (ts-monotonic, ts-src-eof)
cap dqbuf: 2 seq:    870 bytesused: 12441600 ts: 206.052214 delta: 33.333 ms delta now: +33.293 ms fps: 30.00 (ts-monotonic, ts-src-eof)
cap dqbuf: 3 seq:    871 bytesused: 12441600 ts: 206.085567 delta: 33.353 ms delta now: +33.056 ms fps: 30.00 (ts-monotonic, ts-src-eof)
cap dqbuf: 0 seq:    872 bytesused: 12441600 ts: 206.118881 delta: 33.314 ms delta now: +33.284 ms fps: 30.00 (ts-monotonic, ts-src-eof)
cap dqbuf: 1 seq:    873 bytesused: 12441600 ts: 206.152235 delta: 33.354 ms delta now: +32.188 ms fps: 30.00 (ts-monotonic, ts-src-eof)
cap dqbuf: 2 seq:    874 bytesused: 12441600 ts: 206.185536 delta: 33.301 ms delta now: +33.090 ms fps: 30.00 (ts-monotonic, ts-src-eof)
cap dqbuf: 3 seq:    875 bytesused: 12441600 ts: 206.218881 delta: 33.345 ms delta now: +33.306 ms fps: 30.00 (ts-monotonic, ts-src-eof)
cap dqbuf: 0 seq:    876 bytesused: 12441600 ts: 206.252233 delta: 33.352 ms delta now: +33.334 ms fps: 30.00 (ts-monotonic, ts-src-eof)
cap dqbuf: 1 seq:    877 bytesused: 12441600 ts: 206.285568 delta: 33.335 ms delta now: +33.142 ms fps: 30.00 (ts-monotonic, ts-src-eof)
cap dqbuf: 2 seq:    878 bytesused: 12441600 ts: 206.318910 delta: 33.342 ms delta now: +32.164 ms fps: 30.00 (ts-monotonic, ts-src-eof)
cap dqbuf: 3 seq:    879 bytesused: 12441600 ts: 206.352203 delta: 33.293 ms delta now: +33.383 ms fps: 30.00 (ts-monotonic, ts-src-eof)
cap dqbuf: 0 seq:    880 bytesused: 12441600 ts: 206.385567 delta: 33.364 ms delta now: +33.274 ms fps: 30.00 (ts-monotonic, ts-src-eof)
cap dqbuf: 1 seq:    881 bytesused: 12441600 ts: 206.418887 delta: 33.320 ms delta now: +33.419 ms fps: 30.00 (ts-monotonic, ts-src-eof)
cap dqbuf: 2 seq:    882 bytesused: 12441600 ts: 206.452221 delta: 33.334 ms delta now: +33.282 ms fps: 30.00 (ts-monotonic, ts-src-eof)
cap dqbuf: 3 seq:    883 bytesused: 12441600 ts: 206.485553 delta: 33.332 ms delta now: +32.188 ms fps: 30.00 (ts-monotonic, ts-src-eof)
cap dqbuf: 0 seq:    884 bytesused: 12441600 ts: 206.518869 delta: 33.316 ms delta now: +33.303 ms fps: 30.00 (ts-monotonic, ts-src-eof)
cap dqbuf: 1 seq:    885 bytesused: 12441600 ts: 206.552220 delta: 33.351 ms delta now: +32.209 ms fps: 30.00 (ts-monotonic, ts-src-eof)
cap dqbuf: 2 seq:    886 bytesused: 12441600 ts: 206.585547 delta: 33.327 ms delta now: +33.058 ms fps: 30.00 (ts-monotonic, ts-src-eof)
cap dqbuf: 3 seq:    887 bytesused: 12441600 ts: 206.618882 delta: 33.335 ms delta now: +33.240 ms fps: 30.00 (ts-monotonic, ts-src-eof)
cap dqbuf: 0 seq:    888 bytesused: 12441600 ts: 206.652221 delta: 33.339 ms delta now: +33.314 ms fps: 30.00 (ts-monotonic, ts-src-eof)
cap dqbuf: 1 seq:    889 bytesused: 12441600 ts: 206.685570 delta: 33.349 ms delta now: +32.172 ms fps: 30.00 (ts-monotonic, ts-src-eof)
cap dqbuf: 2 seq:    890 bytesused: 12441600 ts: 206.718881 delta: 33.311 ms delta now: +33.317 ms fps: 30.00 (ts-monotonic, ts-src-eof)
cap dqbuf: 3 seq:    891 bytesused: 12441600 ts: 206.752234 delta: 33.353 ms delta now: +32.174 ms fps: 30.00 (ts-monotonic, ts-src-eof)
cap dqbuf: 0 seq:    892 bytesused: 12441600 ts: 206.785548 delta: 33.314 ms delta now: +33.192 ms fps: 30.00 (ts-monotonic, ts-src-eof)
cap dqbuf: 1 seq:    893 bytesused: 12441600 ts: 206.818901 delta: 33.353 ms delta now: +32.178 ms fps: 30.00 (ts-monotonic, ts-src-eof)
cap dqbuf: 2 seq:    894 bytesused: 12441600 ts: 206.852214 delta: 33.313 ms delta now: +33.302 ms fps: 30.00 (ts-monotonic, ts-src-eof)
cap dqbuf: 3 seq:    895 bytesused: 12441600 ts: 206.885555 delta: 33.341 ms delta now: +33.357 ms fps: 30.00 (ts-monotonic, ts-src-eof)
cap dqbuf: 0 seq:    896 bytesused: 12441600 ts: 206.918901 delta: 33.346 ms delta now: +32.866 ms fps: 30.00 (ts-monotonic, ts-src-eof)
cap dqbuf: 1 seq:    897 bytesused: 12441600 ts: 206.952214 delta: 33.313 ms delta now: +32.194 ms fps: 30.00 (ts-monotonic, ts-src-eof)
cap dqbuf: 2 seq:    898 bytesused: 12441600 ts: 206.985548 delta: 33.334 ms delta now: +33.234 ms fps: 30.00 (ts-monotonic, ts-src-eof)
cap dqbuf: 3 seq:    899 bytesused: 12441600 ts: 207.018908 delta: 33.360 ms delta now: +32.166 ms fps: 30.00 (ts-monotonic, ts-src-eof)
cap dqbuf: 0 seq:    900 bytesused: 12441600 ts: 207.052203 delta: 33.295 ms delta now: +33.080 ms fps: 30.00 (ts-monotonic, ts-src-eof)
cap dqbuf: 1 seq:    901 bytesused: 12441600 ts: 207.085536 delta: 33.333 ms delta now: +33.290 ms fps: 30.00 (ts-monotonic, ts-src-eof)
cap dqbuf: 2 seq:    902 bytesused: 12441600 ts: 207.118887 delta: 33.351 ms delta now: +33.438 ms fps: 30.00 (ts-monotonic, ts-src-eof)
cap dqbuf: 3 seq:    903 bytesused: 12441600 ts: 207.152223 delta: 33.336 ms delta now: +32.205 ms fps: 30.00 (ts-monotonic, ts-src-eof)
cap dqbuf: 0 seq:    904 bytesused: 12441600 ts: 207.185536 delta: 33.313 ms delta now: +32.217 ms fps: 30.00 (ts-monotonic, ts-src-eof)
cap dqbuf: 1 seq:    905 bytesused: 12441600 ts: 207.218881 delta: 33.345 ms delta now: +32.203 ms fps: 30.00 (ts-monotonic, ts-src-eof)
cap dqbuf: 2 seq:    906 bytesused: 12441600 ts: 207.252202 delta: 33.321 ms delta now: +33.075 ms fps: 30.00 (ts-monotonic, ts-src-eof)
cap dqbuf: 3 seq:    907 bytesused: 12441600 ts: 207.285555 delta: 33.353 ms delta now: +33.361 ms fps: 30.00 (ts-monotonic, ts-src-eof)
cap dqbuf: 0 seq:    908 bytesused: 12441600 ts: 207.318887 delta: 33.332 ms delta now: +33.153 ms fps: 30.00 (ts-monotonic, ts-src-eof)
cap dqbuf: 1 seq:    909 bytesused: 12441600 ts: 207.352235 delta: 33.348 ms delta now: +33.165 ms fps: 30.00 (ts-monotonic, ts-src-eof)
cap dqbuf: 2 seq:    910 bytesused: 12441600 ts: 207.385569 delta: 33.334 ms delta now: +33.036 ms fps: 30.00 (ts-monotonic, ts-src-eof)
cap dqbuf: 3 seq:    911 bytesused: 12441600 ts: 207.418881 delta: 33.312 ms delta now: +33.179 ms fps: 30.00 (ts-monotonic, ts-src-eof)
cap dqbuf: 0 seq:    912 bytesused: 12441600 ts: 207.452234 delta: 33.353 ms delta now: +33.280 ms fps: 30.00 (ts-monotonic, ts-src-eof)
cap dqbuf: 1 seq:    913 bytesused: 12441600 ts: 207.485567 delta: 33.333 ms delta now: +33.259 ms fps: 30.00 (ts-monotonic, ts-src-eof)
cap dqbuf: 2 seq:    914 bytesused: 12441600 ts: 207.518890 delta: 33.323 ms delta now: +33.175 ms fps: 30.00 (ts-monotonic, ts-src-eof)
cap dqbuf: 3 seq:    915 bytesused: 12441600 ts: 207.552234 delta: 33.344 ms delta now: +32.174 ms fps: 30.00 (ts-monotonic, ts-src-eof)
cap dqbuf: 0 seq:    916 bytesused: 12441600 ts: 207.585536 delta: 33.302 ms delta now: +32.204 ms fps: 30.00 (ts-monotonic, ts-src-eof)
cap dqbuf: 1 seq:    917 bytesused: 12441600 ts: 207.618870 delta: 33.334 ms delta now: +33.077 ms fps: 30.00 (ts-monotonic, ts-src-eof)
cap dqbuf: 2 seq:    918 bytesused: 12441600 ts: 207.652215 delta: 33.345 ms delta now: +33.058 ms fps: 30.00 (ts-monotonic, ts-src-eof)
cap dqbuf: 3 seq:    919 bytesused: 12441600 ts: 207.685536 delta: 33.321 ms delta now: +33.207 ms fps: 30.00 (ts-monotonic, ts-src-eof)
cap dqbuf: 0 seq:    920 bytesused: 12441600 ts: 207.718888 delta: 33.352 ms delta now: +32.191 ms fps: 30.00 (ts-monotonic, ts-src-eof)
cap dqbuf: 1 seq:    921 bytesused: 12441600 ts: 207.752203 delta: 33.315 ms delta now: +33.311 ms fps: 30.00 (ts-monotonic, ts-src-eof)
cap dqbuf: 2 seq:    922 bytesused: 12441600 ts: 207.785567 delta: 33.364 ms delta now: +32.178 ms fps: 30.00 (ts-monotonic, ts-src-eof)
cap dqbuf: 3 seq:    923 bytesused: 12441600 ts: 207.818881 delta: 33.314 ms delta now: +33.186 ms fps: 30.00 (ts-monotonic, ts-src-eof)
cap dqbuf: 0 seq:    924 bytesused: 12441600 ts: 207.852221 delta: 33.340 ms delta now: +32.186 ms fps: 30.00 (ts-monotonic, ts-src-eof)
cap dqbuf: 1 seq:    925 bytesused: 12441600 ts: 207.885547 delta: 33.326 ms delta now: +33.178 ms fps: 30.00 (ts-monotonic, ts-src-eof)
cap dqbuf: 2 seq:    926 bytesused: 12441600 ts: 207.918901 delta: 33.354 ms delta now: +32.173 ms fps: 30.00 (ts-monotonic, ts-src-eof)
cap dqbuf: 3 seq:    927 bytesused: 12441600 ts: 207.952203 delta: 33.302 ms delta now: +32.204 ms fps: 30.00 (ts-monotonic, ts-src-eof)
cap dqbuf: 0 seq:    928 bytesused: 12441600 ts: 207.985537 delta: 33.334 ms delta now: +33.297 ms fps: 30.00 (ts-monotonic, ts-src-eof)
cap dqbuf: 1 seq:    929 bytesused: 12441600 ts: 208.018887 delta: 33.350 ms delta now: +32.194 ms fps: 30.00 (ts-monotonic, ts-src-eof)
cap dqbuf: 2 seq:    930 bytesused: 12441600 ts: 208.052215 delta: 33.328 ms delta now: +33.246 ms fps: 30.00 (ts-monotonic, ts-src-eof)
cap dqbuf: 3 seq:    931 bytesused: 12441600 ts: 208.085568 delta: 33.353 ms delta now: +33.179 ms fps: 30.00 (ts-monotonic, ts-src-eof)
cap dqbuf: 0 seq:    932 bytesused: 12441600 ts: 208.118887 delta: 33.319 ms delta now: +32.189 ms fps: 30.00 (ts-monotonic, ts-src-eof)
cap dqbuf: 1 seq:    933 bytesused: 12441600 ts: 208.152204 delta: 33.317 ms delta now: +33.226 ms fps: 30.00 (ts-monotonic, ts-src-eof)
cap dqbuf: 2 seq:    934 bytesused: 12441600 ts: 208.185569 delta: 33.365 ms delta now: +33.064 ms fps: 30.00 (ts-monotonic, ts-src-eof)
cap dqbuf: 3 seq:    935 bytesused: 12441600 ts: 208.218870 delta: 33.301 ms delta now: +32.214 ms fps: 30.00 (ts-monotonic, ts-src-eof)
cap dqbuf: 0 seq:    936 bytesused: 12441600 ts: 208.252203 delta: 33.333 ms delta now: +33.197 ms fps: 30.00 (ts-monotonic, ts-src-eof)
cap dqbuf: 1 seq:    937 bytesused: 12441600 ts: 208.285555 delta: 33.352 ms delta now: +32.338 ms fps: 30.00 (ts-monotonic, ts-src-eof)
cap dqbuf: 2 seq:    938 bytesused: 12441600 ts: 208.318881 delta: 33.326 ms delta now: +33.271 ms fps: 30.00 (ts-monotonic, ts-src-eof)
cap dqbuf: 3 seq:    939 bytesused: 12441600 ts: 208.352221 delta: 33.340 ms delta now: +32.659 ms fps: 30.00 (ts-monotonic, ts-src-eof)
cap dqbuf: 0 seq:    940 bytesused: 12441600 ts: 208.385537 delta: 33.316 ms delta now: +33.309 ms fps: 30.00 (ts-monotonic, ts-src-eof)
cap dqbuf: 1 seq:    941 bytesused: 12441600 ts: 208.418900 delta: 33.363 ms delta now: +32.177 ms fps: 30.00 (ts-monotonic, ts-src-eof)
cap dqbuf: 2 seq:    942 bytesused: 12441600 ts: 208.452203 delta: 33.303 ms delta now: +33.189 ms fps: 30.00 (ts-monotonic, ts-src-eof)
cap dqbuf: 3 seq:    943 bytesused: 12441600 ts: 208.485555 delta: 33.352 ms delta now: +32.205 ms fps: 30.00 (ts-monotonic, ts-src-eof)
cap dqbuf: 0 seq:    944 bytesused: 12441600 ts: 208.518881 delta: 33.326 ms delta now: +33.421 ms fps: 30.00 (ts-monotonic, ts-src-eof)
cap dqbuf: 1 seq:    945 bytesused: 12441600 ts: 208.552226 delta: 33.345 ms delta now: +33.332 ms fps: 30.00 (ts-monotonic, ts-src-eof)
cap dqbuf: 2 seq:    946 bytesused: 12441600 ts: 208.585554 delta: 33.328 ms delta now: +33.300 ms fps: 30.00 (ts-monotonic, ts-src-eof)
cap dqbuf: 3 seq:    947 bytesused: 12441600 ts: 208.618901 delta: 33.347 ms delta now: +33.271 ms fps: 30.00 (ts-monotonic, ts-src-eof)
cap dqbuf: 0 seq:    948 bytesused: 12441600 ts: 208.652220 delta: 33.319 ms delta now: +32.188 ms fps: 30.00 (ts-monotonic, ts-src-eof)
cap dqbuf: 1 seq:    949 bytesused: 12441600 ts: 208.685548 delta: 33.328 ms delta now: +32.193 ms fps: 30.00 (ts-monotonic, ts-src-eof)
cap dqbuf: 2 seq:    950 bytesused: 12441600 ts: 208.718881 delta: 33.333 ms delta now: +33.278 ms fps: 30.00 (ts-monotonic, ts-src-eof)
cap dqbuf: 3 seq:    951 bytesused: 12441600 ts: 208.752235 delta: 33.354 ms delta now: +32.173 ms fps: 30.00 (ts-monotonic, ts-src-eof)
cap dqbuf: 0 seq:    952 bytesused: 12441600 ts: 208.785548 delta: 33.313 ms delta now: +33.188 ms fps: 30.00 (ts-monotonic, ts-src-eof)
cap dqbuf: 1 seq:    953 bytesused: 12441600 ts: 208.818902 delta: 33.354 ms delta now: +32.172 ms fps: 30.00 (ts-monotonic, ts-src-eof)
cap dqbuf: 2 seq:    954 bytesused: 12441600 ts: 208.852214 delta: 33.312 ms delta now: +33.288 ms fps: 30.00 (ts-monotonic, ts-src-eof)
cap dqbuf: 3 seq:    955 bytesused: 12441600 ts: 208.885554 delta: 33.340 ms delta now: +33.294 ms fps: 30.00 (ts-monotonic, ts-src-eof)
cap dqbuf: 0 seq:    956 bytesused: 12441600 ts: 208.918901 delta: 33.347 ms delta now: +33.243 ms fps: 30.00 (ts-monotonic, ts-src-eof)
cap dqbuf: 1 seq:    957 bytesused: 12441600 ts: 208.952222 delta: 33.321 ms delta now: +32.187 ms fps: 30.00 (ts-monotonic, ts-src-eof)
cap dqbuf: 2 seq:    958 bytesused: 12441600 ts: 208.985548 delta: 33.326 ms delta now: +33.213 ms fps: 30.00 (ts-monotonic, ts-src-eof)
cap dqbuf: 3 seq:    959 bytesused: 12441600 ts: 209.018901 delta: 33.353 ms delta now: +33.311 ms fps: 30.00 (ts-monotonic, ts-src-eof)
cap dqbuf: 0 seq:    960 bytesused: 12441600 ts: 209.052223 delta: 33.322 ms delta now: +33.068 ms fps: 30.00 (ts-monotonic, ts-src-eof)
cap dqbuf: 1 seq:    961 bytesused: 12441600 ts: 209.085549 delta: 33.326 ms delta now: +33.299 ms fps: 30.00 (ts-monotonic, ts-src-eof)
cap dqbuf: 2 seq:    962 bytesused: 12441600 ts: 209.118901 delta: 33.352 ms delta now: +33.171 ms fps: 30.00 (ts-monotonic, ts-src-eof)
cap dqbuf: 3 seq:    963 bytesused: 12441600 ts: 209.152221 delta: 33.320 ms delta now: +33.131 ms fps: 30.00 (ts-monotonic, ts-src-eof)
cap dqbuf: 0 seq:    964 bytesused: 12441600 ts: 209.185536 delta: 33.315 ms delta now: +32.219 ms fps: 30.00 (ts-monotonic, ts-src-eof)
cap dqbuf: 1 seq:    965 bytesused: 12441600 ts: 209.218870 delta: 33.334 ms delta now: +33.311 ms fps: 30.00 (ts-monotonic, ts-src-eof)
cap dqbuf: 2 seq:    966 bytesused: 12441600 ts: 209.252220 delta: 33.350 ms delta now: +33.345 ms fps: 30.00 (ts-monotonic, ts-src-eof)
cap dqbuf: 3 seq:    967 bytesused: 12441600 ts: 209.285575 delta: 33.355 ms delta now: +32.165 ms fps: 30.00 (ts-monotonic, ts-src-eof)
cap dqbuf: 0 seq:    968 bytesused: 12441600 ts: 209.318870 delta: 33.295 ms delta now: +32.215 ms fps: 30.00 (ts-monotonic, ts-src-eof)
cap dqbuf: 1 seq:    969 bytesused: 12441600 ts: 209.352215 delta: 33.345 ms delta now: +33.189 ms fps: 30.00 (ts-monotonic, ts-src-eof)
cap dqbuf: 2 seq:    970 bytesused: 12441600 ts: 209.385568 delta: 33.353 ms delta now: +33.035 ms fps: 30.00 (ts-monotonic, ts-src-eof)
cap dqbuf: 3 seq:    971 bytesused: 12441600 ts: 209.418903 delta: 33.335 ms delta now: +32.570 ms fps: 30.00 (ts-monotonic, ts-src-eof)
cap dqbuf: 0 seq:    972 bytesused: 12441600 ts: 209.452215 delta: 33.312 ms delta now: +33.050 ms fps: 30.00 (ts-monotonic, ts-src-eof)
cap dqbuf: 1 seq:    973 bytesused: 12441600 ts: 209.485536 delta: 33.321 ms delta now: +33.214 ms fps: 30.00 (ts-monotonic, ts-src-eof)
cap dqbuf: 2 seq:    974 bytesused: 12441600 ts: 209.518889 delta: 33.353 ms delta now: +33.058 ms fps: 30.00 (ts-monotonic, ts-src-eof)
cap dqbuf: 3 seq:    975 bytesused: 12441600 ts: 209.552215 delta: 33.326 ms delta now: +33.193 ms fps: 30.00 (ts-monotonic, ts-src-eof)
cap dqbuf: 0 seq:    976 bytesused: 12441600 ts: 209.585555 delta: 33.340 ms delta now: +33.069 ms fps: 30.00 (ts-monotonic, ts-src-eof)
cap dqbuf: 1 seq:    977 bytesused: 12441600 ts: 209.618882 delta: 33.327 ms delta now: +33.066 ms fps: 30.00 (ts-monotonic, ts-src-eof)
cap dqbuf: 2 seq:    978 bytesused: 12441600 ts: 209.652204 delta: 33.322 ms delta now: +33.382 ms fps: 30.00 (ts-monotonic, ts-src-eof)
cap dqbuf: 3 seq:    979 bytesused: 12441600 ts: 209.685555 delta: 33.351 ms delta now: +32.909 ms fps: 30.00 (ts-monotonic, ts-src-eof)
cap dqbuf: 0 seq:    980 bytesused: 12441600 ts: 209.718870 delta: 33.315 ms delta now: +33.079 ms fps: 30.00 (ts-monotonic, ts-src-eof)
cap dqbuf: 1 seq:    981 bytesused: 12441600 ts: 209.752215 delta: 33.345 ms delta now: +33.267 ms fps: 30.00 (ts-monotonic, ts-src-eof)
cap dqbuf: 2 seq:    982 bytesused: 12441600 ts: 209.785568 delta: 33.353 ms delta now: +32.175 ms fps: 30.00 (ts-monotonic, ts-src-eof)
cap dqbuf: 3 seq:    983 bytesused: 12441600 ts: 209.818870 delta: 33.302 ms delta now: +32.215 ms fps: 30.00 (ts-monotonic, ts-src-eof)
cap dqbuf: 0 seq:    984 bytesused: 12441600 ts: 209.852203 delta: 33.333 ms delta now: +33.266 ms fps: 30.00 (ts-monotonic, ts-src-eof)
cap dqbuf: 1 seq:    985 bytesused: 12441600 ts: 209.885555 delta: 33.352 ms delta now: +32.187 ms fps: 30.00 (ts-monotonic, ts-src-eof)
cap dqbuf: 2 seq:    986 bytesused: 12441600 ts: 209.918871 delta: 33.316 ms delta now: +33.079 ms fps: 30.00 (ts-monotonic, ts-src-eof)
cap dqbuf: 3 seq:    987 bytesused: 12441600 ts: 209.952216 delta: 33.345 ms delta now: +33.294 ms fps: 30.00 (ts-monotonic, ts-src-eof)
cap dqbuf: 0 seq:    988 bytesused: 12441600 ts: 209.985568 delta: 33.352 ms delta now: +33.310 ms fps: 30.00 (ts-monotonic, ts-src-eof)
cap dqbuf: 1 seq:    989 bytesused: 12441600 ts: 210.018888 delta: 33.320 ms delta now: +33.180 ms fps: 30.00 (ts-monotonic, ts-src-eof)
cap dqbuf: 2 seq:    990 bytesused: 12441600 ts: 210.052222 delta: 33.334 ms delta now: +33.065 ms fps: 30.00 (ts-monotonic, ts-src-eof)
cap dqbuf: 3 seq:    991 bytesused: 12441600 ts: 210.085536 delta: 33.314 ms delta now: +33.086 ms fps: 30.00 (ts-monotonic, ts-src-eof)
cap dqbuf: 0 seq:    992 bytesused: 12441600 ts: 210.118883 delta: 33.347 ms delta now: +33.305 ms fps: 30.00 (ts-monotonic, ts-src-eof)
cap dqbuf: 1 seq:    993 bytesused: 12441600 ts: 210.152235 delta: 33.352 ms delta now: +32.199 ms fps: 30.00 (ts-monotonic, ts-src-eof)
cap dqbuf: 2 seq:    994 bytesused: 12441600 ts: 210.185548 delta: 33.313 ms delta now: +33.359 ms fps: 30.00 (ts-monotonic, ts-src-eof)
cap dqbuf: 3 seq:    995 bytesused: 12441600 ts: 210.218906 delta: 33.358 ms delta now: +32.175 ms fps: 30.00 (ts-monotonic, ts-src-eof)
cap dqbuf: 0 seq:    996 bytesused: 12441600 ts: 210.252204 delta: 33.298 ms delta now: +33.063 ms fps: 30.00 (ts-monotonic, ts-src-eof)
cap dqbuf: 1 seq:    997 bytesused: 12441600 ts: 210.285537 delta: 33.333 ms delta now: +33.191 ms fps: 30.00 (ts-monotonic, ts-src-eof)
cap dqbuf: 2 seq:    998 bytesused: 12441600 ts: 210.318887 delta: 33.350 ms delta now: +32.210 ms fps: 30.00 (ts-monotonic, ts-src-eof)
cap dqbuf: 3 seq:    999 bytesused: 12441600 ts: 210.352215 delta: 33.328 ms delta now: +33.059 ms fps: 30.00 (ts-monotonic, ts-src-eof)
cap dqbuf: 0 seq:   1000 bytesused: 12441600 ts: 210.385537 delta: 33.322 ms delta now: +33.194 ms fps: 30.00 (ts-monotonic, ts-src-eof)
cap dqbuf: 1 seq:   1001 bytesused: 12441600 ts: 210.418887 delta: 33.350 ms delta now: +32.187 ms fps: 30.00 (ts-monotonic, ts-src-eof)
cap dqbuf: 2 seq:   1002 bytesused: 12441600 ts: 210.452215 delta: 33.328 ms delta now: +33.289 ms fps: 30.00 (ts-monotonic, ts-src-eof)
cap dqbuf: 3 seq:   1003 bytesused: 12441600 ts: 210.485568 delta: 33.353 ms delta now: +33.224 ms fps: 30.00 (ts-monotonic, ts-src-eof)
cap dqbuf: 0 seq:   1004 bytesused: 12441600 ts: 210.518901 delta: 33.333 ms delta now: +33.290 ms fps: 30.00 (ts-monotonic, ts-src-eof)
cap dqbuf: 1 seq:   1005 bytesused: 12441600 ts: 210.552234 delta: 33.333 ms delta now: +32.174 ms fps: 30.00 (ts-monotonic, ts-src-eof)
cap dqbuf: 2 seq:   1006 bytesused: 12441600 ts: 210.585548 delta: 33.314 ms delta now: +33.150 ms fps: 30.00 (ts-monotonic, ts-src-eof)
cap dqbuf: 3 seq:   1007 bytesused: 12441600 ts: 210.618889 delta: 33.341 ms delta now: +33.055 ms fps: 30.00 (ts-monotonic, ts-src-eof)
cap dqbuf: 0 seq:   1008 bytesused: 12441600 ts: 210.652203 delta: 33.314 ms delta now: +33.292 ms fps: 30.00 (ts-monotonic, ts-src-eof)
cap dqbuf: 1 seq:   1009 bytesused: 12441600 ts: 210.685560 delta: 33.357 ms delta now: +33.292 ms fps: 30.00 (ts-monotonic, ts-src-eof)
cap dqbuf: 2 seq:   1010 bytesused: 12441600 ts: 210.718887 delta: 33.327 ms delta now: +33.341 ms fps: 30.00 (ts-monotonic, ts-src-eof)
cap dqbuf: 3 seq:   1011 bytesused: 12441600 ts: 210.752237 delta: 33.350 ms delta now: +33.036 ms fps: 30.00 (ts-monotonic, ts-src-eof)
cap dqbuf: 0 seq:   1012 bytesused: 12441600 ts: 210.785548 delta: 33.311 ms delta now: +33.180 ms fps: 30.00 (ts-monotonic, ts-src-eof)
cap dqbuf: 1 seq:   1013 bytesused: 12441600 ts: 210.818901 delta: 33.353 ms delta now: +32.175 ms fps: 30.00 (ts-monotonic, ts-src-eof)
cap dqbuf: 2 seq:   1014 bytesused: 12441600 ts: 210.852204 delta: 33.303 ms delta now: +32.302 ms fps: 30.00 (ts-monotonic, ts-src-eof)
cap dqbuf: 3 seq:   1015 bytesused: 12441600 ts: 210.885548 delta: 33.344 ms delta now: +33.287 ms fps: 30.00 (ts-monotonic, ts-src-eof)
cap dqbuf: 0 seq:   1016 bytesused: 12441600 ts: 210.918889 delta: 33.341 ms delta now: +32.191 ms fps: 30.00 (ts-monotonic, ts-src-eof)
cap dqbuf: 1 seq:   1017 bytesused: 12441600 ts: 210.952215 delta: 33.326 ms delta now: +33.198 ms fps: 30.00 (ts-monotonic, ts-src-eof)
cap dqbuf: 2 seq:   1018 bytesused: 12441600 ts: 210.985555 delta: 33.340 ms delta now: +32.187 ms fps: 30.00 (ts-monotonic, ts-src-eof)
cap dqbuf: 3 seq:   1019 bytesused: 12441600 ts: 211.018870 delta: 33.315 ms delta now: +33.290 ms fps: 30.00 (ts-monotonic, ts-src-eof)
cap dqbuf: 0 seq:   1020 bytesused: 12441600 ts: 211.052235 delta: 33.365 ms delta now: +32.180 ms fps: 30.00 (ts-monotonic, ts-src-eof)
cap dqbuf: 1 seq:   1021 bytesused: 12441600 ts: 211.085536 delta: 33.301 ms delta now: +33.233 ms fps: 30.00 (ts-monotonic, ts-src-eof)
cap dqbuf: 2 seq:   1022 bytesused: 12441600 ts: 211.118902 delta: 33.366 ms delta now: +33.061 ms fps: 30.00 (ts-monotonic, ts-src-eof)
cap dqbuf: 3 seq:   1023 bytesused: 12441600 ts: 211.152217 delta: 33.315 ms delta now: +33.251 ms fps: 30.00 (ts-monotonic, ts-src-eof)
cap dqbuf: 0 seq:   1024 bytesused: 12441600 ts: 211.185568 delta: 33.351 ms delta now: +32.185 ms fps: 30.00 (ts-monotonic, ts-src-eof)
cap dqbuf: 1 seq:   1025 bytesused: 12441600 ts: 211.218882 delta: 33.314 ms delta now: +33.430 ms fps: 30.00 (ts-monotonic, ts-src-eof)
cap dqbuf: 2 seq:   1026 bytesused: 12441600 ts: 211.252225 delta: 33.343 ms delta now: +33.057 ms fps: 30.00 (ts-monotonic, ts-src-eof)
cap dqbuf: 3 seq:   1027 bytesused: 12441600 ts: 211.285548 delta: 33.323 ms delta now: +33.190 ms fps: 30.00 (ts-monotonic, ts-src-eof)
cap dqbuf: 0 seq:   1028 bytesused: 12441600 ts: 211.318887 delta: 33.339 ms delta now: +32.189 ms fps: 30.00 (ts-monotonic, ts-src-eof)
cap dqbuf: 1 seq:   1029 bytesused: 12441600 ts: 211.352215 delta: 33.328 ms delta now: +33.085 ms fps: 30.00 (ts-monotonic, ts-src-eof)
cap dqbuf: 2 seq:   1030 bytesused: 12441600 ts: 211.385549 delta: 33.334 ms delta now: +33.208 ms fps: 30.00 (ts-monotonic, ts-src-eof)
cap dqbuf: 3 seq:   1031 bytesused: 12441600 ts: 211.418901 delta: 33.352 ms delta now: +32.180 ms fps: 30.00 (ts-monotonic, ts-src-eof)
cap dqbuf: 0 seq:   1032 bytesused: 12441600 ts: 211.452203 delta: 33.302 ms delta now: +32.206 ms fps: 30.00 (ts-monotonic, ts-src-eof)
cap dqbuf: 1 seq:   1033 bytesused: 12441600 ts: 211.485537 delta: 33.334 ms delta now: +33.417 ms fps: 30.00 (ts-monotonic, ts-src-eof)
cap dqbuf: 2 seq:   1034 bytesused: 12441600 ts: 211.518902 delta: 33.365 ms delta now: +33.037 ms fps: 30.00 (ts-monotonic, ts-src-eof)
cap dqbuf: 3 seq:   1035 bytesused: 12441600 ts: 211.552215 delta: 33.313 ms delta now: +32.686 ms fps: 30.00 (ts-monotonic, ts-src-eof)
cap dqbuf: 0 seq:   1036 bytesused: 12441600 ts: 211.585537 delta: 33.322 ms delta now: +32.205 ms fps: 30.00 (ts-monotonic, ts-src-eof)
cap dqbuf: 1 seq:   1037 bytesused: 12441600 ts: 211.618881 delta: 33.344 ms delta now: +33.290 ms fps: 30.00 (ts-monotonic, ts-src-eof)
cap dqbuf: 2 seq:   1038 bytesused: 12441600 ts: 211.652221 delta: 33.340 ms delta now: +32.191 ms fps: 30.00 (ts-monotonic, ts-src-eof)
cap dqbuf: 3 seq:   1039 bytesused: 12441600 ts: 211.685537 delta: 33.316 ms delta now: +33.072 ms fps: 30.00 (ts-monotonic, ts-src-eof)
cap dqbuf: 0 seq:   1040 bytesused: 12441600 ts: 211.718870 delta: 33.333 ms delta now: +33.349 ms fps: 30.00 (ts-monotonic, ts-src-eof)
cap dqbuf: 1 seq:   1041 bytesused: 12441600 ts: 211.752236 delta: 33.366 ms delta now: +32.174 ms fps: 30.00 (ts-monotonic, ts-src-eof)
cap dqbuf: 2 seq:   1042 bytesused: 12441600 ts: 211.785537 delta: 33.301 ms delta now: +33.274 ms fps: 30.00 (ts-monotonic, ts-src-eof)
cap dqbuf: 3 seq:   1043 bytesused: 12441600 ts: 211.818888 delta: 33.351 ms delta now: +32.194 ms fps: 30.00 (ts-monotonic, ts-src-eof)
cap dqbuf: 0 seq:   1044 bytesused: 12441600 ts: 211.852214 delta: 33.326 ms delta now: +32.208 ms fps: 30.00 (ts-monotonic, ts-src-eof)
cap dqbuf: 1 seq:   1045 bytesused: 12441600 ts: 211.885549 delta: 33.335 ms delta now: +33.227 ms fps: 30.00 (ts-monotonic, ts-src-eof)
cap dqbuf: 2 seq:   1046 bytesused: 12441600 ts: 211.918901 delta: 33.352 ms delta now: +33.374 ms fps: 30.00 (ts-monotonic, ts-src-eof)
cap dqbuf: 3 seq:   1047 bytesused: 12441600 ts: 211.952223 delta: 33.322 ms delta now: +33.188 ms fps: 30.00 (ts-monotonic, ts-src-eof)
cap dqbuf: 0 seq:   1048 bytesused: 12441600 ts: 211.985569 delta: 33.346 ms delta now: +33.045 ms fps: 30.00 (ts-monotonic, ts-src-eof)
cap dqbuf: 1 seq:   1049 bytesused: 12441600 ts: 212.018882 delta: 33.313 ms delta now: +32.193 ms fps: 30.00 (ts-monotonic, ts-src-eof)
cap dqbuf: 2 seq:   1050 bytesused: 12441600 ts: 212.052215 delta: 33.333 ms delta now: +33.188 ms fps: 30.00 (ts-monotonic, ts-src-eof)
cap dqbuf: 3 seq:   1051 bytesused: 12441600 ts: 212.085555 delta: 33.340 ms delta now: +32.187 ms fps: 30.00 (ts-monotonic, ts-src-eof)
cap dqbuf: 0 seq:   1052 bytesused: 12441600 ts: 212.118882 delta: 33.327 ms delta now: +33.075 ms fps: 30.00 (ts-monotonic, ts-src-eof)
cap dqbuf: 1 seq:   1053 bytesused: 12441600 ts: 212.152204 delta: 33.322 ms delta now: +33.322 ms fps: 30.00 (ts-monotonic, ts-src-eof)
cap dqbuf: 2 seq:   1054 bytesused: 12441600 ts: 212.185555 delta: 33.351 ms delta now: +33.313 ms fps: 30.00 (ts-monotonic, ts-src-eof)
cap dqbuf: 3 seq:   1055 bytesused: 12441600 ts: 212.218888 delta: 33.333 ms delta now: +32.916 ms fps: 30.00 (ts-monotonic, ts-src-eof)
cap dqbuf: 0 seq:   1056 bytesused: 12441600 ts: 212.252215 delta: 33.327 ms delta now: +33.275 ms fps: 30.00 (ts-monotonic, ts-src-eof)
cap dqbuf: 1 seq:   1057 bytesused: 12441600 ts: 212.285562 delta: 33.347 ms delta now: +32.178 ms fps: 30.00 (ts-monotonic, ts-src-eof)
cap dqbuf: 2 seq:   1058 bytesused: 12441600 ts: 212.318870 delta: 33.308 ms delta now: +33.079 ms fps: 30.00 (ts-monotonic, ts-src-eof)
cap dqbuf: 3 seq:   1059 bytesused: 12441600 ts: 212.352216 delta: 33.346 ms delta now: +33.203 ms fps: 30.00 (ts-monotonic, ts-src-eof)
cap dqbuf: 0 seq:   1060 bytesused: 12441600 ts: 212.385568 delta: 33.352 ms delta now: +32.179 ms fps: 30.00 (ts-monotonic, ts-src-eof)
cap dqbuf: 1 seq:   1061 bytesused: 12441600 ts: 212.418870 delta: 33.302 ms delta now: +33.067 ms fps: 30.00 (ts-monotonic, ts-src-eof)
cap dqbuf: 2 seq:   1062 bytesused: 12441600 ts: 212.452215 delta: 33.345 ms delta now: +33.201 ms fps: 30.00 (ts-monotonic, ts-src-eof)
cap dqbuf: 3 seq:   1063 bytesused: 12441600 ts: 212.485568 delta: 33.353 ms delta now: +33.190 ms fps: 30.00 (ts-monotonic, ts-src-eof)
cap dqbuf: 0 seq:   1064 bytesused: 12441600 ts: 212.518888 delta: 33.320 ms delta now: +33.229 ms fps: 30.00 (ts-monotonic, ts-src-eof)
cap dqbuf: 1 seq:   1065 bytesused: 12441600 ts: 212.552222 delta: 33.334 ms delta now: +32.434 ms fps: 30.00 (ts-monotonic, ts-src-eof)
cap dqbuf: 2 seq:   1066 bytesused: 12441600 ts: 212.585549 delta: 33.327 ms delta now: +33.395 ms fps: 30.00 (ts-monotonic, ts-src-eof)
cap dqbuf: 3 seq:   1067 bytesused: 12441600 ts: 212.618904 delta: 33.355 ms delta now: +33.075 ms fps: 30.00 (ts-monotonic, ts-src-eof)
cap dqbuf: 0 seq:   1068 bytesused: 12441600 ts: 212.652203 delta: 33.299 ms delta now: +33.269 ms fps: 30.00 (ts-monotonic, ts-src-eof)
cap dqbuf: 1 seq:   1069 bytesused: 12441600 ts: 212.685576 delta: 33.373 ms delta now: +33.313 ms fps: 30.00 (ts-monotonic, ts-src-eof)
cap dqbuf: 2 seq:   1070 bytesused: 12441600 ts: 212.718902 delta: 33.326 ms delta now: +33.335 ms fps: 30.00 (ts-monotonic, ts-src-eof)
cap dqbuf: 3 seq:   1071 bytesused: 12441600 ts: 212.752235 delta: 33.333 ms delta now: +33.171 ms fps: 30.00 (ts-monotonic, ts-src-eof)
cap dqbuf: 0 seq:   1072 bytesused: 12441600 ts: 212.785568 delta: 33.333 ms delta now: +33.273 ms fps: 30.00 (ts-monotonic, ts-src-eof)
cap dqbuf: 1 seq:   1073 bytesused: 12441600 ts: 212.818894 delta: 33.326 ms delta now: +33.060 ms fps: 30.00 (ts-monotonic, ts-src-eof)
cap dqbuf: 2 seq:   1074 bytesused: 12441600 ts: 212.852219 delta: 33.325 ms delta now: +33.322 ms fps: 30.00 (ts-monotonic, ts-src-eof)
cap dqbuf: 3 seq:   1075 bytesused: 12441600 ts: 212.885554 delta: 33.335 ms delta now: +33.217 ms fps: 30.00 (ts-monotonic, ts-src-eof)
cap dqbuf: 0 seq:   1076 bytesused: 12441600 ts: 212.918908 delta: 33.354 ms delta now: +33.049 ms fps: 30.00 (ts-monotonic, ts-src-eof)
cap dqbuf: 1 seq:   1077 bytesused: 12441600 ts: 212.952204 delta: 33.296 ms delta now: +33.195 ms fps: 30.00 (ts-monotonic, ts-src-eof)
cap dqbuf: 2 seq:   1078 bytesused: 12441600 ts: 212.985554 delta: 33.350 ms delta now: +32.193 ms fps: 30.00 (ts-monotonic, ts-src-eof)
cap dqbuf: 3 seq:   1079 bytesused: 12441600 ts: 213.018870 delta: 33.316 ms delta now: +33.292 ms fps: 30.00 (ts-monotonic, ts-src-eof)
cap dqbuf: 0 seq:   1080 bytesused: 12441600 ts: 213.052235 delta: 33.365 ms delta now: +33.212 ms fps: 30.00 (ts-monotonic, ts-src-eof)
cap dqbuf: 1 seq:   1081 bytesused: 12441600 ts: 213.085555 delta: 33.320 ms delta now: +33.267 ms fps: 30.00 (ts-monotonic, ts-src-eof)
cap dqbuf: 2 seq:   1082 bytesused: 12441600 ts: 213.118889 delta: 33.334 ms delta now: +32.190 ms fps: 30.00 (ts-monotonic, ts-src-eof)
cap dqbuf: 3 seq:   1083 bytesused: 12441600 ts: 213.152216 delta: 33.327 ms delta now: +33.200 ms fps: 30.00 (ts-monotonic, ts-src-eof)
cap dqbuf: 0 seq:   1084 bytesused: 12441600 ts: 213.185569 delta: 33.353 ms delta now: +33.299 ms fps: 30.00 (ts-monotonic, ts-src-eof)
cap dqbuf: 1 seq:   1085 bytesused: 12441600 ts: 213.218905 delta: 33.336 ms delta now: +32.177 ms fps: 30.00 (ts-monotonic, ts-src-eof)
cap dqbuf: 2 seq:   1086 bytesused: 12441600 ts: 213.252215 delta: 33.310 ms delta now: +33.260 ms fps: 30.00 (ts-monotonic, ts-src-eof)
cap dqbuf: 3 seq:   1087 bytesused: 12441600 ts: 213.285568 delta: 33.353 ms delta now: +33.176 ms fps: 30.00 (ts-monotonic, ts-src-eof)
cap dqbuf: 0 seq:   1088 bytesused: 12441600 ts: 213.318888 delta: 33.320 ms delta now: +33.075 ms fps: 30.00 (ts-monotonic, ts-src-eof)
cap dqbuf: 1 seq:   1089 bytesused: 12441600 ts: 213.352215 delta: 33.327 ms delta now: +33.076 ms fps: 30.00 (ts-monotonic, ts-src-eof)
cap dqbuf: 2 seq:   1090 bytesused: 12441600 ts: 213.385537 delta: 33.322 ms delta now: +33.285 ms fps: 30.00 (ts-monotonic, ts-src-eof)
cap dqbuf: 3 seq:   1091 bytesused: 12441600 ts: 213.418901 delta: 33.364 ms delta now: +33.057 ms fps: 30.00 (ts-monotonic, ts-src-eof)
cap dqbuf: 0 seq:   1092 bytesused: 12441600 ts: 213.452215 delta: 33.314 ms delta now: +33.092 ms fps: 30.00 (ts-monotonic, ts-src-eof)
cap dqbuf: 1 seq:   1093 bytesused: 12441600 ts: 213.485537 delta: 33.322 ms delta now: +33.280 ms fps: 30.00 (ts-monotonic, ts-src-eof)
cap dqbuf: 2 seq:   1094 bytesused: 12441600 ts: 213.518900 delta: 33.363 ms delta now: +33.180 ms fps: 30.00 (ts-monotonic, ts-src-eof)
cap dqbuf: 3 seq:   1095 bytesused: 12441600 ts: 213.552223 delta: 33.323 ms delta now: +32.184 ms fps: 30.00 (ts-monotonic, ts-src-eof)
cap dqbuf: 0 seq:   1096 bytesused: 12441600 ts: 213.585537 delta: 33.314 ms delta now: +33.080 ms fps: 30.00 (ts-monotonic, ts-src-eof)
cap dqbuf: 1 seq:   1097 bytesused: 12441600 ts: 213.618882 delta: 33.345 ms delta now: +33.061 ms fps: 30.00 (ts-monotonic, ts-src-eof)
cap dqbuf: 2 seq:   1098 bytesused: 12441600 ts: 213.652204 delta: 33.322 ms delta now: +33.162 ms fps: 30.00 (ts-monotonic, ts-src-eof)
cap dqbuf: 3 seq:   1099 bytesused: 12441600 ts: 213.685567 delta: 33.363 ms delta now: +33.197 ms fps: 30.00 (ts-monotonic, ts-src-eof)
cap dqbuf: 0 seq:   1100 bytesused: 12441600 ts: 213.718901 delta: 33.334 ms delta now: +33.171 ms fps: 30.00 (ts-monotonic, ts-src-eof)
cap dqbuf: 1 seq:   1101 bytesused: 12441600 ts: 213.752235 delta: 33.334 ms delta now: +33.146 ms fps: 30.00 (ts-monotonic, ts-src-eof)
cap dqbuf: 2 seq:   1102 bytesused: 12441600 ts: 213.785568 delta: 33.333 ms delta now: +33.299 ms fps: 30.00 (ts-monotonic, ts-src-eof)
cap dqbuf: 3 seq:   1103 bytesused: 12441600 ts: 213.818904 delta: 33.336 ms delta now: +32.171 ms fps: 30.00 (ts-monotonic, ts-src-eof)
cap dqbuf: 0 seq:   1104 bytesused: 12441600 ts: 213.852204 delta: 33.300 ms delta now: +33.067 ms fps: 30.00 (ts-monotonic, ts-src-eof)
cap dqbuf: 1 seq:   1105 bytesused: 12441600 ts: 213.885549 delta: 33.345 ms delta now: +33.182 ms fps: 30.00 (ts-monotonic, ts-src-eof)
cap dqbuf: 2 seq:   1106 bytesused: 12441600 ts: 213.918901 delta: 33.352 ms delta now: +32.177 ms fps: 30.00 (ts-monotonic, ts-src-eof)
cap dqbuf: 3 seq:   1107 bytesused: 12441600 ts: 213.952215 delta: 33.314 ms delta now: +33.181 ms fps: 30.00 (ts-monotonic, ts-src-eof)
cap dqbuf: 0 seq:   1108 bytesused: 12441600 ts: 213.985555 delta: 33.340 ms delta now: +32.194 ms fps: 30.00 (ts-monotonic, ts-src-eof)
cap dqbuf: 1 seq:   1109 bytesused: 12441600 ts: 214.018882 delta: 33.327 ms delta now: +33.314 ms fps: 30.00 (ts-monotonic, ts-src-eof)
cap dqbuf: 2 seq:   1110 bytesused: 12441600 ts: 214.052221 delta: 33.339 ms delta now: +33.053 ms fps: 30.00 (ts-monotonic, ts-src-eof)
cap dqbuf: 3 seq:   1111 bytesused: 12441600 ts: 214.085537 delta: 33.316 ms delta now: +32.204 ms fps: 30.00 (ts-monotonic, ts-src-eof)
cap dqbuf: 0 seq:   1112 bytesused: 12441600 ts: 214.118870 delta: 33.333 ms delta now: +32.208 ms fps: 30.00 (ts-monotonic, ts-src-eof)
cap dqbuf: 1 seq:   1113 bytesused: 12441600 ts: 214.152216 delta: 33.346 ms delta now: +33.287 ms fps: 30.00 (ts-monotonic, ts-src-eof)
cap dqbuf: 2 seq:   1114 bytesused: 12441600 ts: 214.185571 delta: 33.355 ms delta now: +33.347 ms fps: 30.00 (ts-monotonic, ts-src-eof)
cap dqbuf: 3 seq:   1115 bytesused: 12441600 ts: 214.218905 delta: 33.334 ms delta now: +33.215 ms fps: 30.00 (ts-monotonic, ts-src-eof)
cap dqbuf: 0 seq:   1116 bytesused: 12441600 ts: 214.252251 delta: 33.346 ms delta now: +33.148 ms fps: 30.00 (ts-monotonic, ts-src-eof)
cap dqbuf: 1 seq:   1117 bytesused: 12441600 ts: 214.285554 delta: 33.303 ms delta now: +33.063 ms fps: 30.00 (ts-monotonic, ts-src-eof)
cap dqbuf: 2 seq:   1118 bytesused: 12441600 ts: 214.318871 delta: 33.317 ms delta now: +33.360 ms fps: 30.00 (ts-monotonic, ts-src-eof)
cap dqbuf: 3 seq:   1119 bytesused: 12441600 ts: 214.352225 delta: 33.354 ms delta now: +33.167 ms fps: 30.00 (ts-monotonic, ts-src-eof)
cap dqbuf: 0 seq:   1120 bytesused: 12441600 ts: 214.385554 delta: 33.329 ms delta now: +33.403 ms fps: 30.00 (ts-monotonic, ts-src-eof)
cap dqbuf: 1 seq:   1121 bytesused: 12441600 ts: 214.418905 delta: 33.351 ms delta now: +32.175 ms fps: 30.00 (ts-monotonic, ts-src-eof)
cap dqbuf: 2 seq:   1122 bytesused: 12441600 ts: 214.452205 delta: 33.300 ms delta now: +33.249 ms fps: 30.00 (ts-monotonic, ts-src-eof)
cap dqbuf: 3 seq:   1123 bytesused: 12441600 ts: 214.485569 delta: 33.364 ms delta now: +33.271 ms fps: 30.00 (ts-monotonic, ts-src-eof)
cap dqbuf: 0 seq:   1124 bytesused: 12441600 ts: 214.518889 delta: 33.320 ms delta now: +33.302 ms fps: 30.00 (ts-monotonic, ts-src-eof)
cap dqbuf: 1 seq:   1125 bytesused: 12441600 ts: 214.552235 delta: 33.346 ms delta now: +33.294 ms fps: 30.00 (ts-monotonic, ts-src-eof)
cap dqbuf: 2 seq:   1126 bytesused: 12441600 ts: 214.585568 delta: 33.333 ms delta now: +33.051 ms fps: 30.00 (ts-monotonic, ts-src-eof)
cap dqbuf: 3 seq:   1127 bytesused: 12441600 ts: 214.618871 delta: 33.303 ms delta now: +32.218 ms fps: 30.00 (ts-monotonic, ts-src-eof)
cap dqbuf: 0 seq:   1128 bytesused: 12441600 ts: 214.652203 delta: 33.332 ms delta now: +33.196 ms fps: 30.00 (ts-monotonic, ts-src-eof)
cap dqbuf: 1 seq:   1129 bytesused: 12441600 ts: 214.685571 delta: 33.368 ms delta now: +33.169 ms fps: 30.00 (ts-monotonic, ts-src-eof)
cap dqbuf: 2 seq:   1130 bytesused: 12441600 ts: 214.718903 delta: 33.332 ms delta now: +33.251 ms fps: 30.00 (ts-monotonic, ts-src-eof)
cap dqbuf: 3 seq:   1131 bytesused: 12441600 ts: 214.752221 delta: 33.318 ms delta now: +32.188 ms fps: 30.00 (ts-monotonic, ts-src-eof)
cap dqbuf: 0 seq:   1132 bytesused: 12441600 ts: 214.785548 delta: 33.327 ms delta now: +32.199 ms fps: 30.00 (ts-monotonic, ts-src-eof)
cap dqbuf: 1 seq:   1133 bytesused: 12441600 ts: 214.818870 delta: 33.322 ms delta now: +32.211 ms fps: 30.00 (ts-monotonic, ts-src-eof)
cap dqbuf: 2 seq:   1134 bytesused: 12441600 ts: 214.852215 delta: 33.345 ms delta now: +33.214 ms fps: 30.00 (ts-monotonic, ts-src-eof)
cap dqbuf: 3 seq:   1135 bytesused: 12441600 ts: 214.885573 delta: 33.358 ms delta now: +32.254 ms fps: 30.00 (ts-monotonic, ts-src-eof)
cap dqbuf: 0 seq:   1136 bytesused: 12441600 ts: 214.918882 delta: 33.309 ms delta now: +33.243 ms fps: 30.00 (ts-monotonic, ts-src-eof)
cap dqbuf: 1 seq:   1137 bytesused: 12441600 ts: 214.952225 delta: 33.343 ms delta now: +33.202 ms fps: 30.00 (ts-monotonic, ts-src-eof)
cap dqbuf: 2 seq:   1138 bytesused: 12441600 ts: 214.985554 delta: 33.329 ms delta now: +33.289 ms fps: 30.00 (ts-monotonic, ts-src-eof)
cap dqbuf: 3 seq:   1139 bytesused: 12441600 ts: 215.018902 delta: 33.348 ms delta now: +33.159 ms fps: 30.00 (ts-monotonic, ts-src-eof)
cap dqbuf: 0 seq:   1140 bytesused: 12441600 ts: 215.052236 delta: 33.334 ms delta now: +32.174 ms fps: 30.00 (ts-monotonic, ts-src-eof)
cap dqbuf: 1 seq:   1141 bytesused: 12441600 ts: 215.085537 delta: 33.301 ms delta now: +33.463 ms fps: 30.00 (ts-monotonic, ts-src-eof)
cap dqbuf: 2 seq:   1142 bytesused: 12441600 ts: 215.118903 delta: 33.366 ms delta now: +33.045 ms fps: 30.00 (ts-monotonic, ts-src-eof)
cap dqbuf: 3 seq:   1143 bytesused: 12441600 ts: 215.152218 delta: 33.315 ms delta now: +33.277 ms fps: 30.00 (ts-monotonic, ts-src-eof)
cap dqbuf: 0 seq:   1144 bytesused: 12441600 ts: 215.185556 delta: 33.338 ms delta now: +33.115 ms fps: 30.00 (ts-monotonic, ts-src-eof)
cap dqbuf: 1 seq:   1145 bytesused: 12441600 ts: 215.218870 delta: 33.314 ms delta now: +32.216 ms fps: 30.00 (ts-monotonic, ts-src-eof)
cap dqbuf: 2 seq:   1146 bytesused: 12441600 ts: 215.252216 delta: 33.346 ms delta now: +32.199 ms fps: 30.00 (ts-monotonic, ts-src-eof)
cap dqbuf: 3 seq:   1147 bytesused: 12441600 ts: 215.285550 delta: 33.334 ms delta now: +32.192 ms fps: 30.00 (ts-monotonic, ts-src-eof)
cap dqbuf: 0 seq:   1148 bytesused: 12441600 ts: 215.318870 delta: 33.320 ms delta now: +33.062 ms fps: 30.00 (ts-monotonic, ts-src-eof)
cap dqbuf: 1 seq:   1149 bytesused: 12441600 ts: 215.352203 delta: 33.333 ms delta now: +33.187 ms fps: 30.00 (ts-monotonic, ts-src-eof)
cap dqbuf: 2 seq:   1150 bytesused: 12441600 ts: 215.385568 delta: 33.365 ms delta now: +33.243 ms fps: 30.00 (ts-monotonic, ts-src-eof)
cap dqbuf: 3 seq:   1151 bytesused: 12441600 ts: 215.418889 delta: 33.321 ms delta now: +33.386 ms fps: 30.00 (ts-monotonic, ts-src-eof)
cap dqbuf: 0 seq:   1152 bytesused: 12441600 ts: 215.452223 delta: 33.334 ms delta now: +33.188 ms fps: 30.00 (ts-monotonic, ts-src-eof)
cap dqbuf: 1 seq:   1153 bytesused: 12441600 ts: 215.485568 delta: 33.345 ms delta now: +32.172 ms fps: 30.00 (ts-monotonic, ts-src-eof)
cap dqbuf: 2 seq:   1154 bytesused: 12441600 ts: 215.518871 delta: 33.303 ms delta now: +33.342 ms fps: 30.00 (ts-monotonic, ts-src-eof)
cap dqbuf: 3 seq:   1155 bytesused: 12441600 ts: 215.552228 delta: 33.357 ms delta now: +33.051 ms fps: 30.00 (ts-monotonic, ts-src-eof)
cap dqbuf: 0 seq:   1156 bytesused: 12441600 ts: 215.585537 delta: 33.309 ms delta now: +33.214 ms fps: 30.00 (ts-monotonic, ts-src-eof)
cap dqbuf: 1 seq:   1157 bytesused: 12441600 ts: 215.618896 delta: 33.359 ms delta now: +32.185 ms fps: 30.00 (ts-monotonic, ts-src-eof)
cap dqbuf: 2 seq:   1158 bytesused: 12441600 ts: 215.652216 delta: 33.320 ms delta now: +33.231 ms fps: 30.00 (ts-monotonic, ts-src-eof)
cap dqbuf: 3 seq:   1159 bytesused: 12441600 ts: 215.685555 delta: 33.339 ms delta now: +33.276 ms fps: 30.00 (ts-monotonic, ts-src-eof)
cap dqbuf: 0 seq:   1160 bytesused: 12441600 ts: 215.718897 delta: 33.342 ms delta now: +33.247 ms fps: 30.00 (ts-monotonic, ts-src-eof)
cap dqbuf: 1 seq:   1161 bytesused: 12441600 ts: 215.752221 delta: 33.324 ms delta now: +32.187 ms fps: 30.00 (ts-monotonic, ts-src-eof)
cap dqbuf: 2 seq:   1162 bytesused: 12441600 ts: 215.785537 delta: 33.316 ms delta now: +32.205 ms fps: 30.00 (ts-monotonic, ts-src-eof)
cap dqbuf: 3 seq:   1163 bytesused: 12441600 ts: 215.818882 delta: 33.345 ms delta now: +33.208 ms fps: 30.00 (ts-monotonic, ts-src-eof)
cap dqbuf: 0 seq:   1164 bytesused: 12441600 ts: 215.852235 delta: 33.353 ms delta now: +33.277 ms fps: 30.00 (ts-monotonic, ts-src-eof)
cap dqbuf: 1 seq:   1165 bytesused: 12441600 ts: 215.885555 delta: 33.320 ms delta now: +33.257 ms fps: 30.00 (ts-monotonic, ts-src-eof)
cap dqbuf: 2 seq:   1166 bytesused: 12441600 ts: 215.918908 delta: 33.353 ms delta now: +32.167 ms fps: 30.00 (ts-monotonic, ts-src-eof)
cap dqbuf: 3 seq:   1167 bytesused: 12441600 ts: 215.952204 delta: 33.296 ms delta now: +32.221 ms fps: 30.00 (ts-monotonic, ts-src-eof)
cap dqbuf: 0 seq:   1168 bytesused: 12441600 ts: 215.985548 delta: 33.344 ms delta now: +32.207 ms fps: 30.00 (ts-monotonic, ts-src-eof)
cap dqbuf: 1 seq:   1169 bytesused: 12441600 ts: 216.018871 delta: 33.323 ms delta now: +33.196 ms fps: 30.00 (ts-monotonic, ts-src-eof)
cap dqbuf: 2 seq:   1170 bytesused: 12441600 ts: 216.052235 delta: 33.364 ms delta now: +33.038 ms fps: 30.00 (ts-monotonic, ts-src-eof)
cap dqbuf: 3 seq:   1171 bytesused: 12441600 ts: 216.085549 delta: 33.314 ms delta now: +33.064 ms fps: 30.00 (ts-monotonic, ts-src-eof)
cap dqbuf: 0 seq:   1172 bytesused: 12441600 ts: 216.118871 delta: 33.322 ms delta now: +33.397 ms fps: 30.00 (ts-monotonic, ts-src-eof)
cap dqbuf: 1 seq:   1173 bytesused: 12441600 ts: 216.152224 delta: 33.353 ms delta now: +33.254 ms fps: 30.00 (ts-monotonic, ts-src-eof)
cap dqbuf: 2 seq:   1174 bytesused: 12441600 ts: 216.185570 delta: 33.346 ms delta now: +33.036 ms fps: 30.00 (ts-monotonic, ts-src-eof)
cap dqbuf: 3 seq:   1175 bytesused: 12441600 ts: 216.218882 delta: 33.312 ms delta now: +32.664 ms fps: 30.00 (ts-monotonic, ts-src-eof)
cap dqbuf: 0 seq:   1176 bytesused: 12441600 ts: 216.252215 delta: 33.333 ms delta now: +32.206 ms fps: 30.00 (ts-monotonic, ts-src-eof)
cap dqbuf: 1 seq:   1177 bytesused: 12441600 ts: 216.285549 delta: 33.334 ms delta now: +32.193 ms fps: 30.00 (ts-monotonic, ts-src-eof)
cap dqbuf: 2 seq:   1178 bytesused: 12441600 ts: 216.318883 delta: 33.334 ms delta now: +33.068 ms fps: 30.00 (ts-monotonic, ts-src-eof)
cap dqbuf: 3 seq:   1179 bytesused: 12441600 ts: 216.352203 delta: 33.320 ms delta now: +33.071 ms fps: 30.00 (ts-monotonic, ts-src-eof)
cap dqbuf: 0 seq:   1180 bytesused: 12441600 ts: 216.385538 delta: 33.335 ms delta now: +33.328 ms fps: 30.00 (ts-monotonic, ts-src-eof)
cap dqbuf: 1 seq:   1181 bytesused: 12441600 ts: 216.418902 delta: 33.364 ms delta now: +33.223 ms fps: 30.00 (ts-monotonic, ts-src-eof)
cap dqbuf: 2 seq:   1182 bytesused: 12441600 ts: 216.452238 delta: 33.336 ms delta now: +32.171 ms fps: 30.00 (ts-monotonic, ts-src-eof)
cap dqbuf: 3 seq:   1183 bytesused: 12441600 ts: 216.485538 delta: 33.300 ms delta now: +33.064 ms fps: 30.00 (ts-monotonic, ts-src-eof)
cap dqbuf: 0 seq:   1184 bytesused: 12441600 ts: 216.518882 delta: 33.344 ms delta now: +33.165 ms fps: 30.00 (ts-monotonic, ts-src-eof)
cap dqbuf: 1 seq:   1185 bytesused: 12441600 ts: 216.552234 delta: 33.352 ms delta now: +32.175 ms fps: 30.00 (ts-monotonic, ts-src-eof)
cap dqbuf: 2 seq:   1186 bytesused: 12441600 ts: 216.585537 delta: 33.303 ms delta now: +32.209 ms fps: 30.00 (ts-monotonic, ts-src-eof)
cap dqbuf: 3 seq:   1187 bytesused: 12441600 ts: 216.618871 delta: 33.334 ms delta now: +33.417 ms fps: 30.00 (ts-monotonic, ts-src-eof)
cap dqbuf: 0 seq:   1188 bytesused: 12441600 ts: 216.652240 delta: 33.369 ms delta now: +33.184 ms fps: 30.00 (ts-monotonic, ts-src-eof)
cap dqbuf: 1 seq:   1189 bytesused: 12441600 ts: 216.685554 delta: 33.314 ms delta now: +33.191 ms fps: 30.00 (ts-monotonic, ts-src-eof)
cap dqbuf: 2 seq:   1190 bytesused: 12441600 ts: 216.718888 delta: 33.334 ms delta now: +33.067 ms fps: 30.00 (ts-monotonic, ts-src-eof)
cap dqbuf: 3 seq:   1191 bytesused: 12441600 ts: 216.752219 delta: 33.331 ms delta now: +33.056 ms fps: 30.00 (ts-monotonic, ts-src-eof)
cap dqbuf: 0 seq:   1192 bytesused: 12441600 ts: 216.785537 delta: 33.318 ms delta now: +33.191 ms fps: 30.00 (ts-monotonic, ts-src-eof)
cap dqbuf: 1 seq:   1193 bytesused: 12441600 ts: 216.818889 delta: 33.352 ms delta now: +33.271 ms fps: 30.00 (ts-monotonic, ts-src-eof)
cap dqbuf: 2 seq:   1194 bytesused: 12441600 ts: 216.852236 delta: 33.347 ms delta now: +33.272 ms fps: 30.00 (ts-monotonic, ts-src-eof)
cap dqbuf: 3 seq:   1195 bytesused: 12441600 ts: 216.885568 delta: 33.332 ms delta now: +33.372 ms fps: 30.00 (ts-monotonic, ts-src-eof)
cap dqbuf: 0 seq:   1196 bytesused: 12441600 ts: 216.918892 delta: 33.324 ms delta now: +33.204 ms fps: 30.00 (ts-monotonic, ts-src-eof)
cap dqbuf: 1 seq:   1197 bytesused: 12441600 ts: 216.952223 delta: 33.331 ms delta now: +33.057 ms fps: 30.00 (ts-monotonic, ts-src-eof)
cap dqbuf: 2 seq:   1198 bytesused: 12441600 ts: 216.985537 delta: 33.314 ms delta now: +33.276 ms fps: 30.00 (ts-monotonic, ts-src-eof)
cap dqbuf: 3 seq:   1199 bytesused: 12441600 ts: 217.018902 delta: 33.365 ms delta now: +33.155 ms fps: 30.00 (ts-monotonic, ts-src-eof)
cap dqbuf: 0 seq:   1200 bytesused: 12441600 ts: 217.052222 delta: 33.320 ms delta now: +33.188 ms fps: 30.00 (ts-monotonic, ts-src-eof)
cap dqbuf: 1 seq:   1201 bytesused: 12441600 ts: 217.085555 delta: 33.333 ms delta now: +33.293 ms fps: 30.00 (ts-monotonic, ts-src-eof)
cap dqbuf: 2 seq:   1202 bytesused: 12441600 ts: 217.118889 delta: 33.334 ms delta now: +41.926 ms fps: 30.00 (ts-monotonic, ts-src-eof)
cap dqbuf: 3 seq:   1203 bytesused: 12441600 ts: 217.152225 delta: 33.336 ms delta now: +32.204 ms fps: 30.00 (ts-monotonic, ts-src-eof)
cap dqbuf: 0 seq:   1204 bytesused: 12441600 ts: 217.185549 delta: 33.324 ms delta now: +33.070 ms fps: 30.00 (ts-monotonic, ts-src-eof)
cap dqbuf: 1 seq:   1205 bytesused: 12441600 ts: 217.218882 delta: 33.333 ms delta now: +33.271 ms fps: 30.00 (ts-monotonic, ts-src-eof)
cap dqbuf: 2 seq:   1206 bytesused: 12441600 ts: 217.252223 delta: 33.341 ms delta now: +33.057 ms fps: 30.00 (ts-monotonic, ts-src-eof)
cap dqbuf: 3 seq:   1207 bytesused: 12441600 ts: 217.285549 delta: 33.326 ms delta now: +33.312 ms fps: 30.00 (ts-monotonic, ts-src-eof)
cap dqbuf: 0 seq:   1208 bytesused: 12441600 ts: 217.318888 delta: 33.339 ms delta now: +32.192 ms fps: 30.00 (ts-monotonic, ts-src-eof)
cap dqbuf: 1 seq:   1209 bytesused: 12441600 ts: 217.352205 delta: 33.317 ms delta now: +32.203 ms fps: 30.00 (ts-monotonic, ts-src-eof)
cap dqbuf: 2 seq:   1210 bytesused: 12441600 ts: 217.385549 delta: 33.344 ms delta now: +32.192 ms fps: 30.00 (ts-monotonic, ts-src-eof)
cap dqbuf: 3 seq:   1211 bytesused: 12441600 ts: 217.418883 delta: 33.334 ms delta now: +33.177 ms fps: 30.00 (ts-monotonic, ts-src-eof)
cap dqbuf: 0 seq:   1212 bytesused: 12441600 ts: 217.452235 delta: 33.352 ms delta now: +33.262 ms fps: 30.00 (ts-monotonic, ts-src-eof)
cap dqbuf: 1 seq:   1213 bytesused: 12441600 ts: 217.485554 delta: 33.319 ms delta now: +32.187 ms fps: 30.00 (ts-monotonic, ts-src-eof)
cap dqbuf: 2 seq:   1214 bytesused: 12441600 ts: 217.518882 delta: 33.328 ms delta now: +33.064 ms fps: 30.00 (ts-monotonic, ts-src-eof)
cap dqbuf: 3 seq:   1215 bytesused: 12441600 ts: 217.552215 delta: 33.333 ms delta now: +33.346 ms fps: 30.00 (ts-monotonic, ts-src-eof)
cap dqbuf: 0 seq:   1216 bytesused: 12441600 ts: 217.585574 delta: 33.359 ms delta now: +33.145 ms fps: 30.00 (ts-monotonic, ts-src-eof)
cap dqbuf: 1 seq:   1217 bytesused: 12441600 ts: 217.618896 delta: 33.322 ms delta now: +33.037 ms fps: 30.00 (ts-monotonic, ts-src-eof)
cap dqbuf: 2 seq:   1218 bytesused: 12441600 ts: 217.652216 delta: 33.320 ms delta now: +33.059 ms fps: 30.00 (ts-monotonic, ts-src-eof)
cap dqbuf: 3 seq:   1219 bytesused: 12441600 ts: 217.685549 delta: 33.333 ms delta now: +32.191 ms fps: 30.00 (ts-monotonic, ts-src-eof)
cap dqbuf: 0 seq:   1220 bytesused: 12441600 ts: 217.718870 delta: 33.321 ms delta now: +33.287 ms fps: 30.00 (ts-monotonic, ts-src-eof)
cap dqbuf: 1 seq:   1221 bytesused: 12441600 ts: 217.752235 delta: 33.365 ms delta now: +33.289 ms fps: 30.00 (ts-monotonic, ts-src-eof)
cap dqbuf: 2 seq:   1222 bytesused: 12441600 ts: 217.785569 delta: 33.334 ms delta now: +33.149 ms fps: 30.00 (ts-monotonic, ts-src-eof)
cap dqbuf: 3 seq:   1223 bytesused: 12441600 ts: 217.818896 delta: 33.327 ms delta now: +33.307 ms fps: 30.00 (ts-monotonic, ts-src-eof)
cap dqbuf: 0 seq:   1224 bytesused: 12441600 ts: 217.852227 delta: 33.331 ms delta now: +32.182 ms fps: 30.00 (ts-monotonic, ts-src-eof)
cap dqbuf: 1 seq:   1225 bytesused: 12441600 ts: 217.885550 delta: 33.323 ms delta now: +33.175 ms fps: 30.00 (ts-monotonic, ts-src-eof)
cap dqbuf: 2 seq:   1226 bytesused: 12441600 ts: 217.918903 delta: 33.353 ms delta now: +33.218 ms fps: 30.00 (ts-monotonic, ts-src-eof)
cap dqbuf: 3 seq:   1227 bytesused: 12441600 ts: 217.952242 delta: 33.339 ms delta now: +33.047 ms fps: 30.00 (ts-monotonic, ts-src-eof)
cap dqbuf: 0 seq:   1228 bytesused: 12441600 ts: 217.985549 delta: 33.307 ms delta now: +33.261 ms fps: 30.00 (ts-monotonic, ts-src-eof)
cap dqbuf: 1 seq:   1229 bytesused: 12441600 ts: 218.018902 delta: 33.353 ms delta now: +32.641 ms fps: 30.00 (ts-monotonic, ts-src-eof)
cap dqbuf: 2 seq:   1230 bytesused: 12441600 ts: 218.052204 delta: 33.302 ms delta now: +33.071 ms fps: 30.00 (ts-monotonic, ts-src-eof)
cap dqbuf: 3 seq:   1231 bytesused: 12441600 ts: 218.085538 delta: 33.334 ms delta now: +32.205 ms fps: 30.00 (ts-monotonic, ts-src-eof)
cap dqbuf: 0 seq:   1232 bytesused: 12441600 ts: 218.118882 delta: 33.344 ms delta now: +32.196 ms fps: 30.00 (ts-monotonic, ts-src-eof)
cap dqbuf: 1 seq:   1233 bytesused: 12441600 ts: 218.152204 delta: 33.322 ms delta now: +33.082 ms fps: 30.00 (ts-monotonic, ts-src-eof)
cap dqbuf: 2 seq:   1234 bytesused: 12441600 ts: 218.185556 delta: 33.352 ms delta now: +32.202 ms fps: 30.00 (ts-monotonic, ts-src-eof)
cap dqbuf: 3 seq:   1235 bytesused: 12441600 ts: 218.218871 delta: 33.315 ms delta now: +33.211 ms fps: 30.00 (ts-monotonic, ts-src-eof)
cap dqbuf: 0 seq:   1236 bytesused: 12441600 ts: 218.252235 delta: 33.364 ms delta now: +33.157 ms fps: 30.00 (ts-monotonic, ts-src-eof)
cap dqbuf: 1 seq:   1237 bytesused: 12441600 ts: 218.285556 delta: 33.321 ms delta now: +32.199 ms fps: 30.00 (ts-monotonic, ts-src-eof)
cap dqbuf: 2 seq:   1238 bytesused: 12441600 ts: 218.318883 delta: 33.327 ms delta now: +33.210 ms fps: 30.00 (ts-monotonic, ts-src-eof)
cap dqbuf: 3 seq:   1239 bytesused: 12441600 ts: 218.352222 delta: 33.339 ms delta now: +32.189 ms fps: 30.00 (ts-monotonic, ts-src-eof)
cap dqbuf: 0 seq:   1240 bytesused: 12441600 ts: 218.385550 delta: 33.328 ms delta now: +33.222 ms fps: 30.00 (ts-monotonic, ts-src-eof)
cap dqbuf: 1 seq:   1241 bytesused: 12441600 ts: 218.418888 delta: 33.338 ms delta now: +32.217 ms fps: 30.00 (ts-monotonic, ts-src-eof)
cap dqbuf: 2 seq:   1242 bytesused: 12441600 ts: 218.452216 delta: 33.328 ms delta now: +33.251 ms fps: 30.00 (ts-monotonic, ts-src-eof)
cap dqbuf: 3 seq:   1243 bytesused: 12441600 ts: 218.485557 delta: 33.341 ms delta now: +32.185 ms fps: 30.00 (ts-monotonic, ts-src-eof)
cap dqbuf: 0 seq:   1244 bytesused: 12441600 ts: 218.518882 delta: 33.325 ms delta now: +32.198 ms fps: 30.00 (ts-monotonic, ts-src-eof)
cap dqbuf: 1 seq:   1245 bytesused: 12441600 ts: 218.552216 delta: 33.334 ms delta now: +33.189 ms fps: 30.00 (ts-monotonic, ts-src-eof)
cap dqbuf: 2 seq:   1246 bytesused: 12441600 ts: 218.585570 delta: 33.354 ms delta now: +32.172 ms fps: 30.00 (ts-monotonic, ts-src-eof)
cap dqbuf: 3 seq:   1247 bytesused: 12441600 ts: 218.618882 delta: 33.312 ms delta now: +32.192 ms fps: 30.00 (ts-monotonic, ts-src-eof)
cap dqbuf: 0 seq:   1248 bytesused: 12441600 ts: 218.652215 delta: 33.333 ms delta now: +33.077 ms fps: 30.00 (ts-monotonic, ts-src-eof)
cap dqbuf: 1 seq:   1249 bytesused: 12441600 ts: 218.685549 delta: 33.334 ms delta now: +32.195 ms fps: 30.00 (ts-monotonic, ts-src-eof)
cap dqbuf: 2 seq:   1250 bytesused: 12441600 ts: 218.718882 delta: 33.333 ms delta now: +33.088 ms fps: 30.00 (ts-monotonic, ts-src-eof)
cap dqbuf: 3 seq:   1251 bytesused: 12441600 ts: 218.752216 delta: 33.334 ms delta now: +33.197 ms fps: 30.00 (ts-monotonic, ts-src-eof)
cap dqbuf: 0 seq:   1252 bytesused: 12441600 ts: 218.785568 delta: 33.352 ms delta now: +32.298 ms fps: 30.00 (ts-monotonic, ts-src-eof)
cap dqbuf: 1 seq:   1253 bytesused: 12441600 ts: 218.818882 delta: 33.314 ms delta now: +33.210 ms fps: 30.00 (ts-monotonic, ts-src-eof)
cap dqbuf: 2 seq:   1254 bytesused: 12441600 ts: 218.852223 delta: 33.341 ms delta now: +33.352 ms fps: 30.00 (ts-monotonic, ts-src-eof)
cap dqbuf: 3 seq:   1255 bytesused: 12441600 ts: 218.885569 delta: 33.346 ms delta now: +33.172 ms fps: 30.00 (ts-monotonic, ts-src-eof)
cap dqbuf: 0 seq:   1256 bytesused: 12441600 ts: 218.918889 delta: 33.320 ms delta now: +33.272 ms fps: 30.00 (ts-monotonic, ts-src-eof)
cap dqbuf: 1 seq:   1257 bytesused: 12441600 ts: 218.952227 delta: 33.338 ms delta now: +33.048 ms fps: 30.00 (ts-monotonic, ts-src-eof)
cap dqbuf: 2 seq:   1258 bytesused: 12441600 ts: 218.985538 delta: 33.311 ms delta now: +33.176 ms fps: 30.00 (ts-monotonic, ts-src-eof)
cap dqbuf: 3 seq:   1259 bytesused: 12441600 ts: 219.018903 delta: 33.365 ms delta now: +33.172 ms fps: 30.00 (ts-monotonic, ts-src-eof)
cap dqbuf: 0 seq:   1260 bytesused: 12441600 ts: 219.052235 delta: 33.332 ms delta now: +33.187 ms fps: 30.00 (ts-monotonic, ts-src-eof)
cap dqbuf: 1 seq:   1261 bytesused: 12441600 ts: 219.085569 delta: 33.334 ms delta now: +33.040 ms fps: 30.00 (ts-monotonic, ts-src-eof)
cap dqbuf: 2 seq:   1262 bytesused: 12441600 ts: 219.118882 delta: 33.313 ms delta now: +33.056 ms fps: 30.00 (ts-monotonic, ts-src-eof)
cap dqbuf: 3 seq:   1263 bytesused: 12441600 ts: 219.152205 delta: 33.323 ms delta now: +33.206 ms fps: 30.00 (ts-monotonic, ts-src-eof)
cap dqbuf: 0 seq:   1264 bytesused: 12441600 ts: 219.185557 delta: 33.352 ms delta now: +33.068 ms fps: 30.00 (ts-monotonic, ts-src-eof)
cap dqbuf: 1 seq:   1265 bytesused: 12441600 ts: 219.218871 delta: 33.314 ms delta now: +33.178 ms fps: 30.00 (ts-monotonic, ts-src-eof)
cap dqbuf: 2 seq:   1266 bytesused: 12441600 ts: 219.252236 delta: 33.365 ms delta now: +32.180 ms fps: 30.00 (ts-monotonic, ts-src-eof)
cap dqbuf: 3 seq:   1267 bytesused: 12441600 ts: 219.285549 delta: 33.313 ms delta now: +33.053 ms fps: 30.00 (ts-monotonic, ts-src-eof)
cap dqbuf: 0 seq:   1268 bytesused: 12441600 ts: 219.318883 delta: 33.334 ms delta now: +33.202 ms fps: 30.00 (ts-monotonic, ts-src-eof)
cap dqbuf: 1 seq:   1269 bytesused: 12441600 ts: 219.352235 delta: 33.352 ms delta now: +33.288 ms fps: 30.00 (ts-monotonic, ts-src-eof)
cap dqbuf: 2 seq:   1270 bytesused: 12441600 ts: 219.385555 delta: 33.320 ms delta now: +33.157 ms fps: 30.00 (ts-monotonic, ts-src-eof)
cap dqbuf: 3 seq:   1271 bytesused: 12441600 ts: 219.418890 delta: 33.335 ms delta now: +32.186 ms fps: 30.00 (ts-monotonic, ts-src-eof)
cap dqbuf: 0 seq:   1272 bytesused: 12441600 ts: 219.452204 delta: 33.314 ms delta now: +32.203 ms fps: 30.00 (ts-monotonic, ts-src-eof)
cap dqbuf: 1 seq:   1273 bytesused: 12441600 ts: 219.485537 delta: 33.333 ms delta now: +32.207 ms fps: 30.00 (ts-monotonic, ts-src-eof)
cap dqbuf: 2 seq:   1274 bytesused: 12441600 ts: 219.518871 delta: 33.334 ms delta now: +33.257 ms fps: 30.00 (ts-monotonic, ts-src-eof)
cap dqbuf: 3 seq:   1275 bytesused: 12441600 ts: 219.552222 delta: 33.351 ms delta now: +32.196 ms fps: 30.00 (ts-monotonic, ts-src-eof)
cap dqbuf: 0 seq:   1276 bytesused: 12441600 ts: 219.585549 delta: 33.327 ms delta now: +33.055 ms fps: 30.00 (ts-monotonic, ts-src-eof)
cap dqbuf: 1 seq:   1277 bytesused: 12441600 ts: 219.618871 delta: 33.322 ms delta now: +33.354 ms fps: 30.00 (ts-monotonic, ts-src-eof)
cap dqbuf: 2 seq:   1278 bytesused: 12441600 ts: 219.652236 delta: 33.365 ms delta now: +33.242 ms fps: 30.00 (ts-monotonic, ts-src-eof)
cap dqbuf: 3 seq:   1279 bytesused: 12441600 ts: 219.685568 delta: 33.332 ms delta now: +33.157 ms fps: 30.00 (ts-monotonic, ts-src-eof)
cap dqbuf: 0 seq:   1280 bytesused: 12441600 ts: 219.718902 delta: 33.334 ms delta now: +32.174 ms fps: 30.00 (ts-monotonic, ts-src-eof)
cap dqbuf: 1 seq:   1281 bytesused: 12441600 ts: 219.752216 delta: 33.314 ms delta now: +33.182 ms fps: 30.00 (ts-monotonic, ts-src-eof)
cap dqbuf: 2 seq:   1282 bytesused: 12441600 ts: 219.785569 delta: 33.353 ms delta now: +32.178 ms fps: 30.00 (ts-monotonic, ts-src-eof)
cap dqbuf: 3 seq:   1283 bytesused: 12441600 ts: 219.818882 delta: 33.313 ms delta now: +33.208 ms fps: 30.00 (ts-monotonic, ts-src-eof)
cap dqbuf: 0 seq:   1284 bytesused: 12441600 ts: 219.852236 delta: 33.354 ms delta now: +32.173 ms fps: 30.00 (ts-monotonic, ts-src-eof)
cap dqbuf: 1 seq:   1285 bytesused: 12441600 ts: 219.885538 delta: 33.302 ms delta now: +32.204 ms fps: 30.00 (ts-monotonic, ts-src-eof)
cap dqbuf: 2 seq:   1286 bytesused: 12441600 ts: 219.918883 delta: 33.345 ms delta now: +33.292 ms fps: 30.00 (ts-monotonic, ts-src-eof)
cap dqbuf: 3 seq:   1287 bytesused: 12441600 ts: 219.952235 delta: 33.352 ms delta now: +33.278 ms fps: 30.00 (ts-monotonic, ts-src-eof)
cap dqbuf: 0 seq:   1288 bytesused: 12441600 ts: 219.985556 delta: 33.321 ms delta now: +33.186 ms fps: 30.00 (ts-monotonic, ts-src-eof)
cap dqbuf: 1 seq:   1289 bytesused: 12441600 ts: 220.018902 delta: 33.346 ms delta now: +32.173 ms fps: 30.00 (ts-monotonic, ts-src-eof)
cap dqbuf: 2 seq:   1290 bytesused: 12441600 ts: 220.052216 delta: 33.314 ms delta now: +33.320 ms fps: 30.00 (ts-monotonic, ts-src-eof)
cap dqbuf: 3 seq:   1291 bytesused: 12441600 ts: 220.085556 delta: 33.340 ms delta now: +32.202 ms fps: 30.00 (ts-monotonic, ts-src-eof)
cap dqbuf: 0 seq:   1292 bytesused: 12441600 ts: 220.118883 delta: 33.327 ms delta now: +33.185 ms fps: 30.00 (ts-monotonic, ts-src-eof)
cap dqbuf: 1 seq:   1293 bytesused: 12441600 ts: 220.152222 delta: 33.339 ms delta now: +33.090 ms fps: 30.00 (ts-monotonic, ts-src-eof)
cap dqbuf: 2 seq:   1294 bytesused: 12441600 ts: 220.185538 delta: 33.316 ms delta now: +33.312 ms fps: 30.00 (ts-monotonic, ts-src-eof)
cap dqbuf: 3 seq:   1295 bytesused: 12441600 ts: 220.218902 delta: 33.364 ms delta now: +33.027 ms fps: 30.00 (ts-monotonic, ts-src-eof)
cap dqbuf: 0 seq:   1296 bytesused: 12441600 ts: 220.252224 delta: 33.322 ms delta now: +33.338 ms fps: 30.00 (ts-monotonic, ts-src-eof)
cap dqbuf: 1 seq:   1297 bytesused: 12441600 ts: 220.285555 delta: 33.331 ms delta now: +33.053 ms fps: 30.00 (ts-monotonic, ts-src-eof)
cap dqbuf: 2 seq:   1298 bytesused: 12441600 ts: 220.318871 delta: 33.316 ms delta now: +33.190 ms fps: 30.00 (ts-monotonic, ts-src-eof)
cap dqbuf: 3 seq:   1299 bytesused: 12441600 ts: 220.352236 delta: 33.365 ms delta now: +33.152 ms fps: 30.00 (ts-monotonic, ts-src-eof)
cap dqbuf: 0 seq:   1300 bytesused: 12441600 ts: 220.385561 delta: 33.325 ms delta now: +33.040 ms fps: 30.00 (ts-monotonic, ts-src-eof)
cap dqbuf: 1 seq:   1301 bytesused: 12441600 ts: 220.418889 delta: 33.328 ms delta now: +33.194 ms fps: 30.00 (ts-monotonic, ts-src-eof)
cap dqbuf: 2 seq:   1302 bytesused: 12441600 ts: 220.452224 delta: 33.335 ms delta now: +33.359 ms fps: 30.00 (ts-monotonic, ts-src-eof)
cap dqbuf: 3 seq:   1303 bytesused: 12441600 ts: 220.485565 delta: 33.341 ms delta now: +33.179 ms fps: 30.00 (ts-monotonic, ts-src-eof)
cap dqbuf: 0 seq:   1304 bytesused: 12441600 ts: 220.518889 delta: 33.324 ms delta now: +32.185 ms fps: 30.00 (ts-monotonic, ts-src-eof)
cap dqbuf: 1 seq:   1305 bytesused: 12441600 ts: 220.552216 delta: 33.327 ms delta now: +32.196 ms fps: 30.00 (ts-monotonic, ts-src-eof)
cap dqbuf: 2 seq:   1306 bytesused: 12441600 ts: 220.585537 delta: 33.321 ms delta now: +33.204 ms fps: 30.00 (ts-monotonic, ts-src-eof)
cap dqbuf: 3 seq:   1307 bytesused: 12441600 ts: 220.618902 delta: 33.365 ms delta now: +33.355 ms fps: 30.00 (ts-monotonic, ts-src-eof)
cap dqbuf: 0 seq:   1308 bytesused: 12441600 ts: 220.652225 delta: 33.323 ms delta now: +33.059 ms fps: 30.00 (ts-monotonic, ts-src-eof)
cap dqbuf: 1 seq:   1309 bytesused: 12441600 ts: 220.685549 delta: 33.324 ms delta now: +33.284 ms fps: 30.00 (ts-monotonic, ts-src-eof)
cap dqbuf: 2 seq:   1310 bytesused: 12441600 ts: 220.718889 delta: 33.340 ms delta now: +33.257 ms fps: 30.00 (ts-monotonic, ts-src-eof)
cap dqbuf: 3 seq:   1311 bytesused: 12441600 ts: 220.752235 delta: 33.346 ms delta now: +33.164 ms fps: 30.00 (ts-monotonic, ts-src-eof)
cap dqbuf: 0 seq:   1312 bytesused: 12441600 ts: 220.785555 delta: 33.320 ms delta now: +33.046 ms fps: 30.00 (ts-monotonic, ts-src-eof)
cap dqbuf: 1 seq:   1313 bytesused: 12441600 ts: 220.818871 delta: 33.316 ms delta now: +32.215 ms fps: 30.00 (ts-monotonic, ts-src-eof)
cap dqbuf: 2 seq:   1314 bytesused: 12441600 ts: 220.852216 delta: 33.345 ms delta now: +33.312 ms fps: 30.00 (ts-monotonic, ts-src-eof)
cap dqbuf: 3 seq:   1315 bytesused: 12441600 ts: 220.885568 delta: 33.352 ms delta now: +33.234 ms fps: 30.00 (ts-monotonic, ts-src-eof)
cap dqbuf: 0 seq:   1316 bytesused: 12441600 ts: 220.918903 delta: 33.335 ms delta now: +32.173 ms fps: 30.00 (ts-monotonic, ts-src-eof)
cap dqbuf: 1 seq:   1317 bytesused: 12441600 ts: 220.952215 delta: 33.312 ms delta now: +33.068 ms fps: 30.00 (ts-monotonic, ts-src-eof)
cap dqbuf: 2 seq:   1318 bytesused: 12441600 ts: 220.985538 delta: 33.323 ms delta now: +33.192 ms fps: 30.00 (ts-monotonic, ts-src-eof)
cap dqbuf: 3 seq:   1319 bytesused: 12441600 ts: 221.018889 delta: 33.351 ms delta now: +33.197 ms fps: 30.00 (ts-monotonic, ts-src-eof)
cap dqbuf: 0 seq:   1320 bytesused: 12441600 ts: 221.052235 delta: 33.346 ms delta now: +33.062 ms fps: 30.00 (ts-monotonic, ts-src-eof)
cap dqbuf: 1 seq:   1321 bytesused: 12441600 ts: 221.085549 delta: 33.314 ms delta now: +33.359 ms fps: 30.00 (ts-monotonic, ts-src-eof)
cap dqbuf: 2 seq:   1322 bytesused: 12441600 ts: 221.118889 delta: 33.340 ms delta now: +33.197 ms fps: 30.00 (ts-monotonic, ts-src-eof)
cap dqbuf: 3 seq:   1323 bytesused: 12441600 ts: 221.152236 delta: 33.347 ms delta now: +33.187 ms fps: 30.00 (ts-monotonic, ts-src-eof)
cap dqbuf: 0 seq:   1324 bytesused: 12441600 ts: 221.185555 delta: 33.319 ms delta now: +32.198 ms fps: 30.00 (ts-monotonic, ts-src-eof)
cap dqbuf: 1 seq:   1325 bytesused: 12441600 ts: 221.218883 delta: 33.328 ms delta now: +33.327 ms fps: 30.00 (ts-monotonic, ts-src-eof)
cap dqbuf: 2 seq:   1326 bytesused: 12441600 ts: 221.252236 delta: 33.353 ms delta now: +32.181 ms fps: 30.00 (ts-monotonic, ts-src-eof)
cap dqbuf: 3 seq:   1327 bytesused: 12441600 ts: 221.285549 delta: 33.313 ms delta now: +33.340 ms fps: 30.00 (ts-monotonic, ts-src-eof)
cap dqbuf: 0 seq:   1328 bytesused: 12441600 ts: 221.318890 delta: 33.341 ms delta now: +33.057 ms fps: 30.00 (ts-monotonic, ts-src-eof)
cap dqbuf: 1 seq:   1329 bytesused: 12441600 ts: 221.352217 delta: 33.327 ms delta now: +33.072 ms fps: 30.00 (ts-monotonic, ts-src-eof)
cap dqbuf: 2 seq:   1330 bytesused: 12441600 ts: 221.385537 delta: 33.320 ms delta now: +33.287 ms fps: 30.00 (ts-monotonic, ts-src-eof)
cap dqbuf: 3 seq:   1331 bytesused: 12441600 ts: 221.418889 delta: 33.352 ms delta now: +33.281 ms fps: 30.00 (ts-monotonic, ts-src-eof)
cap dqbuf: 0 seq:   1332 bytesused: 12441600 ts: 221.452236 delta: 33.347 ms delta now: +32.174 ms fps: 30.00 (ts-monotonic, ts-src-eof)
cap dqbuf: 1 seq:   1333 bytesused: 12441600 ts: 221.485550 delta: 33.314 ms delta now: +33.059 ms fps: 30.00 (ts-monotonic, ts-src-eof)
cap dqbuf: 2 seq:   1334 bytesused: 12441600 ts: 221.518871 delta: 33.321 ms delta now: +33.209 ms fps: 30.00 (ts-monotonic, ts-src-eof)
cap dqbuf: 3 seq:   1335 bytesused: 12441600 ts: 221.552236 delta: 33.365 ms delta now: +33.171 ms fps: 30.00 (ts-monotonic, ts-src-eof)
cap dqbuf: 0 seq:   1336 bytesused: 12441600 ts: 221.585556 delta: 33.320 ms delta now: +33.263 ms fps: 30.00 (ts-monotonic, ts-src-eof)
cap dqbuf: 1 seq:   1337 bytesused: 12441600 ts: 221.618895 delta: 33.339 ms delta now: +32.182 ms fps: 30.00 (ts-monotonic, ts-src-eof)
cap dqbuf: 2 seq:   1338 bytesused: 12441600 ts: 221.652216 delta: 33.321 ms delta now: +33.323 ms fps: 30.00 (ts-monotonic, ts-src-eof)
cap dqbuf: 3 seq:   1339 bytesused: 12441600 ts: 221.685586 delta: 33.370 ms delta now: +32.164 ms fps: 30.00 (ts-monotonic, ts-src-eof)
cap dqbuf: 0 seq:   1340 bytesused: 12441600 ts: 221.718871 delta: 33.285 ms delta now: +33.289 ms fps: 30.00 (ts-monotonic, ts-src-eof)
cap dqbuf: 1 seq:   1341 bytesused: 12441600 ts: 221.752222 delta: 33.351 ms delta now: +33.299 ms fps: 30.00 (ts-monotonic, ts-src-eof)
cap dqbuf: 2 seq:   1342 bytesused: 12441600 ts: 221.785570 delta: 33.348 ms delta now: +33.255 ms fps: 30.00 (ts-monotonic, ts-src-eof)
cap dqbuf: 3 seq:   1343 bytesused: 12441600 ts: 221.818888 delta: 33.318 ms delta now: +33.325 ms fps: 30.00 (ts-monotonic, ts-src-eof)
cap dqbuf: 0 seq:   1344 bytesused: 12441600 ts: 221.852236 delta: 33.348 ms delta now: +32.173 ms fps: 30.00 (ts-monotonic, ts-src-eof)
cap dqbuf: 1 seq:   1345 bytesused: 12441600 ts: 221.885549 delta: 33.313 ms delta now: +33.301 ms fps: 30.00 (ts-monotonic, ts-src-eof)
cap dqbuf: 2 seq:   1346 bytesused: 12441600 ts: 221.918904 delta: 33.355 ms delta now: +33.178 ms fps: 30.00 (ts-monotonic, ts-src-eof)
cap dqbuf: 3 seq:   1347 bytesused: 12441600 ts: 221.952222 delta: 33.318 ms delta now: +32.192 ms fps: 30.00 (ts-monotonic, ts-src-eof)
cap dqbuf: 0 seq:   1348 bytesused: 12441600 ts: 221.985549 delta: 33.327 ms delta now: +33.055 ms fps: 30.00 (ts-monotonic, ts-src-eof)
cap dqbuf: 1 seq:   1349 bytesused: 12441600 ts: 222.018903 delta: 33.354 ms delta now: +33.101 ms fps: 30.00 (ts-monotonic, ts-src-eof)
cap dqbuf: 2 seq:   1350 bytesused: 12441600 ts: 222.052216 delta: 33.313 ms delta now: +33.289 ms fps: 30.00 (ts-monotonic, ts-src-eof)
cap dqbuf: 3 seq:   1351 bytesused: 12441600 ts: 222.085570 delta: 33.354 ms delta now: +32.176 ms fps: 30.00 (ts-monotonic, ts-src-eof)
cap dqbuf: 0 seq:   1352 bytesused: 12441600 ts: 222.118883 delta: 33.313 ms delta now: +33.068 ms fps: 30.00 (ts-monotonic, ts-src-eof)
cap dqbuf: 1 seq:   1353 bytesused: 12441600 ts: 222.152217 delta: 33.334 ms delta now: +33.264 ms fps: 30.00 (ts-monotonic, ts-src-eof)
cap dqbuf: 2 seq:   1354 bytesused: 12441600 ts: 222.185556 delta: 33.339 ms delta now: +32.199 ms fps: 30.00 (ts-monotonic, ts-src-eof)
cap dqbuf: 3 seq:   1355 bytesused: 12441600 ts: 222.218883 delta: 33.327 ms delta now: +33.258 ms fps: 30.00 (ts-monotonic, ts-src-eof)
cap dqbuf: 0 seq:   1356 bytesused: 12441600 ts: 222.252222 delta: 33.339 ms delta now: +32.198 ms fps: 30.00 (ts-monotonic, ts-src-eof)
cap dqbuf: 1 seq:   1357 bytesused: 12441600 ts: 222.285538 delta: 33.316 ms delta now: +33.084 ms fps: 30.00 (ts-monotonic, ts-src-eof)
cap dqbuf: 2 seq:   1358 bytesused: 12441600 ts: 222.318872 delta: 33.334 ms delta now: +32.204 ms fps: 30.00 (ts-monotonic, ts-src-eof)
cap dqbuf: 3 seq:   1359 bytesused: 12441600 ts: 222.352216 delta: 33.344 ms delta now: +32.343 ms fps: 30.00 (ts-monotonic, ts-src-eof)
cap dqbuf: 0 seq:   1360 bytesused: 12441600 ts: 222.385549 delta: 33.333 ms delta now: +33.065 ms fps: 30.00 (ts-monotonic, ts-src-eof)
cap dqbuf: 1 seq:   1361 bytesused: 12441600 ts: 222.418883 delta: 33.334 ms delta now: +33.286 ms fps: 30.00 (ts-monotonic, ts-src-eof)
cap dqbuf: 2 seq:   1362 bytesused: 12441600 ts: 222.452223 delta: 33.340 ms delta now: +32.187 ms fps: 30.00 (ts-monotonic, ts-src-eof)
cap dqbuf: 3 seq:   1363 bytesused: 12441600 ts: 222.485538 delta: 33.315 ms delta now: +33.281 ms fps: 30.00 (ts-monotonic, ts-src-eof)
cap dqbuf: 0 seq:   1364 bytesused: 12441600 ts: 222.518904 delta: 33.366 ms delta now: +33.250 ms fps: 30.00 (ts-monotonic, ts-src-eof)
cap dqbuf: 1 seq:   1365 bytesused: 12441600 ts: 222.552222 delta: 33.318 ms delta now: +33.287 ms fps: 30.00 (ts-monotonic, ts-src-eof)
cap dqbuf: 2 seq:   1366 bytesused: 12441600 ts: 222.585563 delta: 33.341 ms delta now: +33.186 ms fps: 30.00 (ts-monotonic, ts-src-eof)
cap dqbuf: 3 seq:   1367 bytesused: 12441600 ts: 222.618902 delta: 33.339 ms delta now: +33.165 ms fps: 30.00 (ts-monotonic, ts-src-eof)
cap dqbuf: 0 seq:   1368 bytesused: 12441600 ts: 222.652221 delta: 33.319 ms delta now: +33.239 ms fps: 30.00 (ts-monotonic, ts-src-eof)
cap dqbuf: 1 seq:   1369 bytesused: 12441600 ts: 222.685555 delta: 33.334 ms delta now: +33.268 ms fps: 30.00 (ts-monotonic, ts-src-eof)
cap dqbuf: 2 seq:   1370 bytesused: 12441600 ts: 222.718902 delta: 33.347 ms delta now: +33.175 ms fps: 30.00 (ts-monotonic, ts-src-eof)
cap dqbuf: 3 seq:   1371 bytesused: 12441600 ts: 222.752222 delta: 33.320 ms delta now: +33.250 ms fps: 30.00 (ts-monotonic, ts-src-eof)
cap dqbuf: 0 seq:   1372 bytesused: 12441600 ts: 222.785556 delta: 33.334 ms delta now: +33.250 ms fps: 30.00 (ts-monotonic, ts-src-eof)
cap dqbuf: 1 seq:   1373 bytesused: 12441600 ts: 222.818889 delta: 33.333 ms delta now: +33.321 ms fps: 30.00 (ts-monotonic, ts-src-eof)
cap dqbuf: 2 seq:   1374 bytesused: 12441600 ts: 222.852222 delta: 33.333 ms delta now: +32.187 ms fps: 30.00 (ts-monotonic, ts-src-eof)
cap dqbuf: 3 seq:   1375 bytesused: 12441600 ts: 222.885538 delta: 33.316 ms delta now: +33.310 ms fps: 30.00 (ts-monotonic, ts-src-eof)
cap dqbuf: 0 seq:   1376 bytesused: 12441600 ts: 222.918888 delta: 33.350 ms delta now: +33.060 ms fps: 30.00 (ts-monotonic, ts-src-eof)
cap dqbuf: 1 seq:   1377 bytesused: 12441600 ts: 222.952216 delta: 33.328 ms delta now: +33.073 ms fps: 30.00 (ts-monotonic, ts-src-eof)
cap dqbuf: 2 seq:   1378 bytesused: 12441600 ts: 222.985538 delta: 33.322 ms delta now: +33.331 ms fps: 30.00 (ts-monotonic, ts-src-eof)
cap dqbuf: 3 seq:   1379 bytesused: 12441600 ts: 223.018902 delta: 33.364 ms delta now: +33.270 ms fps: 30.00 (ts-monotonic, ts-src-eof)
cap dqbuf: 0 seq:   1380 bytesused: 12441600 ts: 223.052222 delta: 33.320 ms delta now: +33.275 ms fps: 30.00 (ts-monotonic, ts-src-eof)
cap dqbuf: 1 seq:   1381 bytesused: 12441600 ts: 223.085569 delta: 33.347 ms delta now: +32.173 ms fps: 30.00 (ts-monotonic, ts-src-eof)
cap dqbuf: 2 seq:   1382 bytesused: 12441600 ts: 223.118871 delta: 33.302 ms delta now: +33.208 ms fps: 30.00 (ts-monotonic, ts-src-eof)
cap dqbuf: 3 seq:   1383 bytesused: 12441600 ts: 223.152222 delta: 33.351 ms delta now: +33.080 ms fps: 30.00 (ts-monotonic, ts-src-eof)
cap dqbuf: 0 seq:   1384 bytesused: 12441600 ts: 223.185538 delta: 33.316 ms delta now: +33.071 ms fps: 30.00 (ts-monotonic, ts-src-eof)
cap dqbuf: 1 seq:   1385 bytesused: 12441600 ts: 223.218882 delta: 33.344 ms delta now: +33.069 ms fps: 30.00 (ts-monotonic, ts-src-eof)
cap dqbuf: 2 seq:   1386 bytesused: 12441600 ts: 223.252216 delta: 33.334 ms delta now: +32.210 ms fps: 30.00 (ts-monotonic, ts-src-eof)
cap dqbuf: 3 seq:   1387 bytesused: 12441600 ts: 223.285538 delta: 33.322 ms delta now: +33.297 ms fps: 30.00 (ts-monotonic, ts-src-eof)
cap dqbuf: 0 seq:   1388 bytesused: 12441600 ts: 223.318903 delta: 33.365 ms delta now: +33.176 ms fps: 30.00 (ts-monotonic, ts-src-eof)
cap dqbuf: 1 seq:   1389 bytesused: 12441600 ts: 223.352237 delta: 33.334 ms delta now: +33.168 ms fps: 30.00 (ts-monotonic, ts-src-eof)
cap dqbuf: 2 seq:   1390 bytesused: 12441600 ts: 223.385569 delta: 33.332 ms delta now: +33.035 ms fps: 30.00 (ts-monotonic, ts-src-eof)
cap dqbuf: 3 seq:   1391 bytesused: 12441600 ts: 223.418871 delta: 33.302 ms delta now: +33.292 ms fps: 30.00 (ts-monotonic, ts-src-eof)
cap dqbuf: 0 seq:   1392 bytesused: 12441600 ts: 223.452230 delta: 33.359 ms delta now: +33.256 ms fps: 30.00 (ts-monotonic, ts-src-eof)
cap dqbuf: 1 seq:   1393 bytesused: 12441600 ts: 223.485571 delta: 33.341 ms delta now: +32.172 ms fps: 30.00 (ts-monotonic, ts-src-eof)
cap dqbuf: 2 seq:   1394 bytesused: 12441600 ts: 223.518871 delta: 33.300 ms delta now: +33.077 ms fps: 30.00 (ts-monotonic, ts-src-eof)
cap dqbuf: 3 seq:   1395 bytesused: 12441600 ts: 223.552207 delta: 33.336 ms delta now: +33.079 ms fps: 30.00 (ts-monotonic, ts-src-eof)
cap dqbuf: 0 seq:   1396 bytesused: 12441600 ts: 223.585550 delta: 33.343 ms delta now: +33.416 ms fps: 30.00 (ts-monotonic, ts-src-eof)
cap dqbuf: 1 seq:   1397 bytesused: 12441600 ts: 223.618904 delta: 33.354 ms delta now: +32.174 ms fps: 30.00 (ts-monotonic, ts-src-eof)
cap dqbuf: 2 seq:   1398 bytesused: 12441600 ts: 223.652216 delta: 33.312 ms delta now: +32.193 ms fps: 30.00 (ts-monotonic, ts-src-eof)
cap dqbuf: 3 seq:   1399 bytesused: 12441600 ts: 223.685550 delta: 33.334 ms delta now: +33.168 ms fps: 30.00 (ts-monotonic, ts-src-eof)
cap dqbuf: 0 seq:   1400 bytesused: 12441600 ts: 223.718890 delta: 33.340 ms delta now: +33.271 ms fps: 30.00 (ts-monotonic, ts-src-eof)
cap dqbuf: 1 seq:   1401 bytesused: 12441600 ts: 223.752236 delta: 33.346 ms delta now: +32.173 ms fps: 30.00 (ts-monotonic, ts-src-eof)
cap dqbuf: 2 seq:   1402 bytesused: 12441600 ts: 223.785538 delta: 33.302 ms delta now: +33.235 ms fps: 30.00 (ts-monotonic, ts-src-eof)
cap dqbuf: 3 seq:   1403 bytesused: 12441600 ts: 223.818895 delta: 33.357 ms delta now: +33.239 ms fps: 30.00 (ts-monotonic, ts-src-eof)
cap dqbuf: 0 seq:   1404 bytesused: 12441600 ts: 223.852236 delta: 33.341 ms delta now: +32.178 ms fps: 30.00 (ts-monotonic, ts-src-eof)
cap dqbuf: 1 seq:   1405 bytesused: 12441600 ts: 223.885550 delta: 33.314 ms delta now: +33.285 ms fps: 30.00 (ts-monotonic, ts-src-eof)
cap dqbuf: 2 seq:   1406 bytesused: 12441600 ts: 223.918889 delta: 33.339 ms delta now: +32.954 ms fps: 30.00 (ts-monotonic, ts-src-eof)
cap dqbuf: 3 seq:   1407 bytesused: 12441600 ts: 223.952205 delta: 33.316 ms delta now: +33.280 ms fps: 30.00 (ts-monotonic, ts-src-eof)
cap dqbuf: 0 seq:   1408 bytesused: 12441600 ts: 223.985556 delta: 33.351 ms delta now: +33.273 ms fps: 30.00 (ts-monotonic, ts-src-eof)
cap dqbuf: 1 seq:   1409 bytesused: 12441600 ts: 224.018889 delta: 33.333 ms delta now: +33.278 ms fps: 30.00 (ts-monotonic, ts-src-eof)
cap dqbuf: 2 seq:   1410 bytesused: 12441600 ts: 224.052222 delta: 33.333 ms delta now: +33.228 ms fps: 30.00 (ts-monotonic, ts-src-eof)
cap dqbuf: 3 seq:   1411 bytesused: 12441600 ts: 224.085556 delta: 33.334 ms delta now: +33.056 ms fps: 30.00 (ts-monotonic, ts-src-eof)
cap dqbuf: 0 seq:   1412 bytesused: 12441600 ts: 224.118883 delta: 33.327 ms delta now: +33.051 ms fps: 30.00 (ts-monotonic, ts-src-eof)
cap dqbuf: 1 seq:   1413 bytesused: 12441600 ts: 224.152217 delta: 33.334 ms delta now: +33.074 ms fps: 30.00 (ts-monotonic, ts-src-eof)
cap dqbuf: 2 seq:   1414 bytesused: 12441600 ts: 224.185550 delta: 33.333 ms delta now: +33.190 ms fps: 30.00 (ts-monotonic, ts-src-eof)
cap dqbuf: 3 seq:   1415 bytesused: 12441600 ts: 224.218889 delta: 33.339 ms delta now: +33.205 ms fps: 30.00 (ts-monotonic, ts-src-eof)
cap dqbuf: 0 seq:   1416 bytesused: 12441600 ts: 224.252222 delta: 33.333 ms delta now: +33.309 ms fps: 30.00 (ts-monotonic, ts-src-eof)
cap dqbuf: 1 seq:   1417 bytesused: 12441600 ts: 224.285557 delta: 33.335 ms delta now: +32.185 ms fps: 30.00 (ts-monotonic, ts-src-eof)
cap dqbuf: 2 seq:   1418 bytesused: 12441600 ts: 224.318883 delta: 33.326 ms delta now: +32.192 ms fps: 30.00 (ts-monotonic, ts-src-eof)
cap dqbuf: 3 seq:   1419 bytesused: 12441600 ts: 224.352216 delta: 33.333 ms delta now: +33.079 ms fps: 30.00 (ts-monotonic, ts-src-eof)
cap dqbuf: 0 seq:   1420 bytesused: 12441600 ts: 224.385538 delta: 33.322 ms delta now: +33.190 ms fps: 30.00 (ts-monotonic, ts-src-eof)
cap dqbuf: 1 seq:   1421 bytesused: 12441600 ts: 224.418902 delta: 33.364 ms delta now: +32.187 ms fps: 30.00 (ts-monotonic, ts-src-eof)
cap dqbuf: 2 seq:   1422 bytesused: 12441600 ts: 224.452205 delta: 33.303 ms delta now: +32.208 ms fps: 30.00 (ts-monotonic, ts-src-eof)
cap dqbuf: 3 seq:   1423 bytesused: 12441600 ts: 224.485549 delta: 33.344 ms delta now: +32.199 ms fps: 30.00 (ts-monotonic, ts-src-eof)
cap dqbuf: 0 seq:   1424 bytesused: 12441600 ts: 224.518872 delta: 33.323 ms delta now: +33.309 ms fps: 30.00 (ts-monotonic, ts-src-eof)
cap dqbuf: 1 seq:   1425 bytesused: 12441600 ts: 224.552235 delta: 33.363 ms delta now: +33.159 ms fps: 30.00 (ts-monotonic, ts-src-eof)
cap dqbuf: 2 seq:   1426 bytesused: 12441600 ts: 224.585571 delta: 33.336 ms delta now: +33.028 ms fps: 30.00 (ts-monotonic, ts-src-eof)
cap dqbuf: 3 seq:   1427 bytesused: 12441600 ts: 224.618883 delta: 33.312 ms delta now: +33.190 ms fps: 30.00 (ts-monotonic, ts-src-eof)
cap dqbuf: 0 seq:   1428 bytesused: 12441600 ts: 224.652236 delta: 33.353 ms delta now: +33.188 ms fps: 30.00 (ts-monotonic, ts-src-eof)
cap dqbuf: 1 seq:   1429 bytesused: 12441600 ts: 224.685574 delta: 33.338 ms delta now: +32.175 ms fps: 30.00 (ts-monotonic, ts-src-eof)
cap dqbuf: 2 seq:   1430 bytesused: 12441600 ts: 224.718871 delta: 33.297 ms delta now: +33.070 ms fps: 30.00 (ts-monotonic, ts-src-eof)
cap dqbuf: 3 seq:   1431 bytesused: 12441600 ts: 224.752216 delta: 33.345 ms delta now: +33.309 ms fps: 30.00 (ts-monotonic, ts-src-eof)
cap dqbuf: 0 seq:   1432 bytesused: 12441600 ts: 224.785569 delta: 33.353 ms delta now: +33.274 ms fps: 30.00 (ts-monotonic, ts-src-eof)
cap dqbuf: 1 seq:   1433 bytesused: 12441600 ts: 224.818891 delta: 33.322 ms delta now: +33.179 ms fps: 30.00 (ts-monotonic, ts-src-eof)
cap dqbuf: 2 seq:   1434 bytesused: 12441600 ts: 224.852236 delta: 33.345 ms delta now: +32.173 ms fps: 30.00 (ts-monotonic, ts-src-eof)
cap dqbuf: 3 seq:   1435 bytesused: 12441600 ts: 224.885549 delta: 33.313 ms delta now: +32.198 ms fps: 30.00 (ts-monotonic, ts-src-eof)
cap dqbuf: 0 seq:   1436 bytesused: 12441600 ts: 224.918871 delta: 33.322 ms delta now: +33.098 ms fps: 30.00 (ts-monotonic, ts-src-eof)
cap dqbuf: 1 seq:   1437 bytesused: 12441600 ts: 224.952217 delta: 33.346 ms delta now: +33.194 ms fps: 30.00 (ts-monotonic, ts-src-eof)
cap dqbuf: 2 seq:   1438 bytesused: 12441600 ts: 224.985570 delta: 33.353 ms delta now: +33.233 ms fps: 30.00 (ts-monotonic, ts-src-eof)
cap dqbuf: 3 seq:   1439 bytesused: 12441600 ts: 225.018889 delta: 33.319 ms delta now: +32.187 ms fps: 30.00 (ts-monotonic, ts-src-eof)
cap dqbuf: 0 seq:   1440 bytesused: 12441600 ts: 225.052216 delta: 33.327 ms delta now: +33.314 ms fps: 30.00 (ts-monotonic, ts-src-eof)
cap dqbuf: 1 seq:   1441 bytesused: 12441600 ts: 225.085569 delta: 33.353 ms delta now: +33.046 ms fps: 30.00 (ts-monotonic, ts-src-eof)
cap dqbuf: 2 seq:   1442 bytesused: 12441600 ts: 225.118882 delta: 33.313 ms delta now: +33.293 ms fps: 30.00 (ts-monotonic, ts-src-eof)
cap dqbuf: 3 seq:   1443 bytesused: 12441600 ts: 225.152223 delta: 33.341 ms delta now: +32.200 ms fps: 30.00 (ts-monotonic, ts-src-eof)
cap dqbuf: 0 seq:   1444 bytesused: 12441600 ts: 225.185550 delta: 33.327 ms delta now: +33.322 ms fps: 30.00 (ts-monotonic, ts-src-eof)
cap dqbuf: 1 seq:   1445 bytesused: 12441600 ts: 225.218890 delta: 33.340 ms delta now: +32.195 ms fps: 30.00 (ts-monotonic, ts-src-eof)
cap dqbuf: 2 seq:   1446 bytesused: 12441600 ts: 225.252216 delta: 33.326 ms delta now: +33.346 ms fps: 30.00 (ts-monotonic, ts-src-eof)
cap dqbuf: 3 seq:   1447 bytesused: 12441600 ts: 225.285571 delta: 33.355 ms delta now: +33.044 ms fps: 30.00 (ts-monotonic, ts-src-eof)
cap dqbuf: 0 seq:   1448 bytesused: 12441600 ts: 225.318872 delta: 33.301 ms delta now: +32.203 ms fps: 30.00 (ts-monotonic, ts-src-eof)
cap dqbuf: 1 seq:   1449 bytesused: 12441600 ts: 225.352216 delta: 33.344 ms delta now: +33.279 ms fps: 30.00 (ts-monotonic, ts-src-eof)
cap dqbuf: 2 seq:   1450 bytesused: 12441600 ts: 225.385569 delta: 33.353 ms delta now: +32.174 ms fps: 30.00 (ts-monotonic, ts-src-eof)
cap dqbuf: 3 seq:   1451 bytesused: 12441600 ts: 225.418871 delta: 33.302 ms delta now: +33.285 ms fps: 30.00 (ts-monotonic, ts-src-eof)
cap dqbuf: 0 seq:   1452 bytesused: 12441600 ts: 225.452224 delta: 33.353 ms delta now: +32.190 ms fps: 30.00 (ts-monotonic, ts-src-eof)
cap dqbuf: 1 seq:   1453 bytesused: 12441600 ts: 225.485550 delta: 33.326 ms delta now: +33.328 ms fps: 30.00 (ts-monotonic, ts-src-eof)
cap dqbuf: 2 seq:   1454 bytesused: 12441600 ts: 225.518890 delta: 33.340 ms delta now: +33.171 ms fps: 30.00 (ts-monotonic, ts-src-eof)
cap dqbuf: 3 seq:   1455 bytesused: 12441600 ts: 225.552236 delta: 33.346 ms delta now: +33.274 ms fps: 30.00 (ts-monotonic, ts-src-eof)
cap dqbuf: 0 seq:   1456 bytesused: 12441600 ts: 225.585569 delta: 33.333 ms delta now: +33.193 ms fps: 30.00 (ts-monotonic, ts-src-eof)
cap dqbuf: 1 seq:   1457 bytesused: 12441600 ts: 225.618904 delta: 33.335 ms delta now: +32.172 ms fps: 30.00 (ts-monotonic, ts-src-eof)
cap dqbuf: 2 seq:   1458 bytesused: 12441600 ts: 225.652204 delta: 33.300 ms delta now: +33.310 ms fps: 30.00 (ts-monotonic, ts-src-eof)
cap dqbuf: 3 seq:   1459 bytesused: 12441600 ts: 225.685568 delta: 33.364 ms delta now: +33.040 ms fps: 30.00 (ts-monotonic, ts-src-eof)
cap dqbuf: 0 seq:   1460 bytesused: 12441600 ts: 225.718883 delta: 33.315 ms delta now: +33.347 ms fps: 30.00 (ts-monotonic, ts-src-eof)
cap dqbuf: 1 seq:   1461 bytesused: 12441600 ts: 225.752223 delta: 33.340 ms delta now: +33.310 ms fps: 30.00 (ts-monotonic, ts-src-eof)
cap dqbuf: 2 seq:   1462 bytesused: 12441600 ts: 225.785576 delta: 33.353 ms delta now: +33.262 ms fps: 30.00 (ts-monotonic, ts-src-eof)
cap dqbuf: 3 seq:   1463 bytesused: 12441600 ts: 225.818890 delta: 33.314 ms delta now: +33.245 ms fps: 30.00 (ts-monotonic, ts-src-eof)
cap dqbuf: 0 seq:   1464 bytesused: 12441600 ts: 225.852237 delta: 33.347 ms delta now: +33.170 ms fps: 30.00 (ts-monotonic, ts-src-eof)
cap dqbuf: 1 seq:   1465 bytesused: 12441600 ts: 225.885569 delta: 33.332 ms delta now: +32.174 ms fps: 30.00 (ts-monotonic, ts-src-eof)
cap dqbuf: 2 seq:   1466 bytesused: 12441600 ts: 225.918872 delta: 33.303 ms delta now: +33.198 ms fps: 30.00 (ts-monotonic, ts-src-eof)
cap dqbuf: 3 seq:   1467 bytesused: 12441600 ts: 225.952237 delta: 33.365 ms delta now: +33.043 ms fps: 30.00 (ts-monotonic, ts-src-eof)
cap dqbuf: 0 seq:   1468 bytesused: 12441600 ts: 225.985538 delta: 33.301 ms delta now: +33.304 ms fps: 30.00 (ts-monotonic, ts-src-eof)
cap dqbuf: 1 seq:   1469 bytesused: 12441600 ts: 226.018902 delta: 33.364 ms delta now: +33.169 ms fps: 30.00 (ts-monotonic, ts-src-eof)
cap dqbuf: 2 seq:   1470 bytesused: 12441600 ts: 226.052238 delta: 33.336 ms delta now: +33.289 ms fps: 30.00 (ts-monotonic, ts-src-eof)
cap dqbuf: 3 seq:   1471 bytesused: 12441600 ts: 226.085570 delta: 33.332 ms delta now: +32.173 ms fps: 30.00 (ts-monotonic, ts-src-eof)
cap dqbuf: 0 seq:   1472 bytesused: 12441600 ts: 226.118871 delta: 33.301 ms delta now: +32.212 ms fps: 30.00 (ts-monotonic, ts-src-eof)
cap dqbuf: 1 seq:   1473 bytesused: 12441600 ts: 226.152205 delta: 33.334 ms delta now: +33.297 ms fps: 30.00 (ts-monotonic, ts-src-eof)
cap dqbuf: 2 seq:   1474 bytesused: 12441600 ts: 226.185558 delta: 33.353 ms delta now: +33.082 ms fps: 30.00 (ts-monotonic, ts-src-eof)
cap dqbuf: 3 seq:   1475 bytesused: 12441600 ts: 226.218883 delta: 33.325 ms delta now: +33.303 ms fps: 30.00 (ts-monotonic, ts-src-eof)
cap dqbuf: 0 seq:   1476 bytesused: 12441600 ts: 226.252236 delta: 33.353 ms delta now: +32.183 ms fps: 30.00 (ts-monotonic, ts-src-eof)
cap dqbuf: 1 seq:   1477 bytesused: 12441600 ts: 226.285538 delta: 33.302 ms delta now: +32.204 ms fps: 30.00 (ts-monotonic, ts-src-eof)
cap dqbuf: 2 seq:   1478 bytesused: 12441600 ts: 226.318882 delta: 33.344 ms delta now: +33.272 ms fps: 30.00 (ts-monotonic, ts-src-eof)
cap dqbuf: 3 seq:   1479 bytesused: 12441600 ts: 226.352238 delta: 33.356 ms delta now: +32.212 ms fps: 30.00 (ts-monotonic, ts-src-eof)
cap dqbuf: 0 seq:   1480 bytesused: 12441600 ts: 226.385550 delta: 33.312 ms delta now: +33.207 ms fps: 30.00 (ts-monotonic, ts-src-eof)
cap dqbuf: 1 seq:   1481 bytesused: 12441600 ts: 226.418891 delta: 33.341 ms delta now: +33.193 ms fps: 30.00 (ts-monotonic, ts-src-eof)
cap dqbuf: 2 seq:   1482 bytesused: 12441600 ts: 226.452223 delta: 33.332 ms delta now: +32.187 ms fps: 30.00 (ts-monotonic, ts-src-eof)
cap dqbuf: 3 seq:   1483 bytesused: 12441600 ts: 226.485553 delta: 33.330 ms delta now: +32.239 ms fps: 30.00 (ts-monotonic, ts-src-eof)
cap dqbuf: 0 seq:   1484 bytesused: 12441600 ts: 226.518883 delta: 33.330 ms delta now: +33.236 ms fps: 30.00 (ts-monotonic, ts-src-eof)
cap dqbuf: 1 seq:   1485 bytesused: 12441600 ts: 226.552236 delta: 33.353 ms delta now: +32.184 ms fps: 30.00 (ts-monotonic, ts-src-eof)
cap dqbuf: 2 seq:   1486 bytesused: 12441600 ts: 226.585550 delta: 33.314 ms delta now: +33.199 ms fps: 30.00 (ts-monotonic, ts-src-eof)
cap dqbuf: 3 seq:   1487 bytesused: 12441600 ts: 226.618889 delta: 33.339 ms delta now: +33.171 ms fps: 30.00 (ts-monotonic, ts-src-eof)
cap dqbuf: 0 seq:   1488 bytesused: 12441600 ts: 226.652237 delta: 33.348 ms delta now: +33.176 ms fps: 30.00 (ts-monotonic, ts-src-eof)
cap dqbuf: 1 seq:   1489 bytesused: 12441600 ts: 226.685556 delta: 33.319 ms delta now: +33.047 ms fps: 30.00 (ts-monotonic, ts-src-eof)
cap dqbuf: 2 seq:   1490 bytesused: 12441600 ts: 226.718883 delta: 33.327 ms delta now: +33.343 ms fps: 30.00 (ts-monotonic, ts-src-eof)
cap dqbuf: 3 seq:   1491 bytesused: 12441600 ts: 226.752226 delta: 33.343 ms delta now: +32.185 ms fps: 30.00 (ts-monotonic, ts-src-eof)
cap dqbuf: 0 seq:   1492 bytesused: 12441600 ts: 226.785538 delta: 33.312 ms delta now: +33.075 ms fps: 30.00 (ts-monotonic, ts-src-eof)
cap dqbuf: 1 seq:   1493 bytesused: 12441600 ts: 226.818872 delta: 33.334 ms delta now: +32.204 ms fps: 30.00 (ts-monotonic, ts-src-eof)
cap dqbuf: 2 seq:   1494 bytesused: 12441600 ts: 226.852217 delta: 33.345 ms delta now: +33.080 ms fps: 30.00 (ts-monotonic, ts-src-eof)
cap dqbuf: 3 seq:   1495 bytesused: 12441600 ts: 226.885539 delta: 33.322 ms delta now: +33.249 ms fps: 30.00 (ts-monotonic, ts-src-eof)
cap dqbuf: 0 seq:   1496 bytesused: 12441600 ts: 226.918904 delta: 33.365 ms delta now: +32.173 ms fps: 30.00 (ts-monotonic, ts-src-eof)
cap dqbuf: 1 seq:   1497 bytesused: 12441600 ts: 226.952217 delta: 33.313 ms delta now: +32.190 ms fps: 30.00 (ts-monotonic, ts-src-eof)
cap dqbuf: 2 seq:   1498 bytesused: 12441600 ts: 226.985550 delta: 33.333 ms delta now: +33.288 ms fps: 30.00 (ts-monotonic, ts-src-eof)
cap dqbuf: 3 seq:   1499 bytesused: 12441600 ts: 227.018889 delta: 33.339 ms delta now: +32.191 ms fps: 30.00 (ts-monotonic, ts-src-eof)
cap dqbuf: 0 seq:   1500 bytesused: 12441600 ts: 227.052216 delta: 33.327 ms delta now: +32.194 ms fps: 30.00 (ts-monotonic, ts-src-eof)
cap dqbuf: 1 seq:   1501 bytesused: 12441600 ts: 227.085550 delta: 33.334 ms delta now: +33.266 ms fps: 30.00 (ts-monotonic, ts-src-eof)
cap dqbuf: 2 seq:   1502 bytesused: 12441600 ts: 227.118890 delta: 33.340 ms delta now: +33.050 ms fps: 30.00 (ts-monotonic, ts-src-eof)
cap dqbuf: 3 seq:   1503 bytesused: 12441600 ts: 227.152205 delta: 33.315 ms delta now: +33.222 ms fps: 30.00 (ts-monotonic, ts-src-eof)
cap dqbuf: 0 seq:   1504 bytesused: 12441600 ts: 227.185556 delta: 33.351 ms delta now: +33.184 ms fps: 30.00 (ts-monotonic, ts-src-eof)
cap dqbuf: 1 seq:   1505 bytesused: 12441600 ts: 227.218906 delta: 33.350 ms delta now: +33.372 ms fps: 30.00 (ts-monotonic, ts-src-eof)
cap dqbuf: 2 seq:   1506 bytesused: 12441600 ts: 227.252224 delta: 33.318 ms delta now: +32.187 ms fps: 30.00 (ts-monotonic, ts-src-eof)
cap dqbuf: 3 seq:   1507 bytesused: 12441600 ts: 227.285538 delta: 33.314 ms delta now: +33.067 ms fps: 30.00 (ts-monotonic, ts-src-eof)
cap dqbuf: 0 seq:   1508 bytesused: 12441600 ts: 227.318883 delta: 33.345 ms delta now: +33.292 ms fps: 30.00 (ts-monotonic, ts-src-eof)
cap dqbuf: 1 seq:   1509 bytesused: 12441600 ts: 227.352222 delta: 33.339 ms delta now: +33.321 ms fps: 30.00 (ts-monotonic, ts-src-eof)
cap dqbuf: 2 seq:   1510 bytesused: 12441600 ts: 227.385570 delta: 33.348 ms delta now: +33.267 ms fps: 30.00 (ts-monotonic, ts-src-eof)
cap dqbuf: 3 seq:   1511 bytesused: 12441600 ts: 227.418890 delta: 33.320 ms delta now: +33.166 ms fps: 30.00 (ts-monotonic, ts-src-eof)
cap dqbuf: 0 seq:   1512 bytesused: 12441600 ts: 227.452224 delta: 33.334 ms delta now: +33.323 ms fps: 30.00 (ts-monotonic, ts-src-eof)
cap dqbuf: 1 seq:   1513 bytesused: 12441600 ts: 227.485569 delta: 33.345 ms delta now: +33.237 ms fps: 30.00 (ts-monotonic, ts-src-eof)
cap dqbuf: 2 seq:   1514 bytesused: 12441600 ts: 227.518904 delta: 33.335 ms delta now: +32.174 ms fps: 30.00 (ts-monotonic, ts-src-eof)
cap dqbuf: 3 seq:   1515 bytesused: 12441600 ts: 227.552205 delta: 33.301 ms delta now: +33.288 ms fps: 30.00 (ts-monotonic, ts-src-eof)
cap dqbuf: 0 seq:   1516 bytesused: 12441600 ts: 227.585570 delta: 33.365 ms delta now: +32.174 ms fps: 30.00 (ts-monotonic, ts-src-eof)
cap dqbuf: 1 seq:   1517 bytesused: 12441600 ts: 227.618872 delta: 33.302 ms delta now: +33.098 ms fps: 30.00 (ts-monotonic, ts-src-eof)
cap dqbuf: 2 seq:   1518 bytesused: 12441600 ts: 227.652217 delta: 33.345 ms delta now: +33.054 ms fps: 30.00 (ts-monotonic, ts-src-eof)
cap dqbuf: 3 seq:   1519 bytesused: 12441600 ts: 227.685539 delta: 33.322 ms delta now: +33.084 ms fps: 30.00 (ts-monotonic, ts-src-eof)
cap dqbuf: 0 seq:   1520 bytesused: 12441600 ts: 227.718872 delta: 33.333 ms delta now: +32.207 ms fps: 30.00 (ts-monotonic, ts-src-eof)
cap dqbuf: 1 seq:   1521 bytesused: 12441600 ts: 227.752217 delta: 33.345 ms delta now: +33.046 ms fps: 30.00 (ts-monotonic, ts-src-eof)
cap dqbuf: 2 seq:   1522 bytesused: 12441600 ts: 227.785570 delta: 33.353 ms delta now: +32.412 ms fps: 30.00 (ts-monotonic, ts-src-eof)
cap dqbuf: 3 seq:   1523 bytesused: 12441600 ts: 227.818883 delta: 33.313 ms delta now: +33.061 ms fps: 30.00 (ts-monotonic, ts-src-eof)
cap dqbuf: 0 seq:   1524 bytesused: 12441600 ts: 227.852217 delta: 33.334 ms delta now: +33.175 ms fps: 30.00 (ts-monotonic, ts-src-eof)
cap dqbuf: 1 seq:   1525 bytesused: 12441600 ts: 227.885557 delta: 33.340 ms delta now: +33.161 ms fps: 30.00 (ts-monotonic, ts-src-eof)
cap dqbuf: 2 seq:   1526 bytesused: 12441600 ts: 227.918904 delta: 33.347 ms delta now: +33.226 ms fps: 30.00 (ts-monotonic, ts-src-eof)
cap dqbuf: 3 seq:   1527 bytesused: 12441600 ts: 227.952237 delta: 33.333 ms delta now: +33.052 ms fps: 30.00 (ts-monotonic, ts-src-eof)
cap dqbuf: 0 seq:   1528 bytesused: 12441600 ts: 227.985538 delta: 33.301 ms delta now: +33.209 ms fps: 30.00 (ts-monotonic, ts-src-eof)
cap dqbuf: 1 seq:   1529 bytesused: 12441600 ts: 228.018903 delta: 33.365 ms delta now: +32.174 ms fps: 30.00 (ts-monotonic, ts-src-eof)
cap dqbuf: 2 seq:   1530 bytesused: 12441600 ts: 228.052216 delta: 33.313 ms delta now: +33.218 ms fps: 30.00 (ts-monotonic, ts-src-eof)
cap dqbuf: 3 seq:   1531 bytesused: 12441600 ts: 228.085556 delta: 33.340 ms delta now: +33.069 ms fps: 30.00 (ts-monotonic, ts-src-eof)
cap dqbuf: 0 seq:   1532 bytesused: 12441600 ts: 228.118883 delta: 33.327 ms delta now: +32.651 ms fps: 30.00 (ts-monotonic, ts-src-eof)
cap dqbuf: 1 seq:   1533 bytesused: 12441600 ts: 228.152217 delta: 33.334 ms delta now: +33.192 ms fps: 30.00 (ts-monotonic, ts-src-eof)
cap dqbuf: 2 seq:   1534 bytesused: 12441600 ts: 228.185556 delta: 33.339 ms delta now: +33.303 ms fps: 30.00 (ts-monotonic, ts-src-eof)
cap dqbuf: 3 seq:   1535 bytesused: 12441600 ts: 228.218902 delta: 33.346 ms delta now: +33.049 ms fps: 30.00 (ts-monotonic, ts-src-eof)
cap dqbuf: 0 seq:   1536 bytesused: 12441600 ts: 228.252205 delta: 33.303 ms delta now: +33.324 ms fps: 30.00 (ts-monotonic, ts-src-eof)
cap dqbuf: 1 seq:   1537 bytesused: 12441600 ts: 228.285570 delta: 33.365 ms delta now: +32.173 ms fps: 30.00 (ts-monotonic, ts-src-eof)
cap dqbuf: 2 seq:   1538 bytesused: 12441600 ts: 228.318871 delta: 33.301 ms delta now: +32.211 ms fps: 30.00 (ts-monotonic, ts-src-eof)
cap dqbuf: 3 seq:   1539 bytesused: 12441600 ts: 228.352205 delta: 33.334 ms delta now: +33.081 ms fps: 30.00 (ts-monotonic, ts-src-eof)
cap dqbuf: 0 seq:   1540 bytesused: 12441600 ts: 228.385538 delta: 33.333 ms delta now: +33.298 ms fps: 30.00 (ts-monotonic, ts-src-eof)
cap dqbuf: 1 seq:   1541 bytesused: 12441600 ts: 228.418890 delta: 33.352 ms delta now: +33.193 ms fps: 30.00 (ts-monotonic, ts-src-eof)
cap dqbuf: 2 seq:   1542 bytesused: 12441600 ts: 228.452223 delta: 33.333 ms delta now: +33.068 ms fps: 30.00 (ts-monotonic, ts-src-eof)
cap dqbuf: 3 seq:   1543 bytesused: 12441600 ts: 228.485550 delta: 33.327 ms delta now: +32.193 ms fps: 30.00 (ts-monotonic, ts-src-eof)
cap dqbuf: 0 seq:   1544 bytesused: 12441600 ts: 228.518883 delta: 33.333 ms delta now: +33.080 ms fps: 30.00 (ts-monotonic, ts-src-eof)
cap dqbuf: 1 seq:   1545 bytesused: 12441600 ts: 228.552217 delta: 33.334 ms delta now: +33.288 ms fps: 30.00 (ts-monotonic, ts-src-eof)
cap dqbuf: 2 seq:   1546 bytesused: 12441600 ts: 228.585569 delta: 33.352 ms delta now: +33.146 ms fps: 30.00 (ts-monotonic, ts-src-eof)
cap dqbuf: 3 seq:   1547 bytesused: 12441600 ts: 228.618891 delta: 33.322 ms delta now: +32.186 ms fps: 30.00 (ts-monotonic, ts-src-eof)
cap dqbuf: 0 seq:   1548 bytesused: 12441600 ts: 228.652216 delta: 33.325 ms delta now: +32.193 ms fps: 30.00 (ts-monotonic, ts-src-eof)
cap dqbuf: 1 seq:   1549 bytesused: 12441600 ts: 228.685550 delta: 33.334 ms delta now: +33.068 ms fps: 30.00 (ts-monotonic, ts-src-eof)
cap dqbuf: 2 seq:   1550 bytesused: 12441600 ts: 228.718872 delta: 33.322 ms delta now: +32.209 ms fps: 30.00 (ts-monotonic, ts-src-eof)
cap dqbuf: 3 seq:   1551 bytesused: 12441600 ts: 228.752216 delta: 33.344 ms delta now: +33.247 ms fps: 30.00 (ts-monotonic, ts-src-eof)
cap dqbuf: 0 seq:   1552 bytesused: 12441600 ts: 228.785557 delta: 33.341 ms delta now: +33.293 ms fps: 30.00 (ts-monotonic, ts-src-eof)
cap dqbuf: 1 seq:   1553 bytesused: 12441600 ts: 228.818903 delta: 33.346 ms delta now: +33.241 ms fps: 30.00 (ts-monotonic, ts-src-eof)
cap dqbuf: 2 seq:   1554 bytesused: 12441600 ts: 228.852238 delta: 33.335 ms delta now: +33.149 ms fps: 30.00 (ts-monotonic, ts-src-eof)
cap dqbuf: 3 seq:   1555 bytesused: 12441600 ts: 228.885574 delta: 33.336 ms delta now: +32.168 ms fps: 30.00 (ts-monotonic, ts-src-eof)
cap dqbuf: 0 seq:   1556 bytesused: 12441600 ts: 228.918872 delta: 33.298 ms delta now: +32.204 ms fps: 30.00 (ts-monotonic, ts-src-eof)
cap dqbuf: 1 seq:   1557 bytesused: 12441600 ts: 228.952205 delta: 33.333 ms delta now: +33.364 ms fps: 30.00 (ts-monotonic, ts-src-eof)
cap dqbuf: 2 seq:   1558 bytesused: 12441600 ts: 228.985570 delta: 33.365 ms delta now: +33.308 ms fps: 30.00 (ts-monotonic, ts-src-eof)
cap dqbuf: 3 seq:   1559 bytesused: 12441600 ts: 229.018905 delta: 33.335 ms delta now: +33.272 ms fps: 30.00 (ts-monotonic, ts-src-eof)
cap dqbuf: 0 seq:   1560 bytesused: 12441600 ts: 229.052243 delta: 33.338 ms delta now: +33.384 ms fps: 30.00 (ts-monotonic, ts-src-eof)
cap dqbuf: 1 seq:   1561 bytesused: 12441600 ts: 229.085571 delta: 33.328 ms delta now: +32.173 ms fps: 30.00 (ts-monotonic, ts-src-eof)
cap dqbuf: 2 seq:   1562 bytesused: 12441600 ts: 229.118883 delta: 33.312 ms delta now: +33.167 ms fps: 30.00 (ts-monotonic, ts-src-eof)
cap dqbuf: 3 seq:   1563 bytesused: 12441600 ts: 229.152225 delta: 33.342 ms delta now: +32.308 ms fps: 30.00 (ts-monotonic, ts-src-eof)
cap dqbuf: 0 seq:   1564 bytesused: 12441600 ts: 229.185551 delta: 33.326 ms delta now: +32.206 ms fps: 30.00 (ts-monotonic, ts-src-eof)
cap dqbuf: 1 seq:   1565 bytesused: 12441600 ts: 229.218872 delta: 33.321 ms delta now: +32.217 ms fps: 30.00 (ts-monotonic, ts-src-eof)
cap dqbuf: 2 seq:   1566 bytesused: 12441600 ts: 229.252205 delta: 33.333 ms delta now: +33.090 ms fps: 30.00 (ts-monotonic, ts-src-eof)
cap dqbuf: 3 seq:   1567 bytesused: 12441600 ts: 229.285539 delta: 33.334 ms delta now: +32.204 ms fps: 30.00 (ts-monotonic, ts-src-eof)
cap dqbuf: 0 seq:   1568 bytesused: 12441600 ts: 229.318872 delta: 33.333 ms delta now: +33.068 ms fps: 30.00 (ts-monotonic, ts-src-eof)
cap dqbuf: 1 seq:   1569 bytesused: 12441600 ts: 229.352206 delta: 33.334 ms delta now: +33.086 ms fps: 30.00 (ts-monotonic, ts-src-eof)
cap dqbuf: 2 seq:   1570 bytesused: 12441600 ts: 229.385539 delta: 33.333 ms delta now: +33.221 ms fps: 30.00 (ts-monotonic, ts-src-eof)
cap dqbuf: 3 seq:   1571 bytesused: 12441600 ts: 229.418902 delta: 33.363 ms delta now: +33.289 ms fps: 30.00 (ts-monotonic, ts-src-eof)
cap dqbuf: 0 seq:   1572 bytesused: 12441600 ts: 229.452237 delta: 33.335 ms delta now: +32.176 ms fps: 30.00 (ts-monotonic, ts-src-eof)
cap dqbuf: 1 seq:   1573 bytesused: 12441600 ts: 229.485538 delta: 33.301 ms delta now: +32.205 ms fps: 30.00 (ts-monotonic, ts-src-eof)
cap dqbuf: 2 seq:   1574 bytesused: 12441600 ts: 229.518872 delta: 33.334 ms delta now: +32.918 ms fps: 30.00 (ts-monotonic, ts-src-eof)
cap dqbuf: 3 seq:   1575 bytesused: 12441600 ts: 229.552205 delta: 33.333 ms delta now: +33.062 ms fps: 30.00 (ts-monotonic, ts-src-eof)
cap dqbuf: 0 seq:   1576 bytesused: 12441600 ts: 229.585573 delta: 33.368 ms delta now: +33.261 ms fps: 30.00 (ts-monotonic, ts-src-eof)
cap dqbuf: 1 seq:   1577 bytesused: 12441600 ts: 229.618904 delta: 33.331 ms delta now: +33.294 ms fps: 30.00 (ts-monotonic, ts-src-eof)
cap dqbuf: 2 seq:   1578 bytesused: 12441600 ts: 229.652225 delta: 33.321 ms delta now: +33.202 ms fps: 30.00 (ts-monotonic, ts-src-eof)
cap dqbuf: 3 seq:   1579 bytesused: 12441600 ts: 229.685571 delta: 33.346 ms delta now: +33.264 ms fps: 30.00 (ts-monotonic, ts-src-eof)
cap dqbuf: 0 seq:   1580 bytesused: 12441600 ts: 229.718892 delta: 33.321 ms delta now: +33.062 ms fps: 30.00 (ts-monotonic, ts-src-eof)
cap dqbuf: 1 seq:   1581 bytesused: 12441600 ts: 229.752218 delta: 33.326 ms delta now: +33.259 ms fps: 30.00 (ts-monotonic, ts-src-eof)
cap dqbuf: 2 seq:   1582 bytesused: 12441600 ts: 229.785572 delta: 33.354 ms delta now: +33.052 ms fps: 30.00 (ts-monotonic, ts-src-eof)
cap dqbuf: 3 seq:   1583 bytesused: 12441600 ts: 229.818884 delta: 33.312 ms delta now: +32.191 ms fps: 30.00 (ts-monotonic, ts-src-eof)
cap dqbuf: 0 seq:   1584 bytesused: 12441600 ts: 229.852216 delta: 33.332 ms delta now: +33.254 ms fps: 30.00 (ts-monotonic, ts-src-eof)
cap dqbuf: 1 seq:   1585 bytesused: 12441600 ts: 229.885556 delta: 33.340 ms delta now: +33.330 ms fps: 30.00 (ts-monotonic, ts-src-eof)
cap dqbuf: 2 seq:   1586 bytesused: 12441600 ts: 229.918907 delta: 33.351 ms delta now: +32.170 ms fps: 30.00 (ts-monotonic, ts-src-eof)
cap dqbuf: 3 seq:   1587 bytesused: 12441600 ts: 229.952217 delta: 33.310 ms delta now: +32.193 ms fps: 30.00 (ts-monotonic, ts-src-eof)
cap dqbuf: 0 seq:   1588 bytesused: 12441600 ts: 229.985539 delta: 33.322 ms delta now: +32.204 ms fps: 30.00 (ts-monotonic, ts-src-eof)
cap dqbuf: 1 seq:   1589 bytesused: 12441600 ts: 230.018872 delta: 33.333 ms delta now: +33.074 ms fps: 30.00 (ts-monotonic, ts-src-eof)
cap dqbuf: 2 seq:   1590 bytesused: 12441600 ts: 230.052206 delta: 33.334 ms delta now: +33.183 ms fps: 30.00 (ts-monotonic, ts-src-eof)
cap dqbuf: 3 seq:   1591 bytesused: 12441600 ts: 230.085557 delta: 33.351 ms delta now: +33.047 ms fps: 30.00 (ts-monotonic, ts-src-eof)
cap dqbuf: 0 seq:   1592 bytesused: 12441600 ts: 230.118873 delta: 33.316 ms delta now: +33.324 ms fps: 30.00 (ts-monotonic, ts-src-eof)
cap dqbuf: 1 seq:   1593 bytesused: 12441600 ts: 230.152237 delta: 33.364 ms delta now: +33.058 ms fps: 30.00 (ts-monotonic, ts-src-eof)
cap dqbuf: 2 seq:   1594 bytesused: 12441600 ts: 230.185551 delta: 33.314 ms delta now: +33.276 ms fps: 30.00 (ts-monotonic, ts-src-eof)
cap dqbuf: 3 seq:   1595 bytesused: 12441600 ts: 230.218908 delta: 33.357 ms delta now: +33.050 ms fps: 30.00 (ts-monotonic, ts-src-eof)
cap dqbuf: 0 seq:   1596 bytesused: 12441600 ts: 230.252217 delta: 33.309 ms delta now: +33.302 ms fps: 30.00 (ts-monotonic, ts-src-eof)
cap dqbuf: 1 seq:   1597 bytesused: 12441600 ts: 230.285556 delta: 33.339 ms delta now: +32.188 ms fps: 30.00 (ts-monotonic, ts-src-eof)
cap dqbuf: 2 seq:   1598 bytesused: 12441600 ts: 230.318883 delta: 33.327 ms delta now: +33.069 ms fps: 30.00 (ts-monotonic, ts-src-eof)
cap dqbuf: 3 seq:   1599 bytesused: 12441600 ts: 230.352217 delta: 33.334 ms delta now: +33.169 ms fps: 30.00 (ts-monotonic, ts-src-eof)
cap dqbuf: 0 seq:   1600 bytesused: 12441600 ts: 230.385574 delta: 33.357 ms delta now: +33.182 ms fps: 30.00 (ts-monotonic, ts-src-eof)
cap dqbuf: 1 seq:   1601 bytesused: 12441600 ts: 230.418904 delta: 33.330 ms delta now: +32.221 ms fps: 30.00 (ts-monotonic, ts-src-eof)
cap dqbuf: 2 seq:   1602 bytesused: 12441600 ts: 230.452217 delta: 33.313 ms delta now: +32.194 ms fps: 30.00 (ts-monotonic, ts-src-eof)
cap dqbuf: 3 seq:   1603 bytesused: 12441600 ts: 230.485539 delta: 33.322 ms delta now: +33.074 ms fps: 30.00 (ts-monotonic, ts-src-eof)
cap dqbuf: 0 seq:   1604 bytesused: 12441600 ts: 230.518884 delta: 33.345 ms delta now: +33.057 ms fps: 30.00 (ts-monotonic, ts-src-eof)
cap dqbuf: 1 seq:   1605 bytesused: 12441600 ts: 230.552205 delta: 33.321 ms delta now: +32.205 ms fps: 30.00 (ts-monotonic, ts-src-eof)
cap dqbuf: 2 seq:   1606 bytesused: 12441600 ts: 230.585539 delta: 33.334 ms delta now: +33.085 ms fps: 30.00 (ts-monotonic, ts-src-eof)
cap dqbuf: 3 seq:   1607 bytesused: 12441600 ts: 230.618884 delta: 33.345 ms delta now: +32.209 ms fps: 30.00 (ts-monotonic, ts-src-eof)
cap dqbuf: 0 seq:   1608 bytesused: 12441600 ts: 230.652217 delta: 33.333 ms delta now: +32.212 ms fps: 30.00 (ts-monotonic, ts-src-eof)
cap dqbuf: 1 seq:   1609 bytesused: 12441600 ts: 230.685550 delta: 33.333 ms delta now: +33.053 ms fps: 30.00 (ts-monotonic, ts-src-eof)
cap dqbuf: 2 seq:   1610 bytesused: 12441600 ts: 230.718872 delta: 33.322 ms delta now: +33.254 ms fps: 30.00 (ts-monotonic, ts-src-eof)
cap dqbuf: 3 seq:   1611 bytesused: 12441600 ts: 230.752223 delta: 33.351 ms delta now: +32.188 ms fps: 30.00 (ts-monotonic, ts-src-eof)
cap dqbuf: 0 seq:   1612 bytesused: 12441600 ts: 230.785540 delta: 33.317 ms delta now: +33.340 ms fps: 30.00 (ts-monotonic, ts-src-eof)
cap dqbuf: 1 seq:   1613 bytesused: 12441600 ts: 230.818890 delta: 33.350 ms delta now: +32.189 ms fps: 30.00 (ts-monotonic, ts-src-eof)
cap dqbuf: 2 seq:   1614 bytesused: 12441600 ts: 230.852217 delta: 33.327 ms delta now: +32.194 ms fps: 30.00 (ts-monotonic, ts-src-eof)
cap dqbuf: 3 seq:   1615 bytesused: 12441600 ts: 230.885551 delta: 33.334 ms delta now: +33.278 ms fps: 30.00 (ts-monotonic, ts-src-eof)
cap dqbuf: 0 seq:   1616 bytesused: 12441600 ts: 230.918890 delta: 33.339 ms delta now: +33.313 ms fps: 30.00 (ts-monotonic, ts-src-eof)
cap dqbuf: 1 seq:   1617 bytesused: 12441600 ts: 230.952236 delta: 33.346 ms delta now: +33.048 ms fps: 30.00 (ts-monotonic, ts-src-eof)
cap dqbuf: 2 seq:   1618 bytesused: 12441600 ts: 230.985539 delta: 33.303 ms delta now: +33.197 ms fps: 30.00 (ts-monotonic, ts-src-eof)
cap dqbuf: 3 seq:   1619 bytesused: 12441600 ts: 231.018890 delta: 33.351 ms delta now: +33.286 ms fps: 30.00 (ts-monotonic, ts-src-eof)
cap dqbuf: 0 seq:   1620 bytesused: 12441600 ts: 231.052224 delta: 33.334 ms delta now: +33.188 ms fps: 30.00 (ts-monotonic, ts-src-eof)
cap dqbuf: 1 seq:   1621 bytesused: 12441600 ts: 231.085556 delta: 33.332 ms delta now: +33.066 ms fps: 30.00 (ts-monotonic, ts-src-eof)
cap dqbuf: 2 seq:   1622 bytesused: 12441600 ts: 231.118872 delta: 33.316 ms delta now: +33.267 ms fps: 30.00 (ts-monotonic, ts-src-eof)
cap dqbuf: 3 seq:   1623 bytesused: 12441600 ts: 231.152237 delta: 33.365 ms delta now: +32.191 ms fps: 30.00 (ts-monotonic, ts-src-eof)
cap dqbuf: 0 seq:   1624 bytesused: 12441600 ts: 231.185550 delta: 33.313 ms delta now: +33.288 ms fps: 30.00 (ts-monotonic, ts-src-eof)
cap dqbuf: 1 seq:   1625 bytesused: 12441600 ts: 231.218908 delta: 33.358 ms delta now: +33.244 ms fps: 30.00 (ts-monotonic, ts-src-eof)
cap dqbuf: 2 seq:   1626 bytesused: 12441600 ts: 231.252244 delta: 33.336 ms delta now: +33.201 ms fps: 30.00 (ts-monotonic, ts-src-eof)
cap dqbuf: 3 seq:   1627 bytesused: 12441600 ts: 231.285557 delta: 33.313 ms delta now: +33.188 ms fps: 30.00 (ts-monotonic, ts-src-eof)
cap dqbuf: 0 seq:   1628 bytesused: 12441600 ts: 231.318890 delta: 33.333 ms delta now: +33.326 ms fps: 30.00 (ts-monotonic, ts-src-eof)
cap dqbuf: 1 seq:   1629 bytesused: 12441600 ts: 231.352238 delta: 33.348 ms delta now: +32.178 ms fps: 30.00 (ts-monotonic, ts-src-eof)
cap dqbuf: 2 seq:   1630 bytesused: 12441600 ts: 231.385551 delta: 33.313 ms delta now: +32.192 ms fps: 30.00 (ts-monotonic, ts-src-eof)
cap dqbuf: 3 seq:   1631 bytesused: 12441600 ts: 231.418872 delta: 33.321 ms delta now: +32.204 ms fps: 30.00 (ts-monotonic, ts-src-eof)
cap dqbuf: 0 seq:   1632 bytesused: 12441600 ts: 231.452217 delta: 33.345 ms delta now: +33.271 ms fps: 30.00 (ts-monotonic, ts-src-eof)
cap dqbuf: 1 seq:   1633 bytesused: 12441600 ts: 231.485573 delta: 33.356 ms delta now: +32.171 ms fps: 30.00 (ts-monotonic, ts-src-eof)
cap dqbuf: 2 seq:   1634 bytesused: 12441600 ts: 231.518884 delta: 33.311 ms delta now: +32.191 ms fps: 30.00 (ts-monotonic, ts-src-eof)
cap dqbuf: 3 seq:   1635 bytesused: 12441600 ts: 231.552205 delta: 33.321 ms delta now: +32.205 ms fps: 30.00 (ts-monotonic, ts-src-eof)
cap dqbuf: 0 seq:   1636 bytesused: 12441600 ts: 231.585551 delta: 33.346 ms delta now: +33.245 ms fps: 30.00 (ts-monotonic, ts-src-eof)
cap dqbuf: 1 seq:   1637 bytesused: 12441600 ts: 231.618909 delta: 33.358 ms delta now: +33.204 ms fps: 30.00 (ts-monotonic, ts-src-eof)
cap dqbuf: 2 seq:   1638 bytesused: 12441600 ts: 231.652249 delta: 33.340 ms delta now: +33.172 ms fps: 30.00 (ts-monotonic, ts-src-eof)
cap dqbuf: 3 seq:   1639 bytesused: 12441600 ts: 231.685558 delta: 33.309 ms delta now: +33.336 ms fps: 30.00 (ts-monotonic, ts-src-eof)
cap dqbuf: 0 seq:   1640 bytesused: 12441600 ts: 231.718903 delta: 33.345 ms delta now: +33.233 ms fps: 30.00 (ts-monotonic, ts-src-eof)
cap dqbuf: 1 seq:   1641 bytesused: 12441600 ts: 231.752237 delta: 33.334 ms delta now: +32.179 ms fps: 30.00 (ts-monotonic, ts-src-eof)
cap dqbuf: 2 seq:   1642 bytesused: 12441600 ts: 231.785551 delta: 33.314 ms delta now: +33.213 ms fps: 30.00 (ts-monotonic, ts-src-eof)
cap dqbuf: 3 seq:   1643 bytesused: 12441600 ts: 231.818892 delta: 33.341 ms delta now: +33.174 ms fps: 30.00 (ts-monotonic, ts-src-eof)
cap dqbuf: 0 seq:   1644 bytesused: 12441600 ts: 231.852223 delta: 33.331 ms delta now: +33.207 ms fps: 30.00 (ts-monotonic, ts-src-eof)
cap dqbuf: 1 seq:   1645 bytesused: 12441600 ts: 231.885570 delta: 33.347 ms delta now: +33.056 ms fps: 30.00 (ts-monotonic, ts-src-eof)
cap dqbuf: 2 seq:   1646 bytesused: 12441600 ts: 231.918884 delta: 33.314 ms delta now: +32.192 ms fps: 30.00 (ts-monotonic, ts-src-eof)
cap dqbuf: 3 seq:   1647 bytesused: 12441600 ts: 231.952205 delta: 33.321 ms delta now: +33.069 ms fps: 30.00 (ts-monotonic, ts-src-eof)
cap dqbuf: 0 seq:   1648 bytesused: 12441600 ts: 231.985539 delta: 33.334 ms delta now: +33.299 ms fps: 30.00 (ts-monotonic, ts-src-eof)
cap dqbuf: 1 seq:   1649 bytesused: 12441600 ts: 232.018890 delta: 33.351 ms delta now: +32.193 ms fps: 30.00 (ts-monotonic, ts-src-eof)
cap dqbuf: 2 seq:   1650 bytesused: 12441600 ts: 232.052206 delta: 33.316 ms delta now: +32.203 ms fps: 30.00 (ts-monotonic, ts-src-eof)
cap dqbuf: 3 seq:   1651 bytesused: 12441600 ts: 232.085550 delta: 33.344 ms delta now: +32.938 ms fps: 30.00 (ts-monotonic, ts-src-eof)
cap dqbuf: 0 seq:   1652 bytesused: 12441600 ts: 232.118872 delta: 33.322 ms delta now: +33.307 ms fps: 30.00 (ts-monotonic, ts-src-eof)
cap dqbuf: 1 seq:   1653 bytesused: 12441600 ts: 232.152223 delta: 33.351 ms delta now: +32.209 ms fps: 30.00 (ts-monotonic, ts-src-eof)
cap dqbuf: 2 seq:   1654 bytesused: 12441600 ts: 232.185551 delta: 33.328 ms delta now: +33.191 ms fps: 30.00 (ts-monotonic, ts-src-eof)
cap dqbuf: 3 seq:   1655 bytesused: 12441600 ts: 232.218889 delta: 33.338 ms delta now: +33.296 ms fps: 30.00 (ts-monotonic, ts-src-eof)
cap dqbuf: 0 seq:   1656 bytesused: 12441600 ts: 232.252236 delta: 33.347 ms delta now: +33.258 ms fps: 30.00 (ts-monotonic, ts-src-eof)
cap dqbuf: 1 seq:   1657 bytesused: 12441600 ts: 232.285565 delta: 33.329 ms delta now: +33.270 ms fps: 30.00 (ts-monotonic, ts-src-eof)
cap dqbuf: 2 seq:   1658 bytesused: 12441600 ts: 232.318898 delta: 33.333 ms delta now: +32.185 ms fps: 30.00 (ts-monotonic, ts-src-eof)
cap dqbuf: 3 seq:   1659 bytesused: 12441600 ts: 232.352206 delta: 33.308 ms delta now: +33.065 ms fps: 30.00 (ts-monotonic, ts-src-eof)
cap dqbuf: 0 seq:   1660 bytesused: 12441600 ts: 232.385539 delta: 33.333 ms delta now: +33.214 ms fps: 30.00 (ts-monotonic, ts-src-eof)
cap dqbuf: 1 seq:   1661 bytesused: 12441600 ts: 232.418890 delta: 33.351 ms delta now: +33.052 ms fps: 30.00 (ts-monotonic, ts-src-eof)
cap dqbuf: 2 seq:   1662 bytesused: 12441600 ts: 232.452206 delta: 33.316 ms delta now: +32.205 ms fps: 30.00 (ts-monotonic, ts-src-eof)
cap dqbuf: 3 seq:   1663 bytesused: 12441600 ts: 232.485539 delta: 33.333 ms delta now: +33.184 ms fps: 30.00 (ts-monotonic, ts-src-eof)
cap dqbuf: 0 seq:   1664 bytesused: 12441600 ts: 232.518902 delta: 33.363 ms delta now: +33.263 ms fps: 30.00 (ts-monotonic, ts-src-eof)
cap dqbuf: 1 seq:   1665 bytesused: 12441600 ts: 232.552223 delta: 33.321 ms delta now: +32.187 ms fps: 30.00 (ts-monotonic, ts-src-eof)
cap dqbuf: 2 seq:   1666 bytesused: 12441600 ts: 232.585539 delta: 33.316 ms delta now: +33.300 ms fps: 30.00 (ts-monotonic, ts-src-eof)
cap dqbuf: 3 seq:   1667 bytesused: 12441600 ts: 232.618890 delta: 33.351 ms delta now: +32.192 ms fps: 30.00 (ts-monotonic, ts-src-eof)
cap dqbuf: 0 seq:   1668 bytesused: 12441600 ts: 232.652217 delta: 33.327 ms delta now: +32.194 ms fps: 30.00 (ts-monotonic, ts-src-eof)
cap dqbuf: 1 seq:   1669 bytesused: 12441600 ts: 232.685550 delta: 33.333 ms delta now: +33.125 ms fps: 30.00 (ts-monotonic, ts-src-eof)
cap dqbuf: 2 seq:   1670 bytesused: 12441600 ts: 232.718891 delta: 33.341 ms delta now: +32.187 ms fps: 30.00 (ts-monotonic, ts-src-eof)
cap dqbuf: 3 seq:   1671 bytesused: 12441600 ts: 232.752205 delta: 33.314 ms delta now: +33.076 ms fps: 30.00 (ts-monotonic, ts-src-eof)
cap dqbuf: 0 seq:   1672 bytesused: 12441600 ts: 232.785539 delta: 33.334 ms delta now: +33.323 ms fps: 30.00 (ts-monotonic, ts-src-eof)
cap dqbuf: 1 seq:   1673 bytesused: 12441600 ts: 232.818891 delta: 33.352 ms delta now: +32.185 ms fps: 30.00 (ts-monotonic, ts-src-eof)
cap dqbuf: 2 seq:   1674 bytesused: 12441600 ts: 232.852207 delta: 33.316 ms delta now: +33.063 ms fps: 30.00 (ts-monotonic, ts-src-eof)
cap dqbuf: 3 seq:   1675 bytesused: 12441600 ts: 232.885550 delta: 33.343 ms delta now: +33.176 ms fps: 30.00 (ts-monotonic, ts-src-eof)
cap dqbuf: 0 seq:   1676 bytesused: 12441600 ts: 232.918890 delta: 33.340 ms delta now: +33.292 ms fps: 30.00 (ts-monotonic, ts-src-eof)
cap dqbuf: 1 seq:   1677 bytesused: 12441600 ts: 232.952224 delta: 33.334 ms delta now: +33.041 ms fps: 30.00 (ts-monotonic, ts-src-eof)
cap dqbuf: 2 seq:   1678 bytesused: 12441600 ts: 232.985539 delta: 33.315 ms delta now: +33.199 ms fps: 30.00 (ts-monotonic, ts-src-eof)
cap dqbuf: 3 seq:   1679 bytesused: 12441600 ts: 233.018903 delta: 33.364 ms delta now: +33.050 ms fps: 30.00 (ts-monotonic, ts-src-eof)
cap dqbuf: 0 seq:   1680 bytesused: 12441600 ts: 233.052205 delta: 33.302 ms delta now: +33.194 ms fps: 30.00 (ts-monotonic, ts-src-eof)
cap dqbuf: 1 seq:   1681 bytesused: 12441600 ts: 233.085558 delta: 33.353 ms delta now: +32.186 ms fps: 30.00 (ts-monotonic, ts-src-eof)
cap dqbuf: 2 seq:   1682 bytesused: 12441600 ts: 233.118873 delta: 33.315 ms delta now: +33.302 ms fps: 30.00 (ts-monotonic, ts-src-eof)
cap dqbuf: 3 seq:   1683 bytesused: 12441600 ts: 233.152224 delta: 33.351 ms delta now: +33.073 ms fps: 30.00 (ts-monotonic, ts-src-eof)
cap dqbuf: 0 seq:   1684 bytesused: 12441600 ts: 233.185550 delta: 33.326 ms delta now: +33.251 ms fps: 30.00 (ts-monotonic, ts-src-eof)
cap dqbuf: 1 seq:   1685 bytesused: 12441600 ts: 233.218911 delta: 33.361 ms delta now: +33.247 ms fps: 30.00 (ts-monotonic, ts-src-eof)
cap dqbuf: 2 seq:   1686 bytesused: 12441600 ts: 233.252231 delta: 33.320 ms delta now: +33.048 ms fps: 30.00 (ts-monotonic, ts-src-eof)
cap dqbuf: 3 seq:   1687 bytesused: 12441600 ts: 233.285540 delta: 33.309 ms delta now: +33.374 ms fps: 30.00 (ts-monotonic, ts-src-eof)
cap dqbuf: 0 seq:   1688 bytesused: 12441600 ts: 233.318890 delta: 33.350 ms delta now: +33.064 ms fps: 30.00 (ts-monotonic, ts-src-eof)
cap dqbuf: 1 seq:   1689 bytesused: 12441600 ts: 233.352217 delta: 33.327 ms delta now: +33.202 ms fps: 30.00 (ts-monotonic, ts-src-eof)
cap dqbuf: 2 seq:   1690 bytesused: 12441600 ts: 233.385570 delta: 33.353 ms delta now: +32.175 ms fps: 30.00 (ts-monotonic, ts-src-eof)
cap dqbuf: 3 seq:   1691 bytesused: 12441600 ts: 233.418887 delta: 33.317 ms delta now: +33.180 ms fps: 30.00 (ts-monotonic, ts-src-eof)
cap dqbuf: 0 seq:   1692 bytesused: 12441600 ts: 233.452224 delta: 33.337 ms delta now: +33.292 ms fps: 30.00 (ts-monotonic, ts-src-eof)
cap dqbuf: 1 seq:   1693 bytesused: 12441600 ts: 233.485571 delta: 33.347 ms delta now: +33.208 ms fps: 30.00 (ts-monotonic, ts-src-eof)
cap dqbuf: 2 seq:   1694 bytesused: 12441600 ts: 233.518890 delta: 33.319 ms delta now: +32.186 ms fps: 30.00 (ts-monotonic, ts-src-eof)
cap dqbuf: 3 seq:   1695 bytesused: 12441600 ts: 233.552205 delta: 33.315 ms delta now: +33.236 ms fps: 30.00 (ts-monotonic, ts-src-eof)
cap dqbuf: 0 seq:   1696 bytesused: 12441600 ts: 233.585569 delta: 33.364 ms delta now: +33.178 ms fps: 30.00 (ts-monotonic, ts-src-eof)
cap dqbuf: 1 seq:   1697 bytesused: 12441600 ts: 233.618890 delta: 33.321 ms delta now: +33.268 ms fps: 30.00 (ts-monotonic, ts-src-eof)
cap dqbuf: 2 seq:   1698 bytesused: 12441600 ts: 233.652224 delta: 33.334 ms delta now: +33.049 ms fps: 30.00 (ts-monotonic, ts-src-eof)
cap dqbuf: 3 seq:   1699 bytesused: 12441600 ts: 233.685551 delta: 33.327 ms delta now: +33.217 ms fps: 30.00 (ts-monotonic, ts-src-eof)
cap dqbuf: 0 seq:   1700 bytesused: 12441600 ts: 233.718905 delta: 33.354 ms delta now: +33.261 ms fps: 30.00 (ts-monotonic, ts-src-eof)
cap dqbuf: 1 seq:   1701 bytesused: 12441600 ts: 233.752223 delta: 33.318 ms delta now: +33.349 ms fps: 30.00 (ts-monotonic, ts-src-eof)
cap dqbuf: 2 seq:   1702 bytesused: 12441600 ts: 233.785571 delta: 33.348 ms delta now: +32.172 ms fps: 30.00 (ts-monotonic, ts-src-eof)
cap dqbuf: 3 seq:   1703 bytesused: 12441600 ts: 233.818872 delta: 33.301 ms delta now: +33.193 ms fps: 30.00 (ts-monotonic, ts-src-eof)
cap dqbuf: 0 seq:   1704 bytesused: 12441600 ts: 233.852224 delta: 33.352 ms delta now: +33.060 ms fps: 30.00 (ts-monotonic, ts-src-eof)
cap dqbuf: 1 seq:   1705 bytesused: 12441600 ts: 233.885541 delta: 33.317 ms delta now: +33.221 ms fps: 30.00 (ts-monotonic, ts-src-eof)
cap dqbuf: 2 seq:   1706 bytesused: 12441600 ts: 233.918891 delta: 33.350 ms delta now: +33.054 ms fps: 30.00 (ts-monotonic, ts-src-eof)
cap dqbuf: 3 seq:   1707 bytesused: 12441600 ts: 233.952217 delta: 33.326 ms delta now: +33.081 ms fps: 30.00 (ts-monotonic, ts-src-eof)
cap dqbuf: 0 seq:   1708 bytesused: 12441600 ts: 233.985539 delta: 33.322 ms delta now: +33.254 ms fps: 30.00 (ts-monotonic, ts-src-eof)
cap dqbuf: 1 seq:   1709 bytesused: 12441600 ts: 234.018905 delta: 33.366 ms delta now: +32.172 ms fps: 30.00 (ts-monotonic, ts-src-eof)
cap dqbuf: 2 seq:   1710 bytesused: 12441600 ts: 234.052217 delta: 33.312 ms delta now: +32.192 ms fps: 30.00 (ts-monotonic, ts-src-eof)
cap dqbuf: 3 seq:   1711 bytesused: 12441600 ts: 234.085551 delta: 33.334 ms delta now: +32.192 ms fps: 30.00 (ts-monotonic, ts-src-eof)
cap dqbuf: 0 seq:   1712 bytesused: 12441600 ts: 234.118883 delta: 33.332 ms delta now: +33.067 ms fps: 30.00 (ts-monotonic, ts-src-eof)
cap dqbuf: 1 seq:   1713 bytesused: 12441600 ts: 234.152217 delta: 33.334 ms delta now: +33.091 ms fps: 30.00 (ts-monotonic, ts-src-eof)
cap dqbuf: 2 seq:   1714 bytesused: 12441600 ts: 234.185539 delta: 33.322 ms delta now: +33.223 ms fps: 30.00 (ts-monotonic, ts-src-eof)
cap dqbuf: 3 seq:   1715 bytesused: 12441600 ts: 234.218890 delta: 33.351 ms delta now: +33.190 ms fps: 30.00 (ts-monotonic, ts-src-eof)
cap dqbuf: 0 seq:   1716 bytesused: 12441600 ts: 234.252228 delta: 33.338 ms delta now: +33.039 ms fps: 30.00 (ts-monotonic, ts-src-eof)
cap dqbuf: 1 seq:   1717 bytesused: 12441600 ts: 234.285551 delta: 33.323 ms delta now: +33.194 ms fps: 30.00 (ts-monotonic, ts-src-eof)
cap dqbuf: 2 seq:   1718 bytesused: 12441600 ts: 234.318890 delta: 33.339 ms delta now: +32.230 ms fps: 30.00 (ts-monotonic, ts-src-eof)
cap dqbuf: 3 seq:   1719 bytesused: 12441600 ts: 234.352218 delta: 33.328 ms delta now: +32.208 ms fps: 30.00 (ts-monotonic, ts-src-eof)
cap dqbuf: 0 seq:   1720 bytesused: 12441600 ts: 234.385550 delta: 33.332 ms delta now: +33.368 ms fps: 30.00 (ts-monotonic, ts-src-eof)
cap dqbuf: 1 seq:   1721 bytesused: 12441600 ts: 234.418905 delta: 33.355 ms delta now: +33.064 ms fps: 30.00 (ts-monotonic, ts-src-eof)
cap dqbuf: 2 seq:   1722 bytesused: 12441600 ts: 234.452206 delta: 33.301 ms delta now: +33.340 ms fps: 30.00 (ts-monotonic, ts-src-eof)
cap dqbuf: 3 seq:   1723 bytesused: 12441600 ts: 234.485562 delta: 33.356 ms delta now: +33.172 ms fps: 30.00 (ts-monotonic, ts-src-eof)
cap dqbuf: 0 seq:   1724 bytesused: 12441600 ts: 234.518890 delta: 33.328 ms delta now: +33.276 ms fps: 30.00 (ts-monotonic, ts-src-eof)
cap dqbuf: 1 seq:   1725 bytesused: 12441600 ts: 234.552236 delta: 33.346 ms delta now: +33.312 ms fps: 30.00 (ts-monotonic, ts-src-eof)
cap dqbuf: 2 seq:   1726 bytesused: 12441600 ts: 234.585556 delta: 33.320 ms delta now: +33.328 ms fps: 30.00 (ts-monotonic, ts-src-eof)
cap dqbuf: 3 seq:   1727 bytesused: 12441600 ts: 234.618904 delta: 33.348 ms delta now: +33.049 ms fps: 30.00 (ts-monotonic, ts-src-eof)
cap dqbuf: 0 seq:   1728 bytesused: 12441600 ts: 234.652206 delta: 33.302 ms delta now: +33.286 ms fps: 30.00 (ts-monotonic, ts-src-eof)
cap dqbuf: 1 seq:   1729 bytesused: 12441600 ts: 234.685556 delta: 33.350 ms delta now: +33.179 ms fps: 30.00 (ts-monotonic, ts-src-eof)
cap dqbuf: 2 seq:   1730 bytesused: 12441600 ts: 234.718904 delta: 33.348 ms delta now: +33.311 ms fps: 30.00 (ts-monotonic, ts-src-eof)
cap dqbuf: 3 seq:   1731 bytesused: 12441600 ts: 234.752238 delta: 33.334 ms delta now: +33.253 ms fps: 30.00 (ts-monotonic, ts-src-eof)
cap dqbuf: 0 seq:   1732 bytesused: 12441600 ts: 234.785570 delta: 33.332 ms delta now: +32.174 ms fps: 30.00 (ts-monotonic, ts-src-eof)
cap dqbuf: 1 seq:   1733 bytesused: 12441600 ts: 234.818884 delta: 33.314 ms delta now: +33.060 ms fps: 30.00 (ts-monotonic, ts-src-eof)
cap dqbuf: 2 seq:   1734 bytesused: 12441600 ts: 234.852218 delta: 33.334 ms delta now: +33.255 ms fps: 30.00 (ts-monotonic, ts-src-eof)
cap dqbuf: 3 seq:   1735 bytesused: 12441600 ts: 234.885557 delta: 33.339 ms delta now: +33.102 ms fps: 30.00 (ts-monotonic, ts-src-eof)
cap dqbuf: 0 seq:   1736 bytesused: 12441600 ts: 234.918885 delta: 33.328 ms delta now: +32.192 ms fps: 30.00 (ts-monotonic, ts-src-eof)
cap dqbuf: 1 seq:   1737 bytesused: 12441600 ts: 234.952208 delta: 33.323 ms delta now: +33.201 ms fps: 30.00 (ts-monotonic, ts-src-eof)
cap dqbuf: 2 seq:   1738 bytesused: 12441600 ts: 234.985562 delta: 33.354 ms delta now: +33.285 ms fps: 30.00 (ts-monotonic, ts-src-eof)
cap dqbuf: 3 seq:   1739 bytesused: 12441600 ts: 235.018904 delta: 33.342 ms delta now: +33.173 ms fps: 30.00 (ts-monotonic, ts-src-eof)
cap dqbuf: 0 seq:   1740 bytesused: 12441600 ts: 235.052237 delta: 33.333 ms delta now: +32.290 ms fps: 30.00 (ts-monotonic, ts-src-eof)
cap dqbuf: 1 seq:   1741 bytesused: 12441600 ts: 235.085539 delta: 33.302 ms delta now: +33.307 ms fps: 30.00 (ts-monotonic, ts-src-eof)
cap dqbuf: 2 seq:   1742 bytesused: 12441600 ts: 235.118889 delta: 33.350 ms delta now: +33.294 ms fps: 30.00 (ts-monotonic, ts-src-eof)
cap dqbuf: 3 seq:   1743 bytesused: 12441600 ts: 235.152239 delta: 33.350 ms delta now: +32.194 ms fps: 30.00 (ts-monotonic, ts-src-eof)
cap dqbuf: 0 seq:   1744 bytesused: 12441600 ts: 235.185551 delta: 33.312 ms delta now: +32.203 ms fps: 30.00 (ts-monotonic, ts-src-eof)
cap dqbuf: 1 seq:   1745 bytesused: 12441600 ts: 235.218873 delta: 33.322 ms delta now: +33.303 ms fps: 30.00 (ts-monotonic, ts-src-eof)
cap dqbuf: 2 seq:   1746 bytesused: 12441600 ts: 235.252223 delta: 33.350 ms delta now: +33.271 ms fps: 30.00 (ts-monotonic, ts-src-eof)
cap dqbuf: 3 seq:   1747 bytesused: 12441600 ts: 235.285564 delta: 33.341 ms delta now: +33.289 ms fps: 30.00 (ts-monotonic, ts-src-eof)
cap dqbuf: 0 seq:   1748 bytesused: 12441600 ts: 235.318890 delta: 33.326 ms delta now: +32.188 ms fps: 30.00 (ts-monotonic, ts-src-eof)
cap dqbuf: 1 seq:   1749 bytesused: 12441600 ts: 235.352218 delta: 33.328 ms delta now: +33.330 ms fps: 30.00 (ts-monotonic, ts-src-eof)
cap dqbuf: 2 seq:   1750 bytesused: 12441600 ts: 235.385572 delta: 33.354 ms delta now: +33.034 ms fps: 30.00 (ts-monotonic, ts-src-eof)
cap dqbuf: 3 seq:   1751 bytesused: 12441600 ts: 235.418872 delta: 33.300 ms delta now: +33.207 ms fps: 30.00 (ts-monotonic, ts-src-eof)
cap dqbuf: 0 seq:   1752 bytesused: 12441600 ts: 235.452237 delta: 33.365 ms delta now: +33.326 ms fps: 30.00 (ts-monotonic, ts-src-eof)
cap dqbuf: 1 seq:   1753 bytesused: 12441600 ts: 235.485558 delta: 33.321 ms delta now: +32.302 ms fps: 30.00 (ts-monotonic, ts-src-eof)
cap dqbuf: 2 seq:   1754 bytesused: 12441600 ts: 235.518884 delta: 33.326 ms delta now: +33.283 ms fps: 30.00 (ts-monotonic, ts-src-eof)
cap dqbuf: 3 seq:   1755 bytesused: 12441600 ts: 235.552239 delta: 33.355 ms delta now: +33.274 ms fps: 30.00 (ts-monotonic, ts-src-eof)
cap dqbuf: 0 seq:   1756 bytesused: 12441600 ts: 235.585571 delta: 33.332 ms delta now: +33.183 ms fps: 30.00 (ts-monotonic, ts-src-eof)
cap dqbuf: 1 seq:   1757 bytesused: 12441600 ts: 235.618903 delta: 33.332 ms delta now: +33.042 ms fps: 30.00 (ts-monotonic, ts-src-eof)
cap dqbuf: 2 seq:   1758 bytesused: 12441600 ts: 235.652217 delta: 33.314 ms delta now: +33.191 ms fps: 30.00 (ts-monotonic, ts-src-eof)
cap dqbuf: 3 seq:   1759 bytesused: 12441600 ts: 235.685558 delta: 33.341 ms delta now: +33.264 ms fps: 30.00 (ts-monotonic, ts-src-eof)
cap dqbuf: 0 seq:   1760 bytesused: 12441600 ts: 235.718892 delta: 33.334 ms delta now: +33.318 ms fps: 30.00 (ts-monotonic, ts-src-eof)
cap dqbuf: 1 seq:   1761 bytesused: 12441600 ts: 235.752224 delta: 33.332 ms delta now: +33.303 ms fps: 30.00 (ts-monotonic, ts-src-eof)
cap dqbuf: 2 seq:   1762 bytesused: 12441600 ts: 235.785557 delta: 33.333 ms delta now: +33.175 ms fps: 30.00 (ts-monotonic, ts-src-eof)
cap dqbuf: 3 seq:   1763 bytesused: 12441600 ts: 235.818890 delta: 33.333 ms delta now: +33.181 ms fps: 30.00 (ts-monotonic, ts-src-eof)
cap dqbuf: 0 seq:   1764 bytesused: 12441600 ts: 235.852226 delta: 33.336 ms delta now: +33.172 ms fps: 30.00 (ts-monotonic, ts-src-eof)
cap dqbuf: 1 seq:   1765 bytesused: 12441600 ts: 235.885570 delta: 33.344 ms delta now: +33.043 ms fps: 30.00 (ts-monotonic, ts-src-eof)
cap dqbuf: 2 seq:   1766 bytesused: 12441600 ts: 235.918884 delta: 33.314 ms delta now: +33.239 ms fps: 30.00 (ts-monotonic, ts-src-eof)
cap dqbuf: 3 seq:   1767 bytesused: 12441600 ts: 235.952225 delta: 33.341 ms delta now: +32.192 ms fps: 30.00 (ts-monotonic, ts-src-eof)
cap dqbuf: 0 seq:   1768 bytesused: 12441600 ts: 235.985551 delta: 33.326 ms delta now: +33.219 ms fps: 30.00 (ts-monotonic, ts-src-eof)
cap dqbuf: 1 seq:   1769 bytesused: 12441600 ts: 236.018890 delta: 33.339 ms delta now: +32.192 ms fps: 30.00 (ts-monotonic, ts-src-eof)
cap dqbuf: 2 seq:   1770 bytesused: 12441600 ts: 236.052218 delta: 33.328 ms delta now: +33.186 ms fps: 30.00 (ts-monotonic, ts-src-eof)
cap dqbuf: 3 seq:   1771 bytesused: 12441600 ts: 236.085572 delta: 33.354 ms delta now: +33.178 ms fps: 30.00 (ts-monotonic, ts-src-eof)
cap dqbuf: 0 seq:   1772 bytesused: 12441600 ts: 236.118903 delta: 33.331 ms delta now: +33.195 ms fps: 30.00 (ts-monotonic, ts-src-eof)
cap dqbuf: 1 seq:   1773 bytesused: 12441600 ts: 236.152223 delta: 33.320 ms delta now: +33.082 ms fps: 30.00 (ts-monotonic, ts-src-eof)
cap dqbuf: 2 seq:   1774 bytesused: 12441600 ts: 236.185551 delta: 33.328 ms delta now: +32.741 ms fps: 30.00 (ts-monotonic, ts-src-eof)
cap dqbuf: 3 seq:   1775 bytesused: 12441600 ts: 236.218884 delta: 33.333 ms delta now: +33.170 ms fps: 30.00 (ts-monotonic, ts-src-eof)
cap dqbuf: 0 seq:   1776 bytesused: 12441600 ts: 236.252238 delta: 33.354 ms delta now: +33.262 ms fps: 30.00 (ts-monotonic, ts-src-eof)
cap dqbuf: 1 seq:   1777 bytesused: 12441600 ts: 236.285556 delta: 33.318 ms delta now: +32.188 ms fps: 30.00 (ts-monotonic, ts-src-eof)
cap dqbuf: 2 seq:   1778 bytesused: 12441600 ts: 236.318872 delta: 33.316 ms delta now: +33.296 ms fps: 30.00 (ts-monotonic, ts-src-eof)
cap dqbuf: 3 seq:   1779 bytesused: 12441600 ts: 236.352237 delta: 33.365 ms delta now: +32.177 ms fps: 30.00 (ts-monotonic, ts-src-eof)
cap dqbuf: 0 seq:   1780 bytesused: 12441600 ts: 236.385551 delta: 33.314 ms delta now: +32.210 ms fps: 30.00 (ts-monotonic, ts-src-eof)
cap dqbuf: 1 seq:   1781 bytesused: 12441600 ts: 236.418872 delta: 33.321 ms delta now: +33.311 ms fps: 30.00 (ts-monotonic, ts-src-eof)
cap dqbuf: 2 seq:   1782 bytesused: 12441600 ts: 236.452224 delta: 33.352 ms delta now: +33.297 ms fps: 30.00 (ts-monotonic, ts-src-eof)
cap dqbuf: 3 seq:   1783 bytesused: 12441600 ts: 236.485556 delta: 33.332 ms delta now: +32.896 ms fps: 30.00 (ts-monotonic, ts-src-eof)
cap dqbuf: 0 seq:   1784 bytesused: 12441600 ts: 236.518873 delta: 33.317 ms delta now: +33.067 ms fps: 30.00 (ts-monotonic, ts-src-eof)
cap dqbuf: 1 seq:   1785 bytesused: 12441600 ts: 236.552206 delta: 33.333 ms delta now: +33.256 ms fps: 30.00 (ts-monotonic, ts-src-eof)
cap dqbuf: 2 seq:   1786 bytesused: 12441600 ts: 236.585557 delta: 33.351 ms delta now: +33.178 ms fps: 30.00 (ts-monotonic, ts-src-eof)
cap dqbuf: 3 seq:   1787 bytesused: 12441600 ts: 236.618904 delta: 33.347 ms delta now: +33.050 ms fps: 30.00 (ts-monotonic, ts-src-eof)
cap dqbuf: 0 seq:   1788 bytesused: 12441600 ts: 236.652206 delta: 33.302 ms delta now: +32.205 ms fps: 30.00 (ts-monotonic, ts-src-eof)
cap dqbuf: 1 seq:   1789 bytesused: 12441600 ts: 236.685539 delta: 33.333 ms delta now: +33.343 ms fps: 30.00 (ts-monotonic, ts-src-eof)
cap dqbuf: 2 seq:   1790 bytesused: 12441600 ts: 236.718890 delta: 33.351 ms delta now: +33.191 ms fps: 30.00 (ts-monotonic, ts-src-eof)
cap dqbuf: 3 seq:   1791 bytesused: 12441600 ts: 236.752237 delta: 33.347 ms delta now: +32.174 ms fps: 30.00 (ts-monotonic, ts-src-eof)
cap dqbuf: 0 seq:   1792 bytesused: 12441600 ts: 236.785551 delta: 33.314 ms delta now: +32.192 ms fps: 30.00 (ts-monotonic, ts-src-eof)
cap dqbuf: 1 seq:   1793 bytesused: 12441600 ts: 236.818884 delta: 33.333 ms delta now: +32.192 ms fps: 30.00 (ts-monotonic, ts-src-eof)
cap dqbuf: 2 seq:   1794 bytesused: 12441600 ts: 236.852206 delta: 33.322 ms delta now: +33.208 ms fps: 30.00 (ts-monotonic, ts-src-eof)
cap dqbuf: 3 seq:   1795 bytesused: 12441600 ts: 236.885557 delta: 33.351 ms delta now: +33.196 ms fps: 30.00 (ts-monotonic, ts-src-eof)
cap dqbuf: 0 seq:   1796 bytesused: 12441600 ts: 236.918905 delta: 33.348 ms delta now: +33.035 ms fps: 30.00 (ts-monotonic, ts-src-eof)
cap dqbuf: 1 seq:   1797 bytesused: 12441600 ts: 236.952206 delta: 33.301 ms delta now: +33.257 ms fps: 30.00 (ts-monotonic, ts-src-eof)
cap dqbuf: 2 seq:   1798 bytesused: 12441600 ts: 236.985559 delta: 33.353 ms delta now: +33.283 ms fps: 30.00 (ts-monotonic, ts-src-eof)
cap dqbuf: 3 seq:   1799 bytesused: 12441600 ts: 237.018893 delta: 33.334 ms delta now: +33.278 ms fps: 30.00 (ts-monotonic, ts-src-eof)
cap dqbuf: 0 seq:   1800 bytesused: 12441600 ts: 237.052238 delta: 33.345 ms delta now: +33.335 ms fps: 30.00 (ts-monotonic, ts-src-eof)
cap dqbuf: 1 seq:   1801 bytesused: 12441600 ts: 237.085557 delta: 33.319 ms delta now: +33.314 ms fps: 30.00 (ts-monotonic, ts-src-eof)
cap dqbuf: 2 seq:   1802 bytesused: 12441600 ts: 237.118904 delta: 33.347 ms delta now: +33.173 ms fps: 30.00 (ts-monotonic, ts-src-eof)
cap dqbuf: 3 seq:   1803 bytesused: 12441600 ts: 237.152238 delta: 33.334 ms delta now: +33.080 ms fps: 30.00 (ts-monotonic, ts-src-eof)
cap dqbuf: 0 seq:   1804 bytesused: 12441600 ts: 237.185560 delta: 33.322 ms delta now: +33.176 ms fps: 30.00 (ts-monotonic, ts-src-eof)
cap dqbuf: 1 seq:   1805 bytesused: 12441600 ts: 237.218904 delta: 33.344 ms delta now: +32.180 ms fps: 30.00 (ts-monotonic, ts-src-eof)
cap dqbuf: 2 seq:   1806 bytesused: 12441600 ts: 237.252206 delta: 33.302 ms delta now: +33.095 ms fps: 30.00 (ts-monotonic, ts-src-eof)
cap dqbuf: 3 seq:   1807 bytesused: 12441600 ts: 237.285539 delta: 33.333 ms delta now: +33.075 ms fps: 30.00 (ts-monotonic, ts-src-eof)
cap dqbuf: 0 seq:   1808 bytesused: 12441600 ts: 237.318885 delta: 33.346 ms delta now: +32.193 ms fps: 30.00 (ts-monotonic, ts-src-eof)
cap dqbuf: 1 seq:   1809 bytesused: 12441600 ts: 237.352217 delta: 33.332 ms delta now: +32.194 ms fps: 30.00 (ts-monotonic, ts-src-eof)
cap dqbuf: 2 seq:   1810 bytesused: 12441600 ts: 237.385540 delta: 33.323 ms delta now: +33.274 ms fps: 30.00 (ts-monotonic, ts-src-eof)
cap dqbuf: 3 seq:   1811 bytesused: 12441600 ts: 237.418903 delta: 33.363 ms delta now: +33.163 ms fps: 30.00 (ts-monotonic, ts-src-eof)
cap dqbuf: 0 seq:   1812 bytesused: 12441600 ts: 237.452224 delta: 33.321 ms delta now: +33.288 ms fps: 30.00 (ts-monotonic, ts-src-eof)
cap dqbuf: 1 seq:   1813 bytesused: 12441600 ts: 237.485558 delta: 33.334 ms delta now: +33.182 ms fps: 30.00 (ts-monotonic, ts-src-eof)
cap dqbuf: 2 seq:   1814 bytesused: 12441600 ts: 237.518890 delta: 33.332 ms delta now: +32.188 ms fps: 30.00 (ts-monotonic, ts-src-eof)
cap dqbuf: 3 seq:   1815 bytesused: 12441600 ts: 237.552217 delta: 33.327 ms delta now: +33.319 ms fps: 30.00 (ts-monotonic, ts-src-eof)
cap dqbuf: 0 seq:   1816 bytesused: 12441600 ts: 237.585558 delta: 33.341 ms delta now: +33.287 ms fps: 30.00 (ts-monotonic, ts-src-eof)
cap dqbuf: 1 seq:   1817 bytesused: 12441600 ts: 237.618904 delta: 33.346 ms delta now: +32.173 ms fps: 30.00 (ts-monotonic, ts-src-eof)
cap dqbuf: 2 seq:   1818 bytesused: 12441600 ts: 237.652218 delta: 33.314 ms delta now: +32.806 ms fps: 30.00 (ts-monotonic, ts-src-eof)
cap dqbuf: 3 seq:   1819 bytesused: 12441600 ts: 237.685539 delta: 33.321 ms delta now: +32.209 ms fps: 30.00 (ts-monotonic, ts-src-eof)
cap dqbuf: 0 seq:   1820 bytesused: 12441600 ts: 237.718884 delta: 33.345 ms delta now: +33.256 ms fps: 30.00 (ts-monotonic, ts-src-eof)
cap dqbuf: 1 seq:   1821 bytesused: 12441600 ts: 237.752240 delta: 33.356 ms delta now: +32.180 ms fps: 30.00 (ts-monotonic, ts-src-eof)
cap dqbuf: 2 seq:   1822 bytesused: 12441600 ts: 237.785550 delta: 33.310 ms delta now: +33.078 ms fps: 30.00 (ts-monotonic, ts-src-eof)
cap dqbuf: 3 seq:   1823 bytesused: 12441600 ts: 237.818884 delta: 33.334 ms delta now: +32.195 ms fps: 30.00 (ts-monotonic, ts-src-eof)
cap dqbuf: 0 seq:   1824 bytesused: 12441600 ts: 237.852206 delta: 33.322 ms delta now: +32.206 ms fps: 30.00 (ts-monotonic, ts-src-eof)
cap dqbuf: 1 seq:   1825 bytesused: 12441600 ts: 237.885551 delta: 33.345 ms delta now: +33.293 ms fps: 30.00 (ts-monotonic, ts-src-eof)
cap dqbuf: 2 seq:   1826 bytesused: 12441600 ts: 237.918904 delta: 33.353 ms delta now: +33.260 ms fps: 30.00 (ts-monotonic, ts-src-eof)
cap dqbuf: 3 seq:   1827 bytesused: 12441600 ts: 237.952240 delta: 33.336 ms delta now: +33.210 ms fps: 30.00 (ts-monotonic, ts-src-eof)
cap dqbuf: 0 seq:   1828 bytesused: 12441600 ts: 237.985571 delta: 33.331 ms delta now: +32.178 ms fps: 30.00 (ts-monotonic, ts-src-eof)
cap dqbuf: 1 seq:   1829 bytesused: 12441600 ts: 238.018885 delta: 33.314 ms delta now: +33.331 ms fps: 30.00 (ts-monotonic, ts-src-eof)
cap dqbuf: 2 seq:   1830 bytesused: 12441600 ts: 238.052223 delta: 33.338 ms delta now: +33.268 ms fps: 30.00 (ts-monotonic, ts-src-eof)
cap dqbuf: 3 seq:   1831 bytesused: 12441600 ts: 238.085571 delta: 33.348 ms delta now: +33.349 ms fps: 30.00 (ts-monotonic, ts-src-eof)
cap dqbuf: 0 seq:   1832 bytesused: 12441600 ts: 238.118906 delta: 33.335 ms delta now: +33.046 ms fps: 30.00 (ts-monotonic, ts-src-eof)
cap dqbuf: 1 seq:   1833 bytesused: 12441600 ts: 238.152218 delta: 33.312 ms delta now: +33.203 ms fps: 30.00 (ts-monotonic, ts-src-eof)
cap dqbuf: 2 seq:   1834 bytesused: 12441600 ts: 238.185559 delta: 33.341 ms delta now: +33.293 ms fps: 30.00 (ts-monotonic, ts-src-eof)
cap dqbuf: 3 seq:   1835 bytesused: 12441600 ts: 238.218890 delta: 33.331 ms delta now: +33.204 ms fps: 30.00 (ts-monotonic, ts-src-eof)
cap dqbuf: 0 seq:   1836 bytesused: 12441600 ts: 238.252232 delta: 33.342 ms delta now: +32.542 ms fps: 30.00 (ts-monotonic, ts-src-eof)
cap dqbuf: 1 seq:   1837 bytesused: 12441600 ts: 238.285552 delta: 33.320 ms delta now: +33.277 ms fps: 30.00 (ts-monotonic, ts-src-eof)
cap dqbuf: 2 seq:   1838 bytesused: 12441600 ts: 238.318891 delta: 33.339 ms delta now: +32.188 ms fps: 30.00 (ts-monotonic, ts-src-eof)
cap dqbuf: 3 seq:   1839 bytesused: 12441600 ts: 238.352218 delta: 33.327 ms delta now: +32.193 ms fps: 30.00 (ts-monotonic, ts-src-eof)
cap dqbuf: 0 seq:   1840 bytesused: 12441600 ts: 238.385551 delta: 33.333 ms delta now: +32.193 ms fps: 30.00 (ts-monotonic, ts-src-eof)
cap dqbuf: 1 seq:   1841 bytesused: 12441600 ts: 238.418873 delta: 33.322 ms delta now: +32.217 ms fps: 30.00 (ts-monotonic, ts-src-eof)
cap dqbuf: 2 seq:   1842 bytesused: 12441600 ts: 238.452217 delta: 33.344 ms delta now: +33.258 ms fps: 30.00 (ts-monotonic, ts-src-eof)
cap dqbuf: 3 seq:   1843 bytesused: 12441600 ts: 238.485557 delta: 33.340 ms delta now: +33.056 ms fps: 30.00 (ts-monotonic, ts-src-eof)
cap dqbuf: 0 seq:   1844 bytesused: 12441600 ts: 238.518884 delta: 33.327 ms delta now: +32.191 ms fps: 30.00 (ts-monotonic, ts-src-eof)
cap dqbuf: 1 seq:   1845 bytesused: 12441600 ts: 238.552217 delta: 33.333 ms delta now: +33.168 ms fps: 30.00 (ts-monotonic, ts-src-eof)
cap dqbuf: 2 seq:   1846 bytesused: 12441600 ts: 238.585557 delta: 33.340 ms delta now: +32.187 ms fps: 30.00 (ts-monotonic, ts-src-eof)
cap dqbuf: 3 seq:   1847 bytesused: 12441600 ts: 238.618885 delta: 33.328 ms delta now: +33.179 ms fps: 30.00 (ts-monotonic, ts-src-eof)
cap dqbuf: 0 seq:   1848 bytesused: 12441600 ts: 238.652238 delta: 33.353 ms delta now: +33.057 ms fps: 30.00 (ts-monotonic, ts-src-eof)
cap dqbuf: 1 seq:   1849 bytesused: 12441600 ts: 238.685540 delta: 33.302 ms delta now: +33.187 ms fps: 30.00 (ts-monotonic, ts-src-eof)
cap dqbuf: 2 seq:   1850 bytesused: 12441600 ts: 238.718897 delta: 33.357 ms delta now: +33.374 ms fps: 30.00 (ts-monotonic, ts-src-eof)
cap dqbuf: 3 seq:   1851 bytesused: 12441600 ts: 238.752237 delta: 33.340 ms delta now: +32.183 ms fps: 30.00 (ts-monotonic, ts-src-eof)
cap dqbuf: 0 seq:   1852 bytesused: 12441600 ts: 238.785551 delta: 33.314 ms delta now: +33.269 ms fps: 30.00 (ts-monotonic, ts-src-eof)
cap dqbuf: 1 seq:   1853 bytesused: 12441600 ts: 238.818905 delta: 33.354 ms delta now: +33.301 ms fps: 30.00 (ts-monotonic, ts-src-eof)
cap dqbuf: 2 seq:   1854 bytesused: 12441600 ts: 238.852223 delta: 33.318 ms delta now: +33.148 ms fps: 30.00 (ts-monotonic, ts-src-eof)
cap dqbuf: 3 seq:   1855 bytesused: 12441600 ts: 238.885557 delta: 33.334 ms delta now: +33.300 ms fps: 30.00 (ts-monotonic, ts-src-eof)
cap dqbuf: 0 seq:   1856 bytesused: 12441600 ts: 238.918904 delta: 33.347 ms delta now: +33.054 ms fps: 30.00 (ts-monotonic, ts-src-eof)
cap dqbuf: 1 seq:   1857 bytesused: 12441600 ts: 238.952206 delta: 33.302 ms delta now: +33.187 ms fps: 30.00 (ts-monotonic, ts-src-eof)
cap dqbuf: 2 seq:   1858 bytesused: 12441600 ts: 238.985571 delta: 33.365 ms delta now: +33.208 ms fps: 30.00 (ts-monotonic, ts-src-eof)
cap dqbuf: 3 seq:   1859 bytesused: 12441600 ts: 239.018891 delta: 33.320 ms delta now: +33.242 ms fps: 30.00 (ts-monotonic, ts-src-eof)
cap dqbuf: 0 seq:   1860 bytesused: 12441600 ts: 239.052239 delta: 33.348 ms delta now: +33.056 ms fps: 30.00 (ts-monotonic, ts-src-eof)
cap dqbuf: 1 seq:   1861 bytesused: 12441600 ts: 239.085541 delta: 33.302 ms delta now: +33.072 ms fps: 30.00 (ts-monotonic, ts-src-eof)
cap dqbuf: 2 seq:   1862 bytesused: 12441600 ts: 239.118884 delta: 33.343 ms delta now: +33.444 ms fps: 30.00 (ts-monotonic, ts-src-eof)
cap dqbuf: 3 seq:   1863 bytesused: 12441600 ts: 239.152241 delta: 33.357 ms delta now: +33.186 ms fps: 30.00 (ts-monotonic, ts-src-eof)
cap dqbuf: 0 seq:   1864 bytesused: 12441600 ts: 239.185571 delta: 33.330 ms delta now: +33.166 ms fps: 30.00 (ts-monotonic, ts-src-eof)
cap dqbuf: 1 seq:   1865 bytesused: 12441600 ts: 239.218905 delta: 33.334 ms delta now: +32.185 ms fps: 30.00 (ts-monotonic, ts-src-eof)
cap dqbuf: 2 seq:   1866 bytesused: 12441600 ts: 239.252217 delta: 33.312 ms delta now: +32.197 ms fps: 30.00 (ts-monotonic, ts-src-eof)
cap dqbuf: 3 seq:   1867 bytesused: 12441600 ts: 239.285551 delta: 33.334 ms delta now: +33.185 ms fps: 30.00 (ts-monotonic, ts-src-eof)
cap dqbuf: 0 seq:   1868 bytesused: 12441600 ts: 239.318904 delta: 33.353 ms delta now: +32.180 ms fps: 30.00 (ts-monotonic, ts-src-eof)
cap dqbuf: 1 seq:   1869 bytesused: 12441600 ts: 239.352218 delta: 33.314 ms delta now: +32.197 ms fps: 30.00 (ts-monotonic, ts-src-eof)
cap dqbuf: 2 seq:   1870 bytesused: 12441600 ts: 239.385551 delta: 33.333 ms delta now: +33.176 ms fps: 30.00 (ts-monotonic, ts-src-eof)
cap dqbuf: 3 seq:   1871 bytesused: 12441600 ts: 239.418904 delta: 33.353 ms delta now: +33.149 ms fps: 30.00 (ts-monotonic, ts-src-eof)
cap dqbuf: 0 seq:   1872 bytesused: 12441600 ts: 239.452223 delta: 33.319 ms delta now: +32.188 ms fps: 30.00 (ts-monotonic, ts-src-eof)
cap dqbuf: 1 seq:   1873 bytesused: 12441600 ts: 239.485551 delta: 33.328 ms delta now: +33.289 ms fps: 30.00 (ts-monotonic, ts-src-eof)
cap dqbuf: 2 seq:   1874 bytesused: 12441600 ts: 239.518904 delta: 33.353 ms delta now: +33.037 ms fps: 30.00 (ts-monotonic, ts-src-eof)
cap dqbuf: 3 seq:   1875 bytesused: 12441600 ts: 239.552206 delta: 33.302 ms delta now: +32.208 ms fps: 30.00 (ts-monotonic, ts-src-eof)
cap dqbuf: 0 seq:   1876 bytesused: 12441600 ts: 239.585551 delta: 33.345 ms delta now: +33.153 ms fps: 30.00 (ts-monotonic, ts-src-eof)
cap dqbuf: 1 seq:   1877 bytesused: 12441600 ts: 239.618906 delta: 33.355 ms delta now: +32.176 ms fps: 30.00 (ts-monotonic, ts-src-eof)
cap dqbuf: 2 seq:   1878 bytesused: 12441600 ts: 239.652207 delta: 33.301 ms delta now: +33.189 ms fps: 30.00 (ts-monotonic, ts-src-eof)
cap dqbuf: 3 seq:   1879 bytesused: 12441600 ts: 239.685571 delta: 33.364 ms delta now: +32.174 ms fps: 30.00 (ts-monotonic, ts-src-eof)
cap dqbuf: 0 seq:   1880 bytesused: 12441600 ts: 239.718873 delta: 33.302 ms delta now: +32.209 ms fps: 30.00 (ts-monotonic, ts-src-eof)
cap dqbuf: 1 seq:   1881 bytesused: 12441600 ts: 239.752206 delta: 33.333 ms delta now: +33.096 ms fps: 30.00 (ts-monotonic, ts-src-eof)
cap dqbuf: 2 seq:   1882 bytesused: 12441600 ts: 239.785540 delta: 33.334 ms delta now: +33.185 ms fps: 30.00 (ts-monotonic, ts-src-eof)
cap dqbuf: 3 seq:   1883 bytesused: 12441600 ts: 239.818904 delta: 33.364 ms delta now: +33.295 ms fps: 30.00 (ts-monotonic, ts-src-eof)
cap dqbuf: 0 seq:   1884 bytesused: 12441600 ts: 239.852225 delta: 33.321 ms delta now: +33.282 ms fps: 30.00 (ts-monotonic, ts-src-eof)
cap dqbuf: 1 seq:   1885 bytesused: 12441600 ts: 239.885571 delta: 33.346 ms delta now: +33.157 ms fps: 30.00 (ts-monotonic, ts-src-eof)
cap dqbuf: 2 seq:   1886 bytesused: 12441600 ts: 239.918910 delta: 33.339 ms delta now: +33.150 ms fps: 30.00 (ts-monotonic, ts-src-eof)
cap dqbuf: 3 seq:   1887 bytesused: 12441600 ts: 239.952224 delta: 33.314 ms delta now: +32.186 ms fps: 30.00 (ts-monotonic, ts-src-eof)
cap dqbuf: 0 seq:   1888 bytesused: 12441600 ts: 239.985539 delta: 33.315 ms delta now: +33.103 ms fps: 30.00 (ts-monotonic, ts-src-eof)
cap dqbuf: 1 seq:   1889 bytesused: 12441600 ts: 240.018885 delta: 33.346 ms delta now: +32.192 ms fps: 30.00 (ts-monotonic, ts-src-eof)
cap dqbuf: 2 seq:   1890 bytesused: 12441600 ts: 240.052218 delta: 33.333 ms delta now: +32.196 ms fps: 30.00 (ts-monotonic, ts-src-eof)
cap dqbuf: 3 seq:   1891 bytesused: 12441600 ts: 240.085552 delta: 33.334 ms delta now: +32.192 ms fps: 30.00 (ts-monotonic, ts-src-eof)
cap dqbuf: 0 seq:   1892 bytesused: 12441600 ts: 240.118873 delta: 33.321 ms delta now: +33.204 ms fps: 30.00 (ts-monotonic, ts-src-eof)
cap dqbuf: 1 seq:   1893 bytesused: 12441600 ts: 240.152239 delta: 33.366 ms delta now: +33.127 ms fps: 30.00 (ts-monotonic, ts-src-eof)
cap dqbuf: 2 seq:   1894 bytesused: 12441600 ts: 240.185540 delta: 33.301 ms delta now: +33.227 ms fps: 30.00 (ts-monotonic, ts-src-eof)
cap dqbuf: 3 seq:   1895 bytesused: 12441600 ts: 240.218891 delta: 33.351 ms delta now: +32.214 ms fps: 30.00 (ts-monotonic, ts-src-eof)
cap dqbuf: 0 seq:   1896 bytesused: 12441600 ts: 240.252218 delta: 33.327 ms delta now: +33.188 ms fps: 30.00 (ts-monotonic, ts-src-eof)
cap dqbuf: 1 seq:   1897 bytesused: 12441600 ts: 240.285558 delta: 33.340 ms delta now: +32.186 ms fps: 30.00 (ts-monotonic, ts-src-eof)
cap dqbuf: 2 seq:   1898 bytesused: 12441600 ts: 240.318884 delta: 33.326 ms delta now: +33.215 ms fps: 30.00 (ts-monotonic, ts-src-eof)
cap dqbuf: 3 seq:   1899 bytesused: 12441600 ts: 240.352239 delta: 33.355 ms delta now: +33.048 ms fps: 30.00 (ts-monotonic, ts-src-eof)
cap dqbuf: 0 seq:   1900 bytesused: 12441600 ts: 240.385542 delta: 33.303 ms delta now: +33.279 ms fps: 30.00 (ts-monotonic, ts-src-eof)
cap dqbuf: 1 seq:   1901 bytesused: 12441600 ts: 240.418892 delta: 33.350 ms delta now: +33.054 ms fps: 30.00 (ts-monotonic, ts-src-eof)
cap dqbuf: 2 seq:   1902 bytesused: 12441600 ts: 240.452218 delta: 33.326 ms delta now: +33.180 ms fps: 30.00 (ts-monotonic, ts-src-eof)
cap dqbuf: 3 seq:   1903 bytesused: 12441600 ts: 240.485571 delta: 33.353 ms delta now: +32.179 ms fps: 30.00 (ts-monotonic, ts-src-eof)
cap dqbuf: 0 seq:   1904 bytesused: 12441600 ts: 240.518873 delta: 33.302 ms delta now: +33.175 ms fps: 30.00 (ts-monotonic, ts-src-eof)
cap dqbuf: 1 seq:   1905 bytesused: 12441600 ts: 240.552245 delta: 33.372 ms delta now: +32.166 ms fps: 30.00 (ts-monotonic, ts-src-eof)
cap dqbuf: 2 seq:   1906 bytesused: 12441600 ts: 240.585539 delta: 33.294 ms delta now: +32.204 ms fps: 30.00 (ts-monotonic, ts-src-eof)
cap dqbuf: 3 seq:   1907 bytesused: 12441600 ts: 240.618885 delta: 33.346 ms delta now: +32.665 ms fps: 30.00 (ts-monotonic, ts-src-eof)
cap dqbuf: 0 seq:   1908 bytesused: 12441600 ts: 240.652218 delta: 33.333 ms delta now: +33.335 ms fps: 30.00 (ts-monotonic, ts-src-eof)
cap dqbuf: 1 seq:   1909 bytesused: 12441600 ts: 240.685569 delta: 33.351 ms delta now: +33.245 ms fps: 30.00 (ts-monotonic, ts-src-eof)
cap dqbuf: 2 seq:   1910 bytesused: 12441600 ts: 240.718914 delta: 33.345 ms delta now: +32.163 ms fps: 30.00 (ts-monotonic, ts-src-eof)
cap dqbuf: 3 seq:   1911 bytesused: 12441600 ts: 240.752206 delta: 33.292 ms delta now: +33.404 ms fps: 30.00 (ts-monotonic, ts-src-eof)
cap dqbuf: 0 seq:   1912 bytesused: 12441600 ts: 240.785560 delta: 33.354 ms delta now: +32.184 ms fps: 30.00 (ts-monotonic, ts-src-eof)
cap dqbuf: 1 seq:   1913 bytesused: 12441600 ts: 240.818873 delta: 33.313 ms delta now: +33.065 ms fps: 30.00 (ts-monotonic, ts-src-eof)
cap dqbuf: 2 seq:   1914 bytesused: 12441600 ts: 240.852207 delta: 33.334 ms delta now: +33.279 ms fps: 30.00 (ts-monotonic, ts-src-eof)
cap dqbuf: 3 seq:   1915 bytesused: 12441600 ts: 240.885571 delta: 33.364 ms delta now: +33.046 ms fps: 30.00 (ts-monotonic, ts-src-eof)
cap dqbuf: 0 seq:   1916 bytesused: 12441600 ts: 240.918885 delta: 33.314 ms delta now: +33.200 ms fps: 30.00 (ts-monotonic, ts-src-eof)
cap dqbuf: 1 seq:   1917 bytesused: 12441600 ts: 240.952238 delta: 33.353 ms delta now: +33.334 ms fps: 30.00 (ts-monotonic, ts-src-eof)
cap dqbuf: 2 seq:   1918 bytesused: 12441600 ts: 240.985576 delta: 33.338 ms delta now: +33.266 ms fps: 30.00 (ts-monotonic, ts-src-eof)
cap dqbuf: 3 seq:   1919 bytesused: 12441600 ts: 241.018903 delta: 33.327 ms delta now: +33.166 ms fps: 30.00 (ts-monotonic, ts-src-eof)
cap dqbuf: 0 seq:   1920 bytesused: 12441600 ts: 241.052239 delta: 33.336 ms delta now: +33.047 ms fps: 30.00 (ts-monotonic, ts-src-eof)
cap dqbuf: 1 seq:   1921 bytesused: 12441600 ts: 241.085552 delta: 33.313 ms delta now: +33.289 ms fps: 30.00 (ts-monotonic, ts-src-eof)
cap dqbuf: 2 seq:   1922 bytesused: 12441600 ts: 241.118891 delta: 33.339 ms delta now: +33.058 ms fps: 30.00 (ts-monotonic, ts-src-eof)
cap dqbuf: 3 seq:   1923 bytesused: 12441600 ts: 241.152206 delta: 33.315 ms delta now: +33.221 ms fps: 30.00 (ts-monotonic, ts-src-eof)
cap dqbuf: 0 seq:   1924 bytesused: 12441600 ts: 241.185558 delta: 33.352 ms delta now: +33.338 ms fps: 30.00 (ts-monotonic, ts-src-eof)
cap dqbuf: 1 seq:   1925 bytesused: 12441600 ts: 241.218904 delta: 33.346 ms delta now: +33.253 ms fps: 30.00 (ts-monotonic, ts-src-eof)
cap dqbuf: 2 seq:   1926 bytesused: 12441600 ts: 241.252241 delta: 33.337 ms delta now: +32.174 ms fps: 30.00 (ts-monotonic, ts-src-eof)
cap dqbuf: 3 seq:   1927 bytesused: 12441600 ts: 241.285540 delta: 33.299 ms delta now: +33.319 ms fps: 30.00 (ts-monotonic, ts-src-eof)
cap dqbuf: 0 seq:   1928 bytesused: 12441600 ts: 241.318891 delta: 33.351 ms delta now: +33.170 ms fps: 30.00 (ts-monotonic, ts-src-eof)
cap dqbuf: 1 seq:   1929 bytesused: 12441600 ts: 241.352224 delta: 33.333 ms delta now: +33.194 ms fps: 30.00 (ts-monotonic, ts-src-eof)
cap dqbuf: 2 seq:   1930 bytesused: 12441600 ts: 241.385581 delta: 33.357 ms delta now: +33.211 ms fps: 30.00 (ts-monotonic, ts-src-eof)
cap dqbuf: 3 seq:   1931 bytesused: 12441600 ts: 241.418912 delta: 33.331 ms delta now: +33.039 ms fps: 30.00 (ts-monotonic, ts-src-eof)
cap dqbuf: 0 seq:   1932 bytesused: 12441600 ts: 241.452206 delta: 33.294 ms delta now: +33.074 ms fps: 30.00 (ts-monotonic, ts-src-eof)
cap dqbuf: 1 seq:   1933 bytesused: 12441600 ts: 241.485551 delta: 33.345 ms delta now: +33.217 ms fps: 30.00 (ts-monotonic, ts-src-eof)
cap dqbuf: 2 seq:   1934 bytesused: 12441600 ts: 241.518904 delta: 33.353 ms delta now: +32.177 ms fps: 30.00 (ts-monotonic, ts-src-eof)
cap dqbuf: 3 seq:   1935 bytesused: 12441600 ts: 241.552218 delta: 33.314 ms delta now: +33.186 ms fps: 30.00 (ts-monotonic, ts-src-eof)
cap dqbuf: 0 seq:   1936 bytesused: 12441600 ts: 241.585570 delta: 33.352 ms delta now: +33.051 ms fps: 30.00 (ts-monotonic, ts-src-eof)
cap dqbuf: 1 seq:   1937 bytesused: 12441600 ts: 241.618885 delta: 33.315 ms delta now: +33.077 ms fps: 30.00 (ts-monotonic, ts-src-eof)
cap dqbuf: 2 seq:   1938 bytesused: 12441600 ts: 241.652218 delta: 33.333 ms delta now: +33.360 ms fps: 30.00 (ts-monotonic, ts-src-eof)
cap dqbuf: 3 seq:   1939 bytesused: 12441600 ts: 241.685584 delta: 33.366 ms delta now: +33.220 ms fps: 30.00 (ts-monotonic, ts-src-eof)
cap dqbuf: 0 seq:   1940 bytesused: 12441600 ts: 241.718892 delta: 33.308 ms delta now: +33.307 ms fps: 30.00 (ts-monotonic, ts-src-eof)
cap dqbuf: 1 seq:   1941 bytesused: 12441600 ts: 241.752225 delta: 33.333 ms delta now: +33.210 ms fps: 30.00 (ts-monotonic, ts-src-eof)
cap dqbuf: 2 seq:   1942 bytesused: 12441600 ts: 241.785558 delta: 33.333 ms delta now: +33.071 ms fps: 30.00 (ts-monotonic, ts-src-eof)
cap dqbuf: 3 seq:   1943 bytesused: 12441600 ts: 241.818873 delta: 33.315 ms delta now: +32.264 ms fps: 30.00 (ts-monotonic, ts-src-eof)
cap dqbuf: 0 seq:   1944 bytesused: 12441600 ts: 241.852206 delta: 33.333 ms delta now: +32.210 ms fps: 30.00 (ts-monotonic, ts-src-eof)
cap dqbuf: 1 seq:   1945 bytesused: 12441600 ts: 241.885552 delta: 33.346 ms delta now: +32.195 ms fps: 30.00 (ts-monotonic, ts-src-eof)
cap dqbuf: 2 seq:   1946 bytesused: 12441600 ts: 241.918873 delta: 33.321 ms delta now: +33.066 ms fps: 30.00 (ts-monotonic, ts-src-eof)
cap dqbuf: 3 seq:   1947 bytesused: 12441600 ts: 241.952218 delta: 33.345 ms delta now: +33.187 ms fps: 30.00 (ts-monotonic, ts-src-eof)
cap dqbuf: 0 seq:   1948 bytesused: 12441600 ts: 241.985571 delta: 33.353 ms delta now: +33.175 ms fps: 30.00 (ts-monotonic, ts-src-eof)
cap dqbuf: 1 seq:   1949 bytesused: 12441600 ts: 242.018905 delta: 33.334 ms delta now: +32.177 ms fps: 30.00 (ts-monotonic, ts-src-eof)
cap dqbuf: 2 seq:   1950 bytesused: 12441600 ts: 242.052218 delta: 33.313 ms delta now: +33.298 ms fps: 30.00 (ts-monotonic, ts-src-eof)
cap dqbuf: 3 seq:   1951 bytesused: 12441600 ts: 242.085571 delta: 33.353 ms delta now: +33.189 ms fps: 30.00 (ts-monotonic, ts-src-eof)
cap dqbuf: 0 seq:   1952 bytesused: 12441600 ts: 242.118904 delta: 33.333 ms delta now: +33.045 ms fps: 30.00 (ts-monotonic, ts-src-eof)
cap dqbuf: 1 seq:   1953 bytesused: 12441600 ts: 242.152208 delta: 33.304 ms delta now: +33.204 ms fps: 30.00 (ts-monotonic, ts-src-eof)
cap dqbuf: 2 seq:   1954 bytesused: 12441600 ts: 242.185558 delta: 33.350 ms delta now: +32.191 ms fps: 30.00 (ts-monotonic, ts-src-eof)
cap dqbuf: 3 seq:   1955 bytesused: 12441600 ts: 242.218873 delta: 33.315 ms delta now: +33.065 ms fps: 30.00 (ts-monotonic, ts-src-eof)
cap dqbuf: 0 seq:   1956 bytesused: 12441600 ts: 242.252206 delta: 33.333 ms delta now: +33.312 ms fps: 30.00 (ts-monotonic, ts-src-eof)
cap dqbuf: 1 seq:   1957 bytesused: 12441600 ts: 242.285557 delta: 33.351 ms delta now: +33.286 ms fps: 30.00 (ts-monotonic, ts-src-eof)
cap dqbuf: 2 seq:   1958 bytesused: 12441600 ts: 242.318899 delta: 33.342 ms delta now: +33.196 ms fps: 30.00 (ts-monotonic, ts-src-eof)
cap dqbuf: 3 seq:   1959 bytesused: 12441600 ts: 242.352224 delta: 33.325 ms delta now: +33.178 ms fps: 30.00 (ts-monotonic, ts-src-eof)
cap dqbuf: 0 seq:   1960 bytesused: 12441600 ts: 242.385572 delta: 33.348 ms delta now: +32.173 ms fps: 30.00 (ts-monotonic, ts-src-eof)
cap dqbuf: 1 seq:   1961 bytesused: 12441600 ts: 242.418884 delta: 33.312 ms delta now: +32.194 ms fps: 30.00 (ts-monotonic, ts-src-eof)
cap dqbuf: 2 seq:   1962 bytesused: 12441600 ts: 242.452207 delta: 33.323 ms delta now: +33.195 ms fps: 30.00 (ts-monotonic, ts-src-eof)
cap dqbuf: 3 seq:   1963 bytesused: 12441600 ts: 242.485572 delta: 33.365 ms delta now: +33.037 ms fps: 30.00 (ts-monotonic, ts-src-eof)
cap dqbuf: 0 seq:   1964 bytesused: 12441600 ts: 242.518885 delta: 33.313 ms delta now: +33.294 ms fps: 30.00 (ts-monotonic, ts-src-eof)
cap dqbuf: 1 seq:   1965 bytesused: 12441600 ts: 242.552224 delta: 33.339 ms delta now: +32.194 ms fps: 30.00 (ts-monotonic, ts-src-eof)
cap dqbuf: 2 seq:   1966 bytesused: 12441600 ts: 242.585540 delta: 33.316 ms delta now: +33.293 ms fps: 30.00 (ts-monotonic, ts-src-eof)
cap dqbuf: 3 seq:   1967 bytesused: 12441600 ts: 242.618891 delta: 33.351 ms delta now: +33.377 ms fps: 30.00 (ts-monotonic, ts-src-eof)
cap dqbuf: 0 seq:   1968 bytesused: 12441600 ts: 242.652240 delta: 33.349 ms delta now: +32.172 ms fps: 30.00 (ts-monotonic, ts-src-eof)
cap dqbuf: 1 seq:   1969 bytesused: 12441600 ts: 242.685540 delta: 33.300 ms delta now: +32.567 ms fps: 30.00 (ts-monotonic, ts-src-eof)
cap dqbuf: 2 seq:   1970 bytesused: 12441600 ts: 242.718885 delta: 33.345 ms delta now: +32.205 ms fps: 30.00 (ts-monotonic, ts-src-eof)
cap dqbuf: 3 seq:   1971 bytesused: 12441600 ts: 242.752207 delta: 33.322 ms delta now: +33.304 ms fps: 30.00 (ts-monotonic, ts-src-eof)
cap dqbuf: 0 seq:   1972 bytesused: 12441600 ts: 242.785557 delta: 33.350 ms delta now: +32.189 ms fps: 30.00 (ts-monotonic, ts-src-eof)
cap dqbuf: 1 seq:   1973 bytesused: 12441600 ts: 242.818885 delta: 33.328 ms delta now: +33.067 ms fps: 30.00 (ts-monotonic, ts-src-eof)
cap dqbuf: 2 seq:   1974 bytesused: 12441600 ts: 242.852207 delta: 33.322 ms delta now: +33.193 ms fps: 30.00 (ts-monotonic, ts-src-eof)
cap dqbuf: 3 seq:   1975 bytesused: 12441600 ts: 242.885558 delta: 33.351 ms delta now: +32.216 ms fps: 30.00 (ts-monotonic, ts-src-eof)
cap dqbuf: 0 seq:   1976 bytesused: 12441600 ts: 242.918873 delta: 33.315 ms delta now: +33.170 ms fps: 30.00 (ts-monotonic, ts-src-eof)
cap dqbuf: 1 seq:   1977 bytesused: 12441600 ts: 242.952224 delta: 33.351 ms delta now: +33.314 ms fps: 30.00 (ts-monotonic, ts-src-eof)
cap dqbuf: 2 seq:   1978 bytesused: 12441600 ts: 242.985571 delta: 33.347 ms delta now: +32.174 ms fps: 30.00 (ts-monotonic, ts-src-eof)
cap dqbuf: 3 seq:   1979 bytesused: 12441600 ts: 243.018873 delta: 33.302 ms delta now: +33.253 ms fps: 30.00 (ts-monotonic, ts-src-eof)
cap dqbuf: 0 seq:   1980 bytesused: 12441600 ts: 243.052237 delta: 33.364 ms delta now: +33.260 ms fps: 30.00 (ts-monotonic, ts-src-eof)
cap dqbuf: 1 seq:   1981 bytesused: 12441600 ts: 243.085571 delta: 33.334 ms delta now: +33.150 ms fps: 30.00 (ts-monotonic, ts-src-eof)
cap dqbuf: 2 seq:   1982 bytesused: 12441600 ts: 243.118904 delta: 33.333 ms delta now: +32.181 ms fps: 30.00 (ts-monotonic, ts-src-eof)
cap dqbuf: 3 seq:   1983 bytesused: 12441600 ts: 243.152218 delta: 33.314 ms delta now: +33.292 ms fps: 30.00 (ts-monotonic, ts-src-eof)
cap dqbuf: 0 seq:   1984 bytesused: 12441600 ts: 243.185574 delta: 33.356 ms delta now: +32.185 ms fps: 30.00 (ts-monotonic, ts-src-eof)
cap dqbuf: 1 seq:   1985 bytesused: 12441600 ts: 243.218885 delta: 33.311 ms delta now: +33.302 ms fps: 30.00 (ts-monotonic, ts-src-eof)
cap dqbuf: 2 seq:   1986 bytesused: 12441600 ts: 243.252238 delta: 33.353 ms delta now: +33.382 ms fps: 30.00 (ts-monotonic, ts-src-eof)
cap dqbuf: 3 seq:   1987 bytesused: 12441600 ts: 243.285574 delta: 33.336 ms delta now: +33.183 ms fps: 30.00 (ts-monotonic, ts-src-eof)
cap dqbuf: 0 seq:   1988 bytesused: 12441600 ts: 243.318904 delta: 33.330 ms delta now: +32.175 ms fps: 30.00 (ts-monotonic, ts-src-eof)
cap dqbuf: 1 seq:   1989 bytesused: 12441600 ts: 243.352218 delta: 33.314 ms delta now: +33.061 ms fps: 30.00 (ts-monotonic, ts-src-eof)
cap dqbuf: 2 seq:   1990 bytesused: 12441600 ts: 243.385552 delta: 33.334 ms delta now: +32.193 ms fps: 30.00 (ts-monotonic, ts-src-eof)
cap dqbuf: 3 seq:   1991 bytesused: 12441600 ts: 243.418885 delta: 33.333 ms delta now: +33.276 ms fps: 30.00 (ts-monotonic, ts-src-eof)
cap dqbuf: 0 seq:   1992 bytesused: 12441600 ts: 243.452237 delta: 33.352 ms delta now: +33.332 ms fps: 30.00 (ts-monotonic, ts-src-eof)
cap dqbuf: 1 seq:   1993 bytesused: 12441600 ts: 243.485578 delta: 33.341 ms delta now: +33.389 ms fps: 30.00 (ts-monotonic, ts-src-eof)
cap dqbuf: 2 seq:   1994 bytesused: 12441600 ts: 243.518907 delta: 33.329 ms delta now: +33.169 ms fps: 30.00 (ts-monotonic, ts-src-eof)
cap dqbuf: 3 seq:   1995 bytesused: 12441600 ts: 243.552224 delta: 33.317 ms delta now: +33.058 ms fps: 30.00 (ts-monotonic, ts-src-eof)
cap dqbuf: 0 seq:   1996 bytesused: 12441600 ts: 243.585540 delta: 33.316 ms delta now: +33.223 ms fps: 30.00 (ts-monotonic, ts-src-eof)
cap dqbuf: 1 seq:   1997 bytesused: 12441600 ts: 243.618912 delta: 33.372 ms delta now: +33.165 ms fps: 30.00 (ts-monotonic, ts-src-eof)
cap dqbuf: 2 seq:   1998 bytesused: 12441600 ts: 243.652238 delta: 33.326 ms delta now: +32.791 ms fps: 30.00 (ts-monotonic, ts-src-eof)
cap dqbuf: 3 seq:   1999 bytesused: 12441600 ts: 243.685552 delta: 33.314 ms delta now: +32.192 ms fps: 30.00 (ts-monotonic, ts-src-eof)
cap dqbuf: 0 seq:   2000 bytesused: 12441600 ts: 243.718885 delta: 33.333 ms delta now: +33.277 ms fps: 30.00 (ts-monotonic, ts-src-eof)
cap dqbuf: 1 seq:   2001 bytesused: 12441600 ts: 243.752238 delta: 33.353 ms delta now: +33.167 ms fps: 30.00 (ts-monotonic, ts-src-eof)
cap dqbuf: 2 seq:   2002 bytesused: 12441600 ts: 243.785571 delta: 33.333 ms delta now: +33.320 ms fps: 30.00 (ts-monotonic, ts-src-eof)
cap dqbuf: 3 seq:   2003 bytesused: 12441600 ts: 243.818898 delta: 33.327 ms delta now: +33.281 ms fps: 30.00 (ts-monotonic, ts-src-eof)
cap dqbuf: 0 seq:   2004 bytesused: 12441600 ts: 243.852224 delta: 33.326 ms delta now: +33.391 ms fps: 30.00 (ts-monotonic, ts-src-eof)
cap dqbuf: 1 seq:   2005 bytesused: 12441600 ts: 243.885558 delta: 33.334 ms delta now: +32.186 ms fps: 30.00 (ts-monotonic, ts-src-eof)
cap dqbuf: 2 seq:   2006 bytesused: 12441600 ts: 243.918885 delta: 33.327 ms delta now: +32.192 ms fps: 30.00 (ts-monotonic, ts-src-eof)
cap dqbuf: 3 seq:   2007 bytesused: 12441600 ts: 243.952207 delta: 33.322 ms delta now: +33.205 ms fps: 30.00 (ts-monotonic, ts-src-eof)
cap dqbuf: 0 seq:   2008 bytesused: 12441600 ts: 243.985570 delta: 33.363 ms delta now: +32.174 ms fps: 30.00 (ts-monotonic, ts-src-eof)
cap dqbuf: 1 seq:   2009 bytesused: 12441600 ts: 244.018885 delta: 33.315 ms delta now: +32.193 ms fps: 30.00 (ts-monotonic, ts-src-eof)
cap dqbuf: 2 seq:   2010 bytesused: 12441600 ts: 244.052207 delta: 33.322 ms delta now: +32.217 ms fps: 30.00 (ts-monotonic, ts-src-eof)
cap dqbuf: 3 seq:   2011 bytesused: 12441600 ts: 244.085552 delta: 33.345 ms delta now: +33.195 ms fps: 30.00 (ts-monotonic, ts-src-eof)
cap dqbuf: 0 seq:   2012 bytesused: 12441600 ts: 244.118908 delta: 33.356 ms delta now: +32.175 ms fps: 30.00 (ts-monotonic, ts-src-eof)
cap dqbuf: 1 seq:   2013 bytesused: 12441600 ts: 244.152218 delta: 33.310 ms delta now: +33.328 ms fps: 30.00 (ts-monotonic, ts-src-eof)
cap dqbuf: 2 seq:   2014 bytesused: 12441600 ts: 244.185559 delta: 33.341 ms delta now: +33.288 ms fps: 30.00 (ts-monotonic, ts-src-eof)
cap dqbuf: 3 seq:   2015 bytesused: 12441600 ts: 244.218905 delta: 33.346 ms delta now: +33.273 ms fps: 30.00 (ts-monotonic, ts-src-eof)
cap dqbuf: 0 seq:   2016 bytesused: 12441600 ts: 244.252225 delta: 33.320 ms delta now: +32.190 ms fps: 30.00 (ts-monotonic, ts-src-eof)
cap dqbuf: 1 seq:   2017 bytesused: 12441600 ts: 244.285552 delta: 33.327 ms delta now: +33.197 ms fps: 30.00 (ts-monotonic, ts-src-eof)
cap dqbuf: 2 seq:   2018 bytesused: 12441600 ts: 244.318891 delta: 33.339 ms delta now: +32.188 ms fps: 30.00 (ts-monotonic, ts-src-eof)
cap dqbuf: 3 seq:   2019 bytesused: 12441600 ts: 244.352218 delta: 33.327 ms delta now: +33.058 ms fps: 30.00 (ts-monotonic, ts-src-eof)
cap dqbuf: 0 seq:   2020 bytesused: 12441600 ts: 244.385551 delta: 33.333 ms delta now: +33.252 ms fps: 30.00 (ts-monotonic, ts-src-eof)
cap dqbuf: 1 seq:   2021 bytesused: 12441600 ts: 244.418891 delta: 33.340 ms delta now: +33.059 ms fps: 30.00 (ts-monotonic, ts-src-eof)
cap dqbuf: 2 seq:   2022 bytesused: 12441600 ts: 244.452207 delta: 33.316 ms delta now: +33.073 ms fps: 30.00 (ts-monotonic, ts-src-eof)
cap dqbuf: 3 seq:   2023 bytesused: 12441600 ts: 244.485551 delta: 33.344 ms delta now: +33.065 ms fps: 30.00 (ts-monotonic, ts-src-eof)
cap dqbuf: 0 seq:   2024 bytesused: 12441600 ts: 244.518885 delta: 33.334 ms delta now: +33.116 ms fps: 30.00 (ts-monotonic, ts-src-eof)
cap dqbuf: 1 seq:   2025 bytesused: 12441600 ts: 244.552224 delta: 33.339 ms delta now: +32.187 ms fps: 30.00 (ts-monotonic, ts-src-eof)
cap dqbuf: 2 seq:   2026 bytesused: 12441600 ts: 244.585552 delta: 33.328 ms delta now: +32.212 ms fps: 30.00 (ts-monotonic, ts-src-eof)
cap dqbuf: 3 seq:   2027 bytesused: 12441600 ts: 244.618885 delta: 33.333 ms delta now: +33.182 ms fps: 30.00 (ts-monotonic, ts-src-eof)
cap dqbuf: 0 seq:   2028 bytesused: 12441600 ts: 244.652224 delta: 33.339 ms delta now: +33.141 ms fps: 30.00 (ts-monotonic, ts-src-eof)
cap dqbuf: 1 seq:   2029 bytesused: 12441600 ts: 244.685572 delta: 33.348 ms delta now: +33.177 ms fps: 30.00 (ts-monotonic, ts-src-eof)
cap dqbuf: 2 seq:   2030 bytesused: 12441600 ts: 244.718911 delta: 33.339 ms delta now: +32.660 ms fps: 30.00 (ts-monotonic, ts-src-eof)
cap dqbuf: 3 seq:   2031 bytesused: 12441600 ts: 244.752207 delta: 33.296 ms delta now: +33.091 ms fps: 30.00 (ts-monotonic, ts-src-eof)
cap dqbuf: 0 seq:   2032 bytesused: 12441600 ts: 244.785540 delta: 33.333 ms delta now: +33.219 ms fps: 30.00 (ts-monotonic, ts-src-eof)
cap dqbuf: 1 seq:   2033 bytesused: 12441600 ts: 244.818891 delta: 33.351 ms delta now: +32.187 ms fps: 30.00 (ts-monotonic, ts-src-eof)
cap dqbuf: 2 seq:   2034 bytesused: 12441600 ts: 244.852218 delta: 33.327 ms delta now: +33.068 ms fps: 30.00 (ts-monotonic, ts-src-eof)
cap dqbuf: 3 seq:   2035 bytesused: 12441600 ts: 244.885552 delta: 33.334 ms delta now: +33.187 ms fps: 30.00 (ts-monotonic, ts-src-eof)
cap dqbuf: 0 seq:   2036 bytesused: 12441600 ts: 244.918891 delta: 33.339 ms delta now: +32.301 ms fps: 30.00 (ts-monotonic, ts-src-eof)
cap dqbuf: 1 seq:   2037 bytesused: 12441600 ts: 244.952207 delta: 33.316 ms delta now: +33.264 ms fps: 30.00 (ts-monotonic, ts-src-eof)
cap dqbuf: 2 seq:   2038 bytesused: 12441600 ts: 244.985572 delta: 33.365 ms delta now: +33.283 ms fps: 30.00 (ts-monotonic, ts-src-eof)
cap dqbuf: 3 seq:   2039 bytesused: 12441600 ts: 245.018904 delta: 33.332 ms delta now: +33.255 ms fps: 30.00 (ts-monotonic, ts-src-eof)
cap dqbuf: 0 seq:   2040 bytesused: 12441600 ts: 245.052241 delta: 33.337 ms delta now: +32.171 ms fps: 30.00 (ts-monotonic, ts-src-eof)
cap dqbuf: 1 seq:   2041 bytesused: 12441600 ts: 245.085540 delta: 33.299 ms delta now: +33.080 ms fps: 30.00 (ts-monotonic, ts-src-eof)
cap dqbuf: 2 seq:   2042 bytesused: 12441600 ts: 245.118885 delta: 33.345 ms delta now: +33.211 ms fps: 30.00 (ts-monotonic, ts-src-eof)
cap dqbuf: 3 seq:   2043 bytesused: 12441600 ts: 245.152225 delta: 33.340 ms delta now: +33.064 ms fps: 30.00 (ts-monotonic, ts-src-eof)
cap dqbuf: 0 seq:   2044 bytesused: 12441600 ts: 245.185552 delta: 33.327 ms delta now: +32.202 ms fps: 30.00 (ts-monotonic, ts-src-eof)
cap dqbuf: 1 seq:   2045 bytesused: 12441600 ts: 245.218873 delta: 33.321 ms delta now: +33.343 ms fps: 30.00 (ts-monotonic, ts-src-eof)
cap dqbuf: 2 seq:   2046 bytesused: 12441600 ts: 245.252225 delta: 33.352 ms delta now: +33.361 ms fps: 30.00 (ts-monotonic, ts-src-eof)
cap dqbuf: 3 seq:   2047 bytesused: 12441600 ts: 245.285571 delta: 33.346 ms delta now: +33.279 ms fps: 30.00 (ts-monotonic, ts-src-eof)
cap dqbuf: 0 seq:   2048 bytesused: 12441600 ts: 245.318891 delta: 33.320 ms delta now: +33.269 ms fps: 30.00 (ts-monotonic, ts-src-eof)
cap dqbuf: 1 seq:   2049 bytesused: 12441600 ts: 245.352239 delta: 33.348 ms delta now: +33.164 ms fps: 30.00 (ts-monotonic, ts-src-eof)
cap dqbuf: 2 seq:   2050 bytesused: 12441600 ts: 245.385573 delta: 33.334 ms delta now: +32.173 ms fps: 30.00 (ts-monotonic, ts-src-eof)
cap dqbuf: 3 seq:   2051 bytesused: 12441600 ts: 245.418886 delta: 33.313 ms delta now: +32.203 ms fps: 30.00 (ts-monotonic, ts-src-eof)
cap dqbuf: 0 seq:   2052 bytesused: 12441600 ts: 245.452217 delta: 33.331 ms delta now: +33.290 ms fps: 30.00 (ts-monotonic, ts-src-eof)
cap dqbuf: 1 seq:   2053 bytesused: 12441600 ts: 245.485558 delta: 33.341 ms delta now: +32.190 ms fps: 30.00 (ts-monotonic, ts-src-eof)
cap dqbuf: 2 seq:   2054 bytesused: 12441600 ts: 245.518873 delta: 33.315 ms delta now: +33.096 ms fps: 30.00 (ts-monotonic, ts-src-eof)
cap dqbuf: 3 seq:   2055 bytesused: 12441600 ts: 245.552207 delta: 33.334 ms delta now: +32.205 ms fps: 30.00 (ts-monotonic, ts-src-eof)
cap dqbuf: 0 seq:   2056 bytesused: 12441600 ts: 245.585539 delta: 33.332 ms delta now: +33.333 ms fps: 30.00 (ts-monotonic, ts-src-eof)
cap dqbuf: 1 seq:   2057 bytesused: 12441600 ts: 245.618904 delta: 33.365 ms delta now: +33.037 ms fps: 30.00 (ts-monotonic, ts-src-eof)
cap dqbuf: 2 seq:   2058 bytesused: 12441600 ts: 245.652207 delta: 33.303 ms delta now: +33.249 ms fps: 30.00 (ts-monotonic, ts-src-eof)
cap dqbuf: 3 seq:   2059 bytesused: 12441600 ts: 245.685572 delta: 33.365 ms delta now: +33.237 ms fps: 30.00 (ts-monotonic, ts-src-eof)
cap dqbuf: 0 seq:   2060 bytesused: 12441600 ts: 245.718892 delta: 33.320 ms delta now: +33.234 ms fps: 30.00 (ts-monotonic, ts-src-eof)
cap dqbuf: 1 seq:   2061 bytesused: 12441600 ts: 245.752237 delta: 33.345 ms delta now: +32.175 ms fps: 30.00 (ts-monotonic, ts-src-eof)
cap dqbuf: 2 seq:   2062 bytesused: 12441600 ts: 245.785551 delta: 33.314 ms delta now: +32.193 ms fps: 30.00 (ts-monotonic, ts-src-eof)
cap dqbuf: 3 seq:   2063 bytesused: 12441600 ts: 245.818885 delta: 33.334 ms delta now: +33.292 ms fps: 30.00 (ts-monotonic, ts-src-eof)
cap dqbuf: 0 seq:   2064 bytesused: 12441600 ts: 245.852225 delta: 33.340 ms delta now: +32.191 ms fps: 30.00 (ts-monotonic, ts-src-eof)
cap dqbuf: 1 seq:   2065 bytesused: 12441600 ts: 245.885540 delta: 33.315 ms delta now: +33.203 ms fps: 30.00 (ts-monotonic, ts-src-eof)
cap dqbuf: 2 seq:   2066 bytesused: 12441600 ts: 245.918905 delta: 33.365 ms delta now: +33.182 ms fps: 30.00 (ts-monotonic, ts-src-eof)
cap dqbuf: 3 seq:   2067 bytesused: 12441600 ts: 245.952238 delta: 33.333 ms delta now: +33.134 ms fps: 30.00 (ts-monotonic, ts-src-eof)
cap dqbuf: 0 seq:   2068 bytesused: 12441600 ts: 245.985559 delta: 33.321 ms delta now: +33.188 ms fps: 30.00 (ts-monotonic, ts-src-eof)
cap dqbuf: 1 seq:   2069 bytesused: 12441600 ts: 246.018892 delta: 33.333 ms delta now: +33.381 ms fps: 30.00 (ts-monotonic, ts-src-eof)
cap dqbuf: 2 seq:   2070 bytesused: 12441600 ts: 246.052238 delta: 33.346 ms delta now: +32.175 ms fps: 30.00 (ts-monotonic, ts-src-eof)
cap dqbuf: 3 seq:   2071 bytesused: 12441600 ts: 246.085541 delta: 33.303 ms delta now: +33.087 ms fps: 30.00 (ts-monotonic, ts-src-eof)
cap dqbuf: 0 seq:   2072 bytesused: 12441600 ts: 246.118874 delta: 33.333 ms delta now: +33.217 ms fps: 30.00 (ts-monotonic, ts-src-eof)
cap dqbuf: 1 seq:   2073 bytesused: 12441600 ts: 246.152240 delta: 33.366 ms delta now: +32.194 ms fps: 30.00 (ts-monotonic, ts-src-eof)
cap dqbuf: 2 seq:   2074 bytesused: 12441600 ts: 246.185552 delta: 33.312 ms delta now: +33.278 ms fps: 30.00 (ts-monotonic, ts-src-eof)
cap dqbuf: 3 seq:   2075 bytesused: 12441600 ts: 246.218898 delta: 33.346 ms delta now: +33.237 ms fps: 30.00 (ts-monotonic, ts-src-eof)
cap dqbuf: 0 seq:   2076 bytesused: 12441600 ts: 246.252226 delta: 33.328 ms delta now: +32.198 ms fps: 30.00 (ts-monotonic, ts-src-eof)
cap dqbuf: 1 seq:   2077 bytesused: 12441600 ts: 246.285553 delta: 33.327 ms delta now: +33.321 ms fps: 30.00 (ts-monotonic, ts-src-eof)
cap dqbuf: 2 seq:   2078 bytesused: 12441600 ts: 246.318893 delta: 33.340 ms delta now: +33.179 ms fps: 30.00 (ts-monotonic, ts-src-eof)
cap dqbuf: 3 seq:   2079 bytesused: 12441600 ts: 246.352225 delta: 33.332 ms delta now: +33.050 ms fps: 30.00 (ts-monotonic, ts-src-eof)
cap dqbuf: 0 seq:   2080 bytesused: 12441600 ts: 246.385540 delta: 33.315 ms delta now: +33.317 ms fps: 30.00 (ts-monotonic, ts-src-eof)
cap dqbuf: 1 seq:   2081 bytesused: 12441600 ts: 246.418921 delta: 33.381 ms delta now: +33.172 ms fps: 30.00 (ts-monotonic, ts-src-eof)
cap dqbuf: 2 seq:   2082 bytesused: 12441600 ts: 246.452226 delta: 33.305 ms delta now: +33.195 ms fps: 30.00 (ts-monotonic, ts-src-eof)
cap dqbuf: 3 seq:   2083 bytesused: 12441600 ts: 246.485571 delta: 33.345 ms delta now: +33.184 ms fps: 30.00 (ts-monotonic, ts-src-eof)
cap dqbuf: 0 seq:   2084 bytesused: 12441600 ts: 246.518904 delta: 33.333 ms delta now: +32.192 ms fps: 30.00 (ts-monotonic, ts-src-eof)
cap dqbuf: 1 seq:   2085 bytesused: 12441600 ts: 246.552207 delta: 33.303 ms delta now: +32.206 ms fps: 30.00 (ts-monotonic, ts-src-eof)
cap dqbuf: 2 seq:   2086 bytesused: 12441600 ts: 246.585540 delta: 33.333 ms delta now: +33.083 ms fps: 30.00 (ts-monotonic, ts-src-eof)
cap dqbuf: 3 seq:   2087 bytesused: 12441600 ts: 246.618874 delta: 33.334 ms delta now: +32.246 ms fps: 30.00 (ts-monotonic, ts-src-eof)
cap dqbuf: 0 seq:   2088 bytesused: 12441600 ts: 246.652219 delta: 33.345 ms delta now: +33.296 ms fps: 30.00 (ts-monotonic, ts-src-eof)
cap dqbuf: 1 seq:   2089 bytesused: 12441600 ts: 246.685558 delta: 33.339 ms delta now: +33.063 ms fps: 30.00 (ts-monotonic, ts-src-eof)
cap dqbuf: 2 seq:   2090 bytesused: 12441600 ts: 246.718885 delta: 33.327 ms delta now: +32.192 ms fps: 30.00 (ts-monotonic, ts-src-eof)
cap dqbuf: 3 seq:   2091 bytesused: 12441600 ts: 246.752219 delta: 33.334 ms delta now: +32.192 ms fps: 30.00 (ts-monotonic, ts-src-eof)
cap dqbuf: 0 seq:   2092 bytesused: 12441600 ts: 246.785552 delta: 33.333 ms delta now: +33.073 ms fps: 30.00 (ts-monotonic, ts-src-eof)
cap dqbuf: 1 seq:   2093 bytesused: 12441600 ts: 246.818874 delta: 33.322 ms delta now: +33.088 ms fps: 30.00 (ts-monotonic, ts-src-eof)
cap dqbuf: 2 seq:   2094 bytesused: 12441600 ts: 246.852207 delta: 33.333 ms delta now: +33.076 ms fps: 30.00 (ts-monotonic, ts-src-eof)
cap dqbuf: 3 seq:   2095 bytesused: 12441600 ts: 246.885541 delta: 33.334 ms delta now: +33.195 ms fps: 30.00 (ts-monotonic, ts-src-eof)
cap dqbuf: 0 seq:   2096 bytesused: 12441600 ts: 246.918892 delta: 33.351 ms delta now: +33.059 ms fps: 30.00 (ts-monotonic, ts-src-eof)
cap dqbuf: 1 seq:   2097 bytesused: 12441600 ts: 246.952207 delta: 33.315 ms delta now: +33.193 ms fps: 30.00 (ts-monotonic, ts-src-eof)
cap dqbuf: 2 seq:   2098 bytesused: 12441600 ts: 246.985572 delta: 33.365 ms delta now: +32.175 ms fps: 30.00 (ts-monotonic, ts-src-eof)
cap dqbuf: 3 seq:   2099 bytesused: 12441600 ts: 247.018885 delta: 33.313 ms delta now: +33.173 ms fps: 30.00 (ts-monotonic, ts-src-eof)
cap dqbuf: 0 seq:   2100 bytesused: 12441600 ts: 247.052237 delta: 33.352 ms delta now: +33.271 ms fps: 30.00 (ts-monotonic, ts-src-eof)
cap dqbuf: 1 seq:   2101 bytesused: 12441600 ts: 247.085557 delta: 33.320 ms delta now: +33.296 ms fps: 30.00 (ts-monotonic, ts-src-eof)
cap dqbuf: 2 seq:   2102 bytesused: 12441600 ts: 247.118891 delta: 33.334 ms delta now: +33.069 ms fps: 30.00 (ts-monotonic, ts-src-eof)
cap dqbuf: 3 seq:   2103 bytesused: 12441600 ts: 247.152207 delta: 33.316 ms delta now: +33.314 ms fps: 30.00 (ts-monotonic, ts-src-eof)
cap dqbuf: 0 seq:   2104 bytesused: 12441600 ts: 247.185571 delta: 33.364 ms delta now: +33.268 ms fps: 30.00 (ts-monotonic, ts-src-eof)
cap dqbuf: 1 seq:   2105 bytesused: 12441600 ts: 247.218905 delta: 33.334 ms delta now: +32.187 ms fps: 30.00 (ts-monotonic, ts-src-eof)
cap dqbuf: 2 seq:   2106 bytesused: 12441600 ts: 247.252207 delta: 33.302 ms delta now: +33.301 ms fps: 30.00 (ts-monotonic, ts-src-eof)
cap dqbuf: 3 seq:   2107 bytesused: 12441600 ts: 247.285557 delta: 33.350 ms delta now: +32.188 ms fps: 30.00 (ts-monotonic, ts-src-eof)
cap dqbuf: 0 seq:   2108 bytesused: 12441600 ts: 247.318886 delta: 33.329 ms delta now: +33.075 ms fps: 30.00 (ts-monotonic, ts-src-eof)
cap dqbuf: 1 seq:   2109 bytesused: 12441600 ts: 247.352207 delta: 33.321 ms delta now: +33.196 ms fps: 30.00 (ts-monotonic, ts-src-eof)
cap dqbuf: 2 seq:   2110 bytesused: 12441600 ts: 247.385573 delta: 33.366 ms delta now: +33.147 ms fps: 30.00 (ts-monotonic, ts-src-eof)
cap dqbuf: 3 seq:   2111 bytesused: 12441600 ts: 247.418892 delta: 33.319 ms delta now: +32.186 ms fps: 30.00 (ts-monotonic, ts-src-eof)
cap dqbuf: 0 seq:   2112 bytesused: 12441600 ts: 247.452219 delta: 33.327 ms delta now: +32.193 ms fps: 30.00 (ts-monotonic, ts-src-eof)
cap dqbuf: 1 seq:   2113 bytesused: 12441600 ts: 247.485540 delta: 33.321 ms delta now: +33.192 ms fps: 30.00 (ts-monotonic, ts-src-eof)
cap dqbuf: 2 seq:   2114 bytesused: 12441600 ts: 247.518905 delta: 33.365 ms delta now: +33.174 ms fps: 30.00 (ts-monotonic, ts-src-eof)
cap dqbuf: 3 seq:   2115 bytesused: 12441600 ts: 247.552224 delta: 33.319 ms delta now: +33.041 ms fps: 30.00 (ts-monotonic, ts-src-eof)
cap dqbuf: 0 seq:   2116 bytesused: 12441600 ts: 247.585540 delta: 33.316 ms delta now: +33.300 ms fps: 30.00 (ts-monotonic, ts-src-eof)
cap dqbuf: 1 seq:   2117 bytesused: 12441600 ts: 247.618905 delta: 33.365 ms delta now: +33.182 ms fps: 30.00 (ts-monotonic, ts-src-eof)
cap dqbuf: 2 seq:   2118 bytesused: 12441600 ts: 247.652239 delta: 33.334 ms delta now: +32.178 ms fps: 30.00 (ts-monotonic, ts-src-eof)
cap dqbuf: 3 seq:   2119 bytesused: 12441600 ts: 247.685553 delta: 33.314 ms delta now: +33.094 ms fps: 30.00 (ts-monotonic, ts-src-eof)
cap dqbuf: 0 seq:   2120 bytesused: 12441600 ts: 247.718905 delta: 33.352 ms delta now: +32.183 ms fps: 30.00 (ts-monotonic, ts-src-eof)
cap dqbuf: 1 seq:   2121 bytesused: 12441600 ts: 247.752208 delta: 33.303 ms delta now: +33.275 ms fps: 30.00 (ts-monotonic, ts-src-eof)
cap dqbuf: 2 seq:   2122 bytesused: 12441600 ts: 247.785572 delta: 33.364 ms delta now: +32.173 ms fps: 30.00 (ts-monotonic, ts-src-eof)
cap dqbuf: 3 seq:   2123 bytesused: 12441600 ts: 247.818874 delta: 33.302 ms delta now: +33.320 ms fps: 30.00 (ts-monotonic, ts-src-eof)
cap dqbuf: 0 seq:   2124 bytesused: 12441600 ts: 247.852225 delta: 33.351 ms delta now: +33.069 ms fps: 30.00 (ts-monotonic, ts-src-eof)
cap dqbuf: 1 seq:   2125 bytesused: 12441600 ts: 247.885552 delta: 33.327 ms delta now: +33.215 ms fps: 30.00 (ts-monotonic, ts-src-eof)
cap dqbuf: 2 seq:   2126 bytesused: 12441600 ts: 247.918891 delta: 33.339 ms delta now: +32.188 ms fps: 30.00 (ts-monotonic, ts-src-eof)
cap dqbuf: 3 seq:   2127 bytesused: 12441600 ts: 247.952207 delta: 33.316 ms delta now: +33.070 ms fps: 30.00 (ts-monotonic, ts-src-eof)
cap dqbuf: 0 seq:   2128 bytesused: 12441600 ts: 247.985541 delta: 33.334 ms delta now: +33.286 ms fps: 30.00 (ts-monotonic, ts-src-eof)
cap dqbuf: 1 seq:   2129 bytesused: 12441600 ts: 248.018891 delta: 33.350 ms delta now: +33.232 ms fps: 30.00 (ts-monotonic, ts-src-eof)
cap dqbuf: 2 seq:   2130 bytesused: 12441600 ts: 248.052240 delta: 33.349 ms delta now: +32.172 ms fps: 30.00 (ts-monotonic, ts-src-eof)
cap dqbuf: 3 seq:   2131 bytesused: 12441600 ts: 248.085552 delta: 33.312 ms delta now: +33.170 ms fps: 30.00 (ts-monotonic, ts-src-eof)
cap dqbuf: 0 seq:   2132 bytesused: 12441600 ts: 248.118898 delta: 33.346 ms delta now: +33.185 ms fps: 30.00 (ts-monotonic, ts-src-eof)
cap dqbuf: 1 seq:   2133 bytesused: 12441600 ts: 248.152238 delta: 33.340 ms delta now: +33.051 ms fps: 30.00 (ts-monotonic, ts-src-eof)
cap dqbuf: 2 seq:   2134 bytesused: 12441600 ts: 248.185552 delta: 33.314 ms delta now: +33.229 ms fps: 30.00 (ts-monotonic, ts-src-eof)
cap dqbuf: 3 seq:   2135 bytesused: 12441600 ts: 248.218896 delta: 33.344 ms delta now: +33.064 ms fps: 30.00 (ts-monotonic, ts-src-eof)
cap dqbuf: 0 seq:   2136 bytesused: 12441600 ts: 248.252218 delta: 33.322 ms delta now: +33.262 ms fps: 30.00 (ts-monotonic, ts-src-eof)
cap dqbuf: 1 seq:   2137 bytesused: 12441600 ts: 248.285558 delta: 33.340 ms delta now: +32.191 ms fps: 30.00 (ts-monotonic, ts-src-eof)
cap dqbuf: 2 seq:   2138 bytesused: 12441600 ts: 248.318885 delta: 33.327 ms delta now: +33.045 ms fps: 30.00 (ts-monotonic, ts-src-eof)
cap dqbuf: 3 seq:   2139 bytesused: 12441600 ts: 248.352209 delta: 33.324 ms delta now: +33.182 ms fps: 30.00 (ts-monotonic, ts-src-eof)
cap dqbuf: 0 seq:   2140 bytesused: 12441600 ts: 248.385572 delta: 33.363 ms delta now: +33.378 ms fps: 30.00 (ts-monotonic, ts-src-eof)
cap dqbuf: 1 seq:   2141 bytesused: 12441600 ts: 248.418905 delta: 33.333 ms delta now: +32.190 ms fps: 30.00 (ts-monotonic, ts-src-eof)
cap dqbuf: 2 seq:   2142 bytesused: 12441600 ts: 248.452219 delta: 33.314 ms delta now: +33.106 ms fps: 30.00 (ts-monotonic, ts-src-eof)
cap dqbuf: 3 seq:   2143 bytesused: 12441600 ts: 248.485541 delta: 33.322 ms delta now: +33.372 ms fps: 30.00 (ts-monotonic, ts-src-eof)
cap dqbuf: 0 seq:   2144 bytesused: 12441600 ts: 248.518905 delta: 33.364 ms delta now: +33.250 ms fps: 30.00 (ts-monotonic, ts-src-eof)
cap dqbuf: 1 seq:   2145 bytesused: 12441600 ts: 248.552224 delta: 33.319 ms delta now: +33.284 ms fps: 30.00 (ts-monotonic, ts-src-eof)
cap dqbuf: 2 seq:   2146 bytesused: 12441600 ts: 248.585571 delta: 33.347 ms delta now: +32.181 ms fps: 30.00 (ts-monotonic, ts-src-eof)
cap dqbuf: 3 seq:   2147 bytesused: 12441600 ts: 248.618874 delta: 33.303 ms delta now: +33.093 ms fps: 30.00 (ts-monotonic, ts-src-eof)
cap dqbuf: 0 seq:   2148 bytesused: 12441600 ts: 248.652219 delta: 33.345 ms delta now: +33.238 ms fps: 30.00 (ts-monotonic, ts-src-eof)
cap dqbuf: 1 seq:   2149 bytesused: 12441600 ts: 248.685579 delta: 33.360 ms delta now: +32.167 ms fps: 30.00 (ts-monotonic, ts-src-eof)
cap dqbuf: 2 seq:   2150 bytesused: 12441600 ts: 248.718874 delta: 33.295 ms delta now: +33.317 ms fps: 30.00 (ts-monotonic, ts-src-eof)
cap dqbuf: 3 seq:   2151 bytesused: 12441600 ts: 248.752239 delta: 33.365 ms delta now: +32.174 ms fps: 30.00 (ts-monotonic, ts-src-eof)
cap dqbuf: 0 seq:   2152 bytesused: 12441600 ts: 248.785552 delta: 33.313 ms delta now: +33.326 ms fps: 30.00 (ts-monotonic, ts-src-eof)
cap dqbuf: 1 seq:   2153 bytesused: 12441600 ts: 248.818892 delta: 33.340 ms delta now: +33.219 ms fps: 30.00 (ts-monotonic, ts-src-eof)
cap dqbuf: 2 seq:   2154 bytesused: 12441600 ts: 248.852240 delta: 33.348 ms delta now: +32.172 ms fps: 30.00 (ts-monotonic, ts-src-eof)
cap dqbuf: 3 seq:   2155 bytesused: 12441600 ts: 248.885552 delta: 33.312 ms delta now: +33.065 ms fps: 30.00 (ts-monotonic, ts-src-eof)
cap dqbuf: 0 seq:   2156 bytesused: 12441600 ts: 248.918907 delta: 33.355 ms delta now: +33.178 ms fps: 30.00 (ts-monotonic, ts-src-eof)
cap dqbuf: 1 seq:   2157 bytesused: 12441600 ts: 248.952224 delta: 33.317 ms delta now: +33.288 ms fps: 30.00 (ts-monotonic, ts-src-eof)
cap dqbuf: 2 seq:   2158 bytesused: 12441600 ts: 248.985571 delta: 33.347 ms delta now: +33.234 ms fps: 30.00 (ts-monotonic, ts-src-eof)
cap dqbuf: 3 seq:   2159 bytesused: 12441600 ts: 249.018906 delta: 33.335 ms delta now: +33.039 ms fps: 30.00 (ts-monotonic, ts-src-eof)
cap dqbuf: 0 seq:   2160 bytesused: 12441600 ts: 249.052227 delta: 33.321 ms delta now: +33.321 ms fps: 30.00 (ts-monotonic, ts-src-eof)
cap dqbuf: 1 seq:   2161 bytesused: 12441600 ts: 249.085558 delta: 33.331 ms delta now: +33.047 ms fps: 30.00 (ts-monotonic, ts-src-eof)
cap dqbuf: 2 seq:   2162 bytesused: 12441600 ts: 249.118874 delta: 33.316 ms delta now: +33.081 ms fps: 30.00 (ts-monotonic, ts-src-eof)
cap dqbuf: 3 seq:   2163 bytesused: 12441600 ts: 249.152219 delta: 33.345 ms delta now: +33.187 ms fps: 30.00 (ts-monotonic, ts-src-eof)
cap dqbuf: 0 seq:   2164 bytesused: 12441600 ts: 249.185572 delta: 33.353 ms delta now: +33.127 ms fps: 30.00 (ts-monotonic, ts-src-eof)
cap dqbuf: 1 seq:   2165 bytesused: 12441600 ts: 249.218874 delta: 33.302 ms delta now: +32.216 ms fps: 30.00 (ts-monotonic, ts-src-eof)
cap dqbuf: 2 seq:   2166 bytesused: 12441600 ts: 249.252219 delta: 33.345 ms delta now: +33.204 ms fps: 30.00 (ts-monotonic, ts-src-eof)
cap dqbuf: 3 seq:   2167 bytesused: 12441600 ts: 249.285571 delta: 33.352 ms delta now: +33.289 ms fps: 30.00 (ts-monotonic, ts-src-eof)
cap dqbuf: 0 seq:   2168 bytesused: 12441600 ts: 249.318905 delta: 33.334 ms delta now: +32.173 ms fps: 30.00 (ts-monotonic, ts-src-eof)
cap dqbuf: 1 seq:   2169 bytesused: 12441600 ts: 249.352207 delta: 33.302 ms delta now: +33.073 ms fps: 30.00 (ts-monotonic, ts-src-eof)
cap dqbuf: 2 seq:   2170 bytesused: 12441600 ts: 249.385567 delta: 33.360 ms delta now: +33.274 ms fps: 30.00 (ts-monotonic, ts-src-eof)
cap dqbuf: 3 seq:   2171 bytesused: 12441600 ts: 249.418893 delta: 33.326 ms delta now: +32.186 ms fps: 30.00 (ts-monotonic, ts-src-eof)
cap dqbuf: 0 seq:   2172 bytesused: 12441600 ts: 249.452219 delta: 33.326 ms delta now: +33.250 ms fps: 30.00 (ts-monotonic, ts-src-eof)
cap dqbuf: 1 seq:   2173 bytesused: 12441600 ts: 249.485575 delta: 33.356 ms delta now: +33.155 ms fps: 30.00 (ts-monotonic, ts-src-eof)
cap dqbuf: 2 seq:   2174 bytesused: 12441600 ts: 249.518906 delta: 33.331 ms delta now: +32.173 ms fps: 30.00 (ts-monotonic, ts-src-eof)
cap dqbuf: 3 seq:   2175 bytesused: 12441600 ts: 249.552219 delta: 33.313 ms delta now: +33.300 ms fps: 30.00 (ts-monotonic, ts-src-eof)
cap dqbuf: 0 seq:   2176 bytesused: 12441600 ts: 249.585571 delta: 33.352 ms delta now: +33.171 ms fps: 30.00 (ts-monotonic, ts-src-eof)
cap dqbuf: 1 seq:   2177 bytesused: 12441600 ts: 249.618907 delta: 33.336 ms delta now: +32.173 ms fps: 30.00 (ts-monotonic, ts-src-eof)
cap dqbuf: 2 seq:   2178 bytesused: 12441600 ts: 249.652207 delta: 33.300 ms delta now: +32.215 ms fps: 30.00 (ts-monotonic, ts-src-eof)
cap dqbuf: 3 seq:   2179 bytesused: 12441600 ts: 249.685541 delta: 33.334 ms delta now: +33.211 ms fps: 30.00 (ts-monotonic, ts-src-eof)
cap dqbuf: 0 seq:   2180 bytesused: 12441600 ts: 249.718899 delta: 33.358 ms delta now: +33.293 ms fps: 30.00 (ts-monotonic, ts-src-eof)
cap dqbuf: 1 seq:   2181 bytesused: 12441600 ts: 249.752225 delta: 33.326 ms delta now: +32.191 ms fps: 30.00 (ts-monotonic, ts-src-eof)
cap dqbuf: 2 seq:   2182 bytesused: 12441600 ts: 249.785552 delta: 33.327 ms delta now: +33.205 ms fps: 30.00 (ts-monotonic, ts-src-eof)
cap dqbuf: 3 seq:   2183 bytesused: 12441600 ts: 249.818894 delta: 33.342 ms delta now: +33.257 ms fps: 30.00 (ts-monotonic, ts-src-eof)
cap dqbuf: 0 seq:   2184 bytesused: 12441600 ts: 249.852238 delta: 33.344 ms delta now: +33.266 ms fps: 30.00 (ts-monotonic, ts-src-eof)
cap dqbuf: 1 seq:   2185 bytesused: 12441600 ts: 249.885558 delta: 33.320 ms delta now: +33.227 ms fps: 30.00 (ts-monotonic, ts-src-eof)
cap dqbuf: 2 seq:   2186 bytesused: 12441600 ts: 249.918906 delta: 33.348 ms delta now: +33.045 ms fps: 30.00 (ts-monotonic, ts-src-eof)
cap dqbuf: 3 seq:   2187 bytesused: 12441600 ts: 249.952207 delta: 33.301 ms delta now: +33.305 ms fps: 30.00 (ts-monotonic, ts-src-eof)
cap dqbuf: 0 seq:   2188 bytesused: 12441600 ts: 249.985558 delta: 33.351 ms delta now: +32.188 ms fps: 30.00 (ts-monotonic, ts-src-eof)
cap dqbuf: 1 seq:   2189 bytesused: 12441600 ts: 250.018875 delta: 33.317 ms delta now: +32.203 ms fps: 30.00 (ts-monotonic, ts-src-eof)
cap dqbuf: 2 seq:   2190 bytesused: 12441600 ts: 250.052208 delta: 33.333 ms delta now: +33.415 ms fps: 30.00 (ts-monotonic, ts-src-eof)
cap dqbuf: 3 seq:   2191 bytesused: 12441600 ts: 250.085559 delta: 33.351 ms delta now: +33.333 ms fps: 30.00 (ts-monotonic, ts-src-eof)
cap dqbuf: 0 seq:   2192 bytesused: 12441600 ts: 250.118892 delta: 33.333 ms delta now: +32.231 ms fps: 30.00 (ts-monotonic, ts-src-eof)
cap dqbuf: 1 seq:   2193 bytesused: 12441600 ts: 250.152208 delta: 33.316 ms delta now: +33.268 ms fps: 30.00 (ts-monotonic, ts-src-eof)
cap dqbuf: 2 seq:   2194 bytesused: 12441600 ts: 250.185559 delta: 33.351 ms delta now: +33.281 ms fps: 30.00 (ts-monotonic, ts-src-eof)
cap dqbuf: 3 seq:   2195 bytesused: 12441600 ts: 250.218905 delta: 33.346 ms delta now: +33.247 ms fps: 30.00 (ts-monotonic, ts-src-eof)
cap dqbuf: 0 seq:   2196 bytesused: 12441600 ts: 250.252226 delta: 33.321 ms delta now: +33.279 ms fps: 30.00 (ts-monotonic, ts-src-eof)
cap dqbuf: 1 seq:   2197 bytesused: 12441600 ts: 250.285573 delta: 33.347 ms delta now: +33.287 ms fps: 30.00 (ts-monotonic, ts-src-eof)
cap dqbuf: 2 seq:   2198 bytesused: 12441600 ts: 250.318904 delta: 33.331 ms delta now: +33.277 ms fps: 30.00 (ts-monotonic, ts-src-eof)
cap dqbuf: 3 seq:   2199 bytesused: 12441600 ts: 250.352238 delta: 33.334 ms delta now: +33.251 ms fps: 30.00 (ts-monotonic, ts-src-eof)
cap dqbuf: 0 seq:   2200 bytesused: 12441600 ts: 250.385559 delta: 33.321 ms delta now: +33.176 ms fps: 30.00 (ts-monotonic, ts-src-eof)
cap dqbuf: 1 seq:   2201 bytesused: 12441600 ts: 250.418893 delta: 33.334 ms delta now: +33.080 ms fps: 30.00 (ts-monotonic, ts-src-eof)
cap dqbuf: 2 seq:   2202 bytesused: 12441600 ts: 250.452219 delta: 33.326 ms delta now: +33.208 ms fps: 30.00 (ts-monotonic, ts-src-eof)
cap dqbuf: 3 seq:   2203 bytesused: 12441600 ts: 250.485574 delta: 33.355 ms delta now: +32.177 ms fps: 30.00 (ts-monotonic, ts-src-eof)
cap dqbuf: 0 seq:   2204 bytesused: 12441600 ts: 250.518874 delta: 33.300 ms delta now: +32.209 ms fps: 30.00 (ts-monotonic, ts-src-eof)
cap dqbuf: 1 seq:   2205 bytesused: 12441600 ts: 250.552207 delta: 33.333 ms delta now: +32.204 ms fps: 30.00 (ts-monotonic, ts-src-eof)
cap dqbuf: 2 seq:   2206 bytesused: 12441600 ts: 250.585552 delta: 33.345 ms delta now: +32.194 ms fps: 30.00 (ts-monotonic, ts-src-eof)
cap dqbuf: 3 seq:   2207 bytesused: 12441600 ts: 250.618886 delta: 33.334 ms delta now: +33.598 ms fps: 30.00 (ts-monotonic, ts-src-eof)
cap dqbuf: 0 seq:   2208 bytesused: 12441600 ts: 250.652225 delta: 33.339 ms delta now: +33.191 ms fps: 30.00 (ts-monotonic, ts-src-eof)
cap dqbuf: 1 seq:   2209 bytesused: 12441600 ts: 250.685559 delta: 33.334 ms delta now: +32.186 ms fps: 30.00 (ts-monotonic, ts-src-eof)
cap dqbuf: 2 seq:   2210 bytesused: 12441600 ts: 250.718874 delta: 33.315 ms delta now: +33.087 ms fps: 30.00 (ts-monotonic, ts-src-eof)
cap dqbuf: 3 seq:   2211 bytesused: 12441600 ts: 250.752207 delta: 33.333 ms delta now: +32.205 ms fps: 30.00 (ts-monotonic, ts-src-eof)
cap dqbuf: 0 seq:   2212 bytesused: 12441600 ts: 250.785552 delta: 33.345 ms delta now: +33.406 ms fps: 30.00 (ts-monotonic, ts-src-eof)
cap dqbuf: 1 seq:   2213 bytesused: 12441600 ts: 250.818907 delta: 33.355 ms delta now: +33.167 ms fps: 30.00 (ts-monotonic, ts-src-eof)
cap dqbuf: 2 seq:   2214 bytesused: 12441600 ts: 250.852226 delta: 33.319 ms delta now: +32.186 ms fps: 30.00 (ts-monotonic, ts-src-eof)
cap dqbuf: 3 seq:   2215 bytesused: 12441600 ts: 250.885540 delta: 33.314 ms delta now: +33.061 ms fps: 30.00 (ts-monotonic, ts-src-eof)
cap dqbuf: 0 seq:   2216 bytesused: 12441600 ts: 250.918886 delta: 33.346 ms delta now: +32.192 ms fps: 30.00 (ts-monotonic, ts-src-eof)
cap dqbuf: 1 seq:   2217 bytesused: 12441600 ts: 250.952208 delta: 33.322 ms delta now: +33.174 ms fps: 30.00 (ts-monotonic, ts-src-eof)
cap dqbuf: 2 seq:   2218 bytesused: 12441600 ts: 250.985559 delta: 33.351 ms delta now: +33.173 ms fps: 30.00 (ts-monotonic, ts-src-eof)
cap dqbuf: 3 seq:   2219 bytesused: 12441600 ts: 251.018892 delta: 33.333 ms delta now: +33.042 ms fps: 30.00 (ts-monotonic, ts-src-eof)
cap dqbuf: 0 seq:   2220 bytesused: 12441600 ts: 251.052219 delta: 33.327 ms delta now: +32.193 ms fps: 30.00 (ts-monotonic, ts-src-eof)
cap dqbuf: 1 seq:   2221 bytesused: 12441600 ts: 251.085541 delta: 33.322 ms delta now: +33.287 ms fps: 30.00 (ts-monotonic, ts-src-eof)
cap dqbuf: 2 seq:   2222 bytesused: 12441600 ts: 251.118891 delta: 33.350 ms delta now: +33.252 ms fps: 30.00 (ts-monotonic, ts-src-eof)
cap dqbuf: 3 seq:   2223 bytesused: 12441600 ts: 251.152226 delta: 33.335 ms delta now: +32.210 ms fps: 30.00 (ts-monotonic, ts-src-eof)
cap dqbuf: 0 seq:   2224 bytesused: 12441600 ts: 251.185556 delta: 33.330 ms delta now: +33.066 ms fps: 30.00 (ts-monotonic, ts-src-eof)
cap dqbuf: 1 seq:   2225 bytesused: 12441600 ts: 251.218886 delta: 33.330 ms delta now: +32.695 ms fps: 30.00 (ts-monotonic, ts-src-eof)
cap dqbuf: 2 seq:   2226 bytesused: 12441600 ts: 251.252207 delta: 33.321 ms delta now: +33.085 ms fps: 30.00 (ts-monotonic, ts-src-eof)
cap dqbuf: 3 seq:   2227 bytesused: 12441600 ts: 251.285552 delta: 33.345 ms delta now: +33.216 ms fps: 30.00 (ts-monotonic, ts-src-eof)
cap dqbuf: 0 seq:   2228 bytesused: 12441600 ts: 251.318891 delta: 33.339 ms delta now: +32.197 ms fps: 30.00 (ts-monotonic, ts-src-eof)
cap dqbuf: 1 seq:   2229 bytesused: 12441600 ts: 251.352207 delta: 33.316 ms delta now: +33.300 ms fps: 30.00 (ts-monotonic, ts-src-eof)
cap dqbuf: 2 seq:   2230 bytesused: 12441600 ts: 251.385572 delta: 33.365 ms delta now: +32.173 ms fps: 30.00 (ts-monotonic, ts-src-eof)
cap dqbuf: 3 seq:   2231 bytesused: 12441600 ts: 251.418885 delta: 33.313 ms delta now: +33.058 ms fps: 30.00 (ts-monotonic, ts-src-eof)
cap dqbuf: 0 seq:   2232 bytesused: 12441600 ts: 251.452220 delta: 33.335 ms delta now: +33.069 ms fps: 30.00 (ts-monotonic, ts-src-eof)
cap dqbuf: 1 seq:   2233 bytesused: 12441600 ts: 251.485553 delta: 33.333 ms delta now: +33.308 ms fps: 30.00 (ts-monotonic, ts-src-eof)
cap dqbuf: 2 seq:   2234 bytesused: 12441600 ts: 251.518893 delta: 33.340 ms delta now: +32.187 ms fps: 30.00 (ts-monotonic, ts-src-eof)
cap dqbuf: 3 seq:   2235 bytesused: 12441600 ts: 251.552207 delta: 33.314 ms delta now: +32.205 ms fps: 30.00 (ts-monotonic, ts-src-eof)
cap dqbuf: 0 seq:   2236 bytesused: 12441600 ts: 251.585552 delta: 33.345 ms delta now: +32.202 ms fps: 30.00 (ts-monotonic, ts-src-eof)
cap dqbuf: 1 seq:   2237 bytesused: 12441600 ts: 251.618874 delta: 33.322 ms delta now: +32.204 ms fps: 30.00 (ts-monotonic, ts-src-eof)
cap dqbuf: 2 seq:   2238 bytesused: 12441600 ts: 251.652208 delta: 33.334 ms delta now: +33.185 ms fps: 30.00 (ts-monotonic, ts-src-eof)
cap dqbuf: 3 seq:   2239 bytesused: 12441600 ts: 251.685561 delta: 33.353 ms delta now: +32.185 ms fps: 30.00 (ts-monotonic, ts-src-eof)
cap dqbuf: 0 seq:   2240 bytesused: 12441600 ts: 251.718885 delta: 33.324 ms delta now: +33.078 ms fps: 30.00 (ts-monotonic, ts-src-eof)
cap dqbuf: 1 seq:   2241 bytesused: 12441600 ts: 251.752208 delta: 33.323 ms delta now: +33.211 ms fps: 30.00 (ts-monotonic, ts-src-eof)
cap dqbuf: 2 seq:   2242 bytesused: 12441600 ts: 251.785559 delta: 33.351 ms delta now: +33.044 ms fps: 30.00 (ts-monotonic, ts-src-eof)
cap dqbuf: 3 seq:   2243 bytesused: 12441600 ts: 251.818874 delta: 33.315 ms delta now: +33.365 ms fps: 30.00 (ts-monotonic, ts-src-eof)
cap dqbuf: 0 seq:   2244 bytesused: 12441600 ts: 251.852225 delta: 33.351 ms delta now: +32.190 ms fps: 30.00 (ts-monotonic, ts-src-eof)
cap dqbuf: 1 seq:   2245 bytesused: 12441600 ts: 251.885541 delta: 33.316 ms delta now: +32.205 ms fps: 30.00 (ts-monotonic, ts-src-eof)
cap dqbuf: 2 seq:   2246 bytesused: 12441600 ts: 251.918874 delta: 33.333 ms delta now: +33.345 ms fps: 30.00 (ts-monotonic, ts-src-eof)
cap dqbuf: 3 seq:   2247 bytesused: 12441600 ts: 251.952238 delta: 33.364 ms delta now: +33.182 ms fps: 30.00 (ts-monotonic, ts-src-eof)
cap dqbuf: 0 seq:   2248 bytesused: 12441600 ts: 251.985572 delta: 33.334 ms delta now: +32.173 ms fps: 30.00 (ts-monotonic, ts-src-eof)
cap dqbuf: 1 seq:   2249 bytesused: 12441600 ts: 252.018886 delta: 33.314 ms delta now: +33.347 ms fps: 30.00 (ts-monotonic, ts-src-eof)
cap dqbuf: 2 seq:   2250 bytesused: 12441600 ts: 252.052241 delta: 33.355 ms delta now: +33.191 ms fps: 30.00 (ts-monotonic, ts-src-eof)
cap dqbuf: 3 seq:   2251 bytesused: 12441600 ts: 252.085572 delta: 33.331 ms delta now: +33.047 ms fps: 30.00 (ts-monotonic, ts-src-eof)
cap dqbuf: 0 seq:   2252 bytesused: 12441600 ts: 252.118874 delta: 33.302 ms delta now: +40.489 ms fps: 30.00 (ts-monotonic, ts-src-eof)
cap dqbuf: 1 seq:   2253 bytesused: 12441600 ts: 252.152238 delta: 33.364 ms delta now: +32.632 ms fps: 30.00 (ts-monotonic, ts-src-eof)
cap dqbuf: 2 seq:   2254 bytesused: 12441600 ts: 252.185541 delta: 33.303 ms delta now: +33.294 ms fps: 30.00 (ts-monotonic, ts-src-eof)
cap dqbuf: 3 seq:   2255 bytesused: 12441600 ts: 252.218906 delta: 33.365 ms delta now: +33.160 ms fps: 30.00 (ts-monotonic, ts-src-eof)
cap dqbuf: 0 seq:   2256 bytesused: 12441600 ts: 252.252238 delta: 33.332 ms delta now: +33.290 ms fps: 30.00 (ts-monotonic, ts-src-eof)
cap dqbuf: 1 seq:   2257 bytesused: 12441600 ts: 252.285559 delta: 33.321 ms delta now: +33.232 ms fps: 30.00 (ts-monotonic, ts-src-eof)
cap dqbuf: 2 seq:   2258 bytesused: 12441600 ts: 252.318906 delta: 33.347 ms delta now: +33.043 ms fps: 30.00 (ts-monotonic, ts-src-eof)
cap dqbuf: 3 seq:   2259 bytesused: 12441600 ts: 252.352219 delta: 33.313 ms delta now: +33.084 ms fps: 30.00 (ts-monotonic, ts-src-eof)
cap dqbuf: 0 seq:   2260 bytesused: 12441600 ts: 252.385541 delta: 33.322 ms delta now: +33.398 ms fps: 30.00 (ts-monotonic, ts-src-eof)
cap dqbuf: 1 seq:   2261 bytesused: 12441600 ts: 252.418908 delta: 33.367 ms delta now: +33.056 ms fps: 30.00 (ts-monotonic, ts-src-eof)
cap dqbuf: 2 seq:   2262 bytesused: 12441600 ts: 252.452219 delta: 33.311 ms delta now: +33.079 ms fps: 30.00 (ts-monotonic, ts-src-eof)
cap dqbuf: 3 seq:   2263 bytesused: 12441600 ts: 252.485553 delta: 33.334 ms delta now: +33.059 ms fps: 30.00 (ts-monotonic, ts-src-eof)
cap dqbuf: 0 seq:   2264 bytesused: 12441600 ts: 252.518875 delta: 33.322 ms delta now: +33.231 ms fps: 30.00 (ts-monotonic, ts-src-eof)
cap dqbuf: 1 seq:   2265 bytesused: 12441600 ts: 252.552239 delta: 33.364 ms delta now: +33.282 ms fps: 30.00 (ts-monotonic, ts-src-eof)
cap dqbuf: 2 seq:   2266 bytesused: 12441600 ts: 252.585559 delta: 33.320 ms delta now: +33.177 ms fps: 30.00 (ts-monotonic, ts-src-eof)
cap dqbuf: 3 seq:   2267 bytesused: 12441600 ts: 252.618906 delta: 33.347 ms delta now: +32.176 ms fps: 30.00 (ts-monotonic, ts-src-eof)
cap dqbuf: 0 seq:   2268 bytesused: 12441600 ts: 252.652219 delta: 33.313 ms delta now: +33.083 ms fps: 30.00 (ts-monotonic, ts-src-eof)
cap dqbuf: 1 seq:   2269 bytesused: 12441600 ts: 252.685552 delta: 33.333 ms delta now: +32.193 ms fps: 30.00 (ts-monotonic, ts-src-eof)
cap dqbuf: 2 seq:   2270 bytesused: 12441600 ts: 252.718874 delta: 33.322 ms delta now: +32.222 ms fps: 30.00 (ts-monotonic, ts-src-eof)
cap dqbuf: 3 seq:   2271 bytesused: 12441600 ts: 252.752219 delta: 33.345 ms delta now: +33.183 ms fps: 30.00 (ts-monotonic, ts-src-eof)
cap dqbuf: 0 seq:   2272 bytesused: 12441600 ts: 252.785574 delta: 33.355 ms delta now: +33.188 ms fps: 30.00 (ts-monotonic, ts-src-eof)
cap dqbuf: 1 seq:   2273 bytesused: 12441600 ts: 252.818891 delta: 33.317 ms delta now: +33.277 ms fps: 30.00 (ts-monotonic, ts-src-eof)
cap dqbuf: 2 seq:   2274 bytesused: 12441600 ts: 252.852226 delta: 33.335 ms delta now: +33.194 ms fps: 30.00 (ts-monotonic, ts-src-eof)
cap dqbuf: 3 seq:   2275 bytesused: 12441600 ts: 252.885559 delta: 33.333 ms delta now: +33.296 ms fps: 30.00 (ts-monotonic, ts-src-eof)
cap dqbuf: 0 seq:   2276 bytesused: 12441600 ts: 252.918905 delta: 33.346 ms delta now: +33.166 ms fps: 30.00 (ts-monotonic, ts-src-eof)
cap dqbuf: 1 seq:   2277 bytesused: 12441600 ts: 252.952242 delta: 33.337 ms delta now: +33.257 ms fps: 30.00 (ts-monotonic, ts-src-eof)
cap dqbuf: 2 seq:   2278 bytesused: 12441600 ts: 252.985576 delta: 33.334 ms delta now: +32.176 ms fps: 30.00 (ts-monotonic, ts-src-eof)
cap dqbuf: 3 seq:   2279 bytesused: 12441600 ts: 253.018876 delta: 33.300 ms delta now: +33.086 ms fps: 30.00 (ts-monotonic, ts-src-eof)
cap dqbuf: 0 seq:   2280 bytesused: 12441600 ts: 253.052208 delta: 33.332 ms delta now: +33.309 ms fps: 30.00 (ts-monotonic, ts-src-eof)
cap dqbuf: 1 seq:   2281 bytesused: 12441600 ts: 253.085558 delta: 33.350 ms delta now: +32.188 ms fps: 30.00 (ts-monotonic, ts-src-eof)
cap dqbuf: 2 seq:   2282 bytesused: 12441600 ts: 253.118874 delta: 33.316 ms delta now: +32.762 ms fps: 30.00 (ts-monotonic, ts-src-eof)
cap dqbuf: 3 seq:   2283 bytesused: 12441600 ts: 253.152220 delta: 33.346 ms delta now: +33.186 ms fps: 30.00 (ts-monotonic, ts-src-eof)
cap dqbuf: 0 seq:   2284 bytesused: 12441600 ts: 253.185573 delta: 33.353 ms delta now: +33.325 ms fps: 30.00 (ts-monotonic, ts-src-eof)
cap dqbuf: 1 seq:   2285 bytesused: 12441600 ts: 253.218898 delta: 33.325 ms delta now: +33.072 ms fps: 30.00 (ts-monotonic, ts-src-eof)
cap dqbuf: 2 seq:   2286 bytesused: 12441600 ts: 253.252219 delta: 33.321 ms delta now: +33.170 ms fps: 30.00 (ts-monotonic, ts-src-eof)
cap dqbuf: 3 seq:   2287 bytesused: 12441600 ts: 253.285572 delta: 33.353 ms delta now: +32.192 ms fps: 30.00 (ts-monotonic, ts-src-eof)
cap dqbuf: 0 seq:   2288 bytesused: 12441600 ts: 253.318875 delta: 33.303 ms delta now: +33.304 ms fps: 30.00 (ts-monotonic, ts-src-eof)
cap dqbuf: 1 seq:   2289 bytesused: 12441600 ts: 253.352226 delta: 33.351 ms delta now: +33.064 ms fps: 30.00 (ts-monotonic, ts-src-eof)
cap dqbuf: 2 seq:   2290 bytesused: 12441600 ts: 253.385553 delta: 33.327 ms delta now: +33.282 ms fps: 30.00 (ts-monotonic, ts-src-eof)
cap dqbuf: 3 seq:   2291 bytesused: 12441600 ts: 253.418905 delta: 33.352 ms delta now: +33.239 ms fps: 30.00 (ts-monotonic, ts-src-eof)
cap dqbuf: 0 seq:   2292 bytesused: 12441600 ts: 253.452225 delta: 33.320 ms delta now: +33.174 ms fps: 30.00 (ts-monotonic, ts-src-eof)
cap dqbuf: 1 seq:   2293 bytesused: 12441600 ts: 253.485572 delta: 33.347 ms delta now: +32.174 ms fps: 30.00 (ts-monotonic, ts-src-eof)
cap dqbuf: 2 seq:   2294 bytesused: 12441600 ts: 253.518887 delta: 33.315 ms delta now: +32.191 ms fps: 30.00 (ts-monotonic, ts-src-eof)
cap dqbuf: 3 seq:   2295 bytesused: 12441600 ts: 253.552208 delta: 33.321 ms delta now: +33.344 ms fps: 30.00 (ts-monotonic, ts-src-eof)
cap dqbuf: 0 seq:   2296 bytesused: 12441600 ts: 253.585564 delta: 33.356 ms delta now: +33.278 ms fps: 30.00 (ts-monotonic, ts-src-eof)
cap dqbuf: 1 seq:   2297 bytesused: 12441600 ts: 253.618892 delta: 33.328 ms delta now: +32.187 ms fps: 30.00 (ts-monotonic, ts-src-eof)
cap dqbuf: 2 seq:   2298 bytesused: 12441600 ts: 253.652207 delta: 33.315 ms delta now: +32.215 ms fps: 30.00 (ts-monotonic, ts-src-eof)
cap dqbuf: 3 seq:   2299 bytesused: 12441600 ts: 253.685541 delta: 33.334 ms delta now: +33.205 ms fps: 30.00 (ts-monotonic, ts-src-eof)
cap dqbuf: 0 seq:   2300 bytesused: 12441600 ts: 253.718892 delta: 33.351 ms delta now: +32.189 ms fps: 30.00 (ts-monotonic, ts-src-eof)
cap dqbuf: 1 seq:   2301 bytesused: 12441600 ts: 253.752219 delta: 33.327 ms delta now: +32.196 ms fps: 30.00 (ts-monotonic, ts-src-eof)
cap dqbuf: 2 seq:   2302 bytesused: 12441600 ts: 253.785552 delta: 33.333 ms delta now: +33.239 ms fps: 30.00 (ts-monotonic, ts-src-eof)
cap dqbuf: 3 seq:   2303 bytesused: 12441600 ts: 253.818905 delta: 33.353 ms delta now: +33.178 ms fps: 30.00 (ts-monotonic, ts-src-eof)
cap dqbuf: 0 seq:   2304 bytesused: 12441600 ts: 253.852225 delta: 33.320 ms delta now: +32.188 ms fps: 30.00 (ts-monotonic, ts-src-eof)
cap dqbuf: 1 seq:   2305 bytesused: 12441600 ts: 253.885553 delta: 33.328 ms delta now: +33.215 ms fps: 30.00 (ts-monotonic, ts-src-eof)
cap dqbuf: 2 seq:   2306 bytesused: 12441600 ts: 253.918892 delta: 33.339 ms delta now: +33.342 ms fps: 30.00 (ts-monotonic, ts-src-eof)
cap dqbuf: 3 seq:   2307 bytesused: 12441600 ts: 253.952226 delta: 33.334 ms delta now: +33.178 ms fps: 30.00 (ts-monotonic, ts-src-eof)
cap dqbuf: 0 seq:   2308 bytesused: 12441600 ts: 253.985572 delta: 33.346 ms delta now: +33.037 ms fps: 30.00 (ts-monotonic, ts-src-eof)
cap dqbuf: 1 seq:   2309 bytesused: 12441600 ts: 254.018886 delta: 33.314 ms delta now: +33.058 ms fps: 30.00 (ts-monotonic, ts-src-eof)
cap dqbuf: 2 seq:   2310 bytesused: 12441600 ts: 254.052208 delta: 33.322 ms delta now: +33.077 ms fps: 30.00 (ts-monotonic, ts-src-eof)
cap dqbuf: 3 seq:   2311 bytesused: 12441600 ts: 254.085541 delta: 33.333 ms delta now: +33.098 ms fps: 30.00 (ts-monotonic, ts-src-eof)
cap dqbuf: 0 seq:   2312 bytesused: 12441600 ts: 254.118874 delta: 33.333 ms delta now: +32.248 ms fps: 30.00 (ts-monotonic, ts-src-eof)
cap dqbuf: 1 seq:   2313 bytesused: 12441600 ts: 254.152219 delta: 33.345 ms delta now: +33.239 ms fps: 30.00 (ts-monotonic, ts-src-eof)
cap dqbuf: 2 seq:   2314 bytesused: 12441600 ts: 254.185582 delta: 33.363 ms delta now: +33.261 ms fps: 30.00 (ts-monotonic, ts-src-eof)
cap dqbuf: 3 seq:   2315 bytesused: 12441600 ts: 254.218892 delta: 33.310 ms delta now: +33.184 ms fps: 30.00 (ts-monotonic, ts-src-eof)
cap dqbuf: 0 seq:   2316 bytesused: 12441600 ts: 254.252226 delta: 33.334 ms delta now: +33.212 ms fps: 30.00 (ts-monotonic, ts-src-eof)
cap dqbuf: 1 seq:   2317 bytesused: 12441600 ts: 254.285573 delta: 33.347 ms delta now: +33.153 ms fps: 30.00 (ts-monotonic, ts-src-eof)
cap dqbuf: 2 seq:   2318 bytesused: 12441600 ts: 254.318892 delta: 33.319 ms delta now: +33.197 ms fps: 30.00 (ts-monotonic, ts-src-eof)
cap dqbuf: 3 seq:   2319 bytesused: 12441600 ts: 254.352226 delta: 33.334 ms delta now: +33.178 ms fps: 30.00 (ts-monotonic, ts-src-eof)
cap dqbuf: 0 seq:   2320 bytesused: 12441600 ts: 254.385558 delta: 33.332 ms delta now: +33.061 ms fps: 30.00 (ts-monotonic, ts-src-eof)
cap dqbuf: 1 seq:   2321 bytesused: 12441600 ts: 254.418874 delta: 33.316 ms delta now: +33.286 ms fps: 30.00 (ts-monotonic, ts-src-eof)
cap dqbuf: 2 seq:   2322 bytesused: 12441600 ts: 254.452241 delta: 33.367 ms delta now: +32.178 ms fps: 30.00 (ts-monotonic, ts-src-eof)
cap dqbuf: 3 seq:   2323 bytesused: 12441600 ts: 254.485553 delta: 33.312 ms delta now: +33.090 ms fps: 30.00 (ts-monotonic, ts-src-eof)
cap dqbuf: 0 seq:   2324 bytesused: 12441600 ts: 254.518887 delta: 33.334 ms delta now: +33.058 ms fps: 30.00 (ts-monotonic, ts-src-eof)
cap dqbuf: 1 seq:   2325 bytesused: 12441600 ts: 254.552209 delta: 33.322 ms delta now: +33.296 ms fps: 30.00 (ts-monotonic, ts-src-eof)
cap dqbuf: 2 seq:   2326 bytesused: 12441600 ts: 254.585559 delta: 33.350 ms delta now: +32.192 ms fps: 30.00 (ts-monotonic, ts-src-eof)
cap dqbuf: 3 seq:   2327 bytesused: 12441600 ts: 254.618886 delta: 33.327 ms delta now: +33.179 ms fps: 30.00 (ts-monotonic, ts-src-eof)
cap dqbuf: 0 seq:   2328 bytesused: 12441600 ts: 254.652240 delta: 33.354 ms delta now: +33.195 ms fps: 30.00 (ts-monotonic, ts-src-eof)
cap dqbuf: 1 seq:   2329 bytesused: 12441600 ts: 254.685559 delta: 33.319 ms delta now: +33.055 ms fps: 30.00 (ts-monotonic, ts-src-eof)
cap dqbuf: 2 seq:   2330 bytesused: 12441600 ts: 254.718874 delta: 33.315 ms delta now: +32.205 ms fps: 30.00 (ts-monotonic, ts-src-eof)
cap dqbuf: 3 seq:   2331 bytesused: 12441600 ts: 254.752208 delta: 33.334 ms delta now: +33.258 ms fps: 30.00 (ts-monotonic, ts-src-eof)
cap dqbuf: 0 seq:   2332 bytesused: 12441600 ts: 254.785572 delta: 33.364 ms delta now: +33.072 ms fps: 30.00 (ts-monotonic, ts-src-eof)
cap dqbuf: 1 seq:   2333 bytesused: 12441600 ts: 254.818895 delta: 33.323 ms delta now: +33.184 ms fps: 30.00 (ts-monotonic, ts-src-eof)
cap dqbuf: 2 seq:   2334 bytesused: 12441600 ts: 254.852227 delta: 33.332 ms delta now: +32.190 ms fps: 30.00 (ts-monotonic, ts-src-eof)
cap dqbuf: 3 seq:   2335 bytesused: 12441600 ts: 254.885541 delta: 33.314 ms delta now: +33.303 ms fps: 30.00 (ts-monotonic, ts-src-eof)
cap dqbuf: 0 seq:   2336 bytesused: 12441600 ts: 254.918906 delta: 33.365 ms delta now: +33.171 ms fps: 30.00 (ts-monotonic, ts-src-eof)
cap dqbuf: 1 seq:   2337 bytesused: 12441600 ts: 254.952243 delta: 33.337 ms delta now: +33.030 ms fps: 30.00 (ts-monotonic, ts-src-eof)
cap dqbuf: 2 seq:   2338 bytesused: 12441600 ts: 254.985542 delta: 33.299 ms delta now: +33.221 ms fps: 30.00 (ts-monotonic, ts-src-eof)
cap dqbuf: 3 seq:   2339 bytesused: 12441600 ts: 255.018899 delta: 33.357 ms delta now: +33.330 ms fps: 30.00 (ts-monotonic, ts-src-eof)
cap dqbuf: 0 seq:   2340 bytesused: 12441600 ts: 255.052240 delta: 33.341 ms delta now: +32.172 ms fps: 30.00 (ts-monotonic, ts-src-eof)
cap dqbuf: 1 seq:   2341 bytesused: 12441600 ts: 255.085553 delta: 33.313 ms delta now: +32.193 ms fps: 30.00 (ts-monotonic, ts-src-eof)
cap dqbuf: 2 seq:   2342 bytesused: 12441600 ts: 255.118886 delta: 33.333 ms delta now: +33.071 ms fps: 30.00 (ts-monotonic, ts-src-eof)
cap dqbuf: 3 seq:   2343 bytesused: 12441600 ts: 255.152208 delta: 33.322 ms delta now: +33.139 ms fps: 30.00 (ts-monotonic, ts-src-eof)
cap dqbuf: 0 seq:   2344 bytesused: 12441600 ts: 255.185542 delta: 33.334 ms delta now: +33.317 ms fps: 30.00 (ts-monotonic, ts-src-eof)
cap dqbuf: 1 seq:   2345 bytesused: 12441600 ts: 255.218892 delta: 33.350 ms delta now: +32.197 ms fps: 30.00 (ts-monotonic, ts-src-eof)
cap dqbuf: 2 seq:   2346 bytesused: 12441600 ts: 255.252208 delta: 33.316 ms delta now: +33.212 ms fps: 30.00 (ts-monotonic, ts-src-eof)
cap dqbuf: 3 seq:   2347 bytesused: 12441600 ts: 255.285573 delta: 33.365 ms delta now: +33.213 ms fps: 30.00 (ts-monotonic, ts-src-eof)
cap dqbuf: 0 seq:   2348 bytesused: 12441600 ts: 255.318910 delta: 33.337 ms delta now: +33.275 ms fps: 30.00 (ts-monotonic, ts-src-eof)
cap dqbuf: 1 seq:   2349 bytesused: 12441600 ts: 255.352226 delta: 33.316 ms delta now: +33.356 ms fps: 30.00 (ts-monotonic, ts-src-eof)
cap dqbuf: 2 seq:   2350 bytesused: 12441600 ts: 255.385576 delta: 33.350 ms delta now: +33.170 ms fps: 30.00 (ts-monotonic, ts-src-eof)
cap dqbuf: 3 seq:   2351 bytesused: 12441600 ts: 255.418906 delta: 33.330 ms delta now: +33.184 ms fps: 30.00 (ts-monotonic, ts-src-eof)
cap dqbuf: 0 seq:   2352 bytesused: 12441600 ts: 255.452226 delta: 33.320 ms delta now: +32.188 ms fps: 30.00 (ts-monotonic, ts-src-eof)
cap dqbuf: 1 seq:   2353 bytesused: 12441600 ts: 255.485553 delta: 33.327 ms delta now: +32.192 ms fps: 30.00 (ts-monotonic, ts-src-eof)
cap dqbuf: 2 seq:   2354 bytesused: 12441600 ts: 255.518874 delta: 33.321 ms delta now: +32.211 ms fps: 30.00 (ts-monotonic, ts-src-eof)
cap dqbuf: 3 seq:   2355 bytesused: 12441600 ts: 255.552208 delta: 33.334 ms delta now: +32.208 ms fps: 30.00 (ts-monotonic, ts-src-eof)
cap dqbuf: 0 seq:   2356 bytesused: 12441600 ts: 255.585554 delta: 33.346 ms delta now: +32.194 ms fps: 30.00 (ts-monotonic, ts-src-eof)
cap dqbuf: 1 seq:   2357 bytesused: 12441600 ts: 255.618887 delta: 33.333 ms delta now: +33.400 ms fps: 30.00 (ts-monotonic, ts-src-eof)
cap dqbuf: 2 seq:   2358 bytesused: 12441600 ts: 255.652239 delta: 33.352 ms delta now: +32.375 ms fps: 30.00 (ts-monotonic, ts-src-eof)
cap dqbuf: 3 seq:   2359 bytesused: 12441600 ts: 255.685553 delta: 33.314 ms delta now: +33.365 ms fps: 30.00 (ts-monotonic, ts-src-eof)
cap dqbuf: 0 seq:   2360 bytesused: 12441600 ts: 255.718893 delta: 33.340 ms delta now: +32.292 ms fps: 30.00 (ts-monotonic, ts-src-eof)
cap dqbuf: 1 seq:   2361 bytesused: 12441600 ts: 255.752208 delta: 33.315 ms delta now: +32.204 ms fps: 30.00 (ts-monotonic, ts-src-eof)
cap dqbuf: 2 seq:   2362 bytesused: 12441600 ts: 255.785541 delta: 33.333 ms delta now: +33.088 ms fps: 30.00 (ts-monotonic, ts-src-eof)
cap dqbuf: 3 seq:   2363 bytesused: 12441600 ts: 255.818886 delta: 33.345 ms delta now: +33.232 ms fps: 30.00 (ts-monotonic, ts-src-eof)
cap dqbuf: 0 seq:   2364 bytesused: 12441600 ts: 255.852226 delta: 33.340 ms delta now: +33.050 ms fps: 30.00 (ts-monotonic, ts-src-eof)
cap dqbuf: 1 seq:   2365 bytesused: 12441600 ts: 255.885541 delta: 33.315 ms delta now: +33.212 ms fps: 30.00 (ts-monotonic, ts-src-eof)
cap dqbuf: 2 seq:   2366 bytesused: 12441600 ts: 255.918892 delta: 33.351 ms delta now: +33.305 ms fps: 30.00 (ts-monotonic, ts-src-eof)
cap dqbuf: 3 seq:   2367 bytesused: 12441600 ts: 255.952225 delta: 33.333 ms delta now: +33.295 ms fps: 30.00 (ts-monotonic, ts-src-eof)
cap dqbuf: 0 seq:   2368 bytesused: 12441600 ts: 255.985572 delta: 33.347 ms delta now: +33.271 ms fps: 30.00 (ts-monotonic, ts-src-eof)
cap dqbuf: 1 seq:   2369 bytesused: 12441600 ts: 256.018893 delta: 33.321 ms delta now: +32.187 ms fps: 30.00 (ts-monotonic, ts-src-eof)
cap dqbuf: 2 seq:   2370 bytesused: 12441600 ts: 256.052208 delta: 33.315 ms delta now: +33.196 ms fps: 30.00 (ts-monotonic, ts-src-eof)
cap dqbuf: 3 seq:   2371 bytesused: 12441600 ts: 256.085572 delta: 33.364 ms delta now: +33.278 ms fps: 30.00 (ts-monotonic, ts-src-eof)
cap dqbuf: 0 seq:   2372 bytesused: 12441600 ts: 256.118906 delta: 33.334 ms delta now: +32.193 ms fps: 30.00 (ts-monotonic, ts-src-eof)
cap dqbuf: 1 seq:   2373 bytesused: 12441600 ts: 256.152219 delta: 33.313 ms delta now: +33.379 ms fps: 30.00 (ts-monotonic, ts-src-eof)
cap dqbuf: 2 seq:   2374 bytesused: 12441600 ts: 256.185572 delta: 33.353 ms delta now: +32.836 ms fps: 30.00 (ts-monotonic, ts-src-eof)
cap dqbuf: 3 seq:   2375 bytesused: 12441600 ts: 256.218875 delta: 33.303 ms delta now: +33.168 ms fps: 30.00 (ts-monotonic, ts-src-eof)
cap dqbuf: 0 seq:   2376 bytesused: 12441600 ts: 256.252226 delta: 33.351 ms delta now: +32.755 ms fps: 30.00 (ts-monotonic, ts-src-eof)
cap dqbuf: 1 seq:   2377 bytesused: 12441600 ts: 256.285542 delta: 33.316 ms delta now: +32.209 ms fps: 30.00 (ts-monotonic, ts-src-eof)
cap dqbuf: 2 seq:   2378 bytesused: 12441600 ts: 256.318874 delta: 33.332 ms delta now: +33.077 ms fps: 30.00 (ts-monotonic, ts-src-eof)
cap dqbuf: 3 seq:   2379 bytesused: 12441600 ts: 256.352220 delta: 33.346 ms delta now: +33.186 ms fps: 30.00 (ts-monotonic, ts-src-eof)
cap dqbuf: 0 seq:   2380 bytesused: 12441600 ts: 256.385572 delta: 33.352 ms delta now: +32.175 ms fps: 30.00 (ts-monotonic, ts-src-eof)
cap dqbuf: 1 seq:   2381 bytesused: 12441600 ts: 256.418874 delta: 33.302 ms delta now: +33.088 ms fps: 30.00 (ts-monotonic, ts-src-eof)
cap dqbuf: 2 seq:   2382 bytesused: 12441600 ts: 256.452208 delta: 33.334 ms delta now: +32.205 ms fps: 30.00 (ts-monotonic, ts-src-eof)
cap dqbuf: 3 seq:   2383 bytesused: 12441600 ts: 256.485541 delta: 33.333 ms delta now: +33.064 ms fps: 30.00 (ts-monotonic, ts-src-eof)
cap dqbuf: 0 seq:   2384 bytesused: 12441600 ts: 256.518887 delta: 33.346 ms delta now: +33.049 ms fps: 30.00 (ts-monotonic, ts-src-eof)
cap dqbuf: 1 seq:   2385 bytesused: 12441600 ts: 256.552219 delta: 33.332 ms delta now: +33.181 ms fps: 30.00 (ts-monotonic, ts-src-eof)
cap dqbuf: 2 seq:   2386 bytesused: 12441600 ts: 256.585572 delta: 33.353 ms delta now: +32.175 ms fps: 30.00 (ts-monotonic, ts-src-eof)
cap dqbuf: 3 seq:   2387 bytesused: 12441600 ts: 256.618887 delta: 33.315 ms delta now: +33.260 ms fps: 30.00 (ts-monotonic, ts-src-eof)
cap dqbuf: 0 seq:   2388 bytesused: 12441600 ts: 256.652226 delta: 33.339 ms delta now: +32.922 ms fps: 30.00 (ts-monotonic, ts-src-eof)
cap dqbuf: 1 seq:   2389 bytesused: 12441600 ts: 256.685541 delta: 33.315 ms delta now: +32.256 ms fps: 30.00 (ts-monotonic, ts-src-eof)
cap dqbuf: 2 seq:   2390 bytesused: 12441600 ts: 256.718886 delta: 33.345 ms delta now: +32.193 ms fps: 30.00 (ts-monotonic, ts-src-eof)
cap dqbuf: 3 seq:   2391 bytesused: 12441600 ts: 256.752219 delta: 33.333 ms delta now: +33.295 ms fps: 30.00 (ts-monotonic, ts-src-eof)
cap dqbuf: 0 seq:   2392 bytesused: 12441600 ts: 256.785559 delta: 33.340 ms delta now: +33.206 ms fps: 30.00 (ts-monotonic, ts-src-eof)
cap dqbuf: 1 seq:   2393 bytesused: 12441600 ts: 256.818892 delta: 33.333 ms delta now: +32.188 ms fps: 30.00 (ts-monotonic, ts-src-eof)
cap dqbuf: 2 seq:   2394 bytesused: 12441600 ts: 256.852220 delta: 33.328 ms delta now: +32.193 ms fps: 30.00 (ts-monotonic, ts-src-eof)
cap dqbuf: 3 seq:   2395 bytesused: 12441600 ts: 256.885541 delta: 33.321 ms delta now: +33.071 ms fps: 30.00 (ts-monotonic, ts-src-eof)
cap dqbuf: 0 seq:   2396 bytesused: 12441600 ts: 256.918875 delta: 33.334 ms delta now: +33.088 ms fps: 30.00 (ts-monotonic, ts-src-eof)
cap dqbuf: 1 seq:   2397 bytesused: 12441600 ts: 256.952219 delta: 33.344 ms delta now: +33.277 ms fps: 30.00 (ts-monotonic, ts-src-eof)
cap dqbuf: 2 seq:   2398 bytesused: 12441600 ts: 256.985563 delta: 33.344 ms delta now: +32.184 ms fps: 30.00 (ts-monotonic, ts-src-eof)
cap dqbuf: 3 seq:   2399 bytesused: 12441600 ts: 257.018886 delta: 33.323 ms delta now: +33.057 ms fps: 30.00 (ts-monotonic, ts-src-eof)
cap dqbuf: 0 seq:   2400 bytesused: 12441600 ts: 257.052220 delta: 33.334 ms delta now: +33.325 ms fps: 30.00 (ts-monotonic, ts-src-eof)
cap dqbuf: 1 seq:   2401 bytesused: 12441600 ts: 257.085577 delta: 33.357 ms delta now: +32.178 ms fps: 30.00 (ts-monotonic, ts-src-eof)
cap dqbuf: 2 seq:   2402 bytesused: 12441600 ts: 257.118886 delta: 33.309 ms delta now: +33.278 ms fps: 30.00 (ts-monotonic, ts-src-eof)
cap dqbuf: 3 seq:   2403 bytesused: 12441600 ts: 257.152226 delta: 33.340 ms delta now: +33.354 ms fps: 30.00 (ts-monotonic, ts-src-eof)
cap dqbuf: 0 seq:   2404 bytesused: 12441600 ts: 257.185560 delta: 33.334 ms delta now: +33.156 ms fps: 30.00 (ts-monotonic, ts-src-eof)
cap dqbuf: 1 seq:   2405 bytesused: 12441600 ts: 257.218906 delta: 33.346 ms delta now: +33.245 ms fps: 30.00 (ts-monotonic, ts-src-eof)
cap dqbuf: 2 seq:   2406 bytesused: 12441600 ts: 257.252228 delta: 33.322 ms delta now: +33.278 ms fps: 30.00 (ts-monotonic, ts-src-eof)
cap dqbuf: 3 seq:   2407 bytesused: 12441600 ts: 257.285558 delta: 33.330 ms delta now: +33.346 ms fps: 30.00 (ts-monotonic, ts-src-eof)
cap dqbuf: 0 seq:   2408 bytesused: 12441600 ts: 257.318906 delta: 33.348 ms delta now: +33.056 ms fps: 30.00 (ts-monotonic, ts-src-eof)
cap dqbuf: 1 seq:   2409 bytesused: 12441600 ts: 257.352219 delta: 33.313 ms delta now: +33.177 ms fps: 30.00 (ts-monotonic, ts-src-eof)
cap dqbuf: 2 seq:   2410 bytesused: 12441600 ts: 257.385558 delta: 33.339 ms delta now: +33.059 ms fps: 30.00 (ts-monotonic, ts-src-eof)
cap dqbuf: 3 seq:   2411 bytesused: 12441600 ts: 257.418875 delta: 33.317 ms delta now: +33.219 ms fps: 30.00 (ts-monotonic, ts-src-eof)
cap dqbuf: 0 seq:   2412 bytesused: 12441600 ts: 257.452226 delta: 33.351 ms delta now: +32.186 ms fps: 30.00 (ts-monotonic, ts-src-eof)
cap dqbuf: 1 seq:   2413 bytesused: 12441600 ts: 257.485541 delta: 33.315 ms delta now: +33.300 ms fps: 30.00 (ts-monotonic, ts-src-eof)
cap dqbuf: 2 seq:   2414 bytesused: 12441600 ts: 257.518906 delta: 33.365 ms delta now: +32.178 ms fps: 30.00 (ts-monotonic, ts-src-eof)
cap dqbuf: 3 seq:   2415 bytesused: 12441600 ts: 257.552210 delta: 33.304 ms delta now: +33.201 ms fps: 30.00 (ts-monotonic, ts-src-eof)
cap dqbuf: 0 seq:   2416 bytesused: 12441600 ts: 257.585559 delta: 33.349 ms delta now: +32.187 ms fps: 30.00 (ts-monotonic, ts-src-eof)
cap dqbuf: 1 seq:   2417 bytesused: 12441600 ts: 257.618875 delta: 33.316 ms delta now: +33.085 ms fps: 30.00 (ts-monotonic, ts-src-eof)
cap dqbuf: 2 seq:   2418 bytesused: 12441600 ts: 257.652221 delta: 33.346 ms delta now: +33.195 ms fps: 30.00 (ts-monotonic, ts-src-eof)
cap dqbuf: 3 seq:   2419 bytesused: 12441600 ts: 257.685574 delta: 33.353 ms delta now: +32.181 ms fps: 30.00 (ts-monotonic, ts-src-eof)
cap dqbuf: 0 seq:   2420 bytesused: 12441600 ts: 257.718886 delta: 33.312 ms delta now: +33.048 ms fps: 30.00 (ts-monotonic, ts-src-eof)
cap dqbuf: 1 seq:   2421 bytesused: 12441600 ts: 257.752208 delta: 33.322 ms delta now: +33.314 ms fps: 30.00 (ts-monotonic, ts-src-eof)
cap dqbuf: 2 seq:   2422 bytesused: 12441600 ts: 257.785558 delta: 33.350 ms delta now: +33.267 ms fps: 30.00 (ts-monotonic, ts-src-eof)
cap dqbuf: 3 seq:   2423 bytesused: 12441600 ts: 257.818907 delta: 33.349 ms delta now: +32.969 ms fps: 30.00 (ts-monotonic, ts-src-eof)
cap dqbuf: 0 seq:   2424 bytesused: 12441600 ts: 257.852234 delta: 33.327 ms delta now: +33.186 ms fps: 30.00 (ts-monotonic, ts-src-eof)
cap dqbuf: 1 seq:   2425 bytesused: 12441600 ts: 257.885573 delta: 33.339 ms delta now: +32.173 ms fps: 30.00 (ts-monotonic, ts-src-eof)
cap dqbuf: 2 seq:   2426 bytesused: 12441600 ts: 257.918887 delta: 33.314 ms delta now: +32.194 ms fps: 30.00 (ts-monotonic, ts-src-eof)
cap dqbuf: 3 seq:   2427 bytesused: 12441600 ts: 257.952219 delta: 33.332 ms delta now: +33.292 ms fps: 30.00 (ts-monotonic, ts-src-eof)
cap dqbuf: 0 seq:   2428 bytesused: 12441600 ts: 257.985559 delta: 33.340 ms delta now: +32.187 ms fps: 30.00 (ts-monotonic, ts-src-eof)
cap dqbuf: 1 seq:   2429 bytesused: 12441600 ts: 258.018875 delta: 33.316 ms delta now: +33.214 ms fps: 30.00 (ts-monotonic, ts-src-eof)
cap dqbuf: 2 seq:   2430 bytesused: 12441600 ts: 258.052226 delta: 33.351 ms delta now: +33.209 ms fps: 30.00 (ts-monotonic, ts-src-eof)
cap dqbuf: 3 seq:   2431 bytesused: 12441600 ts: 258.085559 delta: 33.333 ms delta now: +33.230 ms fps: 30.00 (ts-monotonic, ts-src-eof)
cap dqbuf: 0 seq:   2432 bytesused: 12441600 ts: 258.118917 delta: 33.358 ms delta now: +32.168 ms fps: 30.00 (ts-monotonic, ts-src-eof)
cap dqbuf: 1 seq:   2433 bytesused: 12441600 ts: 258.152209 delta: 33.292 ms delta now: +33.302 ms fps: 30.00 (ts-monotonic, ts-src-eof)
cap dqbuf: 2 seq:   2434 bytesused: 12441600 ts: 258.185558 delta: 33.349 ms delta now: +32.196 ms fps: 30.00 (ts-monotonic, ts-src-eof)
cap dqbuf: 3 seq:   2435 bytesused: 12441600 ts: 258.218874 delta: 33.316 ms delta now: +32.212 ms fps: 30.00 (ts-monotonic, ts-src-eof)
cap dqbuf: 0 seq:   2436 bytesused: 12441600 ts: 258.252220 delta: 33.346 ms delta now: +32.886 ms fps: 30.00 (ts-monotonic, ts-src-eof)
cap dqbuf: 1 seq:   2437 bytesused: 12441600 ts: 258.285541 delta: 33.321 ms delta now: +33.196 ms fps: 30.00 (ts-monotonic, ts-src-eof)
cap dqbuf: 2 seq:   2438 bytesused: 12441600 ts: 258.318907 delta: 33.366 ms delta now: +33.180 ms fps: 30.00 (ts-monotonic, ts-src-eof)
cap dqbuf: 3 seq:   2439 bytesused: 12441600 ts: 258.352227 delta: 33.320 ms delta now: +33.282 ms fps: 30.00 (ts-monotonic, ts-src-eof)
cap dqbuf: 0 seq:   2440 bytesused: 12441600 ts: 258.385559 delta: 33.332 ms delta now: +33.314 ms fps: 30.00 (ts-monotonic, ts-src-eof)
cap dqbuf: 1 seq:   2441 bytesused: 12441600 ts: 258.418893 delta: 33.334 ms delta now: +33.350 ms fps: 30.00 (ts-monotonic, ts-src-eof)
cap dqbuf: 2 seq:   2442 bytesused: 12441600 ts: 258.452240 delta: 33.347 ms delta now: +32.179 ms fps: 30.00 (ts-monotonic, ts-src-eof)
cap dqbuf: 3 seq:   2443 bytesused: 12441600 ts: 258.485541 delta: 33.301 ms delta now: +32.219 ms fps: 30.00 (ts-monotonic, ts-src-eof)
cap dqbuf: 0 seq:   2444 bytesused: 12441600 ts: 258.518875 delta: 33.334 ms delta now: +32.204 ms fps: 30.00 (ts-monotonic, ts-src-eof)
cap dqbuf: 1 seq:   2445 bytesused: 12441600 ts: 258.552219 delta: 33.344 ms delta now: +32.198 ms fps: 30.00 (ts-monotonic, ts-src-eof)
cap dqbuf: 2 seq:   2446 bytesused: 12441600 ts: 258.585553 delta: 33.334 ms delta now: +33.054 ms fps: 30.00 (ts-monotonic, ts-src-eof)
cap dqbuf: 3 seq:   2447 bytesused: 12441600 ts: 258.618886 delta: 33.333 ms delta now: +33.022 ms fps: 30.00 (ts-monotonic, ts-src-eof)
cap dqbuf: 0 seq:   2448 bytesused: 12441600 ts: 258.652225 delta: 33.339 ms delta now: +33.070 ms fps: 30.00 (ts-monotonic, ts-src-eof)
cap dqbuf: 1 seq:   2449 bytesused: 12441600 ts: 258.685543 delta: 33.318 ms delta now: +33.088 ms fps: 30.00 (ts-monotonic, ts-src-eof)
cap dqbuf: 2 seq:   2450 bytesused: 12441600 ts: 258.718875 delta: 33.332 ms delta now: +33.301 ms fps: 30.00 (ts-monotonic, ts-src-eof)
cap dqbuf: 3 seq:   2451 bytesused: 12441600 ts: 258.752226 delta: 33.351 ms delta now: +33.356 ms fps: 30.00 (ts-monotonic, ts-src-eof)
cap dqbuf: 0 seq:   2452 bytesused: 12441600 ts: 258.785559 delta: 33.333 ms delta now: +33.259 ms fps: 30.00 (ts-monotonic, ts-src-eof)
cap dqbuf: 1 seq:   2453 bytesused: 12441600 ts: 258.818907 delta: 33.348 ms delta now: +32.184 ms fps: 30.00 (ts-monotonic, ts-src-eof)
cap dqbuf: 2 seq:   2454 bytesused: 12441600 ts: 258.852220 delta: 33.313 ms delta now: +33.286 ms fps: 30.00 (ts-monotonic, ts-src-eof)
cap dqbuf: 3 seq:   2455 bytesused: 12441600 ts: 258.885572 delta: 33.352 ms delta now: +33.138 ms fps: 30.00 (ts-monotonic, ts-src-eof)
cap dqbuf: 0 seq:   2456 bytesused: 12441600 ts: 258.918894 delta: 33.322 ms delta now: +32.186 ms fps: 30.00 (ts-monotonic, ts-src-eof)
cap dqbuf: 1 seq:   2457 bytesused: 12441600 ts: 258.952208 delta: 33.314 ms delta now: +33.376 ms fps: 30.00 (ts-monotonic, ts-src-eof)
cap dqbuf: 2 seq:   2458 bytesused: 12441600 ts: 258.985559 delta: 33.351 ms delta now: +33.161 ms fps: 30.00 (ts-monotonic, ts-src-eof)
cap dqbuf: 3 seq:   2459 bytesused: 12441600 ts: 259.018892 delta: 33.333 ms delta now: +33.050 ms fps: 30.00 (ts-monotonic, ts-src-eof)
cap dqbuf: 0 seq:   2460 bytesused: 12441600 ts: 259.052220 delta: 33.328 ms delta now: +33.296 ms fps: 30.00 (ts-monotonic, ts-src-eof)
cap dqbuf: 1 seq:   2461 bytesused: 12441600 ts: 259.085572 delta: 33.352 ms delta now: +33.184 ms fps: 30.00 (ts-monotonic, ts-src-eof)
cap dqbuf: 2 seq:   2462 bytesused: 12441600 ts: 259.118906 delta: 33.334 ms delta now: +33.097 ms fps: 30.00 (ts-monotonic, ts-src-eof)
cap dqbuf: 3 seq:   2463 bytesused: 12441600 ts: 259.152208 delta: 33.302 ms delta now: +33.222 ms fps: 30.00 (ts-monotonic, ts-src-eof)
cap dqbuf: 0 seq:   2464 bytesused: 12441600 ts: 259.185573 delta: 33.365 ms delta now: +33.043 ms fps: 30.00 (ts-monotonic, ts-src-eof)
cap dqbuf: 1 seq:   2465 bytesused: 12441600 ts: 259.218886 delta: 33.313 ms delta now: +33.072 ms fps: 30.00 (ts-monotonic, ts-src-eof)
cap dqbuf: 2 seq:   2466 bytesused: 12441600 ts: 259.252219 delta: 33.333 ms delta now: +33.077 ms fps: 30.00 (ts-monotonic, ts-src-eof)
cap dqbuf: 3 seq:   2467 bytesused: 12441600 ts: 259.285541 delta: 33.322 ms delta now: +33.183 ms fps: 30.00 (ts-monotonic, ts-src-eof)
cap dqbuf: 0 seq:   2468 bytesused: 12441600 ts: 259.318906 delta: 33.365 ms delta now: +32.174 ms fps: 30.00 (ts-monotonic, ts-src-eof)
cap dqbuf: 1 seq:   2469 bytesused: 12441600 ts: 259.352209 delta: 33.303 ms delta now: +33.081 ms fps: 30.00 (ts-monotonic, ts-src-eof)
cap dqbuf: 2 seq:   2470 bytesused: 12441600 ts: 259.385553 delta: 33.344 ms delta now: +33.225 ms fps: 30.00 (ts-monotonic, ts-src-eof)
cap dqbuf: 3 seq:   2471 bytesused: 12441600 ts: 259.418893 delta: 33.340 ms delta now: +32.189 ms fps: 30.00 (ts-monotonic, ts-src-eof)
cap dqbuf: 0 seq:   2472 bytesused: 12441600 ts: 259.452209 delta: 33.316 ms delta now: +33.295 ms fps: 30.00 (ts-monotonic, ts-src-eof)
cap dqbuf: 1 seq:   2473 bytesused: 12441600 ts: 259.485563 delta: 33.354 ms delta now: +32.183 ms fps: 30.00 (ts-monotonic, ts-src-eof)
cap dqbuf: 2 seq:   2474 bytesused: 12441600 ts: 259.518875 delta: 33.312 ms delta now: +32.219 ms fps: 30.00 (ts-monotonic, ts-src-eof)
cap dqbuf: 3 seq:   2475 bytesused: 12441600 ts: 259.552208 delta: 33.333 ms delta now: +33.236 ms fps: 30.00 (ts-monotonic, ts-src-eof)
cap dqbuf: 0 seq:   2476 bytesused: 12441600 ts: 259.585573 delta: 33.365 ms delta now: +32.174 ms fps: 30.00 (ts-monotonic, ts-src-eof)
cap dqbuf: 1 seq:   2477 bytesused: 12441600 ts: 259.618886 delta: 33.313 ms delta now: +32.194 ms fps: 30.00 (ts-monotonic, ts-src-eof)
cap dqbuf: 2 seq:   2478 bytesused: 12441600 ts: 259.652219 delta: 33.333 ms delta now: +33.212 ms fps: 30.00 (ts-monotonic, ts-src-eof)
cap dqbuf: 3 seq:   2479 bytesused: 12441600 ts: 259.685573 delta: 33.354 ms delta now: +33.056 ms fps: 30.00 (ts-monotonic, ts-src-eof)
cap dqbuf: 0 seq:   2480 bytesused: 12441600 ts: 259.718887 delta: 33.314 ms delta now: +33.292 ms fps: 30.00 (ts-monotonic, ts-src-eof)
cap dqbuf: 1 seq:   2481 bytesused: 12441600 ts: 259.752226 delta: 33.339 ms delta now: +33.055 ms fps: 30.00 (ts-monotonic, ts-src-eof)
cap dqbuf: 2 seq:   2482 bytesused: 12441600 ts: 259.785553 delta: 33.327 ms delta now: +32.785 ms fps: 30.00 (ts-monotonic, ts-src-eof)
cap dqbuf: 3 seq:   2483 bytesused: 12441600 ts: 259.818875 delta: 33.322 ms delta now: +33.206 ms fps: 30.00 (ts-monotonic, ts-src-eof)
cap dqbuf: 0 seq:   2484 bytesused: 12441600 ts: 259.852241 delta: 33.366 ms delta now: +33.060 ms fps: 30.00 (ts-monotonic, ts-src-eof)
cap dqbuf: 1 seq:   2485 bytesused: 12441600 ts: 259.885553 delta: 33.312 ms delta now: +32.196 ms fps: 30.00 (ts-monotonic, ts-src-eof)
cap dqbuf: 2 seq:   2486 bytesused: 12441600 ts: 259.918886 delta: 33.333 ms delta now: +32.195 ms fps: 30.00 (ts-monotonic, ts-src-eof)
cap dqbuf: 3 seq:   2487 bytesused: 12441600 ts: 259.952220 delta: 33.334 ms delta now: +33.188 ms fps: 30.00 (ts-monotonic, ts-src-eof)
cap dqbuf: 0 seq:   2488 bytesused: 12441600 ts: 259.985574 delta: 33.354 ms delta now: +33.043 ms fps: 30.00 (ts-monotonic, ts-src-eof)
cap dqbuf: 1 seq:   2489 bytesused: 12441600 ts: 260.018887 delta: 33.313 ms delta now: +32.196 ms fps: 30.00 (ts-monotonic, ts-src-eof)
cap dqbuf: 2 seq:   2490 bytesused: 12441600 ts: 260.052208 delta: 33.321 ms delta now: +33.312 ms fps: 30.00 (ts-monotonic, ts-src-eof)
cap dqbuf: 3 seq:   2491 bytesused: 12441600 ts: 260.085573 delta: 33.365 ms delta now: +32.173 ms fps: 30.00 (ts-monotonic, ts-src-eof)
cap dqbuf: 0 seq:   2492 bytesused: 12441600 ts: 260.118875 delta: 33.302 ms delta now: +33.082 ms fps: 30.00 (ts-monotonic, ts-src-eof)
cap dqbuf: 1 seq:   2493 bytesused: 12441600 ts: 260.152220 delta: 33.345 ms delta now: +33.193 ms fps: 30.00 (ts-monotonic, ts-src-eof)
cap dqbuf: 2 seq:   2494 bytesused: 12441600 ts: 260.185573 delta: 33.353 ms delta now: +33.299 ms fps: 30.00 (ts-monotonic, ts-src-eof)
cap dqbuf: 3 seq:   2495 bytesused: 12441600 ts: 260.218905 delta: 33.332 ms delta now: +32.180 ms fps: 30.00 (ts-monotonic, ts-src-eof)
cap dqbuf: 0 seq:   2496 bytesused: 12441600 ts: 260.252219 delta: 33.314 ms delta now: +33.073 ms fps: 30.00 (ts-monotonic, ts-src-eof)
cap dqbuf: 1 seq:   2497 bytesused: 12441600 ts: 260.285541 delta: 33.322 ms delta now: +32.210 ms fps: 30.00 (ts-monotonic, ts-src-eof)
cap dqbuf: 2 seq:   2498 bytesused: 12441600 ts: 260.318875 delta: 33.334 ms delta now: +33.189 ms fps: 30.00 (ts-monotonic, ts-src-eof)
cap dqbuf: 3 seq:   2499 bytesused: 12441600 ts: 260.352241 delta: 33.366 ms delta now: +32.892 ms fps: 30.00 (ts-monotonic, ts-src-eof)
cap dqbuf: 0 seq:   2500 bytesused: 12441600 ts: 260.385543 delta: 33.302 ms delta now: +33.247 ms fps: 30.00 (ts-monotonic, ts-src-eof)
cap dqbuf: 1 seq:   2501 bytesused: 12441600 ts: 260.418915 delta: 33.372 ms delta now: +32.171 ms fps: 30.00 (ts-monotonic, ts-src-eof)
cap dqbuf: 2 seq:   2502 bytesused: 12441600 ts: 260.452220 delta: 33.305 ms delta now: +33.304 ms fps: 30.00 (ts-monotonic, ts-src-eof)
cap dqbuf: 3 seq:   2503 bytesused: 12441600 ts: 260.485572 delta: 33.352 ms delta now: +32.174 ms fps: 30.00 (ts-monotonic, ts-src-eof)
cap dqbuf: 0 seq:   2504 bytesused: 12441600 ts: 260.518887 delta: 33.315 ms delta now: +32.192 ms fps: 30.00 (ts-monotonic, ts-src-eof)
cap dqbuf: 1 seq:   2505 bytesused: 12441600 ts: 260.552220 delta: 33.333 ms delta now: +33.367 ms fps: 30.00 (ts-monotonic, ts-src-eof)
cap dqbuf: 2 seq:   2506 bytesused: 12441600 ts: 260.585560 delta: 33.340 ms delta now: +32.819 ms fps: 30.00 (ts-monotonic, ts-src-eof)
cap dqbuf: 3 seq:   2507 bytesused: 12441600 ts: 260.618886 delta: 33.326 ms delta now: +32.453 ms fps: 30.00 (ts-monotonic, ts-src-eof)
cap dqbuf: 0 seq:   2508 bytesused: 12441600 ts: 260.652209 delta: 33.323 ms delta now: +33.265 ms fps: 30.00 (ts-monotonic, ts-src-eof)
cap dqbuf: 1 seq:   2509 bytesused: 12441600 ts: 260.685573 delta: 33.364 ms delta now: +32.183 ms fps: 30.00 (ts-monotonic, ts-src-eof)
cap dqbuf: 2 seq:   2510 bytesused: 12441600 ts: 260.718875 delta: 33.302 ms delta now: +32.210 ms fps: 30.00 (ts-monotonic, ts-src-eof)
cap dqbuf: 3 seq:   2511 bytesused: 12441600 ts: 260.752209 delta: 33.334 ms delta now: +33.076 ms fps: 30.00 (ts-monotonic, ts-src-eof)
cap dqbuf: 0 seq:   2512 bytesused: 12441600 ts: 260.785542 delta: 33.333 ms delta now: +33.065 ms fps: 30.00 (ts-monotonic, ts-src-eof)
cap dqbuf: 1 seq:   2513 bytesused: 12441600 ts: 260.818874 delta: 33.332 ms delta now: +33.294 ms fps: 30.00 (ts-monotonic, ts-src-eof)
cap dqbuf: 2 seq:   2514 bytesused: 12441600 ts: 260.852227 delta: 33.353 ms delta now: +33.052 ms fps: 30.00 (ts-monotonic, ts-src-eof)
cap dqbuf: 3 seq:   2515 bytesused: 12441600 ts: 260.885554 delta: 33.327 ms delta now: +33.057 ms fps: 30.00 (ts-monotonic, ts-src-eof)
cap dqbuf: 0 seq:   2516 bytesused: 12441600 ts: 260.918887 delta: 33.333 ms delta now: +33.209 ms fps: 30.00 (ts-monotonic, ts-src-eof)
cap dqbuf: 1 seq:   2517 bytesused: 12441600 ts: 260.952227 delta: 33.340 ms delta now: +33.186 ms fps: 30.00 (ts-monotonic, ts-src-eof)
cap dqbuf: 2 seq:   2518 bytesused: 12441600 ts: 260.985573 delta: 33.346 ms delta now: +33.157 ms fps: 30.00 (ts-monotonic, ts-src-eof)
cap dqbuf: 3 seq:   2519 bytesused: 12441600 ts: 261.018906 delta: 33.333 ms delta now: +32.174 ms fps: 30.00 (ts-monotonic, ts-src-eof)
cap dqbuf: 0 seq:   2520 bytesused: 12441600 ts: 261.052208 delta: 33.302 ms delta now: +33.317 ms fps: 30.00 (ts-monotonic, ts-src-eof)
cap dqbuf: 1 seq:   2521 bytesused: 12441600 ts: 261.085579 delta: 33.371 ms delta now: +33.030 ms fps: 30.00 (ts-monotonic, ts-src-eof)
cap dqbuf: 2 seq:   2522 bytesused: 12441600 ts: 261.118875 delta: 33.296 ms delta now: +33.308 ms fps: 30.00 (ts-monotonic, ts-src-eof)
cap dqbuf: 3 seq:   2523 bytesused: 12441600 ts: 261.152227 delta: 33.352 ms delta now: +32.208 ms fps: 30.00 (ts-monotonic, ts-src-eof)
cap dqbuf: 0 seq:   2524 bytesused: 12441600 ts: 261.185542 delta: 33.315 ms delta now: +32.217 ms fps: 30.00 (ts-monotonic, ts-src-eof)
cap dqbuf: 1 seq:   2525 bytesused: 12441600 ts: 261.218875 delta: 33.333 ms delta now: +33.067 ms fps: 30.00 (ts-monotonic, ts-src-eof)
cap dqbuf: 2 seq:   2526 bytesused: 12441600 ts: 261.252221 delta: 33.346 ms delta now: +33.302 ms fps: 30.00 (ts-monotonic, ts-src-eof)
cap dqbuf: 3 seq:   2527 bytesused: 12441600 ts: 261.285573 delta: 33.352 ms delta now: +33.172 ms fps: 30.00 (ts-monotonic, ts-src-eof)
cap dqbuf: 0 seq:   2528 bytesused: 12441600 ts: 261.318894 delta: 33.321 ms delta now: +32.232 ms fps: 30.00 (ts-monotonic, ts-src-eof)
cap dqbuf: 1 seq:   2529 bytesused: 12441600 ts: 261.352209 delta: 33.315 ms delta now: +32.205 ms fps: 30.00 (ts-monotonic, ts-src-eof)
cap dqbuf: 2 seq:   2530 bytesused: 12441600 ts: 261.385542 delta: 33.333 ms delta now: +33.184 ms fps: 30.00 (ts-monotonic, ts-src-eof)
cap dqbuf: 3 seq:   2531 bytesused: 12441600 ts: 261.418908 delta: 33.366 ms delta now: +32.746 ms fps: 30.00 (ts-monotonic, ts-src-eof)
cap dqbuf: 0 seq:   2532 bytesused: 12441600 ts: 261.452209 delta: 33.301 ms delta now: +33.251 ms fps: 30.00 (ts-monotonic, ts-src-eof)
cap dqbuf: 1 seq:   2533 bytesused: 12441600 ts: 261.485560 delta: 33.351 ms delta now: +33.283 ms fps: 30.00 (ts-monotonic, ts-src-eof)
cap dqbuf: 2 seq:   2534 bytesused: 12441600 ts: 261.518892 delta: 33.332 ms delta now: +33.292 ms fps: 30.00 (ts-monotonic, ts-src-eof)
cap dqbuf: 3 seq:   2535 bytesused: 12441600 ts: 261.552239 delta: 33.347 ms delta now: +33.392 ms fps: 30.00 (ts-monotonic, ts-src-eof)
cap dqbuf: 0 seq:   2536 bytesused: 12441600 ts: 261.585561 delta: 33.322 ms delta now: +33.181 ms fps: 30.00 (ts-monotonic, ts-src-eof)
cap dqbuf: 1 seq:   2537 bytesused: 12441600 ts: 261.618895 delta: 33.334 ms delta now: +32.184 ms fps: 30.00 (ts-monotonic, ts-src-eof)
cap dqbuf: 2 seq:   2538 bytesused: 12441600 ts: 261.652209 delta: 33.314 ms delta now: +33.063 ms fps: 30.00 (ts-monotonic, ts-src-eof)
cap dqbuf: 3 seq:   2539 bytesused: 12441600 ts: 261.685542 delta: 33.333 ms delta now: +33.082 ms fps: 30.00 (ts-monotonic, ts-src-eof)
cap dqbuf: 0 seq:   2540 bytesused: 12441600 ts: 261.718887 delta: 33.345 ms delta now: +33.297 ms fps: 30.00 (ts-monotonic, ts-src-eof)
cap dqbuf: 1 seq:   2541 bytesused: 12441600 ts: 261.752229 delta: 33.342 ms delta now: +33.226 ms fps: 30.00 (ts-monotonic, ts-src-eof)
cap dqbuf: 2 seq:   2542 bytesused: 12441600 ts: 261.785574 delta: 33.345 ms delta now: +33.268 ms fps: 30.00 (ts-monotonic, ts-src-eof)
cap dqbuf: 3 seq:   2543 bytesused: 12441600 ts: 261.818893 delta: 33.319 ms delta now: +33.063 ms fps: 30.00 (ts-monotonic, ts-src-eof)
cap dqbuf: 0 seq:   2544 bytesused: 12441600 ts: 261.852209 delta: 33.316 ms delta now: +32.204 ms fps: 30.00 (ts-monotonic, ts-src-eof)
cap dqbuf: 1 seq:   2545 bytesused: 12441600 ts: 261.885553 delta: 33.344 ms delta now: +33.319 ms fps: 30.00 (ts-monotonic, ts-src-eof)
cap dqbuf: 2 seq:   2546 bytesused: 12441600 ts: 261.918908 delta: 33.355 ms delta now: +32.174 ms fps: 30.00 (ts-monotonic, ts-src-eof)
cap dqbuf: 3 seq:   2547 bytesused: 12441600 ts: 261.952208 delta: 33.300 ms delta now: +33.077 ms fps: 30.00 (ts-monotonic, ts-src-eof)
cap dqbuf: 0 seq:   2548 bytesused: 12441600 ts: 261.985553 delta: 33.345 ms delta now: +33.243 ms fps: 30.00 (ts-monotonic, ts-src-eof)
cap dqbuf: 1 seq:   2549 bytesused: 12441600 ts: 262.018906 delta: 33.353 ms delta now: +32.174 ms fps: 30.00 (ts-monotonic, ts-src-eof)
cap dqbuf: 2 seq:   2550 bytesused: 12441600 ts: 262.052209 delta: 33.303 ms delta now: +32.203 ms fps: 30.00 (ts-monotonic, ts-src-eof)
cap dqbuf: 3 seq:   2551 bytesused: 12441600 ts: 262.085554 delta: 33.345 ms delta now: +33.276 ms fps: 30.00 (ts-monotonic, ts-src-eof)
cap dqbuf: 0 seq:   2552 bytesused: 12441600 ts: 262.118907 delta: 33.353 ms delta now: +33.179 ms fps: 30.00 (ts-monotonic, ts-src-eof)
cap dqbuf: 1 seq:   2553 bytesused: 12441600 ts: 262.152242 delta: 33.335 ms delta now: +32.198 ms fps: 30.00 (ts-monotonic, ts-src-eof)
cap dqbuf: 2 seq:   2554 bytesused: 12441600 ts: 262.185542 delta: 33.300 ms delta now: +32.215 ms fps: 30.00 (ts-monotonic, ts-src-eof)
cap dqbuf: 3 seq:   2555 bytesused: 12441600 ts: 262.218887 delta: 33.345 ms delta now: +33.164 ms fps: 30.00 (ts-monotonic, ts-src-eof)
cap dqbuf: 0 seq:   2556 bytesused: 12441600 ts: 262.252240 delta: 33.353 ms delta now: +32.898 ms fps: 30.00 (ts-monotonic, ts-src-eof)
cap dqbuf: 1 seq:   2557 bytesused: 12441600 ts: 262.285542 delta: 33.302 ms delta now: +33.378 ms fps: 30.00 (ts-monotonic, ts-src-eof)
cap dqbuf: 2 seq:   2558 bytesused: 12441600 ts: 262.318903 delta: 33.361 ms delta now: +33.053 ms fps: 30.00 (ts-monotonic, ts-src-eof)
cap dqbuf: 3 seq:   2559 bytesused: 12441600 ts: 262.352220 delta: 33.317 ms delta now: +33.182 ms fps: 30.00 (ts-monotonic, ts-src-eof)
cap dqbuf: 0 seq:   2560 bytesused: 12441600 ts: 262.385573 delta: 33.353 ms delta now: +33.151 ms fps: 30.00 (ts-monotonic, ts-src-eof)
cap dqbuf: 1 seq:   2561 bytesused: 12441600 ts: 262.418908 delta: 33.335 ms delta now: +33.173 ms fps: 30.00 (ts-monotonic, ts-src-eof)
cap dqbuf: 2 seq:   2562 bytesused: 12441600 ts: 262.452240 delta: 33.332 ms delta now: +33.058 ms fps: 30.00 (ts-monotonic, ts-src-eof)
cap dqbuf: 3 seq:   2563 bytesused: 12441600 ts: 262.485542 delta: 33.302 ms delta now: +33.172 ms fps: 30.00 (ts-monotonic, ts-src-eof)
cap dqbuf: 0 seq:   2564 bytesused: 12441600 ts: 262.518907 delta: 33.365 ms delta now: +33.161 ms fps: 30.00 (ts-monotonic, ts-src-eof)
cap dqbuf: 1 seq:   2565 bytesused: 12441600 ts: 262.552233 delta: 33.326 ms delta now: +33.169 ms fps: 30.00 (ts-monotonic, ts-src-eof)
cap dqbuf: 2 seq:   2566 bytesused: 12441600 ts: 262.585573 delta: 33.340 ms delta now: +32.175 ms fps: 30.00 (ts-monotonic, ts-src-eof)
cap dqbuf: 3 seq:   2567 bytesused: 12441600 ts: 262.618875 delta: 33.302 ms delta now: +32.206 ms fps: 30.00 (ts-monotonic, ts-src-eof)
cap dqbuf: 0 seq:   2568 bytesused: 12441600 ts: 262.652208 delta: 33.333 ms delta now: +33.062 ms fps: 30.00 (ts-monotonic, ts-src-eof)
cap dqbuf: 1 seq:   2569 bytesused: 12441600 ts: 262.685553 delta: 33.345 ms delta now: +33.075 ms fps: 30.00 (ts-monotonic, ts-src-eof)
cap dqbuf: 2 seq:   2570 bytesused: 12441600 ts: 262.718887 delta: 33.334 ms delta now: +33.074 ms fps: 30.00 (ts-monotonic, ts-src-eof)
cap dqbuf: 3 seq:   2571 bytesused: 12441600 ts: 262.752220 delta: 33.333 ms delta now: +33.282 ms fps: 30.00 (ts-monotonic, ts-src-eof)
cap dqbuf: 0 seq:   2572 bytesused: 12441600 ts: 262.785574 delta: 33.354 ms delta now: +32.175 ms fps: 30.00 (ts-monotonic, ts-src-eof)
cap dqbuf: 1 seq:   2573 bytesused: 12441600 ts: 262.818877 delta: 33.303 ms delta now: +33.291 ms fps: 30.00 (ts-monotonic, ts-src-eof)
cap dqbuf: 2 seq:   2574 bytesused: 12441600 ts: 262.852240 delta: 33.363 ms delta now: +33.264 ms fps: 30.00 (ts-monotonic, ts-src-eof)
cap dqbuf: 3 seq:   2575 bytesused: 12441600 ts: 262.885574 delta: 33.334 ms delta now: +33.288 ms fps: 30.00 (ts-monotonic, ts-src-eof)
cap dqbuf: 0 seq:   2576 bytesused: 12441600 ts: 262.918895 delta: 33.321 ms delta now: +33.213 ms fps: 30.00 (ts-monotonic, ts-src-eof)
cap dqbuf: 1 seq:   2577 bytesused: 12441600 ts: 262.952239 delta: 33.344 ms delta now: +33.331 ms fps: 30.00 (ts-monotonic, ts-src-eof)
cap dqbuf: 2 seq:   2578 bytesused: 12441600 ts: 262.985560 delta: 33.321 ms delta now: +33.196 ms fps: 30.00 (ts-monotonic, ts-src-eof)
cap dqbuf: 3 seq:   2579 bytesused: 12441600 ts: 263.018892 delta: 33.332 ms delta now: +32.203 ms fps: 30.00 (ts-monotonic, ts-src-eof)
cap dqbuf: 0 seq:   2580 bytesused: 12441600 ts: 263.052220 delta: 33.328 ms delta now: +33.234 ms fps: 30.00 (ts-monotonic, ts-src-eof)
cap dqbuf: 1 seq:   2581 bytesused: 12441600 ts: 263.085573 delta: 33.353 ms delta now: +32.174 ms fps: 30.00 (ts-monotonic, ts-src-eof)
cap dqbuf: 2 seq:   2582 bytesused: 12441600 ts: 263.118887 delta: 33.314 ms delta now: +32.235 ms fps: 30.00 (ts-monotonic, ts-src-eof)
cap dqbuf: 3 seq:   2583 bytesused: 12441600 ts: 263.152209 delta: 33.322 ms delta now: +33.316 ms fps: 30.00 (ts-monotonic, ts-src-eof)
cap dqbuf: 0 seq:   2584 bytesused: 12441600 ts: 263.185574 delta: 33.365 ms delta now: +33.036 ms fps: 30.00 (ts-monotonic, ts-src-eof)
cap dqbuf: 1 seq:   2585 bytesused: 12441600 ts: 263.218875 delta: 33.301 ms delta now: +33.413 ms fps: 30.00 (ts-monotonic, ts-src-eof)
cap dqbuf: 2 seq:   2586 bytesused: 12441600 ts: 263.252241 delta: 33.366 ms delta now: +33.258 ms fps: 30.00 (ts-monotonic, ts-src-eof)
cap dqbuf: 3 seq:   2587 bytesused: 12441600 ts: 263.285560 delta: 33.319 ms delta now: +33.179 ms fps: 30.00 (ts-monotonic, ts-src-eof)
cap dqbuf: 0 seq:   2588 bytesused: 12441600 ts: 263.318893 delta: 33.333 ms delta now: +33.285 ms fps: 30.00 (ts-monotonic, ts-src-eof)
cap dqbuf: 1 seq:   2589 bytesused: 12441600 ts: 263.352241 delta: 33.348 ms delta now: +33.170 ms fps: 30.00 (ts-monotonic, ts-src-eof)
cap dqbuf: 2 seq:   2590 bytesused: 12441600 ts: 263.385573 delta: 33.332 ms delta now: +32.174 ms fps: 30.00 (ts-monotonic, ts-src-eof)
cap dqbuf: 3 seq:   2591 bytesused: 12441600 ts: 263.418876 delta: 33.303 ms delta now: +33.080 ms fps: 30.00 (ts-monotonic, ts-src-eof)
cap dqbuf: 0 seq:   2592 bytesused: 12441600 ts: 263.452209 delta: 33.333 ms delta now: +33.304 ms fps: 30.00 (ts-monotonic, ts-src-eof)
cap dqbuf: 1 seq:   2593 bytesused: 12441600 ts: 263.485574 delta: 33.365 ms delta now: +32.859 ms fps: 30.00 (ts-monotonic, ts-src-eof)
cap dqbuf: 2 seq:   2594 bytesused: 12441600 ts: 263.518875 delta: 33.301 ms delta now: +33.077 ms fps: 30.00 (ts-monotonic, ts-src-eof)
cap dqbuf: 3 seq:   2595 bytesused: 12441600 ts: 263.552221 delta: 33.346 ms delta now: +33.160 ms fps: 30.00 (ts-monotonic, ts-src-eof)
cap dqbuf: 0 seq:   2596 bytesused: 12441600 ts: 263.585560 delta: 33.339 ms delta now: +32.190 ms fps: 30.00 (ts-monotonic, ts-src-eof)
cap dqbuf: 1 seq:   2597 bytesused: 12441600 ts: 263.618887 delta: 33.327 ms delta now: +33.064 ms fps: 30.00 (ts-monotonic, ts-src-eof)
cap dqbuf: 2 seq:   2598 bytesused: 12441600 ts: 263.652209 delta: 33.322 ms delta now: +33.209 ms fps: 30.00 (ts-monotonic, ts-src-eof)
cap dqbuf: 3 seq:   2599 bytesused: 12441600 ts: 263.685559 delta: 33.350 ms delta now: +32.195 ms fps: 30.00 (ts-monotonic, ts-src-eof)
cap dqbuf: 0 seq:   2600 bytesused: 12441600 ts: 263.718887 delta: 33.328 ms delta now: +32.197 ms fps: 30.00 (ts-monotonic, ts-src-eof)
cap dqbuf: 1 seq:   2601 bytesused: 12441600 ts: 263.752220 delta: 33.333 ms delta now: +33.094 ms fps: 30.00 (ts-monotonic, ts-src-eof)
cap dqbuf: 2 seq:   2602 bytesused: 12441600 ts: 263.785554 delta: 33.334 ms delta now: +33.275 ms fps: 30.00 (ts-monotonic, ts-src-eof)
cap dqbuf: 3 seq:   2603 bytesused: 12441600 ts: 263.818901 delta: 33.347 ms delta now: +33.053 ms fps: 30.00 (ts-monotonic, ts-src-eof)
cap dqbuf: 0 seq:   2604 bytesused: 12441600 ts: 263.852210 delta: 33.309 ms delta now: +32.210 ms fps: 30.00 (ts-monotonic, ts-src-eof)
cap dqbuf: 1 seq:   2605 bytesused: 12441600 ts: 263.885542 delta: 33.332 ms delta now: +33.194 ms fps: 30.00 (ts-monotonic, ts-src-eof)
cap dqbuf: 2 seq:   2606 bytesused: 12441600 ts: 263.918907 delta: 33.365 ms delta now: +33.034 ms fps: 30.00 (ts-monotonic, ts-src-eof)
cap dqbuf: 3 seq:   2607 bytesused: 12441600 ts: 263.952209 delta: 33.302 ms delta now: +33.214 ms fps: 30.00 (ts-monotonic, ts-src-eof)
cap dqbuf: 0 seq:   2608 bytesused: 12441600 ts: 263.985560 delta: 33.351 ms delta now: +32.226 ms fps: 30.00 (ts-monotonic, ts-src-eof)
cap dqbuf: 1 seq:   2609 bytesused: 12441600 ts: 264.018875 delta: 33.315 ms delta now: +33.085 ms fps: 30.00 (ts-monotonic, ts-src-eof)
cap dqbuf: 2 seq:   2610 bytesused: 12441600 ts: 264.052209 delta: 33.334 ms delta now: +32.205 ms fps: 30.00 (ts-monotonic, ts-src-eof)
cap dqbuf: 3 seq:   2611 bytesused: 12441600 ts: 264.085542 delta: 33.333 ms delta now: +33.191 ms fps: 30.00 (ts-monotonic, ts-src-eof)
cap dqbuf: 0 seq:   2612 bytesused: 12441600 ts: 264.118907 delta: 33.365 ms delta now: +33.175 ms fps: 30.00 (ts-monotonic, ts-src-eof)
cap dqbuf: 1 seq:   2613 bytesused: 12441600 ts: 264.152227 delta: 33.320 ms delta now: +33.071 ms fps: 30.00 (ts-monotonic, ts-src-eof)
cap dqbuf: 2 seq:   2614 bytesused: 12441600 ts: 264.185553 delta: 33.326 ms delta now: +32.202 ms fps: 30.00 (ts-monotonic, ts-src-eof)
cap dqbuf: 3 seq:   2615 bytesused: 12441600 ts: 264.218887 delta: 33.334 ms delta now: +33.194 ms fps: 30.00 (ts-monotonic, ts-src-eof)
cap dqbuf: 0 seq:   2616 bytesused: 12441600 ts: 264.252240 delta: 33.353 ms delta now: +32.181 ms fps: 30.00 (ts-monotonic, ts-src-eof)
cap dqbuf: 1 seq:   2617 bytesused: 12441600 ts: 264.285542 delta: 33.302 ms delta now: +33.067 ms fps: 30.00 (ts-monotonic, ts-src-eof)
cap dqbuf: 2 seq:   2618 bytesused: 12441600 ts: 264.318887 delta: 33.345 ms delta now: +32.193 ms fps: 30.00 (ts-monotonic, ts-src-eof)
cap dqbuf: 3 seq:   2619 bytesused: 12441600 ts: 264.352208 delta: 33.321 ms delta now: +32.208 ms fps: 30.00 (ts-monotonic, ts-src-eof)
cap dqbuf: 0 seq:   2620 bytesused: 12441600 ts: 264.385542 delta: 33.334 ms delta now: +33.308 ms fps: 30.00 (ts-monotonic, ts-src-eof)
cap dqbuf: 1 seq:   2621 bytesused: 12441600 ts: 264.418906 delta: 33.364 ms delta now: +33.060 ms fps: 30.00 (ts-monotonic, ts-src-eof)
cap dqbuf: 2 seq:   2622 bytesused: 12441600 ts: 264.452221 delta: 33.315 ms delta now: +33.056 ms fps: 30.00 (ts-monotonic, ts-src-eof)
cap dqbuf: 3 seq:   2623 bytesused: 12441600 ts: 264.485554 delta: 33.333 ms delta now: +32.195 ms fps: 30.00 (ts-monotonic, ts-src-eof)
cap dqbuf: 0 seq:   2624 bytesused: 12441600 ts: 264.518887 delta: 33.333 ms delta now: +33.073 ms fps: 30.00 (ts-monotonic, ts-src-eof)
cap dqbuf: 1 seq:   2625 bytesused: 12441600 ts: 264.552209 delta: 33.322 ms delta now: +33.221 ms fps: 30.00 (ts-monotonic, ts-src-eof)
cap dqbuf: 2 seq:   2626 bytesused: 12441600 ts: 264.585561 delta: 33.352 ms delta now: +32.188 ms fps: 30.00 (ts-monotonic, ts-src-eof)
cap dqbuf: 3 seq:   2627 bytesused: 12441600 ts: 264.618887 delta: 33.326 ms delta now: +32.193 ms fps: 30.00 (ts-monotonic, ts-src-eof)
cap dqbuf: 0 seq:   2628 bytesused: 12441600 ts: 264.652220 delta: 33.333 ms delta now: +33.315 ms fps: 30.00 (ts-monotonic, ts-src-eof)
cap dqbuf: 1 seq:   2629 bytesused: 12441600 ts: 264.685561 delta: 33.341 ms delta now: +33.072 ms fps: 30.00 (ts-monotonic, ts-src-eof)
cap dqbuf: 2 seq:   2630 bytesused: 12441600 ts: 264.718876 delta: 33.315 ms delta now: +33.204 ms fps: 30.00 (ts-monotonic, ts-src-eof)
cap dqbuf: 3 seq:   2631 bytesused: 12441600 ts: 264.752226 delta: 33.350 ms delta now: +33.069 ms fps: 30.00 (ts-monotonic, ts-src-eof)
cap dqbuf: 0 seq:   2632 bytesused: 12441600 ts: 264.785543 delta: 33.317 ms delta now: +32.205 ms fps: 30.00 (ts-monotonic, ts-src-eof)
cap dqbuf: 1 seq:   2633 bytesused: 12441600 ts: 264.818875 delta: 33.332 ms delta now: +32.204 ms fps: 30.00 (ts-monotonic, ts-src-eof)
cap dqbuf: 2 seq:   2634 bytesused: 12441600 ts: 264.852208 delta: 33.333 ms delta now: +32.212 ms fps: 30.00 (ts-monotonic, ts-src-eof)
cap dqbuf: 3 seq:   2635 bytesused: 12441600 ts: 264.885544 delta: 33.336 ms delta now: +32.205 ms fps: 30.00 (ts-monotonic, ts-src-eof)
cap dqbuf: 0 seq:   2636 bytesused: 12441600 ts: 264.918875 delta: 33.331 ms delta now: +33.297 ms fps: 30.00 (ts-monotonic, ts-src-eof)
cap dqbuf: 1 seq:   2637 bytesused: 12441600 ts: 264.952240 delta: 33.365 ms delta now: +33.071 ms fps: 30.00 (ts-monotonic, ts-src-eof)
cap dqbuf: 2 seq:   2638 bytesused: 12441600 ts: 264.985542 delta: 33.302 ms delta now: +33.282 ms fps: 30.00 (ts-monotonic, ts-src-eof)
cap dqbuf: 3 seq:   2639 bytesused: 12441600 ts: 265.018908 delta: 33.366 ms delta now: +33.348 ms fps: 30.00 (ts-monotonic, ts-src-eof)
cap dqbuf: 0 seq:   2640 bytesused: 12441600 ts: 265.052227 delta: 33.319 ms delta now: +32.186 ms fps: 30.00 (ts-monotonic, ts-src-eof)
cap dqbuf: 1 seq:   2641 bytesused: 12441600 ts: 265.085554 delta: 33.327 ms delta now: +32.194 ms fps: 30.00 (ts-monotonic, ts-src-eof)
cap dqbuf: 2 seq:   2642 bytesused: 12441600 ts: 265.118876 delta: 33.322 ms delta now: +33.425 ms fps: 30.00 (ts-monotonic, ts-src-eof)
cap dqbuf: 3 seq:   2643 bytesused: 12441600 ts: 265.152226 delta: 33.350 ms delta now: +32.333 ms fps: 30.00 (ts-monotonic, ts-src-eof)
cap dqbuf: 0 seq:   2644 bytesused: 12441600 ts: 265.185542 delta: 33.316 ms delta now: +33.076 ms fps: 30.00 (ts-monotonic, ts-src-eof)
cap dqbuf: 1 seq:   2645 bytesused: 12441600 ts: 265.218876 delta: 33.334 ms delta now: +33.320 ms fps: 30.00 (ts-monotonic, ts-src-eof)
cap dqbuf: 2 seq:   2646 bytesused: 12441600 ts: 265.252226 delta: 33.350 ms delta now: +32.192 ms fps: 30.00 (ts-monotonic, ts-src-eof)
cap dqbuf: 3 seq:   2647 bytesused: 12441600 ts: 265.285554 delta: 33.328 ms delta now: +32.192 ms fps: 30.00 (ts-monotonic, ts-src-eof)
cap dqbuf: 0 seq:   2648 bytesused: 12441600 ts: 265.318875 delta: 33.321 ms delta now: +33.293 ms fps: 30.00 (ts-monotonic, ts-src-eof)
cap dqbuf: 1 seq:   2649 bytesused: 12441600 ts: 265.352226 delta: 33.351 ms delta now: +32.188 ms fps: 30.00 (ts-monotonic, ts-src-eof)
cap dqbuf: 2 seq:   2650 bytesused: 12441600 ts: 265.385554 delta: 33.328 ms delta now: +33.189 ms fps: 30.00 (ts-monotonic, ts-src-eof)
cap dqbuf: 3 seq:   2651 bytesused: 12441600 ts: 265.418893 delta: 33.339 ms delta now: +32.187 ms fps: 30.00 (ts-monotonic, ts-src-eof)
cap dqbuf: 0 seq:   2652 bytesused: 12441600 ts: 265.452209 delta: 33.316 ms delta now: +32.437 ms fps: 30.00 (ts-monotonic, ts-src-eof)
cap dqbuf: 1 seq:   2653 bytesused: 12441600 ts: 265.485554 delta: 33.345 ms delta now: +33.206 ms fps: 30.00 (ts-monotonic, ts-src-eof)
cap dqbuf: 2 seq:   2654 bytesused: 12441600 ts: 265.518894 delta: 33.340 ms delta now: +33.175 ms fps: 30.00 (ts-monotonic, ts-src-eof)
cap dqbuf: 3 seq:   2655 bytesused: 12441600 ts: 265.552227 delta: 33.333 ms delta now: +33.266 ms fps: 30.00 (ts-monotonic, ts-src-eof)
cap dqbuf: 0 seq:   2656 bytesused: 12441600 ts: 265.585559 delta: 33.332 ms delta now: +33.186 ms fps: 30.00 (ts-monotonic, ts-src-eof)
cap dqbuf: 1 seq:   2657 bytesused: 12441600 ts: 265.618893 delta: 33.334 ms delta now: +33.274 ms fps: 30.00 (ts-monotonic, ts-src-eof)
cap dqbuf: 2 seq:   2658 bytesused: 12441600 ts: 265.652239 delta: 33.346 ms delta now: +32.182 ms fps: 30.00 (ts-monotonic, ts-src-eof)
cap dqbuf: 3 seq:   2659 bytesused: 12441600 ts: 265.685554 delta: 33.315 ms delta now: +33.205 ms fps: 30.00 (ts-monotonic, ts-src-eof)
cap dqbuf: 0 seq:   2660 bytesused: 12441600 ts: 265.718893 delta: 33.339 ms delta now: +33.066 ms fps: 30.00 (ts-monotonic, ts-src-eof)
cap dqbuf: 1 seq:   2661 bytesused: 12441600 ts: 265.752209 delta: 33.316 ms delta now: +33.224 ms fps: 30.00 (ts-monotonic, ts-src-eof)
cap dqbuf: 2 seq:   2662 bytesused: 12441600 ts: 265.785575 delta: 33.366 ms delta now: +33.031 ms fps: 30.00 (ts-monotonic, ts-src-eof)
cap dqbuf: 3 seq:   2663 bytesused: 12441600 ts: 265.818875 delta: 33.300 ms delta now: +33.369 ms fps: 30.00 (ts-monotonic, ts-src-eof)
cap dqbuf: 0 seq:   2664 bytesused: 12441600 ts: 265.852239 delta: 33.364 ms delta now: +33.065 ms fps: 30.00 (ts-monotonic, ts-src-eof)
cap dqbuf: 1 seq:   2665 bytesused: 12441600 ts: 265.885554 delta: 33.315 ms delta now: +33.320 ms fps: 30.00 (ts-monotonic, ts-src-eof)
cap dqbuf: 2 seq:   2666 bytesused: 12441600 ts: 265.918907 delta: 33.353 ms delta now: +33.256 ms fps: 30.00 (ts-monotonic, ts-src-eof)
cap dqbuf: 3 seq:   2667 bytesused: 12441600 ts: 265.952240 delta: 33.333 ms delta now: +33.041 ms fps: 30.00 (ts-monotonic, ts-src-eof)
cap dqbuf: 0 seq:   2668 bytesused: 12441600 ts: 265.985546 delta: 33.306 ms delta now: +33.206 ms fps: 30.00 (ts-monotonic, ts-src-eof)
cap dqbuf: 1 seq:   2669 bytesused: 12441600 ts: 266.018894 delta: 33.348 ms delta now: +32.185 ms fps: 30.00 (ts-monotonic, ts-src-eof)
cap dqbuf: 2 seq:   2670 bytesused: 12441600 ts: 266.052221 delta: 33.327 ms delta now: +32.193 ms fps: 30.00 (ts-monotonic, ts-src-eof)
cap dqbuf: 3 seq:   2671 bytesused: 12441600 ts: 266.085553 delta: 33.332 ms delta now: +33.302 ms fps: 30.00 (ts-monotonic, ts-src-eof)
cap dqbuf: 0 seq:   2672 bytesused: 12441600 ts: 266.118909 delta: 33.356 ms delta now: +32.178 ms fps: 30.00 (ts-monotonic, ts-src-eof)
cap dqbuf: 1 seq:   2673 bytesused: 12441600 ts: 266.152210 delta: 33.301 ms delta now: +33.077 ms fps: 30.00 (ts-monotonic, ts-src-eof)
cap dqbuf: 2 seq:   2674 bytesused: 12441600 ts: 266.185565 delta: 33.355 ms delta now: +32.191 ms fps: 30.00 (ts-monotonic, ts-src-eof)
cap dqbuf: 3 seq:   2675 bytesused: 12441600 ts: 266.218887 delta: 33.322 ms delta now: +32.199 ms fps: 30.00 (ts-monotonic, ts-src-eof)
cap dqbuf: 0 seq:   2676 bytesused: 12441600 ts: 266.252220 delta: 33.333 ms delta now: +33.195 ms fps: 30.00 (ts-monotonic, ts-src-eof)
cap dqbuf: 1 seq:   2677 bytesused: 12441600 ts: 266.285567 delta: 33.347 ms delta now: +32.180 ms fps: 30.00 (ts-monotonic, ts-src-eof)
cap dqbuf: 2 seq:   2678 bytesused: 12441600 ts: 266.318876 delta: 33.309 ms delta now: +32.205 ms fps: 30.00 (ts-monotonic, ts-src-eof)
cap dqbuf: 3 seq:   2679 bytesused: 12441600 ts: 266.352209 delta: 33.333 ms delta now: +33.095 ms fps: 30.00 (ts-monotonic, ts-src-eof)
cap dqbuf: 0 seq:   2680 bytesused: 12441600 ts: 266.385554 delta: 33.345 ms delta now: +32.198 ms fps: 30.00 (ts-monotonic, ts-src-eof)
cap dqbuf: 1 seq:   2681 bytesused: 12441600 ts: 266.418887 delta: 33.333 ms delta now: +32.198 ms fps: 30.00 (ts-monotonic, ts-src-eof)
cap dqbuf: 2 seq:   2682 bytesused: 12441600 ts: 266.452220 delta: 33.333 ms delta now: +32.209 ms fps: 30.00 (ts-monotonic, ts-src-eof)
cap dqbuf: 3 seq:   2683 bytesused: 12441600 ts: 266.485554 delta: 33.334 ms delta now: +32.195 ms fps: 30.00 (ts-monotonic, ts-src-eof)
cap dqbuf: 0 seq:   2684 bytesused: 12441600 ts: 266.518888 delta: 33.334 ms delta now: +32.192 ms fps: 30.00 (ts-monotonic, ts-src-eof)
cap dqbuf: 1 seq:   2685 bytesused: 12441600 ts: 266.552220 delta: 33.332 ms delta now: +33.362 ms fps: 30.00 (ts-monotonic, ts-src-eof)
cap dqbuf: 2 seq:   2686 bytesused: 12441600 ts: 266.585575 delta: 33.355 ms delta now: +33.261 ms fps: 30.00 (ts-monotonic, ts-src-eof)
cap dqbuf: 3 seq:   2687 bytesused: 12441600 ts: 266.618907 delta: 33.332 ms delta now: +32.174 ms fps: 30.00 (ts-monotonic, ts-src-eof)
cap dqbuf: 0 seq:   2688 bytesused: 12441600 ts: 266.652209 delta: 33.302 ms delta now: +33.234 ms fps: 30.00 (ts-monotonic, ts-src-eof)
cap dqbuf: 1 seq:   2689 bytesused: 12441600 ts: 266.685575 delta: 33.366 ms delta now: +32.172 ms fps: 30.00 (ts-monotonic, ts-src-eof)
cap dqbuf: 2 seq:   2690 bytesused: 12441600 ts: 266.718887 delta: 33.312 ms delta now: +32.194 ms fps: 30.00 (ts-monotonic, ts-src-eof)
cap dqbuf: 3 seq:   2691 bytesused: 12441600 ts: 266.752220 delta: 33.333 ms delta now: +32.192 ms fps: 30.00 (ts-monotonic, ts-src-eof)
cap dqbuf: 0 seq:   2692 bytesused: 12441600 ts: 266.785542 delta: 33.322 ms delta now: +33.309 ms fps: 30.00 (ts-monotonic, ts-src-eof)
cap dqbuf: 1 seq:   2693 bytesused: 12441600 ts: 266.818901 delta: 33.359 ms delta now: +33.001 ms fps: 30.00 (ts-monotonic, ts-src-eof)
cap dqbuf: 2 seq:   2694 bytesused: 12441600 ts: 266.852209 delta: 33.308 ms delta now: +32.204 ms fps: 30.00 (ts-monotonic, ts-src-eof)
cap dqbuf: 3 seq:   2695 bytesused: 12441600 ts: 266.885554 delta: 33.345 ms delta now: +33.275 ms fps: 30.00 (ts-monotonic, ts-src-eof)
cap dqbuf: 0 seq:   2696 bytesused: 12441600 ts: 266.918908 delta: 33.354 ms delta now: +33.241 ms fps: 30.00 (ts-monotonic, ts-src-eof)
cap dqbuf: 1 seq:   2697 bytesused: 12441600 ts: 266.952241 delta: 33.333 ms delta now: +33.270 ms fps: 30.00 (ts-monotonic, ts-src-eof)
cap dqbuf: 2 seq:   2698 bytesused: 12441600 ts: 266.985574 delta: 33.333 ms delta now: +32.177 ms fps: 30.00 (ts-monotonic, ts-src-eof)
cap dqbuf: 3 seq:   2699 bytesused: 12441600 ts: 267.018887 delta: 33.313 ms delta now: +33.266 ms fps: 30.00 (ts-monotonic, ts-src-eof)
cap dqbuf: 0 seq:   2700 bytesused: 12441600 ts: 267.052226 delta: 33.339 ms delta now: +33.311 ms fps: 30.00 (ts-monotonic, ts-src-eof)
cap dqbuf: 1 seq:   2701 bytesused: 12441600 ts: 267.085576 delta: 33.350 ms delta now: +32.171 ms fps: 30.00 (ts-monotonic, ts-src-eof)
cap dqbuf: 2 seq:   2702 bytesused: 12441600 ts: 267.118875 delta: 33.299 ms delta now: +33.202 ms fps: 30.00 (ts-monotonic, ts-src-eof)
cap dqbuf: 3 seq:   2703 bytesused: 12441600 ts: 267.152227 delta: 33.352 ms delta now: +33.387 ms fps: 30.00 (ts-monotonic, ts-src-eof)
cap dqbuf: 0 seq:   2704 bytesused: 12441600 ts: 267.185562 delta: 33.335 ms delta now: +32.198 ms fps: 30.00 (ts-monotonic, ts-src-eof)
cap dqbuf: 1 seq:   2705 bytesused: 12441600 ts: 267.218875 delta: 33.313 ms delta now: +32.215 ms fps: 30.00 (ts-monotonic, ts-src-eof)
cap dqbuf: 2 seq:   2706 bytesused: 12441600 ts: 267.252221 delta: 33.346 ms delta now: +33.283 ms fps: 30.00 (ts-monotonic, ts-src-eof)
cap dqbuf: 3 seq:   2707 bytesused: 12441600 ts: 267.285574 delta: 33.353 ms delta now: +32.175 ms fps: 30.00 (ts-monotonic, ts-src-eof)
cap dqbuf: 0 seq:   2708 bytesused: 12441600 ts: 267.318875 delta: 33.301 ms delta now: +32.206 ms fps: 30.00 (ts-monotonic, ts-src-eof)
cap dqbuf: 1 seq:   2709 bytesused: 12441600 ts: 267.352209 delta: 33.334 ms delta now: +33.195 ms fps: 30.00 (ts-monotonic, ts-src-eof)
cap dqbuf: 2 seq:   2710 bytesused: 12441600 ts: 267.385561 delta: 33.352 ms delta now: +33.248 ms fps: 30.00 (ts-monotonic, ts-src-eof)
cap dqbuf: 3 seq:   2711 bytesused: 12441600 ts: 267.418894 delta: 33.333 ms delta now: +32.187 ms fps: 30.00 (ts-monotonic, ts-src-eof)
cap dqbuf: 0 seq:   2712 bytesused: 12441600 ts: 267.452220 delta: 33.326 ms delta now: +33.052 ms fps: 30.00 (ts-monotonic, ts-src-eof)
cap dqbuf: 1 seq:   2713 bytesused: 12441600 ts: 267.485574 delta: 33.354 ms delta now: +32.723 ms fps: 30.00 (ts-monotonic, ts-src-eof)
cap dqbuf: 2 seq:   2714 bytesused: 12441600 ts: 267.518887 delta: 33.313 ms delta now: +32.194 ms fps: 30.00 (ts-monotonic, ts-src-eof)
cap dqbuf: 3 seq:   2715 bytesused: 12441600 ts: 267.552209 delta: 33.322 ms delta now: +33.261 ms fps: 30.00 (ts-monotonic, ts-src-eof)
cap dqbuf: 0 seq:   2716 bytesused: 12441600 ts: 267.585560 delta: 33.351 ms delta now: +33.049 ms fps: 30.00 (ts-monotonic, ts-src-eof)
cap dqbuf: 1 seq:   2717 bytesused: 12441600 ts: 267.618876 delta: 33.316 ms delta now: +33.212 ms fps: 30.00 (ts-monotonic, ts-src-eof)
cap dqbuf: 2 seq:   2718 bytesused: 12441600 ts: 267.652227 delta: 33.351 ms delta now: +33.065 ms fps: 30.00 (ts-monotonic, ts-src-eof)
cap dqbuf: 3 seq:   2719 bytesused: 12441600 ts: 267.685554 delta: 33.327 ms delta now: +32.194 ms fps: 30.00 (ts-monotonic, ts-src-eof)
cap dqbuf: 0 seq:   2720 bytesused: 12441600 ts: 267.718887 delta: 33.333 ms delta now: +33.291 ms fps: 30.00 (ts-monotonic, ts-src-eof)
cap dqbuf: 1 seq:   2721 bytesused: 12441600 ts: 267.752240 delta: 33.353 ms delta now: +33.157 ms fps: 30.00 (ts-monotonic, ts-src-eof)
cap dqbuf: 2 seq:   2722 bytesused: 12441600 ts: 267.785561 delta: 33.321 ms delta now: +33.069 ms fps: 30.00 (ts-monotonic, ts-src-eof)
cap dqbuf: 3 seq:   2723 bytesused: 12441600 ts: 267.818876 delta: 33.315 ms delta now: +33.074 ms fps: 30.00 (ts-monotonic, ts-src-eof)
cap dqbuf: 0 seq:   2724 bytesused: 12441600 ts: 267.852220 delta: 33.344 ms delta now: +33.195 ms fps: 30.00 (ts-monotonic, ts-src-eof)
cap dqbuf: 1 seq:   2725 bytesused: 12441600 ts: 267.885560 delta: 33.340 ms delta now: +32.188 ms fps: 30.00 (ts-monotonic, ts-src-eof)
cap dqbuf: 2 seq:   2726 bytesused: 12441600 ts: 267.918876 delta: 33.316 ms delta now: +33.308 ms fps: 30.00 (ts-monotonic, ts-src-eof)
cap dqbuf: 3 seq:   2727 bytesused: 12441600 ts: 267.952226 delta: 33.350 ms delta now: +33.284 ms fps: 30.00 (ts-monotonic, ts-src-eof)
cap dqbuf: 0 seq:   2728 bytesused: 12441600 ts: 267.985561 delta: 33.335 ms delta now: +33.372 ms fps: 30.00 (ts-monotonic, ts-src-eof)
cap dqbuf: 1 seq:   2729 bytesused: 12441600 ts: 268.018894 delta: 33.333 ms delta now: +33.386 ms fps: 30.00 (ts-monotonic, ts-src-eof)
cap dqbuf: 2 seq:   2730 bytesused: 12441600 ts: 268.052227 delta: 33.333 ms delta now: +32.356 ms fps: 30.00 (ts-monotonic, ts-src-eof)
cap dqbuf: 3 seq:   2731 bytesused: 12441600 ts: 268.085542 delta: 33.315 ms delta now: +33.188 ms fps: 30.00 (ts-monotonic, ts-src-eof)
cap dqbuf: 0 seq:   2732 bytesused: 12441600 ts: 268.118908 delta: 33.366 ms delta now: +32.174 ms fps: 30.00 (ts-monotonic, ts-src-eof)
cap dqbuf: 1 seq:   2733 bytesused: 12441600 ts: 268.152221 delta: 33.313 ms delta now: +33.307 ms fps: 30.00 (ts-monotonic, ts-src-eof)
cap dqbuf: 2 seq:   2734 bytesused: 12441600 ts: 268.185574 delta: 33.353 ms delta now: +33.259 ms fps: 30.00 (ts-monotonic, ts-src-eof)
cap dqbuf: 3 seq:   2735 bytesused: 12441600 ts: 268.218917 delta: 33.343 ms delta now: +33.150 ms fps: 30.00 (ts-monotonic, ts-src-eof)
cap dqbuf: 0 seq:   2736 bytesused: 12441600 ts: 268.252228 delta: 33.311 ms delta now: +33.195 ms fps: 30.00 (ts-monotonic, ts-src-eof)
cap dqbuf: 1 seq:   2737 bytesused: 12441600 ts: 268.285561 delta: 33.333 ms delta now: +32.187 ms fps: 30.00 (ts-monotonic, ts-src-eof)
cap dqbuf: 2 seq:   2738 bytesused: 12441600 ts: 268.318876 delta: 33.315 ms delta now: +33.234 ms fps: 30.00 (ts-monotonic, ts-src-eof)
cap dqbuf: 3 seq:   2739 bytesused: 12441600 ts: 268.352247 delta: 33.371 ms delta now: +32.172 ms fps: 30.00 (ts-monotonic, ts-src-eof)
cap dqbuf: 0 seq:   2740 bytesused: 12441600 ts: 268.385542 delta: 33.295 ms delta now: +33.172 ms fps: 30.00 (ts-monotonic, ts-src-eof)
cap dqbuf: 1 seq:   2741 bytesused: 12441600 ts: 268.418895 delta: 33.353 ms delta now: +32.189 ms fps: 30.00 (ts-monotonic, ts-src-eof)
cap dqbuf: 2 seq:   2742 bytesused: 12441600 ts: 268.452221 delta: 33.326 ms delta now: +32.192 ms fps: 30.00 (ts-monotonic, ts-src-eof)
cap dqbuf: 3 seq:   2743 bytesused: 12441600 ts: 268.485554 delta: 33.333 ms delta now: +32.192 ms fps: 30.00 (ts-monotonic, ts-src-eof)
cap dqbuf: 0 seq:   2744 bytesused: 12441600 ts: 268.518887 delta: 33.333 ms delta now: +32.239 ms fps: 30.00 (ts-monotonic, ts-src-eof)
cap dqbuf: 1 seq:   2745 bytesused: 12441600 ts: 268.552209 delta: 33.322 ms delta now: +33.218 ms fps: 30.00 (ts-monotonic, ts-src-eof)
cap dqbuf: 2 seq:   2746 bytesused: 12441600 ts: 268.585574 delta: 33.365 ms delta now: +32.174 ms fps: 30.00 (ts-monotonic, ts-src-eof)
cap dqbuf: 3 seq:   2747 bytesused: 12441600 ts: 268.618887 delta: 33.313 ms delta now: +33.387 ms fps: 30.00 (ts-monotonic, ts-src-eof)
cap dqbuf: 0 seq:   2748 bytesused: 12441600 ts: 268.652227 delta: 33.340 ms delta now: +32.207 ms fps: 30.00 (ts-monotonic, ts-src-eof)
cap dqbuf: 1 seq:   2749 bytesused: 12441600 ts: 268.685542 delta: 33.315 ms delta now: +32.204 ms fps: 30.00 (ts-monotonic, ts-src-eof)
cap dqbuf: 2 seq:   2750 bytesused: 12441600 ts: 268.718888 delta: 33.346 ms delta now: +33.059 ms fps: 30.00 (ts-monotonic, ts-src-eof)
cap dqbuf: 3 seq:   2751 bytesused: 12441600 ts: 268.752221 delta: 33.333 ms delta now: +32.197 ms fps: 30.00 (ts-monotonic, ts-src-eof)
cap dqbuf: 0 seq:   2752 bytesused: 12441600 ts: 268.785543 delta: 33.322 ms delta now: +32.208 ms fps: 30.00 (ts-monotonic, ts-src-eof)
cap dqbuf: 1 seq:   2753 bytesused: 12441600 ts: 268.818876 delta: 33.333 ms delta now: +32.207 ms fps: 30.00 (ts-monotonic, ts-src-eof)
cap dqbuf: 2 seq:   2754 bytesused: 12441600 ts: 268.852221 delta: 33.345 ms delta now: +32.193 ms fps: 30.00 (ts-monotonic, ts-src-eof)
cap dqbuf: 3 seq:   2755 bytesused: 12441600 ts: 268.885542 delta: 33.321 ms delta now: +33.282 ms fps: 30.00 (ts-monotonic, ts-src-eof)
cap dqbuf: 0 seq:   2756 bytesused: 12441600 ts: 268.918906 delta: 33.364 ms delta now: +33.260 ms fps: 30.00 (ts-monotonic, ts-src-eof)
cap dqbuf: 1 seq:   2757 bytesused: 12441600 ts: 268.952241 delta: 33.335 ms delta now: +33.190 ms fps: 30.00 (ts-monotonic, ts-src-eof)
cap dqbuf: 2 seq:   2758 bytesused: 12441600 ts: 268.985560 delta: 33.319 ms delta now: +33.385 ms fps: 30.00 (ts-monotonic, ts-src-eof)
cap dqbuf: 3 seq:   2759 bytesused: 12441600 ts: 269.018895 delta: 33.335 ms delta now: +33.047 ms fps: 30.00 (ts-monotonic, ts-src-eof)
cap dqbuf: 0 seq:   2760 bytesused: 12441600 ts: 269.052209 delta: 33.314 ms delta now: +32.206 ms fps: 30.00 (ts-monotonic, ts-src-eof)
cap dqbuf: 1 seq:   2761 bytesused: 12441600 ts: 269.085554 delta: 33.345 ms delta now: +33.353 ms fps: 30.00 (ts-monotonic, ts-src-eof)
cap dqbuf: 2 seq:   2762 bytesused: 12441600 ts: 269.118909 delta: 33.355 ms delta now: +33.231 ms fps: 30.00 (ts-monotonic, ts-src-eof)
cap dqbuf: 3 seq:   2763 bytesused: 12441600 ts: 269.152227 delta: 33.318 ms delta now: +33.218 ms fps: 30.00 (ts-monotonic, ts-src-eof)
cap dqbuf: 0 seq:   2764 bytesused: 12441600 ts: 269.185560 delta: 33.333 ms delta now: +33.069 ms fps: 30.00 (ts-monotonic, ts-src-eof)
cap dqbuf: 1 seq:   2765 bytesused: 12441600 ts: 269.218876 delta: 33.316 ms delta now: +33.297 ms fps: 30.00 (ts-monotonic, ts-src-eof)
cap dqbuf: 2 seq:   2766 bytesused: 12441600 ts: 269.252227 delta: 33.351 ms delta now: +33.203 ms fps: 30.00 (ts-monotonic, ts-src-eof)
cap dqbuf: 3 seq:   2767 bytesused: 12441600 ts: 269.285561 delta: 33.334 ms delta now: +33.190 ms fps: 30.00 (ts-monotonic, ts-src-eof)
cap dqbuf: 0 seq:   2768 bytesused: 12441600 ts: 269.318894 delta: 33.333 ms delta now: +33.306 ms fps: 30.00 (ts-monotonic, ts-src-eof)
cap dqbuf: 1 seq:   2769 bytesused: 12441600 ts: 269.352239 delta: 33.345 ms delta now: +33.152 ms fps: 30.00 (ts-monotonic, ts-src-eof)
cap dqbuf: 2 seq:   2770 bytesused: 12441600 ts: 269.385560 delta: 33.321 ms delta now: +32.188 ms fps: 30.00 (ts-monotonic, ts-src-eof)
cap dqbuf: 3 seq:   2771 bytesused: 12441600 ts: 269.418888 delta: 33.328 ms delta now: +32.193 ms fps: 30.00 (ts-monotonic, ts-src-eof)
cap dqbuf: 0 seq:   2772 bytesused: 12441600 ts: 269.452220 delta: 33.332 ms delta now: +32.193 ms fps: 30.00 (ts-monotonic, ts-src-eof)
cap dqbuf: 1 seq:   2773 bytesused: 12441600 ts: 269.485543 delta: 33.323 ms delta now: +33.363 ms fps: 30.00 (ts-monotonic, ts-src-eof)
cap dqbuf: 2 seq:   2774 bytesused: 12441600 ts: 269.518907 delta: 33.364 ms delta now: +33.224 ms fps: 30.00 (ts-monotonic, ts-src-eof)
cap dqbuf: 3 seq:   2775 bytesused: 12441600 ts: 269.552240 delta: 33.333 ms delta now: +33.323 ms fps: 30.00 (ts-monotonic, ts-src-eof)
cap dqbuf: 0 seq:   2776 bytesused: 12441600 ts: 269.585561 delta: 33.321 ms delta now: +33.172 ms fps: 30.00 (ts-monotonic, ts-src-eof)
cap dqbuf: 1 seq:   2777 bytesused: 12441600 ts: 269.618907 delta: 33.346 ms delta now: +33.056 ms fps: 30.00 (ts-monotonic, ts-src-eof)
cap dqbuf: 2 seq:   2778 bytesused: 12441600 ts: 269.652220 delta: 33.313 ms delta now: +33.333 ms fps: 30.00 (ts-monotonic, ts-src-eof)
cap dqbuf: 3 seq:   2779 bytesused: 12441600 ts: 269.685560 delta: 33.340 ms delta now: +32.187 ms fps: 30.00 (ts-monotonic, ts-src-eof)
cap dqbuf: 0 seq:   2780 bytesused: 12441600 ts: 269.718876 delta: 33.316 ms delta now: +33.206 ms fps: 30.00 (ts-monotonic, ts-src-eof)
cap dqbuf: 1 seq:   2781 bytesused: 12441600 ts: 269.752227 delta: 33.351 ms delta now: +32.196 ms fps: 30.00 (ts-monotonic, ts-src-eof)
cap dqbuf: 2 seq:   2782 bytesused: 12441600 ts: 269.785554 delta: 33.327 ms delta now: +33.066 ms fps: 30.00 (ts-monotonic, ts-src-eof)
cap dqbuf: 3 seq:   2783 bytesused: 12441600 ts: 269.818876 delta: 33.322 ms delta now: +33.221 ms fps: 30.00 (ts-monotonic, ts-src-eof)
cap dqbuf: 0 seq:   2784 bytesused: 12441600 ts: 269.852228 delta: 33.352 ms delta now: +33.287 ms fps: 30.00 (ts-monotonic, ts-src-eof)
cap dqbuf: 1 seq:   2785 bytesused: 12441600 ts: 269.885560 delta: 33.332 ms delta now: +33.330 ms fps: 30.00 (ts-monotonic, ts-src-eof)
cap dqbuf: 2 seq:   2786 bytesused: 12441600 ts: 269.918908 delta: 33.348 ms delta now: +32.174 ms fps: 30.00 (ts-monotonic, ts-src-eof)
cap dqbuf: 3 seq:   2787 bytesused: 12441600 ts: 269.952221 delta: 33.313 ms delta now: +33.070 ms fps: 30.00 (ts-monotonic, ts-src-eof)
cap dqbuf: 0 seq:   2788 bytesused: 12441600 ts: 269.985542 delta: 33.321 ms delta now: +33.351 ms fps: 30.00 (ts-monotonic, ts-src-eof)
cap dqbuf: 1 seq:   2789 bytesused: 12441600 ts: 270.018907 delta: 33.365 ms delta now: +33.178 ms fps: 30.00 (ts-monotonic, ts-src-eof)
cap dqbuf: 2 seq:   2790 bytesused: 12441600 ts: 270.052242 delta: 33.335 ms delta now: +32.172 ms fps: 30.00 (ts-monotonic, ts-src-eof)
cap dqbuf: 3 seq:   2791 bytesused: 12441600 ts: 270.085542 delta: 33.300 ms delta now: +33.312 ms fps: 30.00 (ts-monotonic, ts-src-eof)
cap dqbuf: 0 seq:   2792 bytesused: 12441600 ts: 270.118893 delta: 33.351 ms delta now: +33.289 ms fps: 30.00 (ts-monotonic, ts-src-eof)
cap dqbuf: 1 seq:   2793 bytesused: 12441600 ts: 270.152241 delta: 33.348 ms delta now: +32.201 ms fps: 30.00 (ts-monotonic, ts-src-eof)
cap dqbuf: 2 seq:   2794 bytesused: 12441600 ts: 270.185554 delta: 33.313 ms delta now: +32.875 ms fps: 30.00 (ts-monotonic, ts-src-eof)
cap dqbuf: 3 seq:   2795 bytesused: 12441600 ts: 270.218888 delta: 33.334 ms delta now: +33.163 ms fps: 30.00 (ts-monotonic, ts-src-eof)
cap dqbuf: 0 seq:   2796 bytesused: 12441600 ts: 270.252227 delta: 33.339 ms delta now: +32.200 ms fps: 30.00 (ts-monotonic, ts-src-eof)
cap dqbuf: 1 seq:   2797 bytesused: 12441600 ts: 270.285543 delta: 33.316 ms delta now: +33.077 ms fps: 30.00 (ts-monotonic, ts-src-eof)
cap dqbuf: 2 seq:   2798 bytesused: 12441600 ts: 270.318876 delta: 33.333 ms delta now: +33.079 ms fps: 30.00 (ts-monotonic, ts-src-eof)
cap dqbuf: 3 seq:   2799 bytesused: 12441600 ts: 270.352221 delta: 33.345 ms delta now: +33.293 ms fps: 30.00 (ts-monotonic, ts-src-eof)
cap dqbuf: 0 seq:   2800 bytesused: 12441600 ts: 270.385572 delta: 33.351 ms delta now: +33.170 ms fps: 30.00 (ts-monotonic, ts-src-eof)
cap dqbuf: 1 seq:   2801 bytesused: 12441600 ts: 270.418894 delta: 33.322 ms delta now: +32.589 ms fps: 30.00 (ts-monotonic, ts-src-eof)
cap dqbuf: 2 seq:   2802 bytesused: 12441600 ts: 270.452209 delta: 33.315 ms delta now: +33.064 ms fps: 30.00 (ts-monotonic, ts-src-eof)
cap dqbuf: 3 seq:   2803 bytesused: 12441600 ts: 270.485554 delta: 33.345 ms delta now: +33.207 ms fps: 30.00 (ts-monotonic, ts-src-eof)
cap dqbuf: 0 seq:   2804 bytesused: 12441600 ts: 270.518894 delta: 33.340 ms delta now: +33.074 ms fps: 30.00 (ts-monotonic, ts-src-eof)
cap dqbuf: 1 seq:   2805 bytesused: 12441600 ts: 270.552222 delta: 33.328 ms delta now: +33.180 ms fps: 30.00 (ts-monotonic, ts-src-eof)
cap dqbuf: 2 seq:   2806 bytesused: 12441600 ts: 270.585561 delta: 33.339 ms delta now: +33.280 ms fps: 30.00 (ts-monotonic, ts-src-eof)
cap dqbuf: 3 seq:   2807 bytesused: 12441600 ts: 270.618907 delta: 33.346 ms delta now: +33.323 ms fps: 30.00 (ts-monotonic, ts-src-eof)
cap dqbuf: 0 seq:   2808 bytesused: 12441600 ts: 270.652229 delta: 33.322 ms delta now: +33.235 ms fps: 30.00 (ts-monotonic, ts-src-eof)
cap dqbuf: 1 seq:   2809 bytesused: 12441600 ts: 270.685560 delta: 33.331 ms delta now: +33.054 ms fps: 30.00 (ts-monotonic, ts-src-eof)
cap dqbuf: 2 seq:   2810 bytesused: 12441600 ts: 270.718887 delta: 33.327 ms delta now: +33.161 ms fps: 30.00 (ts-monotonic, ts-src-eof)
cap dqbuf: 3 seq:   2811 bytesused: 12441600 ts: 270.752241 delta: 33.354 ms delta now: +32.177 ms fps: 30.00 (ts-monotonic, ts-src-eof)
cap dqbuf: 0 seq:   2812 bytesused: 12441600 ts: 270.785543 delta: 33.302 ms delta now: +33.214 ms fps: 30.00 (ts-monotonic, ts-src-eof)
cap dqbuf: 1 seq:   2813 bytesused: 12441600 ts: 270.818893 delta: 33.350 ms delta now: +33.079 ms fps: 30.00 (ts-monotonic, ts-src-eof)
cap dqbuf: 2 seq:   2814 bytesused: 12441600 ts: 270.852210 delta: 33.317 ms delta now: +33.304 ms fps: 30.00 (ts-monotonic, ts-src-eof)
cap dqbuf: 3 seq:   2815 bytesused: 12441600 ts: 270.885574 delta: 33.364 ms delta now: +33.323 ms fps: 30.00 (ts-monotonic, ts-src-eof)
cap dqbuf: 0 seq:   2816 bytesused: 12441600 ts: 270.918894 delta: 33.320 ms delta now: +33.310 ms fps: 30.00 (ts-monotonic, ts-src-eof)
cap dqbuf: 1 seq:   2817 bytesused: 12441600 ts: 270.952227 delta: 33.333 ms delta now: +33.064 ms fps: 30.00 (ts-monotonic, ts-src-eof)
cap dqbuf: 2 seq:   2818 bytesused: 12441600 ts: 270.985554 delta: 33.327 ms delta now: +33.287 ms fps: 30.00 (ts-monotonic, ts-src-eof)
cap dqbuf: 3 seq:   2819 bytesused: 12441600 ts: 271.018907 delta: 33.353 ms delta now: +32.175 ms fps: 30.00 (ts-monotonic, ts-src-eof)
cap dqbuf: 0 seq:   2820 bytesused: 12441600 ts: 271.052221 delta: 33.314 ms delta now: +33.323 ms fps: 30.00 (ts-monotonic, ts-src-eof)
cap dqbuf: 1 seq:   2821 bytesused: 12441600 ts: 271.085574 delta: 33.353 ms delta now: +33.151 ms fps: 30.00 (ts-monotonic, ts-src-eof)
cap dqbuf: 2 seq:   2822 bytesused: 12441600 ts: 271.118908 delta: 33.334 ms delta now: +33.270 ms fps: 30.00 (ts-monotonic, ts-src-eof)
cap dqbuf: 3 seq:   2823 bytesused: 12441600 ts: 271.152228 delta: 33.320 ms delta now: +33.119 ms fps: 30.00 (ts-monotonic, ts-src-eof)
cap dqbuf: 0 seq:   2824 bytesused: 12441600 ts: 271.185543 delta: 33.315 ms delta now: +32.217 ms fps: 30.00 (ts-monotonic, ts-src-eof)
cap dqbuf: 1 seq:   2825 bytesused: 12441600 ts: 271.218887 delta: 33.344 ms delta now: +33.078 ms fps: 30.00 (ts-monotonic, ts-src-eof)
cap dqbuf: 2 seq:   2826 bytesused: 12441600 ts: 271.252221 delta: 33.334 ms delta now: +33.190 ms fps: 30.00 (ts-monotonic, ts-src-eof)
cap dqbuf: 3 seq:   2827 bytesused: 12441600 ts: 271.285561 delta: 33.340 ms delta now: +33.364 ms fps: 30.00 (ts-monotonic, ts-src-eof)
cap dqbuf: 0 seq:   2828 bytesused: 12441600 ts: 271.318894 delta: 33.333 ms delta now: +33.339 ms fps: 30.00 (ts-monotonic, ts-src-eof)
cap dqbuf: 1 seq:   2829 bytesused: 12441600 ts: 271.352242 delta: 33.348 ms delta now: +33.095 ms fps: 30.00 (ts-monotonic, ts-src-eof)
cap dqbuf: 2 seq:   2830 bytesused: 12441600 ts: 271.385543 delta: 33.301 ms delta now: +33.248 ms fps: 30.00 (ts-monotonic, ts-src-eof)
cap dqbuf: 3 seq:   2831 bytesused: 12441600 ts: 271.418907 delta: 33.364 ms delta now: +32.174 ms fps: 30.00 (ts-monotonic, ts-src-eof)
cap dqbuf: 0 seq:   2832 bytesused: 12441600 ts: 271.452209 delta: 33.302 ms delta now: +33.089 ms fps: 30.00 (ts-monotonic, ts-src-eof)
cap dqbuf: 1 seq:   2833 bytesused: 12441600 ts: 271.485554 delta: 33.345 ms delta now: +33.200 ms fps: 30.00 (ts-monotonic, ts-src-eof)
cap dqbuf: 2 seq:   2834 bytesused: 12441600 ts: 271.518907 delta: 33.353 ms delta now: +33.037 ms fps: 30.00 (ts-monotonic, ts-src-eof)
cap dqbuf: 3 seq:   2835 bytesused: 12441600 ts: 271.552221 delta: 33.314 ms delta now: +33.369 ms fps: 30.00 (ts-monotonic, ts-src-eof)
cap dqbuf: 0 seq:   2836 bytesused: 12441600 ts: 271.585562 delta: 33.341 ms delta now: +33.049 ms fps: 30.00 (ts-monotonic, ts-src-eof)
cap dqbuf: 1 seq:   2837 bytesused: 12441600 ts: 271.618876 delta: 33.314 ms delta now: +33.086 ms fps: 30.00 (ts-monotonic, ts-src-eof)
cap dqbuf: 2 seq:   2838 bytesused: 12441600 ts: 271.652227 delta: 33.351 ms delta now: +33.321 ms fps: 30.00 (ts-monotonic, ts-src-eof)
cap dqbuf: 3 seq:   2839 bytesused: 12441600 ts: 271.685574 delta: 33.347 ms delta now: +33.278 ms fps: 30.00 (ts-monotonic, ts-src-eof)
cap dqbuf: 0 seq:   2840 bytesused: 12441600 ts: 271.718895 delta: 33.321 ms delta now: +33.216 ms fps: 30.00 (ts-monotonic, ts-src-eof)
cap dqbuf: 1 seq:   2841 bytesused: 12441600 ts: 271.752240 delta: 33.345 ms delta now: +33.047 ms fps: 30.00 (ts-monotonic, ts-src-eof)
cap dqbuf: 2 seq:   2842 bytesused: 12441600 ts: 271.785543 delta: 33.303 ms delta now: +33.362 ms fps: 30.00 (ts-monotonic, ts-src-eof)
cap dqbuf: 3 seq:   2843 bytesused: 12441600 ts: 271.818897 delta: 33.354 ms delta now: +33.182 ms fps: 30.00 (ts-monotonic, ts-src-eof)
cap dqbuf: 0 seq:   2844 bytesused: 12441600 ts: 271.852241 delta: 33.344 ms delta now: +33.049 ms fps: 30.00 (ts-monotonic, ts-src-eof)
cap dqbuf: 1 seq:   2845 bytesused: 12441600 ts: 271.885543 delta: 33.302 ms delta now: +33.199 ms fps: 30.00 (ts-monotonic, ts-src-eof)
cap dqbuf: 2 seq:   2846 bytesused: 12441600 ts: 271.918896 delta: 33.353 ms delta now: +33.239 ms fps: 30.00 (ts-monotonic, ts-src-eof)
cap dqbuf: 3 seq:   2847 bytesused: 12441600 ts: 271.952228 delta: 33.332 ms delta now: +33.289 ms fps: 30.00 (ts-monotonic, ts-src-eof)
cap dqbuf: 0 seq:   2848 bytesused: 12441600 ts: 271.985573 delta: 33.345 ms delta now: +33.169 ms fps: 30.00 (ts-monotonic, ts-src-eof)
cap dqbuf: 1 seq:   2849 bytesused: 12441600 ts: 272.018894 delta: 33.321 ms delta now: +33.289 ms fps: 30.00 (ts-monotonic, ts-src-eof)
cap dqbuf: 2 seq:   2850 bytesused: 12441600 ts: 272.052241 delta: 33.347 ms delta now: +33.157 ms fps: 30.00 (ts-monotonic, ts-src-eof)
cap dqbuf: 3 seq:   2851 bytesused: 12441600 ts: 272.085561 delta: 33.320 ms delta now: +32.187 ms fps: 30.00 (ts-monotonic, ts-src-eof)
cap dqbuf: 0 seq:   2852 bytesused: 12441600 ts: 272.118889 delta: 33.328 ms delta now: +33.170 ms fps: 30.00 (ts-monotonic, ts-src-eof)
cap dqbuf: 1 seq:   2853 bytesused: 12441600 ts: 272.152241 delta: 33.352 ms delta now: +32.200 ms fps: 30.00 (ts-monotonic, ts-src-eof)
cap dqbuf: 2 seq:   2854 bytesused: 12441600 ts: 272.185543 delta: 33.302 ms delta now: +33.315 ms fps: 30.00 (ts-monotonic, ts-src-eof)
cap dqbuf: 3 seq:   2855 bytesused: 12441600 ts: 272.218894 delta: 33.351 ms delta now: +32.196 ms fps: 30.00 (ts-monotonic, ts-src-eof)
cap dqbuf: 0 seq:   2856 bytesused: 12441600 ts: 272.252210 delta: 33.316 ms delta now: +32.219 ms fps: 30.00 (ts-monotonic, ts-src-eof)
cap dqbuf: 1 seq:   2857 bytesused: 12441600 ts: 272.285543 delta: 33.333 ms delta now: +33.209 ms fps: 30.00 (ts-monotonic, ts-src-eof)
cap dqbuf: 2 seq:   2858 bytesused: 12441600 ts: 272.318906 delta: 33.363 ms delta now: +33.227 ms fps: 30.00 (ts-monotonic, ts-src-eof)
cap dqbuf: 3 seq:   2859 bytesused: 12441600 ts: 272.352227 delta: 33.321 ms delta now: +32.187 ms fps: 30.00 (ts-monotonic, ts-src-eof)
cap dqbuf: 0 seq:   2860 bytesused: 12441600 ts: 272.385543 delta: 33.316 ms delta now: +33.084 ms fps: 30.00 (ts-monotonic, ts-src-eof)
cap dqbuf: 1 seq:   2861 bytesused: 12441600 ts: 272.418876 delta: 33.333 ms delta now: +33.327 ms fps: 30.00 (ts-monotonic, ts-src-eof)
cap dqbuf: 2 seq:   2862 bytesused: 12441600 ts: 272.452229 delta: 33.353 ms delta now: +33.375 ms fps: 30.00 (ts-monotonic, ts-src-eof)
cap dqbuf: 3 seq:   2863 bytesused: 12441600 ts: 272.485561 delta: 33.332 ms delta now: +33.290 ms fps: 30.00 (ts-monotonic, ts-src-eof)
cap dqbuf: 0 seq:   2864 bytesused: 12441600 ts: 272.518909 delta: 33.348 ms delta now: +33.159 ms fps: 30.00 (ts-monotonic, ts-src-eof)
cap dqbuf: 1 seq:   2865 bytesused: 12441600 ts: 272.552241 delta: 33.332 ms delta now: +33.046 ms fps: 30.00 (ts-monotonic, ts-src-eof)
cap dqbuf: 2 seq:   2866 bytesused: 12441600 ts: 272.585543 delta: 33.302 ms delta now: +32.205 ms fps: 30.00 (ts-monotonic, ts-src-eof)
cap dqbuf: 3 seq:   2867 bytesused: 12441600 ts: 272.618876 delta: 33.333 ms delta now: +33.060 ms fps: 30.00 (ts-monotonic, ts-src-eof)
cap dqbuf: 0 seq:   2868 bytesused: 12441600 ts: 272.652221 delta: 33.345 ms delta now: +33.362 ms fps: 30.00 (ts-monotonic, ts-src-eof)
cap dqbuf: 1 seq:   2869 bytesused: 12441600 ts: 272.685564 delta: 33.343 ms delta now: +33.106 ms fps: 30.00 (ts-monotonic, ts-src-eof)
cap dqbuf: 2 seq:   2870 bytesused: 12441600 ts: 272.718876 delta: 33.312 ms delta now: +33.108 ms fps: 30.00 (ts-monotonic, ts-src-eof)
cap dqbuf: 3 seq:   2871 bytesused: 12441600 ts: 272.752221 delta: 33.345 ms delta now: +32.198 ms fps: 30.00 (ts-monotonic, ts-src-eof)
cap dqbuf: 0 seq:   2872 bytesused: 12441600 ts: 272.785555 delta: 33.334 ms delta now: +33.180 ms fps: 30.00 (ts-monotonic, ts-src-eof)
cap dqbuf: 1 seq:   2873 bytesused: 12441600 ts: 272.818894 delta: 33.339 ms delta now: +33.201 ms fps: 30.00 (ts-monotonic, ts-src-eof)
cap dqbuf: 2 seq:   2874 bytesused: 12441600 ts: 272.852241 delta: 33.347 ms delta now: +33.040 ms fps: 30.00 (ts-monotonic, ts-src-eof)
cap dqbuf: 3 seq:   2875 bytesused: 12441600 ts: 272.885543 delta: 33.302 ms delta now: +33.351 ms fps: 30.00 (ts-monotonic, ts-src-eof)
cap dqbuf: 0 seq:   2876 bytesused: 12441600 ts: 272.918894 delta: 33.351 ms delta now: +33.297 ms fps: 30.00 (ts-monotonic, ts-src-eof)
cap dqbuf: 1 seq:   2877 bytesused: 12441600 ts: 272.952227 delta: 33.333 ms delta now: +33.169 ms fps: 30.00 (ts-monotonic, ts-src-eof)
cap dqbuf: 2 seq:   2878 bytesused: 12441600 ts: 272.985561 delta: 33.334 ms delta now: +32.190 ms fps: 30.00 (ts-monotonic, ts-src-eof)
cap dqbuf: 3 seq:   2879 bytesused: 12441600 ts: 273.018876 delta: 33.315 ms delta now: +33.072 ms fps: 30.00 (ts-monotonic, ts-src-eof)
cap dqbuf: 0 seq:   2880 bytesused: 12441600 ts: 273.052221 delta: 33.345 ms delta now: +33.142 ms fps: 30.00 (ts-monotonic, ts-src-eof)
cap dqbuf: 1 seq:   2881 bytesused: 12441600 ts: 273.085557 delta: 33.336 ms delta now: +33.049 ms fps: 30.00 (ts-monotonic, ts-src-eof)
cap dqbuf: 2 seq:   2882 bytesused: 12441600 ts: 273.118888 delta: 33.331 ms delta now: +33.060 ms fps: 30.00 (ts-monotonic, ts-src-eof)
cap dqbuf: 3 seq:   2883 bytesused: 12441600 ts: 273.152211 delta: 33.323 ms delta now: +33.280 ms fps: 30.00 (ts-monotonic, ts-src-eof)
cap dqbuf: 0 seq:   2884 bytesused: 12441600 ts: 273.185579 delta: 33.368 ms delta now: +33.321 ms fps: 30.00 (ts-monotonic, ts-src-eof)
cap dqbuf: 1 seq:   2885 bytesused: 12441600 ts: 273.218896 delta: 33.317 ms delta now: +32.194 ms fps: 30.00 (ts-monotonic, ts-src-eof)
cap dqbuf: 2 seq:   2886 bytesused: 12441600 ts: 273.252221 delta: 33.325 ms delta now: +33.293 ms fps: 30.00 (ts-monotonic, ts-src-eof)
cap dqbuf: 3 seq:   2887 bytesused: 12441600 ts: 273.285574 delta: 33.353 ms delta now: +33.292 ms fps: 30.00 (ts-monotonic, ts-src-eof)
cap dqbuf: 0 seq:   2888 bytesused: 12441600 ts: 273.318908 delta: 33.334 ms delta now: +33.169 ms fps: 30.00 (ts-monotonic, ts-src-eof)
cap dqbuf: 1 seq:   2889 bytesused: 12441600 ts: 273.352241 delta: 33.333 ms delta now: +32.173 ms fps: 30.00 (ts-monotonic, ts-src-eof)
cap dqbuf: 2 seq:   2890 bytesused: 12441600 ts: 273.385543 delta: 33.302 ms delta now: +33.069 ms fps: 30.00 (ts-monotonic, ts-src-eof)
cap dqbuf: 3 seq:   2891 bytesused: 12441600 ts: 273.418888 delta: 33.345 ms delta now: +33.305 ms fps: 30.00 (ts-monotonic, ts-src-eof)
cap dqbuf: 0 seq:   2892 bytesused: 12441600 ts: 273.452240 delta: 33.352 ms delta now: +33.267 ms fps: 30.00 (ts-monotonic, ts-src-eof)
cap dqbuf: 1 seq:   2893 bytesused: 12441600 ts: 273.485560 delta: 33.320 ms delta now: +32.193 ms fps: 30.00 (ts-monotonic, ts-src-eof)
cap dqbuf: 2 seq:   2894 bytesused: 12441600 ts: 273.518888 delta: 33.328 ms delta now: +33.096 ms fps: 30.00 (ts-monotonic, ts-src-eof)
cap dqbuf: 3 seq:   2895 bytesused: 12441600 ts: 273.552244 delta: 33.356 ms delta now: +33.226 ms fps: 30.00 (ts-monotonic, ts-src-eof)
cap dqbuf: 0 seq:   2896 bytesused: 12441600 ts: 273.585561 delta: 33.317 ms delta now: +33.050 ms fps: 30.00 (ts-monotonic, ts-src-eof)
cap dqbuf: 1 seq:   2897 bytesused: 12441600 ts: 273.618888 delta: 33.327 ms delta now: +33.292 ms fps: 30.00 (ts-monotonic, ts-src-eof)
cap dqbuf: 2 seq:   2898 bytesused: 12441600 ts: 273.652240 delta: 33.352 ms delta now: +32.178 ms fps: 30.00 (ts-monotonic, ts-src-eof)
cap dqbuf: 3 seq:   2899 bytesused: 12441600 ts: 273.685554 delta: 33.314 ms delta now: +33.075 ms fps: 30.00 (ts-monotonic, ts-src-eof)
cap dqbuf: 0 seq:   2900 bytesused: 12441600 ts: 273.718890 delta: 33.336 ms delta now: +32.192 ms fps: 30.00 (ts-monotonic, ts-src-eof)
cap dqbuf: 1 seq:   2901 bytesused: 12441600 ts: 273.752210 delta: 33.320 ms delta now: +33.207 ms fps: 30.00 (ts-monotonic, ts-src-eof)
cap dqbuf: 2 seq:   2902 bytesused: 12441600 ts: 273.785575 delta: 33.365 ms delta now: +32.188 ms fps: 30.00 (ts-monotonic, ts-src-eof)
cap dqbuf: 3 seq:   2903 bytesused: 12441600 ts: 273.818888 delta: 33.313 ms delta now: +32.197 ms fps: 30.00 (ts-monotonic, ts-src-eof)
cap dqbuf: 0 seq:   2904 bytesused: 12441600 ts: 273.852221 delta: 33.333 ms delta now: +33.174 ms fps: 30.00 (ts-monotonic, ts-src-eof)
cap dqbuf: 1 seq:   2905 bytesused: 12441600 ts: 273.885574 delta: 33.353 ms delta now: +32.174 ms fps: 30.00 (ts-monotonic, ts-src-eof)
cap dqbuf: 2 seq:   2906 bytesused: 12441600 ts: 273.918876 delta: 33.302 ms delta now: +33.263 ms fps: 30.00 (ts-monotonic, ts-src-eof)
cap dqbuf: 3 seq:   2907 bytesused: 12441600 ts: 273.952243 delta: 33.367 ms delta now: +33.173 ms fps: 30.00 (ts-monotonic, ts-src-eof)
cap dqbuf: 0 seq:   2908 bytesused: 12441600 ts: 273.985576 delta: 33.333 ms delta now: +33.227 ms fps: 30.00 (ts-monotonic, ts-src-eof)
cap dqbuf: 1 seq:   2909 bytesused: 12441600 ts: 274.018907 delta: 33.331 ms delta now: +33.173 ms fps: 30.00 (ts-monotonic, ts-src-eof)
cap dqbuf: 2 seq:   2910 bytesused: 12441600 ts: 274.052240 delta: 33.333 ms delta now: +33.176 ms fps: 30.00 (ts-monotonic, ts-src-eof)
cap dqbuf: 3 seq:   2911 bytesused: 12441600 ts: 274.085561 delta: 33.321 ms delta now: +33.059 ms fps: 30.00 (ts-monotonic, ts-src-eof)
cap dqbuf: 0 seq:   2912 bytesused: 12441600 ts: 274.118888 delta: 33.327 ms delta now: +32.634 ms fps: 30.00 (ts-monotonic, ts-src-eof)
cap dqbuf: 1 seq:   2913 bytesused: 12441600 ts: 274.152221 delta: 33.333 ms delta now: +33.328 ms fps: 30.00 (ts-monotonic, ts-src-eof)
cap dqbuf: 2 seq:   2914 bytesused: 12441600 ts: 274.185565 delta: 33.344 ms delta now: +32.200 ms fps: 30.00 (ts-monotonic, ts-src-eof)
cap dqbuf: 3 seq:   2915 bytesused: 12441600 ts: 274.218888 delta: 33.323 ms delta now: +33.048 ms fps: 30.00 (ts-monotonic, ts-src-eof)
cap dqbuf: 0 seq:   2916 bytesused: 12441600 ts: 274.252210 delta: 33.322 ms delta now: +33.311 ms fps: 30.00 (ts-monotonic, ts-src-eof)
cap dqbuf: 1 seq:   2917 bytesused: 12441600 ts: 274.285575 delta: 33.365 ms delta now: +33.190 ms fps: 30.00 (ts-monotonic, ts-src-eof)
cap dqbuf: 2 seq:   2918 bytesused: 12441600 ts: 274.318894 delta: 33.319 ms delta now: +32.187 ms fps: 30.00 (ts-monotonic, ts-src-eof)
cap dqbuf: 3 seq:   2919 bytesused: 12441600 ts: 274.352221 delta: 33.327 ms delta now: +33.070 ms fps: 30.00 (ts-monotonic, ts-src-eof)
cap dqbuf: 0 seq:   2920 bytesused: 12441600 ts: 274.385555 delta: 33.334 ms delta now: +33.331 ms fps: 30.00 (ts-monotonic, ts-src-eof)
cap dqbuf: 1 seq:   2921 bytesused: 12441600 ts: 274.418910 delta: 33.355 ms delta now: +33.030 ms fps: 30.00 (ts-monotonic, ts-src-eof)
cap dqbuf: 2 seq:   2922 bytesused: 12441600 ts: 274.452210 delta: 33.300 ms delta now: +33.268 ms fps: 30.00 (ts-monotonic, ts-src-eof)
cap dqbuf: 3 seq:   2923 bytesused: 12441600 ts: 274.485575 delta: 33.365 ms delta now: +32.173 ms fps: 30.00 (ts-monotonic, ts-src-eof)
cap dqbuf: 0 seq:   2924 bytesused: 12441600 ts: 274.518888 delta: 33.313 ms delta now: +33.058 ms fps: 30.00 (ts-monotonic, ts-src-eof)
cap dqbuf: 1 seq:   2925 bytesused: 12441600 ts: 274.552221 delta: 33.333 ms delta now: +33.168 ms fps: 30.00 (ts-monotonic, ts-src-eof)
cap dqbuf: 2 seq:   2926 bytesused: 12441600 ts: 274.585574 delta: 33.353 ms delta now: +33.289 ms fps: 30.00 (ts-monotonic, ts-src-eof)
cap dqbuf: 3 seq:   2927 bytesused: 12441600 ts: 274.618894 delta: 33.320 ms delta now: +33.268 ms fps: 30.00 (ts-monotonic, ts-src-eof)
cap dqbuf: 0 seq:   2928 bytesused: 12441600 ts: 274.652241 delta: 33.347 ms delta now: +33.029 ms fps: 30.00 (ts-monotonic, ts-src-eof)
cap dqbuf: 1 seq:   2929 bytesused: 12441600 ts: 274.685557 delta: 33.316 ms delta now: +33.180 ms fps: 30.00 (ts-monotonic, ts-src-eof)
cap dqbuf: 2 seq:   2930 bytesused: 12441600 ts: 274.718894 delta: 33.337 ms delta now: +33.067 ms fps: 30.00 (ts-monotonic, ts-src-eof)
cap dqbuf: 3 seq:   2931 bytesused: 12441600 ts: 274.752222 delta: 33.328 ms delta now: +33.332 ms fps: 30.00 (ts-monotonic, ts-src-eof)
cap dqbuf: 0 seq:   2932 bytesused: 12441600 ts: 274.785577 delta: 33.355 ms delta now: +33.179 ms fps: 30.00 (ts-monotonic, ts-src-eof)
cap dqbuf: 1 seq:   2933 bytesused: 12441600 ts: 274.818909 delta: 33.332 ms delta now: +33.189 ms fps: 30.00 (ts-monotonic, ts-src-eof)
cap dqbuf: 2 seq:   2934 bytesused: 12441600 ts: 274.852232 delta: 33.323 ms delta now: +33.169 ms fps: 30.00 (ts-monotonic, ts-src-eof)
cap dqbuf: 3 seq:   2935 bytesused: 12441600 ts: 274.885575 delta: 33.343 ms delta now: +33.150 ms fps: 30.00 (ts-monotonic, ts-src-eof)
cap dqbuf: 0 seq:   2936 bytesused: 12441600 ts: 274.918894 delta: 33.319 ms delta now: +33.058 ms fps: 30.00 (ts-monotonic, ts-src-eof)
cap dqbuf: 1 seq:   2937 bytesused: 12441600 ts: 274.952222 delta: 33.328 ms delta now: +33.199 ms fps: 30.00 (ts-monotonic, ts-src-eof)
cap dqbuf: 2 seq:   2938 bytesused: 12441600 ts: 274.985574 delta: 33.352 ms delta now: +33.034 ms fps: 30.00 (ts-monotonic, ts-src-eof)
cap dqbuf: 3 seq:   2939 bytesused: 12441600 ts: 275.018889 delta: 33.315 ms delta now: +33.181 ms fps: 30.00 (ts-monotonic, ts-src-eof)
cap dqbuf: 0 seq:   2940 bytesused: 12441600 ts: 275.052228 delta: 33.339 ms delta now: +32.187 ms fps: 30.00 (ts-monotonic, ts-src-eof)
cap dqbuf: 1 seq:   2941 bytesused: 12441600 ts: 275.085544 delta: 33.316 ms delta now: +33.298 ms fps: 30.00 (ts-monotonic, ts-src-eof)
cap dqbuf: 2 seq:   2942 bytesused: 12441600 ts: 275.118907 delta: 33.363 ms delta now: +32.181 ms fps: 30.00 (ts-monotonic, ts-src-eof)
cap dqbuf: 3 seq:   2943 bytesused: 12441600 ts: 275.152221 delta: 33.314 ms delta now: +33.301 ms fps: 30.00 (ts-monotonic, ts-src-eof)
cap dqbuf: 0 seq:   2944 bytesused: 12441600 ts: 275.185560 delta: 33.339 ms delta now: +32.988 ms fps: 30.00 (ts-monotonic, ts-src-eof)
cap dqbuf: 1 seq:   2945 bytesused: 12441600 ts: 275.218905 delta: 33.345 ms delta now: +33.289 ms fps: 30.00 (ts-monotonic, ts-src-eof)
cap dqbuf: 2 seq:   2946 bytesused: 12441600 ts: 275.252227 delta: 33.322 ms delta now: +32.191 ms fps: 30.00 (ts-monotonic, ts-src-eof)
cap dqbuf: 3 seq:   2947 bytesused: 12441600 ts: 275.285555 delta: 33.328 ms delta now: +32.196 ms fps: 30.00 (ts-monotonic, ts-src-eof)
cap dqbuf: 0 seq:   2948 bytesused: 12441600 ts: 275.318888 delta: 33.333 ms delta now: +32.197 ms fps: 30.00 (ts-monotonic, ts-src-eof)
cap dqbuf: 1 seq:   2949 bytesused: 12441600 ts: 275.352210 delta: 33.322 ms delta now: +33.163 ms fps: 30.00 (ts-monotonic, ts-src-eof)
cap dqbuf: 2 seq:   2950 bytesused: 12441600 ts: 275.385555 delta: 33.345 ms delta now: +32.192 ms fps: 30.00 (ts-monotonic, ts-src-eof)
cap dqbuf: 3 seq:   2951 bytesused: 12441600 ts: 275.418888 delta: 33.333 ms delta now: +32.199 ms fps: 30.00 (ts-monotonic, ts-src-eof)
cap dqbuf: 0 seq:   2952 bytesused: 12441600 ts: 275.452221 delta: 33.333 ms delta now: +33.058 ms fps: 30.00 (ts-monotonic, ts-src-eof)
cap dqbuf: 1 seq:   2953 bytesused: 12441600 ts: 275.485543 delta: 33.322 ms delta now: +33.192 ms fps: 30.00 (ts-monotonic, ts-src-eof)
cap dqbuf: 2 seq:   2954 bytesused: 12441600 ts: 275.518908 delta: 33.365 ms delta now: +33.043 ms fps: 30.00 (ts-monotonic, ts-src-eof)
cap dqbuf: 3 seq:   2955 bytesused: 12441600 ts: 275.552222 delta: 33.314 ms delta now: +33.283 ms fps: 30.00 (ts-monotonic, ts-src-eof)
cap dqbuf: 0 seq:   2956 bytesused: 12441600 ts: 275.585561 delta: 33.339 ms delta now: +33.199 ms fps: 30.00 (ts-monotonic, ts-src-eof)
cap dqbuf: 1 seq:   2957 bytesused: 12441600 ts: 275.618908 delta: 33.347 ms delta now: +32.176 ms fps: 30.00 (ts-monotonic, ts-src-eof)
cap dqbuf: 2 seq:   2958 bytesused: 12441600 ts: 275.652221 delta: 33.313 ms delta now: +33.210 ms fps: 30.00 (ts-monotonic, ts-src-eof)
cap dqbuf: 3 seq:   2959 bytesused: 12441600 ts: 275.685561 delta: 33.340 ms delta now: +32.187 ms fps: 30.00 (ts-monotonic, ts-src-eof)
cap dqbuf: 0 seq:   2960 bytesused: 12441600 ts: 275.718888 delta: 33.327 ms delta now: +32.194 ms fps: 30.00 (ts-monotonic, ts-src-eof)
cap dqbuf: 1 seq:   2961 bytesused: 12441600 ts: 275.752221 delta: 33.333 ms delta now: +33.296 ms fps: 30.00 (ts-monotonic, ts-src-eof)
cap dqbuf: 2 seq:   2962 bytesused: 12441600 ts: 275.785561 delta: 33.340 ms delta now: +33.234 ms fps: 30.00 (ts-monotonic, ts-src-eof)
cap dqbuf: 3 seq:   2963 bytesused: 12441600 ts: 275.818908 delta: 33.347 ms delta now: +33.234 ms fps: 30.00 (ts-monotonic, ts-src-eof)
cap dqbuf: 0 seq:   2964 bytesused: 12441600 ts: 275.852228 delta: 33.320 ms delta now: +33.202 ms fps: 30.00 (ts-monotonic, ts-src-eof)
cap dqbuf: 1 seq:   2965 bytesused: 12441600 ts: 275.885575 delta: 33.347 ms delta now: +33.270 ms fps: 30.00 (ts-monotonic, ts-src-eof)
cap dqbuf: 2 seq:   2966 bytesused: 12441600 ts: 275.918907 delta: 33.332 ms delta now: +33.181 ms fps: 30.00 (ts-monotonic, ts-src-eof)
cap dqbuf: 3 seq:   2967 bytesused: 12441600 ts: 275.952242 delta: 33.335 ms delta now: +33.234 ms fps: 30.00 (ts-monotonic, ts-src-eof)
cap dqbuf: 0 seq:   2968 bytesused: 12441600 ts: 275.985573 delta: 33.331 ms delta now: +33.042 ms fps: 30.00 (ts-monotonic, ts-src-eof)
cap dqbuf: 1 seq:   2969 bytesused: 12441600 ts: 276.018876 delta: 33.303 ms delta now: +33.211 ms fps: 30.00 (ts-monotonic, ts-src-eof)
cap dqbuf: 2 seq:   2970 bytesused: 12441600 ts: 276.052227 delta: 33.351 ms delta now: +33.236 ms fps: 30.00 (ts-monotonic, ts-src-eof)
cap dqbuf: 3 seq:   2971 bytesused: 12441600 ts: 276.085575 delta: 33.348 ms delta now: +32.173 ms fps: 30.00 (ts-monotonic, ts-src-eof)
cap dqbuf: 0 seq:   2972 bytesused: 12441600 ts: 276.118877 delta: 33.302 ms delta now: +33.070 ms fps: 30.00 (ts-monotonic, ts-src-eof)
cap dqbuf: 1 seq:   2973 bytesused: 12441600 ts: 276.152222 delta: 33.345 ms delta now: +33.292 ms fps: 30.00 (ts-monotonic, ts-src-eof)
cap dqbuf: 2 seq:   2974 bytesused: 12441600 ts: 276.185561 delta: 33.339 ms delta now: +32.473 ms fps: 30.00 (ts-monotonic, ts-src-eof)
cap dqbuf: 3 seq:   2975 bytesused: 12441600 ts: 276.218888 delta: 33.327 ms delta now: +33.052 ms fps: 30.00 (ts-monotonic, ts-src-eof)
cap dqbuf: 0 seq:   2976 bytesused: 12441600 ts: 276.252223 delta: 33.335 ms delta now: +32.197 ms fps: 30.00 (ts-monotonic, ts-src-eof)
cap dqbuf: 1 seq:   2977 bytesused: 12441600 ts: 276.285556 delta: 33.333 ms delta now: +33.177 ms fps: 30.00 (ts-monotonic, ts-src-eof)
cap dqbuf: 2 seq:   2978 bytesused: 12441600 ts: 276.318894 delta: 33.338 ms delta now: +32.202 ms fps: 30.00 (ts-monotonic, ts-src-eof)
cap dqbuf: 3 seq:   2979 bytesused: 12441600 ts: 276.352222 delta: 33.328 ms delta now: +33.245 ms fps: 30.00 (ts-monotonic, ts-src-eof)
cap dqbuf: 0 seq:   2980 bytesused: 12441600 ts: 276.385577 delta: 33.355 ms delta now: +32.174 ms fps: 30.00 (ts-monotonic, ts-src-eof)
cap dqbuf: 1 seq:   2981 bytesused: 12441600 ts: 276.418888 delta: 33.311 ms delta now: +32.194 ms fps: 30.00 (ts-monotonic, ts-src-eof)
cap dqbuf: 2 seq:   2982 bytesused: 12441600 ts: 276.452221 delta: 33.333 ms delta now: +33.198 ms fps: 30.00 (ts-monotonic, ts-src-eof)
cap dqbuf: 3 seq:   2983 bytesused: 12441600 ts: 276.485562 delta: 33.341 ms delta now: +33.172 ms fps: 30.00 (ts-monotonic, ts-src-eof)
cap dqbuf: 0 seq:   2984 bytesused: 12441600 ts: 276.518908 delta: 33.346 ms delta now: +33.047 ms fps: 30.00 (ts-monotonic, ts-src-eof)
cap dqbuf: 1 seq:   2985 bytesused: 12441600 ts: 276.552222 delta: 33.314 ms delta now: +32.193 ms fps: 30.00 (ts-monotonic, ts-src-eof)
cap dqbuf: 2 seq:   2986 bytesused: 12441600 ts: 276.585555 delta: 33.333 ms delta now: +33.076 ms fps: 30.00 (ts-monotonic, ts-src-eof)
cap dqbuf: 3 seq:   2987 bytesused: 12441600 ts: 276.618888 delta: 33.333 ms delta now: +33.230 ms fps: 30.00 (ts-monotonic, ts-src-eof)
cap dqbuf: 0 seq:   2988 bytesused: 12441600 ts: 276.652228 delta: 33.340 ms delta now: +33.058 ms fps: 30.00 (ts-monotonic, ts-src-eof)
cap dqbuf: 1 seq:   2989 bytesused: 12441600 ts: 276.685555 delta: 33.327 ms delta now: +33.189 ms fps: 30.00 (ts-monotonic, ts-src-eof)
cap dqbuf: 2 seq:   2990 bytesused: 12441600 ts: 276.718908 delta: 33.353 ms delta now: +32.173 ms fps: 30.00 (ts-monotonic, ts-src-eof)
cap dqbuf: 3 seq:   2991 bytesused: 12441600 ts: 276.752221 delta: 33.313 ms delta now: +33.194 ms fps: 30.00 (ts-monotonic, ts-src-eof)
cap dqbuf: 0 seq:   2992 bytesused: 12441600 ts: 276.785562 delta: 33.341 ms delta now: +32.186 ms fps: 30.00 (ts-monotonic, ts-src-eof)
cap dqbuf: 1 seq:   2993 bytesused: 12441600 ts: 276.818888 delta: 33.326 ms delta now: +32.200 ms fps: 30.00 (ts-monotonic, ts-src-eof)
cap dqbuf: 2 seq:   2994 bytesused: 12441600 ts: 276.852221 delta: 33.333 ms delta now: +32.200 ms fps: 30.00 (ts-monotonic, ts-src-eof)
cap dqbuf: 3 seq:   2995 bytesused: 12441600 ts: 276.885543 delta: 33.322 ms delta now: +32.205 ms fps: 30.00 (ts-monotonic, ts-src-eof)
cap dqbuf: 0 seq:   2996 bytesused: 12441600 ts: 276.918877 delta: 33.334 ms delta now: +32.204 ms fps: 30.00 (ts-monotonic, ts-src-eof)
cap dqbuf: 1 seq:   2997 bytesused: 12441600 ts: 276.952222 delta: 33.345 ms delta now: +33.069 ms fps: 30.00 (ts-monotonic, ts-src-eof)
cap dqbuf: 2 seq:   2998 bytesused: 12441600 ts: 276.985544 delta: 33.322 ms delta now: +33.171 ms fps: 30.00 (ts-monotonic, ts-src-eof)
cap dqbuf: 3 seq:   2999 bytesused: 12441600 ts: 277.018889 delta: 33.345 ms delta now: +32.193 ms fps: 30.00 (ts-monotonic, ts-src-eof)
cap dqbuf: 0 seq:   3000 bytesused: 12441600 ts: 277.052221 delta: 33.332 ms delta now: +32.194 ms fps: 30.00 (ts-monotonic, ts-src-eof)
cap dqbuf: 1 seq:   3001 bytesused: 12441600 ts: 277.085543 delta: 33.322 ms delta now: +33.097 ms fps: 30.00 (ts-monotonic, ts-src-eof)
cap dqbuf: 2 seq:   3002 bytesused: 12441600 ts: 277.118888 delta: 33.345 ms delta now: +33.260 ms fps: 30.00 (ts-monotonic, ts-src-eof)
cap dqbuf: 3 seq:   3003 bytesused: 12441600 ts: 277.152228 delta: 33.340 ms delta now: +33.070 ms fps: 30.00 (ts-monotonic, ts-src-eof)
cap dqbuf: 0 seq:   3004 bytesused: 12441600 ts: 277.185543 delta: 33.315 ms delta now: +33.216 ms fps: 30.00 (ts-monotonic, ts-src-eof)
cap dqbuf: 1 seq:   3005 bytesused: 12441600 ts: 277.218895 delta: 33.352 ms delta now: +32.195 ms fps: 30.00 (ts-monotonic, ts-src-eof)
cap dqbuf: 2 seq:   3006 bytesused: 12441600 ts: 277.252222 delta: 33.327 ms delta now: +33.292 ms fps: 30.00 (ts-monotonic, ts-src-eof)
cap dqbuf: 3 seq:   3007 bytesused: 12441600 ts: 277.285575 delta: 33.353 ms delta now: +32.173 ms fps: 30.00 (ts-monotonic, ts-src-eof)

VIDIOC_QUERYCAP: ok
VIDIOC_G_FMT: ok
VIDIOC_S_FMT: ok
Format Video Capture Multiplanar:
	Width/Height      : 3840/2160
	Pixel Format      : 'NV12' (Y/CbCr 4:2:0)
	Field             : None
	Number of planes  : 1
	Flags             : 
	Colorspace        : Default
	Transfer Function : Default
	YCbCr/HSV Encoding: Default
	Quantization      : Full Range
	Plane 0           :
	   Bytes per Line : 3840
	   Size Image     : 12441600
