Jan  1 00:00:11 ATK-DLRK3588 daemon.debug bluetoothd[593]: src/shared/mgmt.c:send_request() [0x0000] command 0x0010
Jan  1 00:00:11 ATK-DLRK3588 daemon.debug bluetoothd[593]: src/shared/mgmt.c:can_read_data() [0x0000] event 0x0007
Jan  1 00:00:11 ATK-DLRK3588 daemon.debug bluetoothd[593]: src/adapter.c:dev_class_changed_callback() Class: 0x2c0414
Jan  1 00:00:11 ATK-DLRK3588 daemon.info /usr/sbin/irqbalance: IRQ 94: Override balance_level to core
Jan  1 00:00:11 ATK-DLRK3588 daemon.debug bluetoothd[593]: src/shared/mgmt.c:can_read_data() [0x0000] command 0x0010 complete: 0x00
Jan  1 00:00:11 ATK-DLRK3588 daemon.info /usr/sbin/irqbalance: IRQ 95: Override balance_level to core
Jan  1 00:00:12 ATK-DLRK3588 daemon.info /usr/sbin/irqbalance: IRQ 96: Override balance_level to core
Jan  1 00:00:12 ATK-DLRK3588 daemon.info /usr/sbin/irqbalance: IRQ 97: Override balance_level to core
Jan  1 00:00:12 ATK-DLRK3588 user.notice fstrim: Starting fstrim process (772)...
Jan  1 00:00:12 ATK-DLRK3588 daemon.info /usr/sbin/irqbalance: IRQ 100: Override balance_level to core
Jan  1 00:00:12 ATK-DLRK3588 daemon.info : starting pid 797, tty '': '-/bin/sh '
Jan  1 00:00:12 ATK-DLRK3588 daemon.info /usr/sbin/irqbalance: IRQ 101: Override balance_level to core
Jan  1 00:00:12 ATK-DLRK3588 daemon.info /usr/sbin/irqbalance: IRQ 102: Override balance_level to core
Jan  1 00:00:12 ATK-DLRK3588 user.notice power-key.sh: [796]: Received power key event: release...
Jan  1 00:00:12 ATK-DLRK3588 daemon.info /usr/sbin/irqbalance: IRQ 104: Override balance_level to core
Jan  1 00:00:12 ATK-DLRK3588 daemon.info /usr/sbin/irqbalance: IRQ 105: Override balance_level to core
Jan  1 00:00:12 ATK-DLRK3588 user.notice fstrim: /oem: 117170176 bytes trimmed
Jan  1 00:00:12 ATK-DLRK3588 daemon.info /usr/sbin/irqbalance: IRQ 106: Override balance_level to core
Jan  1 00:00:12 ATK-DLRK3588 kern.crit kernel: [   38.415911] EXT4-fs error (device mmcblk0p8): ext4_validate_block_bitmap:420: comm fstrim: bg 97: bad block bitmap checksum
Jan  1 00:00:12 ATK-DLRK3588 daemon.info /usr/sbin/irqbalance: IRQ 107: Override balance_level to core
Jan  1 00:00:12 ATK-DLRK3588 daemon.info /usr/sbin/irqbalance: IRQ 108: Override balance_level to core
Jan  1 00:00:12 ATK-DLRK3588 daemon.info /usr/sbin/irqbalance: IRQ 109: Override balance_level to core
Jan  1 00:00:12 ATK-DLRK3588 daemon.info /usr/sbin/irqbalance: IRQ 110: Override balance_level to core
Jan  1 00:00:13 ATK-DLRK3588 daemon.info /usr/sbin/irqbalance: IRQ 111: Override balance_level to core
Jan  1 00:00:13 ATK-DLRK3588 daemon.info /usr/sbin/irqbalance: IRQ 112: Override balance_level to core
Jan  1 00:00:13 ATK-DLRK3588 daemon.info /usr/sbin/irqbalance: IRQ 113: Override balance_level to core
Jan  1 00:00:13 ATK-DLRK3588 user.notice usbdevice: [713]: Run stage: usb_init
Jan  1 00:00:13 ATK-DLRK3588 daemon.info /usr/sbin/irqbalance: IRQ 114: Override balance_level to core
Jan  1 00:00:13 ATK-DLRK3588 daemon.info /usr/sbin/irqbalance: IRQ 115: Override balance_level to core
Jan  1 00:00:13 ATK-DLRK3588 user.notice usbdevice: [713]: Initializing
Jan  1 00:00:13 ATK-DLRK3588 daemon.info /usr/sbin/irqbalance: IRQ 120: Override balance_level to core
Jan  1 00:00:13 ATK-DLRK3588 daemon.info /usr/sbin/irqbalance: IRQ 121: Override balance_level to core
Jan  1 00:00:13 ATK-DLRK3588 daemon.info /usr/sbin/irqbalance: IRQ 122: Override balance_level to core
Jan  1 00:00:13 ATK-DLRK3588 user.notice usbdevice: [713]: USB state: DISCONNECTED
Jan  1 00:00:13 ATK-DLRK3588 daemon.info /usr/sbin/irqbalance: IRQ 123: Override balance_level to core
Jan  1 00:00:13 ATK-DLRK3588 daemon.info /usr/sbin/irqbalance: IRQ 124: Override balance_level to core
Jan  1 00:00:13 ATK-DLRK3588 user.notice usbdevice: [713]: Using USB UDC device: fc000000.usb
Jan  1 00:00:13 ATK-DLRK3588 daemon.info /usr/sbin/irqbalance: IRQ 125: Override balance_level to core
Jan  1 00:00:13 ATK-DLRK3588 daemon.info /usr/sbin/irqbalance: IRQ 131: Override balance_level to core
Jan  1 00:00:13 ATK-DLRK3588 daemon.info /usr/sbin/irqbalance: IRQ 132: Override balance_level to core
Jan  1 00:00:13 ATK-DLRK3588 user.notice usbdevice: [713]: Run stage: usb_start
Jan  1 00:00:13 ATK-DLRK3588 daemon.info /usr/sbin/irqbalance: IRQ 133: Override balance_level to core
Jan  1 00:00:13 ATK-DLRK3588 user.notice usbdevice: [713]: Starting functions: adb
Jan  1 00:00:13 ATK-DLRK3588 daemon.info /usr/sbin/irqbalance: IRQ 134: Override balance_level to core
Jan  1 00:00:13 ATK-DLRK3588 daemon.info /usr/sbin/irqbalance: IRQ 136: Override balance_level to core
Jan  1 00:00:13 ATK-DLRK3588 user.notice usbdevice: [713]: Preparing instance: ffs.adb
Jan  1 00:00:14 ATK-DLRK3588 kern.info kernel: [   39.638423] file system registered
Jan  1 00:00:14 ATK-DLRK3588 daemon.info /usr/sbin/irqbalance: IRQ 137: Override balance_level to core
Jan  1 00:00:14 ATK-DLRK3588 user.notice usbdevice: [713]: Run stage: adb_prepare
Jan  1 00:00:14 ATK-DLRK3588 daemon.info /usr/sbin/irqbalance: IRQ 138: Override balance_level to core
Jan  1 00:00:14 ATK-DLRK3588 daemon.info /usr/sbin/irqbalance: IRQ 140: Override balance_level to core
Jan  1 00:00:14 ATK-DLRK3588 daemon.info /usr/sbin/irqbalance: IRQ 141: Override balance_level to core
Jan  1 00:00:14 ATK-DLRK3588 daemon.info /usr/sbin/irqbalance: IRQ 147: Override balance_level to core
Jan  1 00:00:14 ATK-DLRK3588 daemon.info /usr/sbin/irqbalance: IRQ 152: Override balance_level to core
Jan  1 00:00:14 ATK-DLRK3588 kern.info kernel: [   39.883792] read descriptors
Jan  1 00:00:14 ATK-DLRK3588 kern.info kernel: [   39.883832] read strings
Jan  1 00:00:14 ATK-DLRK3588 daemon.info /usr/sbin/irqbalance: IRQ 153: Override balance_level to core
Jan  1 00:00:14 ATK-DLRK3588 daemon.info /usr/sbin/irqbalance: IRQ 154: Override balance_level to core
Jan  1 00:00:14 ATK-DLRK3588 daemon.info /usr/sbin/irqbalance: IRQ 155: Override balance_level to core
Jan  1 00:00:14 ATK-DLRK3588 daemon.info /usr/sbin/irqbalance: IRQ 156: Override balance_level to core
Jan  1 00:00:14 ATK-DLRK3588 daemon.info /usr/sbin/irqbalance: IRQ 157: Override balance_level to core
Jan  1 00:00:14 ATK-DLRK3588 daemon.info /usr/sbin/irqbalance: IRQ 159: Override balance_level to core
Jan  1 00:00:14 ATK-DLRK3588 user.notice usbdevice: [713]: Starting instance: ffs.adb
Jan  1 00:00:14 ATK-DLRK3588 daemon.info /usr/sbin/irqbalance: IRQ 161: Override balance_level to core
Jan  1 00:00:14 ATK-DLRK3588 user.notice usbdevice: [713]: Done start request
Jan  1 00:00:14 ATK-DLRK3588 daemon.info /usr/sbin/irqbalance: IRQ 162: Override balance_level to core
Jan  1 00:00:14 ATK-DLRK3588 kern.info kernel: [   40.217941] android_work: did not send uevent (0 0 0000000000000000)
Jan  1 00:00:14 ATK-DLRK3588 daemon.info /usr/sbin/irqbalance: IRQ 163: Override balance_level to core
Jan  1 00:00:14 ATK-DLRK3588 daemon.info /usr/sbin/irqbalance: IRQ 164: Override balance_level to core
Jan  1 00:00:14 ATK-DLRK3588 daemon.info /usr/sbin/irqbalance: IRQ 166: Override balance_level to core
Jan  1 00:00:14 ATK-DLRK3588 daemon.info /usr/sbin/irqbalance: IRQ 167: Override balance_level to core
Jan  1 00:00:14 ATK-DLRK3588 daemon.info /usr/sbin/irqbalance: IRQ 168: Override balance_level to core
Jan  1 00:00:14 ATK-DLRK3588 daemon.info /usr/sbin/irqbalance: IRQ 158: Override balance_level to core
Jan  1 00:00:17 ATK-DLRK3588 kern.info kernel: [   42.684399] Freeing drm_logo memory: 1256K
Jan  1 00:03:23 ATK-DLRK3588 auth.info sshd[1047]: Accepted password for root from 192.168.5.10 port 59508 ssh2
Jan  1 00:03:45 ATK-DLRK3588 kern.info kernel: [  250.869048] rkisp_hw fdcb0000.rkisp: set isp clk = 396000000Hz
Jan  1 00:03:45 ATK-DLRK3588 kern.info kernel: [  250.871317] rkcif-mipi-lvds2: stream[0] start streaming
Jan  1 00:03:45 ATK-DLRK3588 user.notice rkaiq_3A: DBG: /dev/media4: wait stream start event success ...
Jan  1 00:03:45 ATK-DLRK3588 user.notice rkaiq_3A: DBG: device manager start
Jan  1 00:03:45 ATK-DLRK3588 kern.info kernel: [  250.874669] rkcif-mipi-lvds2: Allocate dummy buffer, size: 0x01028000
Jan  1 00:03:45 ATK-DLRK3588 kern.err kernel: [  250.874716] rockchip-mipi-csi2 mipi2-csi2: stream on, src_sd: 00000000d18490c1, sd_name:rockchip-csi2-dphy0
Jan  1 00:03:45 ATK-DLRK3588 kern.err kernel: [  250.874720] rockchip-mipi-csi2 mipi2-csi2: stream ON
Jan  1 00:03:45 ATK-DLRK3588 kern.info kernel: [  250.874744] rockchip-csi2-dphy0: dphy0, data_rate_mbps 891
Jan  1 00:03:45 ATK-DLRK3588 kern.info kernel: [  250.874770] rockchip-csi2-dphy csi2-dphy0: csi2_dphy_s_stream stream on:1, dphy0, ret 0
Jan  1 00:03:45 ATK-DLRK3588 user.notice rkaiq_3A: CAMHW:E:dumpRkRawType: 0
Jan  1 00:03:45 ATK-DLRK3588 kern.info kernel: [  250.934731] zzh_imx415 3-001a: stream on: 3864x2192 SGBRG10, 4 lanes, 891 Mbps/lane
Jan  1 00:03:45 ATK-DLRK3588 user.notice rkaiq_3A: CAMHW:K:cid[0] start success. isGroup:0, isOnline:0, isMultiIsp:0, init_ens:0x19fc8ffe473b
Jan  1 00:03:45 ATK-DLRK3588 user.notice rkaiq_3A: XCORE:K:cid[0] rk_aiq_uapi_sysctl_start success.
Jan  1 00:03:45 ATK-DLRK3588 user.notice rkaiq_3A: DBG: rkisp_init engine succeed
Jan  1 00:03:45 ATK-DLRK3588 user.notice rkaiq_3A: DBG: /dev/media4: wait stream stop event...
Jan  1 00:03:45 ATK-DLRK3588 user.notice rkaiq_3A: ACCM:E:YAlpSymAutoCfg: scl = 0.000000 -> 0.737801, idx = 0 -> 1
Jan  1 00:03:45 ATK-DLRK3588 user.notice rkaiq_3A: ACCM:E:YAlpSymAutoCfg: scl = 0.000000 -> 0.270486, idx = 0 -> 2
Jan  1 00:03:45 ATK-DLRK3588 user.notice rkaiq_3A: ACCM:E:YAlpSymAutoCfg: scl = 0.000000 -> 0.922959, idx = 0 -> 2
Jan  1 00:03:45 ATK-DLRK3588 user.notice rkaiq_3A: ACCM:E:YAlpSymAutoCfg: scl = 0.000000 -> 0.922959, idx = 0 -> 2
Jan  1 00:03:46 ATK-DLRK3588 user.notice rkaiq_3A: AF:E:E:the time to wait motor move is too long, force stable
Jan  1 00:03:51 ATK-DLRK3588 user.notice rkaiq_3A: DBG: /dev/media4: wait stream stop event success ...
Jan  1 00:03:51 ATK-DLRK3588 kern.info kernel: [  257.300077] rkcif-mipi-lvds2: stream[0] start stopping, total mode 0x1, cur 0x1
Jan  1 00:03:51 ATK-DLRK3588 kern.err kernel: [  257.314928] rockchip-mipi-csi2 mipi2-csi2: stream off, src_sd: 00000000d18490c1, sd_name:rockchip-csi2-dphy0
Jan  1 00:03:51 ATK-DLRK3588 kern.err kernel: [  257.314952] rockchip-mipi-csi2 mipi2-csi2: stream OFF
Jan  1 00:03:51 ATK-DLRK3588 kern.info kernel: [  257.314969] rockchip-csi2-dphy csi2-dphy0: csi2_dphy_s_stream_stop stream stop, dphy0
Jan  1 00:03:51 ATK-DLRK3588 kern.info kernel: [  257.314977] rockchip-csi2-dphy csi2-dphy0: csi2_dphy_s_stream stream on:0, dphy0, ret 0
Jan  1 00:03:51 ATK-DLRK3588 kern.info kernel: [  257.315513] rkcif-mipi-lvds2: stream[0] stopping finished, dma_en 0x0
Jan  1 00:03:51 ATK-DLRK3588 user.notice rkaiq_3A: XCORE:K:cid[0] rk_aiq_uapi_sysctl_stop success.
Jan  1 00:03:51 ATK-DLRK3588 user.notice rkaiq_3A: DBG: /dev/media4: wait stream start event...
Jan  1 00:05:13 ATK-DLRK3588 kern.notice kernel: [  339.270001] EXT4-fs (mmcblk0p8): error count since last fsck: 31
Jan  1 00:05:13 ATK-DLRK3588 kern.notice kernel: [  339.270028] EXT4-fs (mmcblk0p8): initial error at time 4: ext4_validate_block_bitmap:420
Jan  1 00:05:13 ATK-DLRK3588 kern.notice kernel: [  339.270036] EXT4-fs (mmcblk0p8): last error at time 12: ext4_validate_block_bitmap:420
Jan  1 00:00:06 ATK-DLRK3588 syslog.info syslogd started: BusyBox v1.36.1
Jan  1 00:00:06 ATK-DLRK3588 user.notice log-guardian: [WARN] Not a dir: "/var/log/,/tmp/"
Jan  1 00:00:06 ATK-DLRK3588 user.notice log-guardian: Guarding logs in: "/var/log/,/tmp/"...
Jan  1 00:00:06 ATK-DLRK3588 kern.notice kernel: klogd started: BusyBox v1.36.1 (2026-07-30 00:25:47 CST)
Jan  1 00:00:06 ATK-DLRK3588 kern.info kernel: [   25.155627] Booting Linux on physical CPU 0x0000000000 [0x412fd050]
Jan  1 00:00:06 ATK-DLRK3588 kern.notice kernel: [   25.155645] Linux version 5.10.209 (vscode@735dda7d6491) (aarch64-none-linux-gnu-gcc (GNU Toolchain for the A-profile Architecture 10.3-2021.07 (arm-10.29)) 10.3.1 20210621, GNU ld (GNU Toolchain for the A-profile Architectur
Jan  1 00:00:06 ATK-DLRK3588 kern.notice kernel: [   25.159097] random: crng init done
Jan  1 00:00:06 ATK-DLRK3588 kern.info kernel: [   25.166782] Machine model: ATK-DLRK3588 Board
Jan  1 00:00:06 ATK-DLRK3588 kern.info kernel: [   25.166840] earlycon: uart8250 at MMIO32 0x00000000feb50000 (options '')
Jan  1 00:00:06 ATK-DLRK3588 kern.info kernel: [   25.171167] printk: bootconsole [uart8250] enabled
Jan  1 00:00:06 ATK-DLRK3588 kern.info kernel: [   25.173880] efi: UEFI not found.
Jan  1 00:00:06 ATK-DLRK3588 kern.info kernel: [   25.179597] OF: fdt: Reserved memory: failed to reserve memory for node 'drm-cubic-lut@00000000': base 0x0000000000000000, size 0 MiB
Jan  1 00:00:06 ATK-DLRK3588 kern.info kernel: [   25.180742] Reserved memory: created CMA memory pool at 0x0000000010000000, size 256 MiB
Jan  1 00:00:06 ATK-DLRK3588 kern.info kernel: [   25.181476] OF: reserved mem: initialized node cma, compatible id shared-dma-pool
Jan  1 00:00:06 ATK-DLRK3588 kern.info kernel: [   25.294256] Zone ranges:
Jan  1 00:00:06 ATK-DLRK3588 kern.info kernel: [   25.294493]   DMA      [mem 0x0000000000200000-0x00000000ffffffff]
Jan  1 00:00:06 ATK-DLRK3588 kern.info kernel: [   25.295058]   DMA32    empty
Jan  1 00:00:06 ATK-DLRK3588 kern.info kernel: [   25.295322]   Normal   [mem 0x0000000100000000-0x00000002ffffffff]
Jan  1 00:00:06 ATK-DLRK3588 kern.info kernel: [   25.295885] Movable zone start for each node
Jan  1 00:00:06 ATK-DLRK3588 kern.info kernel: [   25.296273] Early memory node ranges
Jan  1 00:00:06 ATK-DLRK3588 kern.info kernel: [   25.296600]   node   0: [mem 0x0000000000200000-0x00000000083fffff]
Jan  1 00:00:06 ATK-DLRK3588 kern.info kernel: [   25.297170]   node   0: [mem 0x0000000009400000-0x00000000efffffff]
Jan  1 00:00:06 ATK-DLRK3588 kern.info kernel: [   25.297741]   node   0: [mem 0x0000000100000000-0x00000001ffffffff]
Jan  1 00:00:06 ATK-DLRK3588 kern.info kernel: [   25.298312]   node   0: [mem 0x00000002f0000000-0x00000002ffffffff]
Jan  1 00:00:06 ATK-DLRK3588 kern.info kernel: [   25.298882] Initmem setup node 0 [mem 0x0000000000200000-0x00000002ffffffff]
Jan  1 00:00:06 ATK-DLRK3588 kern.debug kernel: [   25.299524] On node 0 totalpages: 2092544
Jan  1 00:00:06 ATK-DLRK3588 kern.debug kernel: [   25.299528]   DMA zone: 15288 pages used for memmap
Jan  1 00:00:06 ATK-DLRK3588 kern.debug kernel: [   25.299530]   DMA zone: 0 pages reserved
Jan  1 00:00:06 ATK-DLRK3588 kern.debug kernel: [   25.299533]   DMA zone: 978432 pages, LIFO batch:63
Jan  1 00:00:06 ATK-DLRK3588 kern.debug kernel: [   25.299537]   Normal zone: 17408 pages used for memmap
Jan  1 00:00:06 ATK-DLRK3588 kern.debug kernel: [   25.299539]   Normal zone: 1114112 pages, LIFO batch:63
Jan  1 00:00:06 ATK-DLRK3588 kern.info kernel: [   25.341950] psci: probing for conduit method from DT.
Jan  1 00:00:06 ATK-DLRK3588 kern.info kernel: [   25.342415] psci: PSCIv1.1 detected in firmware.
Jan  1 00:00:06 ATK-DLRK3588 kern.info kernel: [   25.342836] psci: Using standard PSCI v0.2 function IDs
Jan  1 00:00:06 ATK-DLRK3588 kern.info kernel: [   25.343314] psci: Trusted OS migration not required
Jan  1 00:00:06 ATK-DLRK3588 kern.info kernel: [   25.343760] psci: SMC Calling Convention v1.2
Jan  1 00:00:06 ATK-DLRK3588 kern.info kernel: [   25.344496] percpu: Embedded 30 pages/cpu s83480 r8192 d31208 u122880
Jan  1 00:00:06 ATK-DLRK3588 kern.debug kernel: [   25.345120] pcpu-alloc: s83480 r8192 d31208 u122880 alloc=30*4096
Jan  1 00:00:06 ATK-DLRK3588 kern.debug kernel: [   25.345124] pcpu-alloc: [0] 0 [0] 1 [0] 2 [0] 3 [0] 4 [0] 5 [0] 6 [0] 7 
Jan  1 00:00:06 ATK-DLRK3588 kern.info kernel: [   25.345239] Detected VIPT I-cache on CPU0
Jan  1 00:00:06 ATK-DLRK3588 kern.info kernel: [   25.345636] CPU features: detected: GIC system register CPU interface
Jan  1 00:00:06 ATK-DLRK3588 kern.info kernel: [   25.346222] CPU features: detected: Virtualization Host Extensions
Jan  1 00:00:06 ATK-DLRK3588 kern.info kernel: [   25.346788] CPU features: detected: ARM errata 1165522, 1319367, or 1530923
Jan  1 00:00:06 ATK-DLRK3588 kern.info kernel: [   25.347427] alternatives: patching kernel code
Jan  1 00:00:06 ATK-DLRK3588 kern.info kernel: [   25.349486] Built 1 zonelists, mobility grouping on.  Total pages: 2059848
Jan  1 00:00:06 ATK-DLRK3588 kern.notice kernel: [   25.350117] Kernel command line: storagemedia=emmc androidboot.storagemedia=emmc androidboot.mode=normal  rootwait rw earlycon=uart8250,mmio32,0xfeb50000 console=ttyFIQ0 irqchip.gicv3_pseudo_nmi=0 rcupdate.rcu_expedited=1 rcu
Jan  1 00:00:06 ATK-DLRK3588 kern.info kernel: [   25.354984] Dentry cache hash table entries: 1048576 (order: 11, 8388608 bytes, linear)
Jan  1 00:00:06 ATK-DLRK3588 kern.info kernel: [   25.356072] Inode-cache hash table entries: 524288 (order: 10, 4194304 bytes, linear)
Jan  1 00:00:06 ATK-DLRK3588 kern.info kernel: [   25.356786] mem auto-init: stack:off, heap alloc:off, heap free:off
Jan  1 00:00:06 ATK-DLRK3588 kern.info kernel: [   25.363176] software IO TLB: mapped [mem 0x00000000e9f00000-0x00000000edf00000] (64MB)
Jan  1 00:00:06 ATK-DLRK3588 kern.info kernel: [   25.424035] Memory: 7842496K/8370176K available (18752K kernel code, 3424K rwdata, 6296K rodata, 6848K init, 593K bss, 265536K reserved, 262144K cma-reserved)
Jan  1 00:00:06 ATK-DLRK3588 kern.info kernel: [   25.425431] SLUB: HWalign=64, Order=0-3, MinObjects=0, CPUs=8, Nodes=1
Jan  1 00:00:06 ATK-DLRK3588 kern.info kernel: [   25.426050] ftrace: allocating 58179 entries in 228 pages
Jan  1 00:00:06 ATK-DLRK3588 kern.info kernel: [   25.494264] ftrace: allocated 228 pages with 4 groups
Jan  1 00:00:06 ATK-DLRK3588 kern.info kernel: [   25.494945] rcu: Hierarchical RCU implementation.
Jan  1 00:00:06 ATK-DLRK3588 kern.info kernel: [   25.495377] rcu: 	RCU event tracing is enabled.
Jan  1 00:00:06 ATK-DLRK3588 kern.info kernel: [   25.495790] 	All grace periods are expedited (rcu_expedited).
Jan  1 00:00:06 ATK-DLRK3588 kern.info kernel: [   25.496312] 	Rude variant of Tasks RCU enabled.
Jan  1 00:00:06 ATK-DLRK3588 kern.info kernel: [   25.496725] rcu: RCU calculated value of scheduler-enlistment delay is 30 jiffies.
Jan  1 00:00:06 ATK-DLRK3588 kern.info kernel: [   25.501157] NR_IRQS: 64, nr_irqs: 64, preallocated irqs: 0
Jan  1 00:00:06 ATK-DLRK3588 kern.info kernel: [   25.504123] GICv3: GIC: Using split EOI/Deactivate mode
Jan  1 00:00:06 ATK-DLRK3588 kern.info kernel: [   25.504602] GICv3: 480 SPIs implemented
Jan  1 00:00:06 ATK-DLRK3588 kern.info kernel: [   25.504951] GICv3: 0 Extended SPIs implemented
Jan  1 00:00:06 ATK-DLRK3588 kern.info kernel: [   25.505375] GICv3: Distributor has no Range Selector support
Jan  1 00:00:06 ATK-DLRK3588 kern.info kernel: [   25.505894] GICv3: 16 PPIs implemented
Jan  1 00:00:06 ATK-DLRK3588 kern.info kernel: [   25.506650] GICv3: CPU0: found redistributor 0 region 0:0x00000000fe680000
Jan  1 00:00:06 ATK-DLRK3588 kern.info kernel: [   25.507360] ITS [mem 0xfe640000-0xfe65ffff]
Jan  1 00:00:06 ATK-DLRK3588 kern.info kernel: [   25.507782] ITS@0x00000000fe640000: allocated 8192 Devices @1001f0000 (indirect, esz 8, psz 64K, shr 0)
Jan  1 00:00:06 ATK-DLRK3588 kern.info kernel: [   25.508653] ITS@0x00000000fe640000: allocated 32768 Interrupt Collections @100200000 (flat, esz 2, psz 64K, shr 0)
Jan  1 00:00:06 ATK-DLRK3588 kern.info kernel: [   25.509595] ITS: using cache flushing for cmd queue
Jan  1 00:00:06 ATK-DLRK3588 kern.info kernel: [   25.510061] ITS [mem 0xfe660000-0xfe67ffff]
Jan  1 00:00:06 ATK-DLRK3588 kern.info kernel: [   25.510477] ITS@0x00000000fe660000: allocated 8192 Devices @100220000 (indirect, esz 8, psz 64K, shr 0)
Jan  1 00:00:06 ATK-DLRK3588 kern.info kernel: [   25.511347] ITS@0x00000000fe660000: allocated 32768 Interrupt Collections @100230000 (flat, esz 2, psz 64K, shr 0)
Jan  1 00:00:06 ATK-DLRK3588 kern.info kernel: [   25.512289] ITS: using cache flushing for cmd queue
Jan  1 00:00:06 ATK-DLRK3588 kern.info kernel: [   25.512935] GICv3: using LPI property table @0x0000000100240000
Jan  1 00:00:06 ATK-DLRK3588 kern.info kernel: [   25.513577] GIC: using cache flushing for LPI property table
Jan  1 00:00:06 ATK-DLRK3588 kern.info kernel: [   25.514096] GICv3: CPU0: using allocated LPI pending table @0x0000000100250000
Jan  1 00:00:06 ATK-DLRK3588 kern.info kernel: [   25.616394] arch_timer: cp15 timer(s) running at 24.00MHz (phys).
Jan  1 00:00:06 ATK-DLRK3588 kern.info kernel: [   25.616958] clocksource: arch_sys_counter: mask: 0xffffffffffffff max_cycles: 0x588fe9dc0, max_idle_ns: 440795202592 ns
Jan  1 00:00:06 ATK-DLRK3588 kern.info kernel: [   25.617952] sched_clock: 56 bits at 24MHz, resolution 41ns, wraps every 4398046511097ns
Jan  1 00:00:06 ATK-DLRK3588 kern.info kernel: [   25.619819] Console: colour dummy device 80x25
Jan  1 00:00:06 ATK-DLRK3588 kern.info kernel: [   25.620250] Calibrating delay loop (skipped), value calculated using timer frequency.. 48.00 BogoMIPS (lpj=80000)
Jan  1 00:00:06 ATK-DLRK3588 kern.info kernel: [   25.621196] pid_max: default: 32768 minimum: 301
Jan  1 00:00:06 ATK-DLRK3588 kern.info kernel: [   25.621722] Mount-cache hash table entries: 16384 (order: 5, 131072 bytes, linear)
Jan  1 00:00:06 ATK-DLRK3588 kern.info kernel: [   25.622435] Mountpoint-cache hash table entries: 16384 (order: 5, 131072 bytes, linear)
Jan  1 00:00:06 ATK-DLRK3588 kern.info kernel: [   25.624281] rcu: Hierarchical SRCU implementation.
Jan  1 00:00:06 ATK-DLRK3588 kern.info kernel: [   25.625364] Platform MSI: msi-controller@fe640000 domain created
Jan  1 00:00:06 ATK-DLRK3588 kern.info kernel: [   25.625925] Platform MSI: msi-controller@fe660000 domain created
Jan  1 00:00:06 ATK-DLRK3588 kern.info kernel: [   25.626814] PCI/MSI: /interrupt-controller@fe600000/msi-controller@fe640000 domain created
Jan  1 00:00:06 ATK-DLRK3588 kern.info kernel: [   25.627582] PCI/MSI: /interrupt-controller@fe600000/msi-controller@fe660000 domain created
Jan  1 00:00:06 ATK-DLRK3588 kern.info kernel: [   25.628521] EFI services will not be available.
Jan  1 00:00:06 ATK-DLRK3588 kern.info kernel: [   25.629146] smp: Bringing up secondary CPUs ...
Jan  1 00:00:06 ATK-DLRK3588 kern.info kernel: [   25.630605] Detected VIPT I-cache on CPU1
Jan  1 00:00:06 ATK-DLRK3588 kern.info kernel: [   25.630631] GICv3: CPU1: found redistributor 100 region 0:0x00000000fe6a0000
Jan  1 00:00:06 ATK-DLRK3588 kern.info kernel: [   25.630645] GICv3: CPU1: using allocated LPI pending table @0x0000000100260000
Jan  1 00:00:06 ATK-DLRK3588 kern.info kernel: [   25.630681] CPU1: Booted secondary processor 0x0000000100 [0x412fd050]
Jan  1 00:00:06 ATK-DLRK3588 kern.info kernel: [   25.631752] Detected VIPT I-cache on CPU2
Jan  1 00:00:06 ATK-DLRK3588 kern.info kernel: [   25.631772] GICv3: CPU2: found redistributor 200 region 0:0x00000000fe6c0000
Jan  1 00:00:06 ATK-DLRK3588 kern.info kernel: [   25.631785] GICv3: CPU2: using allocated LPI pending table @0x0000000100270000
Jan  1 00:00:06 ATK-DLRK3588 kern.info kernel: [   25.631818] CPU2: Booted secondary processor 0x0000000200 [0x412fd050]
Jan  1 00:00:06 ATK-DLRK3588 kern.info kernel: [   25.632871] Detected VIPT I-cache on CPU3
Jan  1 00:00:06 ATK-DLRK3588 kern.info kernel: [   25.632889] GICv3: CPU3: found redistributor 300 region 0:0x00000000fe6e0000
Jan  1 00:00:06 ATK-DLRK3588 kern.info kernel: [   25.632901] GICv3: CPU3: using allocated LPI pending table @0x0000000100280000
Jan  1 00:00:06 ATK-DLRK3588 kern.info kernel: [   25.632932] CPU3: Booted secondary processor 0x0000000300 [0x412fd050]
Jan  1 00:00:06 ATK-DLRK3588 kern.info kernel: [   25.633990] CPU features: detected: Spectre-v4
Jan  1 00:00:06 ATK-DLRK3588 kern.info kernel: [   25.633993] CPU features: detected: Spectre-BHB
Jan  1 00:00:06 ATK-DLRK3588 kern.info kernel: [   25.633995] Detected PIPT I-cache on CPU4
Jan  1 00:00:06 ATK-DLRK3588 kern.info kernel: [   25.634009] GICv3: CPU4: found redistributor 400 region 0:0x00000000fe700000
Jan  1 00:00:06 ATK-DLRK3588 kern.info kernel: [   25.634018] GICv3: CPU4: using allocated LPI pending table @0x0000000100290000
Jan  1 00:00:06 ATK-DLRK3588 kern.info kernel: [   25.634041] CPU4: Booted secondary processor 0x0000000400 [0x414fd0b0]
Jan  1 00:00:06 ATK-DLRK3588 kern.info kernel: [   25.635082] Detected PIPT I-cache on CPU5
Jan  1 00:00:06 ATK-DLRK3588 kern.info kernel: [   25.635096] GICv3: CPU5: found redistributor 500 region 0:0x00000000fe720000
Jan  1 00:00:06 ATK-DLRK3588 kern.info kernel: [   25.635105] GICv3: CPU5: using allocated LPI pending table @0x00000001002a0000
Jan  1 00:00:06 ATK-DLRK3588 kern.info kernel: [   25.635130] CPU5: Booted secondary processor 0x0000000500 [0x414fd0b0]
Jan  1 00:00:06 ATK-DLRK3588 kern.info kernel: [   25.636163] Detected PIPT I-cache on CPU6
Jan  1 00:00:06 ATK-DLRK3588 kern.info kernel: [   25.636173] GICv3: CPU6: found redistributor 600 region 0:0x00000000fe740000
Jan  1 00:00:06 ATK-DLRK3588 kern.info kernel: [   25.636180] GICv3: CPU6: using allocated LPI pending table @0x00000001002b0000
Jan  1 00:00:06 ATK-DLRK3588 kern.info kernel: [   25.636199] CPU6: Booted secondary processor 0x0000000600 [0x414fd0b0]
Jan  1 00:00:06 ATK-DLRK3588 kern.info kernel: [   25.637209] Detected PIPT I-cache on CPU7
Jan  1 00:00:06 ATK-DLRK3588 kern.info kernel: [   25.637218] GICv3: CPU7: found redistributor 700 region 0:0x00000000fe760000
Jan  1 00:00:06 ATK-DLRK3588 kern.info kernel: [   25.637225] GICv3: CPU7: using allocated LPI pending table @0x00000001002c0000
Jan  1 00:00:06 ATK-DLRK3588 kern.info kernel: [   25.637245] CPU7: Booted secondary processor 0x0000000700 [0x414fd0b0]
Jan  1 00:00:06 ATK-DLRK3588 kern.info kernel: [   25.637288] smp: Brought up 1 node, 8 CPUs
Jan  1 00:00:06 ATK-DLRK3588 kern.info kernel: [   25.654383] SMP: Total of 8 processors activated.
Jan  1 00:00:06 ATK-DLRK3588 kern.info kernel: [   25.654821] CPU features: detected: Privileged Access Never
Jan  1 00:00:06 ATK-DLRK3588 kern.info kernel: [   25.655333] CPU features: detected: User Access Override
Jan  1 00:00:06 ATK-DLRK3588 kern.info kernel: [   25.655821] CPU features: detected: 32-bit EL0 Support
Jan  1 00:00:06 ATK-DLRK3588 kern.info kernel: [   25.656293] CPU features: detected: Common not Private translations
Jan  1 00:00:06 ATK-DLRK3588 kern.info kernel: [   25.656869] CPU features: detected: RAS Extension Support
Jan  1 00:00:06 ATK-DLRK3588 kern.info kernel: [   25.657365] CPU features: detected: Data cache clean to the PoU not required for I/D coherence
Jan  1 00:00:06 ATK-DLRK3588 kern.info kernel: [   25.658159] CPU features: detected: CRC32 instructions
Jan  1 00:00:06 ATK-DLRK3588 kern.info kernel: [   25.658631] CPU features: detected: Speculative Store Bypassing Safe (SSBS)
Jan  1 00:00:06 ATK-DLRK3588 kern.info kernel: [   25.659270] CPU features: detected: RCpc load-acquire (LDAPR)
Jan  1 00:00:06 ATK-DLRK3588 kern.info kernel: [   25.659856] CPU: All CPU(s) started at EL2
Jan  1 00:00:06 ATK-DLRK3588 kern.info kernel: [   25.661590] devtmpfs: initialized
Jan  1 00:00:06 ATK-DLRK3588 kern.notice kernel: [   25.675843] Registered cp15_barrier emulation handler
Jan  1 00:00:06 ATK-DLRK3588 kern.notice kernel: [   25.676306] Registered setend emulation handler
Jan  1 00:00:06 ATK-DLRK3588 kern.info kernel: [   25.676783] clocksource: jiffies: mask: 0xffffffff max_cycles: 0xffffffff, max_idle_ns: 6370867519511994 ns
Jan  1 00:00:06 ATK-DLRK3588 kern.info kernel: [   25.677677] futex hash table entries: 2048 (order: 5, 131072 bytes, linear)
Jan  1 00:00:06 ATK-DLRK3588 kern.info kernel: [   25.680664] pinctrl core: initialized pinctrl subsystem
Jan  1 00:00:06 ATK-DLRK3588 kern.info kernel: [   25.681365] DMI not present or invalid.
Jan  1 00:00:06 ATK-DLRK3588 kern.info kernel: [   25.681817] NET: Registered protocol family 16
Jan  1 00:00:06 ATK-DLRK3588 kern.info kernel: [   25.682846] DMA: preallocated 1024 KiB GFP_KERNEL pool for atomic allocations
Jan  1 00:00:06 ATK-DLRK3588 kern.info kernel: [   25.683566] DMA: preallocated 1024 KiB GFP_KERNEL|GFP_DMA pool for atomic allocations
Jan  1 00:00:06 ATK-DLRK3588 kern.info kernel: [   25.684663] Registered FIQ tty driver
Jan  1 00:00:06 ATK-DLRK3588 kern.info kernel: [   25.685078] thermal_sys: Registered thermal governor 'fair_share'
Jan  1 00:00:06 ATK-DLRK3588 kern.info kernel: [   25.685079] thermal_sys: Registered thermal governor 'step_wise'
Jan  1 00:00:06 ATK-DLRK3588 kern.info kernel: [   25.685636] thermal_sys: Registered thermal governor 'user_space'
Jan  1 00:00:06 ATK-DLRK3588 kern.info kernel: [   25.686184] thermal_sys: Registered thermal governor 'power_allocator'
Jan  1 00:00:06 ATK-DLRK3588 kern.info kernel: [   25.686923] cpuidle: using governor menu
Jan  1 00:00:06 ATK-DLRK3588 kern.info kernel: [   25.687959] hw-breakpoint: found 6 breakpoint and 4 watchpoint registers.
Jan  1 00:00:06 ATK-DLRK3588 kern.info kernel: [   25.688665] ASID allocator initialised with 65536 entries
Jan  1 00:00:06 ATK-DLRK3588 kern.info kernel: [   25.690663] ramoops: dmesg-0	0x18000@0x0000000000110000
Jan  1 00:00:06 ATK-DLRK3588 kern.info kernel: [   25.691136] ramoops: dmesg-1	0x18000@0x0000000000128000
Jan  1 00:00:06 ATK-DLRK3588 kern.info kernel: [   25.691774] ramoops: console	0x80000@0x0000000000140000
Jan  1 00:00:06 ATK-DLRK3588 kern.info kernel: [   25.692253] ramoops: pmsg	0x30000@0x00000000001c0000
Jan  1 00:00:06 ATK-DLRK3588 kern.info kernel: [   25.692950] printk: console [ramoops-1] enabled
Jan  1 00:00:06 ATK-DLRK3588 kern.info kernel: [   25.693360] pstore: Registered ramoops as persistent store backend
Jan  1 00:00:06 ATK-DLRK3588 kern.info kernel: [   25.693920] ramoops: using 0xe0000@0x110000, ecc: 0
Jan  1 00:00:06 ATK-DLRK3588 kern.info kernel: [   25.739899] rockchip-gpio fd8a0000.gpio: probed /pinctrl/gpio@fd8a0000
Jan  1 00:00:06 ATK-DLRK3588 kern.info kernel: [   25.740728] rockchip-gpio fec20000.gpio: probed /pinctrl/gpio@fec20000
Jan  1 00:00:06 ATK-DLRK3588 kern.info kernel: [   25.741479] rockchip-gpio fec30000.gpio: probed /pinctrl/gpio@fec30000
Jan  1 00:00:06 ATK-DLRK3588 kern.info kernel: [   25.742267] rockchip-gpio fec40000.gpio: probed /pinctrl/gpio@fec40000
Jan  1 00:00:06 ATK-DLRK3588 kern.info kernel: [   25.743060] rockchip-gpio fec50000.gpio: probed /pinctrl/gpio@fec50000
Jan  1 00:00:06 ATK-DLRK3588 kern.info kernel: [   25.743684] rockchip-pinctrl pinctrl: probed pinctrl
Jan  1 00:00:06 ATK-DLRK3588 kern.err kernel: [   25.756168] fiq_debugger fiq_debugger.0: IRQ fiq not found
Jan  1 00:00:06 ATK-DLRK3588 kern.err kernel: [   25.756669] fiq_debugger fiq_debugger.0: IRQ wakeup not found
Jan  1 00:00:06 ATK-DLRK3588 kern.err kernel: [   25.757191] fiq_debugger_probe: could not install nmi irq handler
Jan  1 00:00:06 ATK-DLRK3588 kern.info kernel: [   25.757783] printk: console [ttyFIQ0] enabled
Jan  1 00:00:06 ATK-DLRK3588 kern.info kernel: [   25.758557] printk: bootconsole [uart8250] disabled
Jan  1 00:00:06 ATK-DLRK3588 kern.info kernel: [   25.759056] Registered fiq debugger ttyFIQ0
Jan  1 00:00:06 ATK-DLRK3588 kern.info kernel: [   25.759368] vcc5v0_sys: supplied by vcc12v_dcin
Jan  1 00:00:06 ATK-DLRK3588 kern.info kernel: [   25.759461] vcc5v0_usbdcin: supplied by vcc12v_dcin
Jan  1 00:00:06 ATK-DLRK3588 kern.info kernel: [   25.759552] vcc5v0_usb: supplied by vcc5v0_usbdcin
Jan  1 00:00:06 ATK-DLRK3588 kern.info kernel: [   25.759642] vcc_1v1_nldo_s3: supplied by vcc5v0_sys
Jan  1 00:00:06 ATK-DLRK3588 kern.info kernel: [   25.759768] vcc3v3_pcie30: supplied by vcc12v_dcin
Jan  1 00:00:06 ATK-DLRK3588 kern.info kernel: [   25.759900] vbus5v0_typec: supplied by vcc5v0_usb
Jan  1 00:00:06 ATK-DLRK3588 kern.info kernel: [   25.760025] vbus5v0_typec1: supplied by vcc5v0_usb
Jan  1 00:00:06 ATK-DLRK3588 kern.info kernel: [   25.760383] iommu: Default domain type: Translated 
Jan  1 00:00:06 ATK-DLRK3588 kern.notice kernel: [   25.763362] SCSI subsystem initialized
Jan  1 00:00:06 ATK-DLRK3588 kern.debug kernel: [   25.763379] libata version 3.00 loaded.
Jan  1 00:00:06 ATK-DLRK3588 kern.info kernel: [   25.763433] usbcore: registered new interface driver usbfs
Jan  1 00:00:06 ATK-DLRK3588 kern.info kernel: [   25.763447] usbcore: registered new interface driver hub
Jan  1 00:00:06 ATK-DLRK3588 kern.info kernel: [   25.763461] usbcore: registered new device driver usb
Jan  1 00:00:06 ATK-DLRK3588 kern.info kernel: [   25.763491] mc: Linux media interface: v0.10
Jan  1 00:00:06 ATK-DLRK3588 kern.info kernel: [   25.763501] videodev: Linux video capture interface: v2.00
Jan  1 00:00:06 ATK-DLRK3588 kern.info kernel: [   25.763526] pps_core: LinuxPPS API ver. 1 registered
Jan  1 00:00:06 ATK-DLRK3588 kern.info kernel: [   25.763530] pps_core: Software ver. 5.3.6 - Copyright 2005-2007 Rodolfo Giometti <giometti@linux.it>
Jan  1 00:00:06 ATK-DLRK3588 kern.info kernel: [   25.763537] PTP clock support registered
Jan  1 00:00:06 ATK-DLRK3588 kern.info kernel: [   25.763553] EDAC MC: Ver: 3.0.0
Jan  1 00:00:06 ATK-DLRK3588 kern.info kernel: [   25.763852] arm-scmi firmware:scmi: SCMI Notifications - Core Enabled.
Jan  1 00:00:06 ATK-DLRK3588 kern.info kernel: [   25.763885] arm-scmi firmware:scmi: SCMI Protocol v2.0 'rockchip:' Firmware version 0x0
Jan  1 00:00:06 ATK-DLRK3588 kern.info kernel: [   25.764981] Advanced Linux Sound Architecture Driver Initialized.
Jan  1 00:00:06 ATK-DLRK3588 kern.info kernel: [   25.765144] Bluetooth: Core ver 2.22
Jan  1 00:00:06 ATK-DLRK3588 kern.info kernel: [   25.765155] NET: Registered protocol family 31
Jan  1 00:00:06 ATK-DLRK3588 kern.info kernel: [   25.765158] Bluetooth: HCI device and connection manager initialized
Jan  1 00:00:06 ATK-DLRK3588 kern.info kernel: [   25.765163] Bluetooth: HCI socket layer initialized
Jan  1 00:00:06 ATK-DLRK3588 kern.info kernel: [   25.765167] Bluetooth: L2CAP socket layer initialized
Jan  1 00:00:06 ATK-DLRK3588 kern.info kernel: [   25.765173] Bluetooth: SCO socket layer initialized
Jan  1 00:00:06 ATK-DLRK3588 kern.info kernel: [   25.766462] rockchip-cpuinfo cpuinfo: SoC		: 35881000
Jan  1 00:00:06 ATK-DLRK3588 kern.info kernel: [   25.766468] rockchip-cpuinfo cpuinfo: Serial		: 7e803866cce78742
Jan  1 00:00:06 ATK-DLRK3588 kern.info kernel: [   25.766724] clocksource: Switched to clocksource arch_sys_counter
Jan  1 00:00:06 ATK-DLRK3588 kern.info kernel: [   26.076074] NET: Registered protocol family 2
Jan  1 00:00:06 ATK-DLRK3588 kern.info kernel: [   26.076190] IP idents hash table entries: 131072 (order: 8, 1048576 bytes, linear)
Jan  1 00:00:06 ATK-DLRK3588 kern.info kernel: [   26.078598] tcp_listen_portaddr_hash hash table entries: 4096 (order: 4, 65536 bytes, linear)
Jan  1 00:00:06 ATK-DLRK3588 kern.info kernel: [   26.078722] TCP established hash table entries: 65536 (order: 7, 524288 bytes, linear)
Jan  1 00:00:06 ATK-DLRK3588 kern.info kernel: [   26.079137] TCP bind hash table entries: 65536 (order: 8, 1048576 bytes, linear)
Jan  1 00:00:06 ATK-DLRK3588 kern.info kernel: [   26.079955] TCP: Hash tables configured (established 65536 bind 65536)
Jan  1 00:00:06 ATK-DLRK3588 kern.info kernel: [   26.079996] UDP hash table entries: 4096 (order: 5, 131072 bytes, linear)
Jan  1 00:00:06 ATK-DLRK3588 kern.info kernel: [   26.080161] UDP-Lite hash table entries: 4096 (order: 5, 131072 bytes, linear)
Jan  1 00:00:06 ATK-DLRK3588 kern.info kernel: [   26.080358] NET: Registered protocol family 1
Jan  1 00:00:06 ATK-DLRK3588 kern.info kernel: [   26.080575] RPC: Registered named UNIX socket transport module.
Jan  1 00:00:06 ATK-DLRK3588 kern.info kernel: [   26.080581] RPC: Registered udp transport module.
Jan  1 00:00:06 ATK-DLRK3588 kern.info kernel: [   26.080584] RPC: Registered tcp transport module.
Jan  1 00:00:06 ATK-DLRK3588 kern.info kernel: [   26.080587] RPC: Registered tcp NFSv4.1 backchannel transport module.
Jan  1 00:00:06 ATK-DLRK3588 kern.info kernel: [   26.080925] PCI: CLS 0 bytes, default 64
Jan  1 00:00:06 ATK-DLRK3588 kern.warn kernel: [   26.081772] rockchip-thermal fec00000.tsadc: Missing rockchip,grf property
Jan  1 00:00:06 ATK-DLRK3588 kern.info kernel: [   26.082283] rockchip-thermal fec00000.tsadc: tsadc is probed successfully!
Jan  1 00:00:06 ATK-DLRK3588 kern.info kernel: [   26.082878] hw perfevents: enabled with armv8_pmuv3 PMU driver, 7 counters available
Jan  1 00:00:06 ATK-DLRK3588 kern.notice kernel: [   26.085079] Initialise system trusted keyrings
Jan  1 00:00:06 ATK-DLRK3588 kern.info kernel: [   26.085150] workingset: timestamp_bits=62 max_order=21 bucket_order=0
Jan  1 00:00:06 ATK-DLRK3588 kern.info kernel: [   26.086820] squashfs: version 4.0 (2009/01/31) Phillip Lougher
Jan  1 00:00:06 ATK-DLRK3588 kern.notice kernel: [   26.087040] NFS: Registering the id_resolver key type
Jan  1 00:00:06 ATK-DLRK3588 kern.notice kernel: [   26.087049] Key type id_resolver registered
Jan  1 00:00:06 ATK-DLRK3588 kern.notice kernel: [   26.087053] Key type id_legacy registered
Jan  1 00:00:06 ATK-DLRK3588 kern.info kernel: [   26.087068] ntfs: driver 2.1.32 [Flags: R/O].
Jan  1 00:00:06 ATK-DLRK3588 kern.info kernel: [   26.087141] jffs2: version 2.2. (NAND) © 2001-2006 Red Hat, Inc.
Jan  1 00:00:06 ATK-DLRK3588 kern.info kernel: [   26.087251] fuse: init (API version 7.32)
Jan  1 00:00:06 ATK-DLRK3588 kern.info kernel: [   26.087335] SGI XFS with security attributes, no debug enabled
Jan  1 00:00:06 ATK-DLRK3588 kern.info kernel: [   26.113012] NET: Registered protocol family 38
Jan  1 00:00:06 ATK-DLRK3588 kern.notice kernel: [   26.113019] Key type asymmetric registered
Jan  1 00:00:06 ATK-DLRK3588 kern.notice kernel: [   26.113023] Asymmetric key parser 'x509' registered
Jan  1 00:00:06 ATK-DLRK3588 kern.info kernel: [   26.113038] Block layer SCSI generic (bsg) driver version 0.4 loaded (major 242)
Jan  1 00:00:06 ATK-DLRK3588 kern.info kernel: [   26.113042] io scheduler mq-deadline registered
Jan  1 00:00:06 ATK-DLRK3588 kern.info kernel: [   26.113046] io scheduler kyber registered
Jan  1 00:00:06 ATK-DLRK3588 kern.info kernel: [   26.113488] rockchip-csi2-dphy-hw fedc0000.csi2-dphy0-hw: csi2 dphy hw probe successfully!
Jan  1 00:00:06 ATK-DLRK3588 kern.info kernel: [   26.113565] rockchip-csi2-dphy-hw fedc8000.csi2-dphy1-hw: csi2 dphy hw probe successfully!
Jan  1 00:00:06 ATK-DLRK3588 kern.info kernel: [   26.121274] rockchip-hdptx-phy-hdmi fed60000.hdmiphy: hdptx phy init success
Jan  1 00:00:06 ATK-DLRK3588 kern.info kernel: [   26.121979] rockchip-hdptx-phy-hdmi fed70000.hdmiphy: hdptx phy init success
Jan  1 00:00:06 ATK-DLRK3588 kern.info kernel: [   26.124844] rk-pcie fe150000.pcie: invalid prsnt-gpios property in node
Jan  1 00:00:06 ATK-DLRK3588 kern.info kernel: [   26.124912] rk-pcie fe170000.pcie: invalid prsnt-gpios property in node
Jan  1 00:00:06 ATK-DLRK3588 kern.info kernel: [   26.124923] rk-pcie fe170000.pcie: no vpcie3v3 regulator found
Jan  1 00:00:06 ATK-DLRK3588 kern.warn kernel: [   26.125090] pwm-backlight backlight: supply power not found, using dummy regulator
Jan  1 00:00:06 ATK-DLRK3588 kern.err kernel: [   26.125108] rk-pcie fe170000.pcie: IRQ msi not found
Jan  1 00:00:06 ATK-DLRK3588 kern.info kernel: [   26.125111] rk-pcie fe170000.pcie: use outband MSI support
Jan  1 00:00:06 ATK-DLRK3588 kern.err kernel: [   26.125115] rk-pcie fe170000.pcie: Missing *config* reg space
Jan  1 00:00:06 ATK-DLRK3588 kern.info kernel: [   26.125120] rk-pcie fe170000.pcie: host bridge /pcie@fe170000 ranges:
Jan  1 00:00:06 ATK-DLRK3588 kern.info kernel: [   26.125128] rk-pcie fe170000.pcie:      err 0x00f2000000..0x00f20fffff -> 0x00f2000000
Jan  1 00:00:06 ATK-DLRK3588 kern.info kernel: [   26.125134] rk-pcie fe170000.pcie:       IO 0x00f2100000..0x00f21fffff -> 0x00f2100000
Jan  1 00:00:06 ATK-DLRK3588 kern.info kernel: [   26.125153] rk-pcie fe170000.pcie:      MEM 0x00f2200000..0x00f2ffffff -> 0x00f2200000
Jan  1 00:00:06 ATK-DLRK3588 kern.info kernel: [   26.125157] rk-pcie fe170000.pcie:      MEM 0x0980000000..0x09bfffffff -> 0x0980000000
Jan  1 00:00:06 ATK-DLRK3588 kern.err kernel: [   26.125174] rk-pcie fe170000.pcie: Missing *config* reg space
Jan  1 00:00:06 ATK-DLRK3588 kern.err kernel: [   26.125190] rk-pcie fe170000.pcie: invalid resource
Jan  1 00:00:06 ATK-DLRK3588 kern.warn kernel: [   26.125237] pwm-backlight backlight1: supply power not found, using dummy regulator
Jan  1 00:00:06 ATK-DLRK3588 kern.info kernel: [   26.125471] iep: Module initialized.
Jan  1 00:00:06 ATK-DLRK3588 kern.info kernel: [   26.125502] mpp_service mpp-srv: cfc6be6c0 author: alientek 2026-07-13 add 8852be kernel Deconfig
Jan  1 00:00:06 ATK-DLRK3588 kern.info kernel: [   26.125506] mpp_service mpp-srv: probe start
Jan  1 00:00:06 ATK-DLRK3588 kern.info kernel: [   26.126603] mpp_vdpu1 fdb51000.avsd-plus: Adding to iommu group 1
Jan  1 00:00:06 ATK-DLRK3588 kern.info kernel: [   26.126791] mpp_vdpu1 fdb51000.avsd-plus: probe device
Jan  1 00:00:06 ATK-DLRK3588 kern.info kernel: [   26.126895] mpp_vdpu1 fdb51000.avsd-plus: reset_group->rw_sem_on=0
Jan  1 00:00:06 ATK-DLRK3588 kern.info kernel: [   26.126902] mpp_vdpu1 fdb51000.avsd-plus: reset_group->rw_sem_on=0
Jan  1 00:00:06 ATK-DLRK3588 kern.info kernel: [   26.126938] mpp_vdpu1 fdb51000.avsd-plus: probing finish
Jan  1 00:00:06 ATK-DLRK3588 kern.info kernel: [   26.127246] mpp_vdpu2 fdb50400.vdpu: Adding to iommu group 1
Jan  1 00:00:06 ATK-DLRK3588 kern.info kernel: [   26.127281] mpp_vdpu2 fdb50400.vdpu: probe device
Jan  1 00:00:06 ATK-DLRK3588 kern.info kernel: [   26.127355] mpp_vdpu2 fdb50400.vdpu: reset_group->rw_sem_on=0
Jan  1 00:00:06 ATK-DLRK3588 kern.info kernel: [   26.127360] mpp_vdpu2 fdb50400.vdpu: reset_group->rw_sem_on=0
Jan  1 00:00:06 ATK-DLRK3588 kern.info kernel: [   26.127368] mpp_vdpu2 fdb50400.vdpu: probing finish
Jan  1 00:00:06 ATK-DLRK3588 kern.info kernel: [   26.127510] mpp_vepu2 jpege-ccu: probing start
Jan  1 00:00:06 ATK-DLRK3588 kern.info kernel: [   26.127515] mpp_vepu2 jpege-ccu: probing finish
Jan  1 00:00:06 ATK-DLRK3588 kern.info kernel: [   26.127615] mpp_vepu2 fdb50000.vepu: Adding to iommu group 1
Jan  1 00:00:06 ATK-DLRK3588 kern.info kernel: [   26.127647] mpp_vepu2 fdb50000.vepu: probing start
Jan  1 00:00:06 ATK-DLRK3588 kern.info kernel: [   26.127720] mpp_vepu2 fdb50000.vepu: reset_group->rw_sem_on=0
Jan  1 00:00:06 ATK-DLRK3588 kern.info kernel: [   26.127724] mpp_vepu2 fdb50000.vepu: reset_group->rw_sem_on=0
Jan  1 00:00:06 ATK-DLRK3588 kern.info kernel: [   26.127742] mpp_vepu2 fdb50000.vepu: probing finish
Jan  1 00:00:06 ATK-DLRK3588 kern.info kernel: [   26.127814] mpp_vepu2 fdba0000.jpege-core: Adding to iommu group 5
Jan  1 00:00:06 ATK-DLRK3588 kern.info kernel: [   26.127892] mpp_vepu2 fdba0000.jpege-core: probing start
Jan  1 00:00:06 ATK-DLRK3588 kern.info kernel: [   26.127992] mpp_vepu2 fdba0000.jpege-core: attach ccu success
Jan  1 00:00:06 ATK-DLRK3588 kern.info kernel: [   26.128010] mpp_vepu2 fdba0000.jpege-core: probing finish
Jan  1 00:00:06 ATK-DLRK3588 kern.info kernel: [   26.128067] mpp_vepu2 fdba4000.jpege-core: Adding to iommu group 6
Jan  1 00:00:06 ATK-DLRK3588 kern.info kernel: [   26.128145] mpp_vepu2 fdba4000.jpege-core: probing start
Jan  1 00:00:06 ATK-DLRK3588 kern.info kernel: [   26.128228] mpp_vepu2 fdba4000.jpege-core: attach ccu success
Jan  1 00:00:06 ATK-DLRK3588 kern.info kernel: [   26.128246] mpp_vepu2 fdba4000.jpege-core: probing finish
Jan  1 00:00:06 ATK-DLRK3588 kern.info kernel: [   26.128304] mpp_vepu2 fdba8000.jpege-core: Adding to iommu group 7
Jan  1 00:00:06 ATK-DLRK3588 kern.info kernel: [   26.128375] mpp_vepu2 fdba8000.jpege-core: probing start
Jan  1 00:00:06 ATK-DLRK3588 kern.info kernel: [   26.128455] mpp_vepu2 fdba8000.jpege-core: attach ccu success
Jan  1 00:00:06 ATK-DLRK3588 kern.info kernel: [   26.128473] mpp_vepu2 fdba8000.jpege-core: probing finish
Jan  1 00:00:06 ATK-DLRK3588 kern.info kernel: [   26.128532] mpp_vepu2 fdbac000.jpege-core: Adding to iommu group 8
Jan  1 00:00:06 ATK-DLRK3588 kern.info kernel: [   26.128604] mpp_vepu2 fdbac000.jpege-core: probing start
Jan  1 00:00:06 ATK-DLRK3588 kern.info kernel: [   26.128686] mpp_vepu2 fdbac000.jpege-core: attach ccu success
Jan  1 00:00:06 ATK-DLRK3588 kern.info kernel: [   26.128703] mpp_vepu2 fdbac000.jpege-core: probing finish
Jan  1 00:00:06 ATK-DLRK3588 kern.info kernel: [   26.128916] mpp-iep2 fdbb0000.iep: Adding to iommu group 9
Jan  1 00:00:06 ATK-DLRK3588 kern.info kernel: [   26.128992] mpp-iep2 fdbb0000.iep: probe device
Jan  1 00:00:06 ATK-DLRK3588 kern.err kernel: [   26.129094] mpp-iep2 fdbb0000.iep: allocate roi buffer failed
Jan  1 00:00:06 ATK-DLRK3588 kern.info kernel: [   26.129105] mpp-iep2 fdbb0000.iep: probing finish
Jan  1 00:00:06 ATK-DLRK3588 kern.info kernel: [   26.129258] mpp_jpgdec fdb90000.jpegd: Adding to iommu group 4
Jan  1 00:00:06 ATK-DLRK3588 kern.info kernel: [   26.129401] mpp_jpgdec fdb90000.jpegd: probe device
Jan  1 00:00:06 ATK-DLRK3588 kern.info kernel: [   26.129507] mpp_jpgdec fdb90000.jpegd: probing finish
Jan  1 00:00:06 ATK-DLRK3588 kern.info kernel: [   26.129830] mpp_rkvdec2 fdc30000.rkvdec-ccu: rkvdec-ccu, probing start
Jan  1 00:00:06 ATK-DLRK3588 kern.info kernel: [   26.129881] mpp_rkvdec2 fdc30000.rkvdec-ccu: ccu-mode: 1
Jan  1 00:00:06 ATK-DLRK3588 kern.info kernel: [   26.129885] mpp_rkvdec2 fdc30000.rkvdec-ccu: probing finish
Jan  1 00:00:06 ATK-DLRK3588 kern.info kernel: [   26.129950] mpp_rkvdec2 fdc38100.rkvdec-core: Adding to iommu group 12
Jan  1 00:00:06 ATK-DLRK3588 kern.info kernel: [   26.130187] mpp_rkvdec2 fdc38100.rkvdec-core: rkvdec-core, probing start
Jan  1 00:00:06 ATK-DLRK3588 kern.err kernel: [   26.130289] mpp_rkvdec2 fdc38100.rkvdec-core: shared_niu_a is not found!
Jan  1 00:00:06 ATK-DLRK3588 kern.err kernel: [   26.130294] rkvdec2_init:1024: No niu aclk reset resource define
Jan  1 00:00:06 ATK-DLRK3588 kern.err kernel: [   26.130298] mpp_rkvdec2 fdc38100.rkvdec-core: shared_niu_h is not found!
Jan  1 00:00:06 ATK-DLRK3588 kern.err kernel: [   26.130302] rkvdec2_init:1027: No niu hclk reset resource define
Jan  1 00:00:06 ATK-DLRK3588 kern.info kernel: [   26.130319] mpp_rkvdec2 fdc38100.rkvdec-core: no regulator, devfreq is disabled
Jan  1 00:00:06 ATK-DLRK3588 kern.info kernel: [   26.130378] mpp_rkvdec2 fdc38100.rkvdec-core: core_mask=00010001
Jan  1 00:00:06 ATK-DLRK3588 kern.info kernel: [   26.130382] mpp_rkvdec2 fdc38100.rkvdec-core: attach ccu as core 0
Jan  1 00:00:06 ATK-DLRK3588 kern.info kernel: [   26.141221] mpp_rkvdec2 fdc38100.rkvdec-core: sram_start 0x00000000ff001000
Jan  1 00:00:06 ATK-DLRK3588 kern.err kernel: [   26.141225] rk-pcie fe150000.pcie: IRQ msi not found
Jan  1 00:00:06 ATK-DLRK3588 kern.info kernel: [   26.141229] mpp_rkvdec2 fdc38100.rkvdec-core: rcb_iova 0x00000000fff00000
Jan  1 00:00:06 ATK-DLRK3588 kern.info kernel: [   26.141232] mpp_rkvdec2 fdc38100.rkvdec-core: sram_size 491520
Jan  1 00:00:06 ATK-DLRK3588 kern.info kernel: [   26.141234] mpp_rkvdec2 fdc38100.rkvdec-core: rcb_size 1048576
Jan  1 00:00:06 ATK-DLRK3588 kern.info kernel: [   26.141237] mpp_rkvdec2 fdc38100.rkvdec-core: min_width 512
Jan  1 00:00:06 ATK-DLRK3588 kern.info kernel: [   26.141241] mpp_rkvdec2 fdc38100.rkvdec-core: rcb_info_count 20
Jan  1 00:00:06 ATK-DLRK3588 kern.info kernel: [   26.141244] mpp_rkvdec2 fdc38100.rkvdec-core: [136, 24576]
Jan  1 00:00:06 ATK-DLRK3588 kern.info kernel: [   26.141246] mpp_rkvdec2 fdc38100.rkvdec-core: [137, 49152]
Jan  1 00:00:06 ATK-DLRK3588 kern.info kernel: [   26.141249] mpp_rkvdec2 fdc38100.rkvdec-core: [141, 90112]
Jan  1 00:00:06 ATK-DLRK3588 kern.info kernel: [   26.141251] mpp_rkvdec2 fdc38100.rkvdec-core: [140, 49152]
Jan  1 00:00:06 ATK-DLRK3588 kern.info kernel: [   26.141254] mpp_rkvdec2 fdc38100.rkvdec-core: [139, 180224]
Jan  1 00:00:06 ATK-DLRK3588 kern.info kernel: [   26.141256] mpp_rkvdec2 fdc38100.rkvdec-core: [133, 49152]
Jan  1 00:00:06 ATK-DLRK3588 kern.info kernel: [   26.141259] mpp_rkvdec2 fdc38100.rkvdec-core: [134, 8192]
Jan  1 00:00:06 ATK-DLRK3588 kern.info kernel: [   26.141261] mpp_rkvdec2 fdc38100.rkvdec-core: [135, 4352]
Jan  1 00:00:06 ATK-DLRK3588 kern.info kernel: [   26.141263] mpp_rkvdec2 fdc38100.rkvdec-core: [138, 13056]
Jan  1 00:00:06 ATK-DLRK3588 kern.info kernel: [   26.141266] mpp_rkvdec2 fdc38100.rkvdec-core: [142, 291584]
Jan  1 00:00:06 ATK-DLRK3588 kern.info kernel: [   26.141270] rk-pcie fe150000.pcie: use outband MSI support
Jan  1 00:00:06 ATK-DLRK3588 kern.err kernel: [   26.141274] rk-pcie fe150000.pcie: Missing *config* reg space
Jan  1 00:00:06 ATK-DLRK3588 kern.info kernel: [   26.141281] rk-pcie fe150000.pcie: host bridge /pcie@fe150000 ranges:
Jan  1 00:00:06 ATK-DLRK3588 kern.info kernel: [   26.141289] mpp_rkvdec2 fdc38100.rkvdec-core: probing finish
Jan  1 00:00:06 ATK-DLRK3588 kern.info kernel: [   26.141292] rk-pcie fe150000.pcie:      err 0x00f0000000..0x00f00fffff -> 0x00f0000000
Jan  1 00:00:06 ATK-DLRK3588 kern.info kernel: [   26.141298] rk-pcie fe150000.pcie:       IO 0x00f0100000..0x00f01fffff -> 0x00f0100000
Jan  1 00:00:06 ATK-DLRK3588 kern.info kernel: [   26.141303] rk-pcie fe150000.pcie:      MEM 0x00f0200000..0x00f0ffffff -> 0x00f0200000
Jan  1 00:00:06 ATK-DLRK3588 kern.info kernel: [   26.141309] rk-pcie fe150000.pcie:      MEM 0x0900000000..0x093fffffff -> 0x0900000000
Jan  1 00:00:06 ATK-DLRK3588 kern.err kernel: [   26.141337] rk-pcie fe150000.pcie: Missing *config* reg space
Jan  1 00:00:06 ATK-DLRK3588 kern.err kernel: [   26.141362] rk-pcie fe150000.pcie: invalid resource
Jan  1 00:00:06 ATK-DLRK3588 kern.info kernel: [   26.141367] mpp_rkvdec2 fdc48100.rkvdec-core: Adding to iommu group 13
Jan  1 00:00:06 ATK-DLRK3588 kern.info kernel: [   26.141559] mpp_rkvdec2 fdc48100.rkvdec-core: rkvdec-core, probing start
Jan  1 00:00:06 ATK-DLRK3588 kern.err kernel: [   26.141659] mpp_rkvdec2 fdc48100.rkvdec-core: shared_niu_a is not found!
Jan  1 00:00:06 ATK-DLRK3588 kern.err kernel: [   26.141663] rkvdec2_init:1024: No niu aclk reset resource define
Jan  1 00:00:06 ATK-DLRK3588 kern.err kernel: [   26.141668] mpp_rkvdec2 fdc48100.rkvdec-core: shared_niu_h is not found!
Jan  1 00:00:06 ATK-DLRK3588 kern.err kernel: [   26.141671] rkvdec2_init:1027: No niu hclk reset resource define
Jan  1 00:00:06 ATK-DLRK3588 kern.info kernel: [   26.141687] mpp_rkvdec2 fdc48100.rkvdec-core: no regulator, devfreq is disabled
Jan  1 00:00:06 ATK-DLRK3588 kern.info kernel: [   26.141727] mpp_rkvdec2 fdc48100.rkvdec-core: core_mask=00020002
Jan  1 00:00:06 ATK-DLRK3588 kern.info kernel: [   26.141743] mpp_rkvdec2 fdc48100.rkvdec-core: attach ccu as core 1
Jan  1 00:00:06 ATK-DLRK3588 kern.info kernel: [   26.141919] mpp_rkvdec2 fdc48100.rkvdec-core: sram_start 0x00000000ff079000
Jan  1 00:00:06 ATK-DLRK3588 kern.info kernel: [   26.141923] mpp_rkvdec2 fdc48100.rkvdec-core: rcb_iova 0x00000000ffe00000
Jan  1 00:00:06 ATK-DLRK3588 kern.info kernel: [   26.141927] mpp_rkvdec2 fdc48100.rkvdec-core: sram_size 487424
Jan  1 00:00:06 ATK-DLRK3588 kern.info kernel: [   26.141931] mpp_rkvdec2 fdc48100.rkvdec-core: rcb_size 1048576
Jan  1 00:00:06 ATK-DLRK3588 kern.info kernel: [   26.141935] mpp_rkvdec2 fdc48100.rkvdec-core: min_width 512
Jan  1 00:00:06 ATK-DLRK3588 kern.info kernel: [   26.141941] mpp_rkvdec2 fdc48100.rkvdec-core: rcb_info_count 20
Jan  1 00:00:06 ATK-DLRK3588 kern.info kernel: [   26.141945] mpp_rkvdec2 fdc48100.rkvdec-core: [136, 24576]
Jan  1 00:00:06 ATK-DLRK3588 kern.info kernel: [   26.141948] mpp_rkvdec2 fdc48100.rkvdec-core: [137, 49152]
Jan  1 00:00:06 ATK-DLRK3588 kern.info kernel: [   26.141952] mpp_rkvdec2 fdc48100.rkvdec-core: [141, 90112]
Jan  1 00:00:06 ATK-DLRK3588 kern.info kernel: [   26.141956] mpp_rkvdec2 fdc48100.rkvdec-core: [140, 49152]
Jan  1 00:00:06 ATK-DLRK3588 kern.info kernel: [   26.141959] mpp_rkvdec2 fdc48100.rkvdec-core: [139, 180224]
Jan  1 00:00:06 ATK-DLRK3588 kern.info kernel: [   26.141963] mpp_rkvdec2 fdc48100.rkvdec-core: [133, 49152]
Jan  1 00:00:06 ATK-DLRK3588 kern.info kernel: [   26.141967] mpp_rkvdec2 fdc48100.rkvdec-core: [134, 8192]
Jan  1 00:00:06 ATK-DLRK3588 kern.info kernel: [   26.141970] mpp_rkvdec2 fdc48100.rkvdec-core: [135, 4352]
Jan  1 00:00:06 ATK-DLRK3588 kern.info kernel: [   26.141974] mpp_rkvdec2 fdc48100.rkvdec-core: [138, 13056]
Jan  1 00:00:06 ATK-DLRK3588 kern.info kernel: [   26.141978] mpp_rkvdec2 fdc48100.rkvdec-core: [142, 291584]
Jan  1 00:00:06 ATK-DLRK3588 kern.info kernel: [   26.142002] mpp_rkvdec2 fdc48100.rkvdec-core: probing finish
Jan  1 00:00:06 ATK-DLRK3588 kern.info kernel: [   26.142217] mpp_rkvenc2 rkvenc-ccu: probing start
Jan  1 00:00:06 ATK-DLRK3588 kern.info kernel: [   26.142222] mpp_rkvenc2 rkvenc-ccu: probing finish
Jan  1 00:00:06 ATK-DLRK3588 kern.info kernel: [   26.142719] mpp_av1dec: Adding child /av1d@fdc70000
Jan  1 00:00:06 ATK-DLRK3588 kern.info kernel: [   26.142779] mpp_av1dec: register device av1d-master
Jan  1 00:00:06 ATK-DLRK3588 kern.info kernel: [   26.142808] mpp_av1dec av1d-master: av1_iommu_of_xlate,784
Jan  1 00:00:06 ATK-DLRK3588 kern.info kernel: [   26.142827] av1_iommu_probe_device,736, consumer : av1d-master, supplier : fdca0000.iommu
Jan  1 00:00:06 ATK-DLRK3588 kern.info kernel: [   26.142856] mpp_av1dec av1d-master: Adding to iommu group 18
Jan  1 00:00:06 ATK-DLRK3588 kern.info kernel: [   26.143039] mpp_av1dec av1d-master: probing start
Jan  1 00:00:06 ATK-DLRK3588 kern.info kernel: [   26.143155] mpp_av1dec av1d-master: probing finish
Jan  1 00:00:06 ATK-DLRK3588 kern.info kernel: [   26.143178] mpp_service mpp-srv: probe success
Jan  1 00:00:06 ATK-DLRK3588 kern.info kernel: [   26.152107] dma-pl330 fea10000.dma-controller: Loaded driver for PL330 DMAC-241330
Jan  1 00:00:06 ATK-DLRK3588 kern.info kernel: [   26.152116] dma-pl330 fea10000.dma-controller: 	DBUFF-128x8bytes Num_Chans-8 Num_Peri-32 Num_Events-16
Jan  1 00:00:06 ATK-DLRK3588 kern.info kernel: [   26.152844] dma-pl330 fea30000.dma-controller: Loaded driver for PL330 DMAC-241330
Jan  1 00:00:06 ATK-DLRK3588 kern.info kernel: [   26.152850] dma-pl330 fea30000.dma-controller: 	DBUFF-128x8bytes Num_Chans-8 Num_Peri-32 Num_Events-16
Jan  1 00:00:06 ATK-DLRK3588 kern.info kernel: [   26.153610] dma-pl330 fed10000.dma-controller: Loaded driver for PL330 DMAC-241330
Jan  1 00:00:06 ATK-DLRK3588 kern.info kernel: [   26.153617] dma-pl330 fed10000.dma-controller: 	DBUFF-128x8bytes Num_Chans-8 Num_Peri-32 Num_Events-16
Jan  1 00:00:06 ATK-DLRK3588 kern.info kernel: [   26.154244] rockchip-pvtm fda40000.pvtm: pvtm@0 probed
Jan  1 00:00:06 ATK-DLRK3588 kern.info kernel: [   26.154291] rockchip-pvtm fda50000.pvtm: pvtm@1 probed
Jan  1 00:00:06 ATK-DLRK3588 kern.info kernel: [   26.154333] rockchip-pvtm fda60000.pvtm: pvtm@2 probed
Jan  1 00:00:06 ATK-DLRK3588 kern.info kernel: [   26.154376] rockchip-pvtm fdaf0000.pvtm: pvtm@3 probed
Jan  1 00:00:06 ATK-DLRK3588 kern.info kernel: [   26.154414] rockchip-pvtm fdb30000.pvtm: pvtm@4 probed
Jan  1 00:00:06 ATK-DLRK3588 kern.info kernel: [   26.154937] rockchip-system-monitor rockchip-system-monitor: system monitor probe
Jan  1 00:00:06 ATK-DLRK3588 kern.info kernel: [   26.155657] Serial: 8250/16550 driver, 10 ports, IRQ sharing disabled
Jan  1 00:00:06 ATK-DLRK3588 kern.info kernel: [   26.156148] feb60000.serial: ttyS3 at MMIO 0xfeb60000 (irq = 116, base_baud = 1500000) is a 16550A
Jan  1 00:00:06 ATK-DLRK3588 kern.info kernel: [   26.172855] brd: module loaded
Jan  1 00:00:06 ATK-DLRK3588 kern.info kernel: [   26.175394] loop: module loaded
Jan  1 00:00:06 ATK-DLRK3588 kern.info kernel: [   26.175548] zram: Added device: zram0
Jan  1 00:00:06 ATK-DLRK3588 kern.info kernel: [   26.175668] lkdtm: No crash points registered, enable through debugfs
Jan  1 00:00:06 ATK-DLRK3588 kern.info kernel: [   26.175958] system_heap: orders[0] = 6
Jan  1 00:00:06 ATK-DLRK3588 kern.info kernel: [   26.175963] system_heap: orders[1] = 4
Jan  1 00:00:06 ATK-DLRK3588 kern.info kernel: [   26.175967] system_heap: orders[2] = 0
Jan  1 00:00:06 ATK-DLRK3588 kern.warn kernel: [   26.176900] ahci fe210000.sata: supply ahci not found, using dummy regulator
Jan  1 00:00:06 ATK-DLRK3588 kern.warn kernel: [   26.176954] ahci fe210000.sata: supply phy not found, using dummy regulator
Jan  1 00:00:06 ATK-DLRK3588 kern.warn kernel: [   26.177054] ahci fe210000.sata: supply target not found, using dummy regulator
Jan  1 00:00:06 ATK-DLRK3588 kern.info kernel: [   26.177112] ahci fe210000.sata: forcing port_map 0x0 -> 0x1
Jan  1 00:00:06 ATK-DLRK3588 kern.info kernel: [   26.177135] ahci fe210000.sata: AHCI 0001.0300 32 slots 1 ports 6 Gbps 0x1 impl platform mode
Jan  1 00:00:06 ATK-DLRK3588 kern.info kernel: [   26.177142] ahci fe210000.sata: flags: ncq sntf pm led clo only pmp fbs pio slum part ccc apst 
Jan  1 00:00:06 ATK-DLRK3588 kern.info kernel: [   26.177152] ahci fe210000.sata: port 0 can do FBS, forcing FBSCP
Jan  1 00:00:06 ATK-DLRK3588 kern.info kernel: [   26.177771] scsi host0: ahci
Jan  1 00:00:06 ATK-DLRK3588 kern.info kernel: [   26.177888] ata1: SATA max UDMA/133 mmio [mem 0xfe210000-0xfe210fff] port 0x100 irq 100
Jan  1 00:00:06 ATK-DLRK3588 kern.warn kernel: [   26.178944] rockchip-spi feb20000.spi: no high_speed pinctrl state
Jan  1 00:00:06 ATK-DLRK3588 kern.info kernel: [   26.180233] rk806 spi2.0: chip id: RK806,ver:0x2, 0x1
Jan  1 00:00:06 ATK-DLRK3588 kern.info kernel: [   26.180362] rk806 spi2.0: ON: 0x40 OFF:0x0
Jan  1 00:00:06 ATK-DLRK3588 kern.info kernel: [   26.181751] vdd_gpu_s0: supplied by vcc5v0_sys
Jan  1 00:00:06 ATK-DLRK3588 kern.info kernel: [   26.182749] vdd_cpu_lit_s0: supplied by vcc5v0_sys
Jan  1 00:00:06 ATK-DLRK3588 kern.info kernel: [   26.183359] vdd_log_s0: supplied by vcc5v0_sys
Jan  1 00:00:06 ATK-DLRK3588 kern.info kernel: [   26.183931] vdd_vdenc_s0: supplied by vcc5v0_sys
Jan  1 00:00:06 ATK-DLRK3588 kern.info kernel: [   26.184539] vdd_ddr_s0: supplied by vcc5v0_sys
Jan  1 00:00:06 ATK-DLRK3588 kern.info kernel: [   26.184905] vdd2_ddr_s3: supplied by vcc5v0_sys
Jan  1 00:00:06 ATK-DLRK3588 kern.info kernel: [   26.185430] vdd_2v0_pldo_s3: supplied by vcc5v0_sys
Jan  1 00:00:06 ATK-DLRK3588 kern.info kernel: [   26.185909] vcc_3v3_s3: supplied by vcc5v0_sys
Jan  1 00:00:06 ATK-DLRK3588 kern.info kernel: [   26.186362] vddq_ddr_s0: supplied by vcc5v0_sys
Jan  1 00:00:06 ATK-DLRK3588 kern.info kernel: [   26.186889] vcc_1v8_s3: supplied by vcc5v0_sys
Jan  1 00:00:06 ATK-DLRK3588 kern.info kernel: [   26.187457] vdd_0v75_s3: supplied by vcc_1v1_nldo_s3
Jan  1 00:00:06 ATK-DLRK3588 kern.info kernel: [   26.187992] vdd_ddr_pll_s0: supplied by vcc_1v1_nldo_s3
Jan  1 00:00:06 ATK-DLRK3588 kern.info kernel: [   26.188454] avdd_0v75_s0: supplied by vcc_1v1_nldo_s3
Jan  1 00:00:06 ATK-DLRK3588 kern.info kernel: [   26.188917] vdd_0v85_s0: supplied by vcc_1v1_nldo_s3
Jan  1 00:00:06 ATK-DLRK3588 kern.info kernel: [   26.189381] vdd_0v75_s0: supplied by vcc_1v1_nldo_s3
Jan  1 00:00:06 ATK-DLRK3588 kern.info kernel: [   26.189930] avcc_1v8_s0: supplied by vdd_2v0_pldo_s3
Jan  1 00:00:06 ATK-DLRK3588 kern.info kernel: [   26.190525] vcc_1v8_s0: supplied by vdd_2v0_pldo_s3
Jan  1 00:00:06 ATK-DLRK3588 kern.info kernel: [   26.191051] avdd_1v2_s0: supplied by vdd_2v0_pldo_s3
Jan  1 00:00:06 ATK-DLRK3588 kern.info kernel: [   26.191565] vcc_3v3_s0: supplied by vcc5v0_sys
Jan  1 00:00:06 ATK-DLRK3588 kern.info kernel: [   26.192026] vccio_sd_s0: supplied by vcc5v0_sys
Jan  1 00:00:06 ATK-DLRK3588 kern.info kernel: [   26.192530] pldo6_s3: supplied by vcc5v0_sys
Jan  1 00:00:06 ATK-DLRK3588 kern.err kernel: [   26.192763] rk806 spi2.0: no sleep-setting state
Jan  1 00:00:06 ATK-DLRK3588 kern.err kernel: [   26.192769] rk806 spi2.0: no reset-setting pinctrl state
Jan  1 00:00:06 ATK-DLRK3588 kern.err kernel: [   26.192773] rk806 spi2.0: no dvs-setting pinctrl state
Jan  1 00:00:06 ATK-DLRK3588 kern.info kernel: [   26.194017] rockchip-spi feb20000.spi: probed, poll=0, rsd=0, cs-inactive=0, ready=0
Jan  1 00:00:06 ATK-DLRK3588 kern.info kernel: [   26.194936] CAN device driver interface
Jan  1 00:00:06 ATK-DLRK3588 kern.info kernel: [   26.196377] rk_gmac-dwmac fe1b0000.ethernet: IRQ eth_lpi not found
Jan  1 00:00:06 ATK-DLRK3588 kern.warn kernel: [   26.196525] rk_gmac-dwmac fe1b0000.ethernet: supply phy not found, using dummy regulator
Jan  1 00:00:06 ATK-DLRK3588 kern.info kernel: [   26.196584] rk_gmac-dwmac fe1b0000.ethernet: clock input or output? (output).
Jan  1 00:00:06 ATK-DLRK3588 kern.info kernel: [   26.196590] rk_gmac-dwmac fe1b0000.ethernet: TX delay(0x43).
Jan  1 00:00:06 ATK-DLRK3588 kern.err kernel: [   26.196595] rk_gmac-dwmac fe1b0000.ethernet: Can not read property: rx_delay.
Jan  1 00:00:06 ATK-DLRK3588 kern.err kernel: [   26.196600] rk_gmac-dwmac fe1b0000.ethernet: set rx_delay to 0xffffffff
Jan  1 00:00:06 ATK-DLRK3588 kern.info kernel: [   26.196623] rk_gmac-dwmac fe1b0000.ethernet: integrated PHY? (no).
Jan  1 00:00:06 ATK-DLRK3588 kern.err kernel: [   26.196631] rk_gmac-dwmac fe1b0000.ethernet: cannot get clock mac_clk_rx
Jan  1 00:00:06 ATK-DLRK3588 kern.err kernel: [   26.196636] rk_gmac-dwmac fe1b0000.ethernet: cannot get clock mac_clk_tx
Jan  1 00:00:06 ATK-DLRK3588 kern.err kernel: [   26.196649] rk_gmac-dwmac fe1b0000.ethernet: cannot get clock clk_mac_speed
Jan  1 00:00:06 ATK-DLRK3588 kern.info kernel: [   26.196866] rk_gmac-dwmac fe1b0000.ethernet: init for RGMII_RXID
Jan  1 00:00:06 ATK-DLRK3588 kern.info kernel: [   26.196967] rk_gmac-dwmac fe1b0000.ethernet: User ID: 0x30, Synopsys ID: 0x51
Jan  1 00:00:06 ATK-DLRK3588 kern.info kernel: [   26.196973] rk_gmac-dwmac fe1b0000.ethernet: 	DWMAC4/5
Jan  1 00:00:06 ATK-DLRK3588 kern.info kernel: [   26.196979] rk_gmac-dwmac fe1b0000.ethernet: DMA HW capability register supported
Jan  1 00:00:06 ATK-DLRK3588 kern.info kernel: [   26.196983] rk_gmac-dwmac fe1b0000.ethernet: RX Checksum Offload Engine supported
Jan  1 00:00:06 ATK-DLRK3588 kern.info kernel: [   26.196988] rk_gmac-dwmac fe1b0000.ethernet: TX Checksum insertion supported
Jan  1 00:00:06 ATK-DLRK3588 kern.info kernel: [   26.196992] rk_gmac-dwmac fe1b0000.ethernet: Wake-Up On Lan supported
Jan  1 00:00:06 ATK-DLRK3588 kern.info kernel: [   26.197021] rk_gmac-dwmac fe1b0000.ethernet: TSO supported
Jan  1 00:00:06 ATK-DLRK3588 kern.info kernel: [   26.197025] rk_gmac-dwmac fe1b0000.ethernet: Enable RX Mitigation via HW Watchdog Timer
Jan  1 00:00:06 ATK-DLRK3588 kern.info kernel: [   26.197031] rk_gmac-dwmac fe1b0000.ethernet: Enabled Flow TC (entries=2)
Jan  1 00:00:06 ATK-DLRK3588 kern.info kernel: [   26.197035] rk_gmac-dwmac fe1b0000.ethernet: TSO feature enabled
Jan  1 00:00:06 ATK-DLRK3588 kern.info kernel: [   26.197041] rk_gmac-dwmac fe1b0000.ethernet: Using 32 bits DMA width
Jan  1 00:00:06 ATK-DLRK3588 kern.info kernel: [   26.331167] rk-pcie fe170000.pcie: PCIe Linking... LTSSM is 0x3
Jan  1 00:00:06 ATK-DLRK3588 kern.info kernel: [   26.331339] rk_gmac-dwmac fe1c0000.ethernet: IRQ eth_lpi not found
Jan  1 00:00:06 ATK-DLRK3588 kern.warn kernel: [   26.331481] rk_gmac-dwmac fe1c0000.ethernet: supply phy not found, using dummy regulator
Jan  1 00:00:06 ATK-DLRK3588 kern.info kernel: [   26.331536] rk_gmac-dwmac fe1c0000.ethernet: clock input or output? (output).
Jan  1 00:00:06 ATK-DLRK3588 kern.info kernel: [   26.331542] rk_gmac-dwmac fe1c0000.ethernet: TX delay(0x43).
Jan  1 00:00:06 ATK-DLRK3588 kern.err kernel: [   26.331547] rk_gmac-dwmac fe1c0000.ethernet: Can not read property: rx_delay.
Jan  1 00:00:06 ATK-DLRK3588 kern.err kernel: [   26.331552] rk_gmac-dwmac fe1c0000.ethernet: set rx_delay to 0xffffffff
Jan  1 00:00:06 ATK-DLRK3588 kern.info kernel: [   26.331561] rk_gmac-dwmac fe1c0000.ethernet: integrated PHY? (no).
Jan  1 00:00:06 ATK-DLRK3588 kern.err kernel: [   26.331570] rk_gmac-dwmac fe1c0000.ethernet: cannot get clock mac_clk_rx
Jan  1 00:00:06 ATK-DLRK3588 kern.err kernel: [   26.331575] rk_gmac-dwmac fe1c0000.ethernet: cannot get clock mac_clk_tx
Jan  1 00:00:06 ATK-DLRK3588 kern.err kernel: [   26.331587] rk_gmac-dwmac fe1c0000.ethernet: cannot get clock clk_mac_speed
Jan  1 00:00:06 ATK-DLRK3588 kern.info kernel: [   26.331804] rk_gmac-dwmac fe1c0000.ethernet: init for RGMII_RXID
Jan  1 00:00:06 ATK-DLRK3588 kern.info kernel: [   26.331876] rk_gmac-dwmac fe1c0000.ethernet: User ID: 0x30, Synopsys ID: 0x51
Jan  1 00:00:06 ATK-DLRK3588 kern.info kernel: [   26.331881] rk_gmac-dwmac fe1c0000.ethernet: 	DWMAC4/5
Jan  1 00:00:06 ATK-DLRK3588 kern.info kernel: [   26.331887] rk_gmac-dwmac fe1c0000.ethernet: DMA HW capability register supported
Jan  1 00:00:06 ATK-DLRK3588 kern.info kernel: [   26.331892] rk_gmac-dwmac fe1c0000.ethernet: RX Checksum Offload Engine supported
Jan  1 00:00:06 ATK-DLRK3588 kern.info kernel: [   26.331896] rk_gmac-dwmac fe1c0000.ethernet: TX Checksum insertion supported
Jan  1 00:00:06 ATK-DLRK3588 kern.info kernel: [   26.331900] rk_gmac-dwmac fe1c0000.ethernet: Wake-Up On Lan supported
Jan  1 00:00:06 ATK-DLRK3588 kern.info kernel: [   26.331928] rk_gmac-dwmac fe1c0000.ethernet: TSO supported
Jan  1 00:00:06 ATK-DLRK3588 kern.info kernel: [   26.331932] rk_gmac-dwmac fe1c0000.ethernet: Enable RX Mitigation via HW Watchdog Timer
Jan  1 00:00:06 ATK-DLRK3588 kern.info kernel: [   26.331938] rk_gmac-dwmac fe1c0000.ethernet: Enabled Flow TC (entries=2)
Jan  1 00:00:06 ATK-DLRK3588 kern.info kernel: [   26.331942] rk_gmac-dwmac fe1c0000.ethernet: TSO feature enabled
Jan  1 00:00:06 ATK-DLRK3588 kern.info kernel: [   26.331948] rk_gmac-dwmac fe1c0000.ethernet: Using 32 bits DMA width
Jan  1 00:00:06 ATK-DLRK3588 kern.info kernel: [   26.347839] rk-pcie fe150000.pcie: PCIe Linking... LTSSM is 0x0
Jan  1 00:00:06 ATK-DLRK3588 kern.info kernel: [   26.356726] rk-pcie fe170000.pcie: PCIe Linking... LTSSM is 0x3
Jan  1 00:00:06 ATK-DLRK3588 kern.info kernel: [   26.373395] rk-pcie fe150000.pcie: PCIe Linking... LTSSM is 0x0
Jan  1 00:00:06 ATK-DLRK3588 kern.info kernel: [   26.383391] rk-pcie fe170000.pcie: PCIe Linking... LTSSM is 0x3
Jan  1 00:00:06 ATK-DLRK3588 kern.info kernel: [   26.400061] rk-pcie fe150000.pcie: PCIe Linking... LTSSM is 0x1
Jan  1 00:00:06 ATK-DLRK3588 kern.info kernel: [   26.410057] rk-pcie fe170000.pcie: PCIe Linking... LTSSM is 0x3
Jan  1 00:00:06 ATK-DLRK3588 kern.info kernel: [   26.426727] rk-pcie fe150000.pcie: PCIe Linking... LTSSM is 0x1
Jan  1 00:00:06 ATK-DLRK3588 kern.info kernel: [   26.436724] rk-pcie fe170000.pcie: PCIe Linking... LTSSM is 0x3
Jan  1 00:00:06 ATK-DLRK3588 kern.info kernel: [   26.453393] rk-pcie fe150000.pcie: PCIe Linking... LTSSM is 0x0
Jan  1 00:00:06 ATK-DLRK3588 kern.info kernel: [   26.464816] PPP generic driver version 2.4.2
Jan  1 00:00:06 ATK-DLRK3588 kern.info kernel: [   26.464880] PPP BSD Compression module registered
Jan  1 00:00:06 ATK-DLRK3588 kern.info kernel: [   26.464885] PPP Deflate Compression module registered
Jan  1 00:00:06 ATK-DLRK3588 kern.info kernel: [   26.464898] PPP MPPE Compression module registered
Jan  1 00:00:06 ATK-DLRK3588 kern.info kernel: [   26.464902] NET: Registered protocol family 24
Jan  1 00:00:06 ATK-DLRK3588 kern.info kernel: [   26.464942] usbcore: registered new interface driver rtl8150
Jan  1 00:00:06 ATK-DLRK3588 kern.info kernel: [   26.464960] usbcore: registered new interface driver r8152
Jan  1 00:00:06 ATK-DLRK3588 kern.info kernel: [   26.464976] usbcore: registered new interface driver asix
Jan  1 00:00:06 ATK-DLRK3588 kern.info kernel: [   26.464990] usbcore: registered new interface driver ax88179_178a
Jan  1 00:00:06 ATK-DLRK3588 kern.info kernel: [   26.465004] usbcore: registered new interface driver cdc_ether
Jan  1 00:00:06 ATK-DLRK3588 kern.info kernel: [   26.465018] usbcore: registered new interface driver cdc_eem
Jan  1 00:00:06 ATK-DLRK3588 kern.info kernel: [   26.465031] usbcore: registered new interface driver net1080
Jan  1 00:00:06 ATK-DLRK3588 kern.info kernel: [   26.465046] usbcore: registered new interface driver rndis_host
Jan  1 00:00:06 ATK-DLRK3588 kern.info kernel: [   26.465060] usbcore: registered new interface driver cdc_subset
Jan  1 00:00:06 ATK-DLRK3588 kern.info kernel: [   26.465073] usbcore: registered new interface driver zaurus
Jan  1 00:00:06 ATK-DLRK3588 kern.info kernel: [   26.465093] usbcore: registered new interface driver cdc_ncm
Jan  1 00:00:06 ATK-DLRK3588 kern.info kernel: [   26.465108] usbcore: registered new interface driver qmi_wwan_q
Jan  1 00:00:06 ATK-DLRK3588 kern.info kernel: [   26.465123] usbcore: registered new interface driver qmi_wwan
Jan  1 00:00:06 ATK-DLRK3588 kern.info kernel: [   26.465136] usbcore: registered new interface driver cdc_mbim
Jan  1 00:00:06 ATK-DLRK3588 kern.info kernel: [   26.480191] ehci_hcd: USB 2.0 'Enhanced' Host Controller (EHCI) Driver
Jan  1 00:00:06 ATK-DLRK3588 kern.info kernel: [   26.480203] ehci-pci: EHCI PCI platform driver
Jan  1 00:00:06 ATK-DLRK3588 kern.info kernel: [   26.480232] ehci-platform: EHCI generic platform driver
Jan  1 00:00:06 ATK-DLRK3588 kern.info kernel: [   26.482471] ehci-platform fc800000.usb: EHCI Host Controller
Jan  1 00:00:06 ATK-DLRK3588 kern.info kernel: [   26.482534] ehci-platform fc800000.usb: new USB bus registered, assigned bus number 1
Jan  1 00:00:06 ATK-DLRK3588 kern.info kernel: [   26.482592] ehci-platform fc800000.usb: irq 20, io mem 0xfc800000
Jan  1 00:00:06 ATK-DLRK3588 kern.info kernel: [   26.489694] ata1: SATA link down (SStatus 0 SControl 300)
Jan  1 00:00:06 ATK-DLRK3588 kern.info kernel: [   26.493403] ehci-platform fc800000.usb: USB 2.0 started, EHCI 1.00
Jan  1 00:00:06 ATK-DLRK3588 kern.info kernel: [   26.493474] usb usb1: New USB device found, idVendor=1d6b, idProduct=0002, bcdDevice= 5.10
Jan  1 00:00:06 ATK-DLRK3588 kern.info kernel: [   26.493480] usb usb1: New USB device strings: Mfr=3, Product=2, SerialNumber=1
Jan  1 00:00:06 ATK-DLRK3588 kern.info kernel: [   26.493485] usb usb1: Product: EHCI Host Controller
Jan  1 00:00:06 ATK-DLRK3588 kern.info kernel: [   26.493490] usb usb1: Manufacturer: Linux 5.10.209 ehci_hcd
Jan  1 00:00:06 ATK-DLRK3588 kern.info kernel: [   26.493495] usb usb1: SerialNumber: fc800000.usb
Jan  1 00:00:06 ATK-DLRK3588 kern.info kernel: [   26.493671] hub 1-0:1.0: USB hub found
Jan  1 00:00:06 ATK-DLRK3588 kern.info kernel: [   26.493684] hub 1-0:1.0: 1 port detected
Jan  1 00:00:06 ATK-DLRK3588 kern.info kernel: [   26.496011] ehci-platform fc880000.usb: EHCI Host Controller
Jan  1 00:00:06 ATK-DLRK3588 kern.info kernel: [   26.496071] ehci-platform fc880000.usb: new USB bus registered, assigned bus number 2
Jan  1 00:00:06 ATK-DLRK3588 kern.info kernel: [   26.496122] ehci-platform fc880000.usb: irq 22, io mem 0xfc880000
Jan  1 00:00:06 ATK-DLRK3588 kern.info kernel: [   26.506734] ehci-platform fc880000.usb: USB 2.0 started, EHCI 1.00
Jan  1 00:00:06 ATK-DLRK3588 kern.info kernel: [   26.506803] usb usb2: New USB device found, idVendor=1d6b, idProduct=0002, bcdDevice= 5.10
Jan  1 00:00:06 ATK-DLRK3588 kern.info kernel: [   26.506809] usb usb2: New USB device strings: Mfr=3, Product=2, SerialNumber=1
Jan  1 00:00:06 ATK-DLRK3588 kern.info kernel: [   26.506814] usb usb2: Product: EHCI Host Controller
Jan  1 00:00:06 ATK-DLRK3588 kern.info kernel: [   26.506818] usb usb2: Manufacturer: Linux 5.10.209 ehci_hcd
Jan  1 00:00:06 ATK-DLRK3588 kern.info kernel: [   26.506823] usb usb2: SerialNumber: fc880000.usb
Jan  1 00:00:06 ATK-DLRK3588 kern.info kernel: [   26.506977] hub 2-0:1.0: USB hub found
Jan  1 00:00:06 ATK-DLRK3588 kern.info kernel: [   26.506991] hub 2-0:1.0: 1 port detected
Jan  1 00:00:06 ATK-DLRK3588 kern.info kernel: [   26.507339] ohci_hcd: USB 1.1 'Open' Host Controller (OHCI) Driver
Jan  1 00:00:06 ATK-DLRK3588 kern.info kernel: [   26.507348] ohci-platform: OHCI generic platform driver
Jan  1 00:00:06 ATK-DLRK3588 kern.info kernel: [   26.507491] ohci-platform fc840000.usb: Generic Platform OHCI controller
Jan  1 00:00:06 ATK-DLRK3588 kern.info kernel: [   26.507547] ohci-platform fc840000.usb: new USB bus registered, assigned bus number 3
Jan  1 00:00:06 ATK-DLRK3588 kern.info kernel: [   26.507586] ohci-platform fc840000.usb: irq 21, io mem 0xfc840000
Jan  1 00:00:06 ATK-DLRK3588 kern.info kernel: [   26.567457] usb usb3: New USB device found, idVendor=1d6b, idProduct=0001, bcdDevice= 5.10
Jan  1 00:00:06 ATK-DLRK3588 kern.info kernel: [   26.567464] usb usb3: New USB device strings: Mfr=3, Product=2, SerialNumber=1
Jan  1 00:00:06 ATK-DLRK3588 kern.info kernel: [   26.567469] usb usb3: Product: Generic Platform OHCI controller
Jan  1 00:00:06 ATK-DLRK3588 kern.info kernel: [   26.567474] usb usb3: Manufacturer: Linux 5.10.209 ohci_hcd
Jan  1 00:00:06 ATK-DLRK3588 kern.info kernel: [   26.567478] usb usb3: SerialNumber: fc840000.usb
Jan  1 00:00:06 ATK-DLRK3588 kern.info kernel: [   26.567632] hub 3-0:1.0: USB hub found
Jan  1 00:00:06 ATK-DLRK3588 kern.info kernel: [   26.567646] hub 3-0:1.0: 1 port detected
Jan  1 00:00:06 ATK-DLRK3588 kern.info kernel: [   26.567862] ohci-platform fc8c0000.usb: Generic Platform OHCI controller
Jan  1 00:00:06 ATK-DLRK3588 kern.info kernel: [   26.567917] ohci-platform fc8c0000.usb: new USB bus registered, assigned bus number 4
Jan  1 00:00:06 ATK-DLRK3588 kern.info kernel: [   26.567956] ohci-platform fc8c0000.usb: irq 23, io mem 0xfc8c0000
Jan  1 00:00:06 ATK-DLRK3588 kern.info kernel: [   26.627458] usb usb4: New USB device found, idVendor=1d6b, idProduct=0001, bcdDevice= 5.10
Jan  1 00:00:06 ATK-DLRK3588 kern.info kernel: [   26.627465] usb usb4: New USB device strings: Mfr=3, Product=2, SerialNumber=1
Jan  1 00:00:06 ATK-DLRK3588 kern.info kernel: [   26.627470] usb usb4: Product: Generic Platform OHCI controller
Jan  1 00:00:06 ATK-DLRK3588 kern.info kernel: [   26.627475] usb usb4: Manufacturer: Linux 5.10.209 ohci_hcd
Jan  1 00:00:06 ATK-DLRK3588 kern.info kernel: [   26.627480] usb usb4: SerialNumber: fc8c0000.usb
Jan  1 00:00:06 ATK-DLRK3588 kern.info kernel: [   26.627624] hub 4-0:1.0: USB hub found
Jan  1 00:00:06 ATK-DLRK3588 kern.info kernel: [   26.627636] hub 4-0:1.0: 1 port detected
Jan  1 00:00:06 ATK-DLRK3588 kern.info kernel: [   26.628142] xhci-hcd xhci-hcd.3.auto: xHCI Host Controller
Jan  1 00:00:06 ATK-DLRK3588 kern.info kernel: [   26.628202] xhci-hcd xhci-hcd.3.auto: new USB bus registered, assigned bus number 5
Jan  1 00:00:06 ATK-DLRK3588 kern.info kernel: [   26.628272] xhci-hcd xhci-hcd.3.auto: hcc params 0x0220fe64 hci version 0x110 quirks 0x0000800002010010
Jan  1 00:00:06 ATK-DLRK3588 kern.info kernel: [   26.628293] xhci-hcd xhci-hcd.3.auto: irq 159, io mem 0xfcd00000
Jan  1 00:00:06 ATK-DLRK3588 kern.info kernel: [   26.628354] xhci-hcd xhci-hcd.3.auto: xHCI Host Controller
Jan  1 00:00:06 ATK-DLRK3588 kern.info kernel: [   26.628404] xhci-hcd xhci-hcd.3.auto: new USB bus registered, assigned bus number 6
Jan  1 00:00:06 ATK-DLRK3588 kern.info kernel: [   26.628411] xhci-hcd xhci-hcd.3.auto: Host supports USB 3.0 SuperSpeed
Jan  1 00:00:06 ATK-DLRK3588 kern.info kernel: [   26.628457] usb usb5: New USB device found, idVendor=1d6b, idProduct=0002, bcdDevice= 5.10
Jan  1 00:00:06 ATK-DLRK3588 kern.info kernel: [   26.628463] usb usb5: New USB device strings: Mfr=3, Product=2, SerialNumber=1
Jan  1 00:00:06 ATK-DLRK3588 kern.info kernel: [   26.628467] usb usb5: Product: xHCI Host Controller
Jan  1 00:00:06 ATK-DLRK3588 kern.info kernel: [   26.628472] usb usb5: Manufacturer: Linux 5.10.209 xhci-hcd
Jan  1 00:00:06 ATK-DLRK3588 kern.info kernel: [   26.628476] usb usb5: SerialNumber: xhci-hcd.3.auto
Jan  1 00:00:06 ATK-DLRK3588 kern.info kernel: [   26.628623] hub 5-0:1.0: USB hub found
Jan  1 00:00:06 ATK-DLRK3588 kern.info kernel: [   26.628636] hub 5-0:1.0: 1 port detected
Jan  1 00:00:06 ATK-DLRK3588 kern.info kernel: [   26.628757] usb usb6: We don't know the algorithms for LPM for this host, disabling LPM.
Jan  1 00:00:06 ATK-DLRK3588 kern.info kernel: [   26.628793] usb usb6: New USB device found, idVendor=1d6b, idProduct=0003, bcdDevice= 5.10
Jan  1 00:00:06 ATK-DLRK3588 kern.info kernel: [   26.628798] usb usb6: New USB device strings: Mfr=3, Product=2, SerialNumber=1
Jan  1 00:00:06 ATK-DLRK3588 kern.info kernel: [   26.628803] usb usb6: Product: xHCI Host Controller
Jan  1 00:00:06 ATK-DLRK3588 kern.info kernel: [   26.628807] usb usb6: Manufacturer: Linux 5.10.209 xhci-hcd
Jan  1 00:00:06 ATK-DLRK3588 kern.info kernel: [   26.628812] usb usb6: SerialNumber: xhci-hcd.3.auto
Jan  1 00:00:06 ATK-DLRK3588 kern.info kernel: [   26.628952] hub 6-0:1.0: USB hub found
Jan  1 00:00:06 ATK-DLRK3588 kern.info kernel: [   26.628964] hub 6-0:1.0: 1 port detected
Jan  1 00:00:06 ATK-DLRK3588 kern.info kernel: [   26.629117] usbcore: registered new interface driver cdc_acm
Jan  1 00:00:06 ATK-DLRK3588 kern.info kernel: [   26.629121] cdc_acm: USB Abstract Control Model driver for USB modems and ISDN adapters
Jan  1 00:00:06 ATK-DLRK3588 kern.info kernel: [   26.629139] usbcore: registered new interface driver cdc_wdm
Jan  1 00:00:06 ATK-DLRK3588 kern.info kernel: [   26.629215] usbcore: registered new interface driver uas
Jan  1 00:00:06 ATK-DLRK3588 kern.info kernel: [   26.629260] usbcore: registered new interface driver usb-storage
Jan  1 00:00:06 ATK-DLRK3588 kern.info kernel: [   26.629292] usbcore: registered new interface driver usbserial_generic
Jan  1 00:00:06 ATK-DLRK3588 kern.info kernel: [   26.629303] usbserial: USB Serial support registered for generic
Jan  1 00:00:06 ATK-DLRK3588 kern.info kernel: [   26.629321] usbcore: registered new interface driver ch341
Jan  1 00:00:06 ATK-DLRK3588 kern.info kernel: [   26.629330] usbserial: USB Serial support registered for ch341-uart
Jan  1 00:00:06 ATK-DLRK3588 kern.info kernel: [   26.629347] usbcore: registered new interface driver cp210x
Jan  1 00:00:06 ATK-DLRK3588 kern.info kernel: [   26.629355] usbserial: USB Serial support registered for cp210x
Jan  1 00:00:06 ATK-DLRK3588 kern.info kernel: [   26.629384] usbcore: registered new interface driver ftdi_sio
Jan  1 00:00:06 ATK-DLRK3588 kern.info kernel: [   26.629393] usbserial: USB Serial support registered for FTDI USB Serial Device
Jan  1 00:00:06 ATK-DLRK3588 kern.info kernel: [   26.629463] usbcore: registered new interface driver keyspan
Jan  1 00:00:06 ATK-DLRK3588 kern.info kernel: [   26.629472] usbserial: USB Serial support registered for Keyspan - (without firmware)
Jan  1 00:00:06 ATK-DLRK3588 kern.info kernel: [   26.629482] usbserial: USB Serial support registered for Keyspan 1 port adapter
Jan  1 00:00:06 ATK-DLRK3588 kern.info kernel: [   26.629493] usbserial: USB Serial support registered for Keyspan 2 port adapter
Jan  1 00:00:06 ATK-DLRK3588 kern.info kernel: [   26.629502] usbserial: USB Serial support registered for Keyspan 4 port adapter
Jan  1 00:00:06 ATK-DLRK3588 kern.info kernel: [   26.629521] usbcore: registered new interface driver option
Jan  1 00:00:06 ATK-DLRK3588 kern.info kernel: [   26.629530] usbserial: USB Serial support registered for GSM modem (1-port)
Jan  1 00:00:06 ATK-DLRK3588 kern.info kernel: [   26.629634] usbcore: registered new interface driver oti6858
Jan  1 00:00:06 ATK-DLRK3588 kern.info kernel: [   26.629643] usbserial: USB Serial support registered for oti6858
Jan  1 00:00:06 ATK-DLRK3588 kern.info kernel: [   26.629659] usbcore: registered new interface driver pl2303
Jan  1 00:00:06 ATK-DLRK3588 kern.info kernel: [   26.629667] usbserial: USB Serial support registered for pl2303
Jan  1 00:00:06 ATK-DLRK3588 kern.info kernel: [   26.629689] usbcore: registered new interface driver qcserial
Jan  1 00:00:06 ATK-DLRK3588 kern.info kernel: [   26.629698] usbserial: USB Serial support registered for Qualcomm USB modem
Jan  1 00:00:06 ATK-DLRK3588 kern.info kernel: [   26.629724] usbcore: registered new interface driver sierra
Jan  1 00:00:06 ATK-DLRK3588 kern.info kernel: [   26.629733] usbserial: USB Serial support registered for Sierra USB modem
Jan  1 00:00:06 ATK-DLRK3588 kern.info kernel: [   26.630208] usbcore: registered new interface driver usbtouchscreen
Jan  1 00:00:06 ATK-DLRK3588 kern.info kernel: [   26.631211] input: rk805 pwrkey as /devices/platform/feb20000.spi/spi_master/spi2/spi2.0/rk805-pwrkey.1.auto/input/input0
Jan  1 00:00:06 ATK-DLRK3588 kern.info kernel: [   26.631371] i2c /dev entries driver
Jan  1 00:00:06 ATK-DLRK3588 kern.info kernel: [   26.634152] vdd_cpu_big0_s0: supplied by vcc5v0_sys
Jan  1 00:00:06 ATK-DLRK3588 kern.info kernel: [   26.641960] vdd_cpu_big1_s0: supplied by vcc5v0_sys
Jan  1 00:00:06 ATK-DLRK3588 kern.info kernel: [   26.650252] vdd_npu_s0: supplied by vcc5v0_sys
Jan  1 00:00:06 ATK-DLRK3588 kern.info kernel: [   26.657746] gsensor_sh3001 4-0036: sensor_register_device: sh3001_acc, id = 38
Jan  1 00:00:06 ATK-DLRK3588 kern.info kernel: [   26.657754] i2c i2c-4: sensor_probe: sh3001_acc,000000001737201d
Jan  1 00:00:06 ATK-DLRK3588 kern.info kernel: [   26.658228] gsensor_sh3001 4-0036: sensor_chip_init:sh3001_acc:devid=0x61,ops=0x00000000c05e3a46
Jan  1 00:00:06 ATK-DLRK3588 kern.info kernel: [   26.743413] usb 1-1: new high-speed USB device number 2 using ehci-platform
Jan  1 00:00:06 ATK-DLRK3588 kern.info kernel: [   26.756742] usb 2-1: new high-speed USB device number 2 using ehci-platform
Jan  1 00:00:06 ATK-DLRK3588 kern.info kernel: [   26.891003] usb 1-1: New USB device found, idVendor=0bda, idProduct=b733, bcdDevice= 0.00
Jan  1 00:00:06 ATK-DLRK3588 kern.info kernel: [   26.891020] usb 1-1: New USB device strings: Mfr=1, Product=2, SerialNumber=3
Jan  1 00:00:06 ATK-DLRK3588 kern.info kernel: [   26.891029] usb 1-1: Product: 802.11n  WLAN Adapter
Jan  1 00:00:06 ATK-DLRK3588 kern.info kernel: [   26.891037] usb 1-1: Manufacturer: Realtek
Jan  1 00:00:06 ATK-DLRK3588 kern.info kernel: [   26.891045] usb 1-1: SerialNumber: 4CA38F7B4865
Jan  1 00:00:06 ATK-DLRK3588 kern.info kernel: [   26.904032] usb 2-1: New USB device found, idVendor=1a86, idProduct=8091, bcdDevice=12.10
Jan  1 00:00:06 ATK-DLRK3588 kern.info kernel: [   26.904050] usb 2-1: New USB device strings: Mfr=0, Product=2, SerialNumber=0
Jan  1 00:00:06 ATK-DLRK3588 kern.info kernel: [   26.904059] usb 2-1: Product: USB HUB
Jan  1 00:00:06 ATK-DLRK3588 kern.info kernel: [   26.904508] hub 2-1:1.0: USB hub found
Jan  1 00:00:06 ATK-DLRK3588 kern.info kernel: [   26.904655] hub 2-1:1.0: 4 ports detected
Jan  1 00:00:06 ATK-DLRK3588 kern.info kernel: [   27.319608] gsensor_sh3001 4-0036: New Version SH3001.
Jan  1 00:00:06 ATK-DLRK3588 kern.info kernel: [   27.319614] gsensor_sh3001 4-0036: Sensor initialization succeeded!
Jan  1 00:00:06 ATK-DLRK3588 kern.info kernel: [   27.319679] input: gsensor as /devices/platform/feac0000.i2c/i2c-4/4-0036/input/input1
Jan  1 00:00:06 ATK-DLRK3588 kern.info kernel: [   27.319753] gsensor_sh3001 4-0036: sensor_irq_init:use polling,delay=30 ms
Jan  1 00:00:06 ATK-DLRK3588 kern.info kernel: [   27.319849] gsensor_sh3001 4-0036: sensor_misc_device_register:miscdevice: mma8452_daemon
Jan  1 00:00:06 ATK-DLRK3588 kern.info kernel: [   27.319861] gsensor_sh3001 4-0036: sensor_probe:initialized ok,sensor name:sh3001_acc,type:2,id=38
Jan  1 00:00:06 ATK-DLRK3588 kern.info kernel: [   27.319861] 
Jan  1 00:00:06 ATK-DLRK3588 kern.err kernel: [   27.319910] i2c i2c-4: 1 i2c clients have been registered at 0x36
Jan  1 00:00:06 ATK-DLRK3588 kern.warn kernel: [   27.327112] Goodix-TS 5-0014: supply AVDD28 not found, using dummy regulator
Jan  1 00:00:06 ATK-DLRK3588 kern.warn kernel: [   27.327233] Goodix-TS 5-0014: supply VDDIO not found, using dummy regulator
Jan  1 00:00:06 ATK-DLRK3588 kern.info kernel: [   27.421443] Goodix-TS 5-0014: ID 911, version: 1060
Jan  1 00:00:06 ATK-DLRK3588 kern.info kernel: [   27.426745] input: dsi0_ts_gt9xx as /devices/platform/fead0000.i2c/i2c-5/5-0014/input/input2
Jan  1 00:00:06 ATK-DLRK3588 kern.err kernel: [   27.451664] rtc-pcf8563 6-0051: low voltage detected, date/time is not reliable.
Jan  1 00:00:06 ATK-DLRK3588 kern.info kernel: [   27.451726] rtc-pcf8563 6-0051: registered as rtc0
Jan  1 00:00:06 ATK-DLRK3588 kern.err kernel: [   27.457538] rtc-pcf8563 6-0051: low voltage detected, date/time is not reliable.
Jan  1 00:00:06 ATK-DLRK3588 kern.err kernel: [   27.457544] rtc-pcf8563 6-0051: hctosys: unable to read the hardware clock
Jan  1 00:00:06 ATK-DLRK3588 kern.warn kernel: [   27.459393] Goodix-TS 6-0014: supply AVDD28 not found, using dummy regulator
Jan  1 00:00:06 ATK-DLRK3588 kern.warn kernel: [   27.459449] Goodix-TS 6-0014: supply VDDIO not found, using dummy regulator
Jan  1 00:00:06 ATK-DLRK3588 kern.err kernel: [   27.550209] Goodix-TS 6-0014: i2c test failed attempt 1: -6
Jan  1 00:00:06 ATK-DLRK3588 kern.err kernel: [   27.576866] Goodix-TS 6-0014: i2c test failed attempt 2: -6
Jan  1 00:00:06 ATK-DLRK3588 kern.err kernel: [   27.603390] Goodix-TS 6-0014: I2C communication failure: -6
Jan  1 00:00:06 ATK-DLRK3588 kern.err kernel: [   27.608653] zzh_imx415 2-001a: endpoint must contain only link-frequencies = <445500000>
Jan  1 00:00:06 ATK-DLRK3588 kern.warn kernel: [   27.608736] zzh_imx415: probe of 2-001a failed with error -22
Jan  1 00:00:06 ATK-DLRK3588 kern.info kernel: [   27.609518] zzh_imx415 3-001a: using module-local 3.3V-to-AVDD/DOVDD/DVDD LDOs
Jan  1 00:00:06 ATK-DLRK3588 kern.info kernel: [   27.612403] zzh_imx415 3-001a: reference register 0x311a = 0xe0
Jan  1 00:00:06 ATK-DLRK3588 kern.info kernel: [   27.612420] zzh_imx415 3-001a: vendor reference signature matched (not an official unique Chip ID)
Jan  1 00:00:06 ATK-DLRK3588 kern.info kernel: [   27.612475] zzh_imx415 3-001a: registered independent 3864x2192 RAW10 30 fps Sensor subdev as m00_b_zzh_imx415 3-001a (CMK-OT2022-PX1/IR0147-50IRC-8M-F20)
Jan  1 00:00:06 ATK-DLRK3588 kern.err kernel: [   27.612767] zzh_imx415 4-001a: endpoint must contain only link-frequencies = <445500000>
Jan  1 00:00:06 ATK-DLRK3588 kern.warn kernel: [   27.612836] zzh_imx415: probe of 4-001a failed with error -22
Jan  1 00:00:06 ATK-DLRK3588 kern.err kernel: [   27.613076] zzh_imx415 7-001a: endpoint must contain only link-frequencies = <445500000>
Jan  1 00:00:06 ATK-DLRK3588 kern.warn kernel: [   27.613151] zzh_imx415: probe of 7-001a failed with error -22
Jan  1 00:00:06 ATK-DLRK3588 kern.info kernel: [   27.733112] zzh_mlx90640 5-0033: EEPROM cached, reference ID 131a-4948-0190
Jan  1 00:00:06 ATK-DLRK3588 kern.info kernel: [   27.733324] zzh_mlx90640 5-0033: registered Meta v1 (3400 bytes), status=0x0008 control=0x1901, 16 Hz subpages
Jan  1 00:00:06 ATK-DLRK3588 kern.info kernel: [   27.734588] rkcifhw fdce0000.rkcif: Adding to iommu group 16
Jan  1 00:00:06 ATK-DLRK3588 kern.info kernel: [   27.735784] rkcifhw fdce0000.rkcif: No reserved memory region assign to CIF
Jan  1 00:00:06 ATK-DLRK3588 kern.info kernel: [   27.735937] rkcif rkcif-mipi-lvds: Adding to iommu group 16
Jan  1 00:00:06 ATK-DLRK3588 kern.info kernel: [   27.735972] rkcif rkcif-mipi-lvds: rkcif driver version: v00.02.00
Jan  1 00:00:06 ATK-DLRK3588 kern.info kernel: [   27.736085] rkcif rkcif-mipi-lvds: attach to cif hw node
Jan  1 00:00:06 ATK-DLRK3588 kern.info kernel: [   27.736106] rkcif rkcif-mipi-lvds: rkcif wait line 0
Jan  1 00:00:06 ATK-DLRK3588 kern.info kernel: [   27.736122] rkcif rkcif-mipi-lvds: rkcif fastboot reserve bufs num 3
Jan  1 00:00:06 ATK-DLRK3588 kern.err kernel: [   27.736142] : terminal subdev does not exist
Jan  1 00:00:06 ATK-DLRK3588 kern.err kernel: [   27.736150] : terminal subdev does not exist
Jan  1 00:00:06 ATK-DLRK3588 kern.err kernel: [   27.736157] : terminal subdev does not exist
Jan  1 00:00:06 ATK-DLRK3588 kern.err kernel: [   27.736164] : terminal subdev does not exist
Jan  1 00:00:06 ATK-DLRK3588 kern.err kernel: [   27.736173] : get_remote_sensor: video pad[0] is null
Jan  1 00:00:06 ATK-DLRK3588 kern.err kernel: [   27.736180] : rkcif_update_sensor_info: stream[0] get remote sensor_sd failed!
Jan  1 00:00:06 ATK-DLRK3588 kern.info kernel: [   27.736190] : rkcif_scale_set_fmt: req(40, 30) src out(0, 0)
Jan  1 00:00:06 ATK-DLRK3588 kern.err kernel: [   27.736196] : get_remote_sensor: video pad[0] is null
Jan  1 00:00:06 ATK-DLRK3588 kern.err kernel: [   27.736203] : rkcif_update_sensor_info: stream[0] get remote sensor_sd failed!
Jan  1 00:00:06 ATK-DLRK3588 kern.info kernel: [   27.736210] : rkcif_scale_set_fmt: req(40, 30) src out(0, 0)
Jan  1 00:00:06 ATK-DLRK3588 kern.err kernel: [   27.736217] : get_remote_sensor: video pad[0] is null
Jan  1 00:00:06 ATK-DLRK3588 kern.err kernel: [   27.736223] : rkcif_update_sensor_info: stream[0] get remote sensor_sd failed!
Jan  1 00:00:06 ATK-DLRK3588 kern.info kernel: [   27.736231] : rkcif_scale_set_fmt: req(40, 30) src out(0, 0)
Jan  1 00:00:06 ATK-DLRK3588 kern.err kernel: [   27.736237] : get_remote_sensor: video pad[0] is null
Jan  1 00:00:06 ATK-DLRK3588 kern.err kernel: [   27.736244] : rkcif_update_sensor_info: stream[0] get remote sensor_sd failed!
Jan  1 00:00:06 ATK-DLRK3588 kern.info kernel: [   27.736251] : rkcif_scale_set_fmt: req(40, 30) src out(0, 0)
Jan  1 00:00:06 ATK-DLRK3588 kern.info kernel: [   27.737670] rkcif rkcif-mipi-lvds: No memory-region-thunderboot specified
Jan  1 00:00:06 ATK-DLRK3588 kern.info kernel: [   27.737794] rkcif rkcif-mipi-lvds1: Adding to iommu group 16
Jan  1 00:00:06 ATK-DLRK3588 kern.info kernel: [   27.737820] rkcif rkcif-mipi-lvds1: rkcif driver version: v00.02.00
Jan  1 00:00:06 ATK-DLRK3588 kern.info kernel: [   27.737898] rkcif rkcif-mipi-lvds1: attach to cif hw node
Jan  1 00:00:06 ATK-DLRK3588 kern.info kernel: [   27.737907] rkcif rkcif-mipi-lvds1: rkcif wait line 0
Jan  1 00:00:06 ATK-DLRK3588 kern.info kernel: [   27.737916] rkcif rkcif-mipi-lvds1: rkcif fastboot reserve bufs num 3
Jan  1 00:00:06 ATK-DLRK3588 kern.err kernel: [   27.737925] : terminal subdev does not exist
Jan  1 00:00:06 ATK-DLRK3588 kern.err kernel: [   27.737932] : terminal subdev does not exist
Jan  1 00:00:06 ATK-DLRK3588 kern.err kernel: [   27.737939] : terminal subdev does not exist
Jan  1 00:00:06 ATK-DLRK3588 kern.err kernel: [   27.737946] : terminal subdev does not exist
Jan  1 00:00:06 ATK-DLRK3588 kern.err kernel: [   27.737953] : get_remote_sensor: video pad[0] is null
Jan  1 00:00:06 ATK-DLRK3588 kern.err kernel: [   27.737960] : rkcif_update_sensor_info: stream[0] get remote sensor_sd failed!
Jan  1 00:00:06 ATK-DLRK3588 kern.info kernel: [   27.737968] : rkcif_scale_set_fmt: req(40, 30) src out(0, 0)
Jan  1 00:00:06 ATK-DLRK3588 kern.err kernel: [   27.737975] : get_remote_sensor: video pad[0] is null
Jan  1 00:00:06 ATK-DLRK3588 kern.err kernel: [   27.737982] : rkcif_update_sensor_info: stream[0] get remote sensor_sd failed!
Jan  1 00:00:06 ATK-DLRK3588 kern.info kernel: [   27.737989] : rkcif_scale_set_fmt: req(40, 30) src out(0, 0)
Jan  1 00:00:06 ATK-DLRK3588 kern.err kernel: [   27.737996] : get_remote_sensor: video pad[0] is null
Jan  1 00:00:06 ATK-DLRK3588 kern.err kernel: [   27.738002] : rkcif_update_sensor_info: stream[0] get remote sensor_sd failed!
Jan  1 00:00:06 ATK-DLRK3588 kern.info kernel: [   27.738010] : rkcif_scale_set_fmt: req(40, 30) src out(0, 0)
Jan  1 00:00:06 ATK-DLRK3588 kern.err kernel: [   27.738016] : get_remote_sensor: video pad[0] is null
Jan  1 00:00:06 ATK-DLRK3588 kern.err kernel: [   27.738022] : rkcif_update_sensor_info: stream[0] get remote sensor_sd failed!
Jan  1 00:00:06 ATK-DLRK3588 kern.info kernel: [   27.738030] : rkcif_scale_set_fmt: req(40, 30) src out(0, 0)
Jan  1 00:00:06 ATK-DLRK3588 kern.info kernel: [   27.739128] rkcif rkcif-mipi-lvds1: No memory-region-thunderboot specified
Jan  1 00:00:06 ATK-DLRK3588 kern.info kernel: [   27.739246] rkcif rkcif-mipi-lvds2: Adding to iommu group 16
Jan  1 00:00:06 ATK-DLRK3588 kern.info kernel: [   27.739273] rkcif rkcif-mipi-lvds2: rkcif driver version: v00.02.00
Jan  1 00:00:06 ATK-DLRK3588 kern.info kernel: [   27.739348] rkcif rkcif-mipi-lvds2: attach to cif hw node
Jan  1 00:00:06 ATK-DLRK3588 kern.info kernel: [   27.739358] rkcif rkcif-mipi-lvds2: rkcif wait line 0
Jan  1 00:00:06 ATK-DLRK3588 kern.info kernel: [   27.739366] rkcif rkcif-mipi-lvds2: rkcif fastboot reserve bufs num 3
Jan  1 00:00:06 ATK-DLRK3588 kern.err kernel: [   27.739375] : terminal subdev does not exist
Jan  1 00:00:06 ATK-DLRK3588 kern.err kernel: [   27.739382] : terminal subdev does not exist
Jan  1 00:00:06 ATK-DLRK3588 kern.err kernel: [   27.739389] : terminal subdev does not exist
Jan  1 00:00:06 ATK-DLRK3588 kern.err kernel: [   27.739396] : terminal subdev does not exist
Jan  1 00:00:06 ATK-DLRK3588 kern.err kernel: [   27.739403] : get_remote_sensor: video pad[0] is null
Jan  1 00:00:06 ATK-DLRK3588 kern.err kernel: [   27.739410] : rkcif_update_sensor_info: stream[0] get remote sensor_sd failed!
Jan  1 00:00:06 ATK-DLRK3588 kern.info kernel: [   27.739418] : rkcif_scale_set_fmt: req(40, 30) src out(0, 0)
Jan  1 00:00:06 ATK-DLRK3588 kern.err kernel: [   27.739424] : get_remote_sensor: video pad[0] is null
Jan  1 00:00:06 ATK-DLRK3588 kern.err kernel: [   27.739431] : rkcif_update_sensor_info: stream[0] get remote sensor_sd failed!
Jan  1 00:00:06 ATK-DLRK3588 kern.info kernel: [   27.739438] : rkcif_scale_set_fmt: req(40, 30) src out(0, 0)
Jan  1 00:00:06 ATK-DLRK3588 kern.err kernel: [   27.739445] : get_remote_sensor: video pad[0] is null
Jan  1 00:00:06 ATK-DLRK3588 kern.err kernel: [   27.739451] : rkcif_update_sensor_info: stream[0] get remote sensor_sd failed!
Jan  1 00:00:06 ATK-DLRK3588 kern.info kernel: [   27.739459] : rkcif_scale_set_fmt: req(40, 30) src out(0, 0)
Jan  1 00:00:06 ATK-DLRK3588 kern.err kernel: [   27.739466] : get_remote_sensor: video pad[0] is null
Jan  1 00:00:06 ATK-DLRK3588 kern.err kernel: [   27.739472] : rkcif_update_sensor_info: stream[0] get remote sensor_sd failed!
Jan  1 00:00:06 ATK-DLRK3588 kern.info kernel: [   27.739480] : rkcif_scale_set_fmt: req(40, 30) src out(0, 0)
Jan  1 00:00:06 ATK-DLRK3588 kern.info kernel: [   27.740866] rkcif rkcif-mipi-lvds2: No memory-region-thunderboot specified
Jan  1 00:00:06 ATK-DLRK3588 kern.info kernel: [   27.741199] rkcif rkcif-mipi-lvds4: Adding to iommu group 16
Jan  1 00:00:06 ATK-DLRK3588 kern.info kernel: [   27.741226] rkcif rkcif-mipi-lvds4: rkcif driver version: v00.02.00
Jan  1 00:00:06 ATK-DLRK3588 kern.info kernel: [   27.741305] rkcif rkcif-mipi-lvds4: attach to cif hw node
Jan  1 00:00:06 ATK-DLRK3588 kern.info kernel: [   27.741315] rkcif rkcif-mipi-lvds4: rkcif wait line 0
Jan  1 00:00:06 ATK-DLRK3588 kern.info kernel: [   27.741323] rkcif rkcif-mipi-lvds4: rkcif fastboot reserve bufs num 3
Jan  1 00:00:06 ATK-DLRK3588 kern.err kernel: [   27.741331] : terminal subdev does not exist
Jan  1 00:00:06 ATK-DLRK3588 kern.err kernel: [   27.741339] : terminal subdev does not exist
Jan  1 00:00:06 ATK-DLRK3588 kern.err kernel: [   27.741346] : terminal subdev does not exist
Jan  1 00:00:06 ATK-DLRK3588 kern.err kernel: [   27.741352] : terminal subdev does not exist
Jan  1 00:00:06 ATK-DLRK3588 kern.err kernel: [   27.741360] : get_remote_sensor: video pad[0] is null
Jan  1 00:00:06 ATK-DLRK3588 kern.err kernel: [   27.741367] : rkcif_update_sensor_info: stream[0] get remote sensor_sd failed!
Jan  1 00:00:06 ATK-DLRK3588 kern.info kernel: [   27.741375] : rkcif_scale_set_fmt: req(40, 30) src out(0, 0)
Jan  1 00:00:06 ATK-DLRK3588 kern.err kernel: [   27.741382] : get_remote_sensor: video pad[0] is null
Jan  1 00:00:06 ATK-DLRK3588 kern.err kernel: [   27.741388] : rkcif_update_sensor_info: stream[0] get remote sensor_sd failed!
Jan  1 00:00:06 ATK-DLRK3588 kern.info kernel: [   27.741396] : rkcif_scale_set_fmt: req(40, 30) src out(0, 0)
Jan  1 00:00:06 ATK-DLRK3588 kern.err kernel: [   27.741402] : get_remote_sensor: video pad[0] is null
Jan  1 00:00:06 ATK-DLRK3588 kern.err kernel: [   27.741409] : rkcif_update_sensor_info: stream[0] get remote sensor_sd failed!
Jan  1 00:00:06 ATK-DLRK3588 kern.info kernel: [   27.741416] : rkcif_scale_set_fmt: req(40, 30) src out(0, 0)
Jan  1 00:00:06 ATK-DLRK3588 kern.err kernel: [   27.741423] : get_remote_sensor: video pad[0] is null
Jan  1 00:00:06 ATK-DLRK3588 kern.err kernel: [   27.741429] : rkcif_update_sensor_info: stream[0] get remote sensor_sd failed!
Jan  1 00:00:06 ATK-DLRK3588 kern.info kernel: [   27.741436] : rkcif_scale_set_fmt: req(40, 30) src out(0, 0)
Jan  1 00:00:06 ATK-DLRK3588 kern.info kernel: [   27.742778] rkcif rkcif-mipi-lvds4: No memory-region-thunderboot specified
Jan  1 00:00:06 ATK-DLRK3588 kern.info kernel: [   27.744441] rockchip-mipi-csi2-hw fdd10000.mipi0-csi2-hw: enter mipi csi2 hw probe!
Jan  1 00:00:06 ATK-DLRK3588 kern.info kernel: [   27.744615] rockchip-mipi-csi2-hw fdd10000.mipi0-csi2-hw: probe success, v4l2_dev:mipi0-csi2-hw!
Jan  1 00:00:06 ATK-DLRK3588 kern.info kernel: [   27.744682] rockchip-mipi-csi2-hw fdd20000.mipi1-csi2-hw: enter mipi csi2 hw probe!
Jan  1 00:00:06 ATK-DLRK3588 kern.info kernel: [   27.744782] rockchip-mipi-csi2-hw fdd20000.mipi1-csi2-hw: probe success, v4l2_dev:mipi1-csi2-hw!
Jan  1 00:00:06 ATK-DLRK3588 kern.info kernel: [   27.744844] rockchip-mipi-csi2-hw fdd30000.mipi2-csi2-hw: enter mipi csi2 hw probe!
Jan  1 00:00:06 ATK-DLRK3588 kern.info kernel: [   27.744941] rockchip-mipi-csi2-hw fdd30000.mipi2-csi2-hw: probe success, v4l2_dev:mipi2-csi2-hw!
Jan  1 00:00:06 ATK-DLRK3588 kern.info kernel: [   27.745002] rockchip-mipi-csi2-hw fdd40000.mipi3-csi2-hw: enter mipi csi2 hw probe!
Jan  1 00:00:06 ATK-DLRK3588 kern.info kernel: [   27.745095] rockchip-mipi-csi2-hw fdd40000.mipi3-csi2-hw: probe success, v4l2_dev:mipi3-csi2-hw!
Jan  1 00:00:06 ATK-DLRK3588 kern.info kernel: [   27.745161] rockchip-mipi-csi2-hw fdd50000.mipi4-csi2-hw: enter mipi csi2 hw probe!
Jan  1 00:00:06 ATK-DLRK3588 kern.info kernel: [   27.745259] rockchip-mipi-csi2-hw fdd50000.mipi4-csi2-hw: probe success, v4l2_dev:mipi4-csi2-hw!
Jan  1 00:00:06 ATK-DLRK3588 kern.info kernel: [   27.745320] rockchip-mipi-csi2-hw fdd60000.mipi5-csi2-hw: enter mipi csi2 hw probe!
Jan  1 00:00:06 ATK-DLRK3588 kern.info kernel: [   27.745416] rockchip-mipi-csi2-hw fdd60000.mipi5-csi2-hw: probe success, v4l2_dev:mipi5-csi2-hw!
Jan  1 00:00:06 ATK-DLRK3588 kern.info kernel: [   27.746247] rockchip-mipi-csi2 mipi0-csi2: attach to csi2 hw node
Jan  1 00:00:06 ATK-DLRK3588 kern.warn kernel: [   27.746287] rkcif rkcif-mipi-lvds: Entity type for entity rockchip-mipi-csi2 was not initialized!
Jan  1 00:00:06 ATK-DLRK3588 kern.err kernel: [   27.746299] rockchip-mipi-csi2: Async registered subdev
Jan  1 00:00:06 ATK-DLRK3588 kern.info kernel: [   27.746310] rockchip-mipi-csi2: probe success, v4l2_dev:rkcif-mipi-lvds!
Jan  1 00:00:06 ATK-DLRK3588 kern.info kernel: [   27.746547] rockchip-mipi-csi2 mipi1-csi2: attach to csi2 hw node
Jan  1 00:00:06 ATK-DLRK3588 kern.warn kernel: [   27.746586] rkcif rkcif-mipi-lvds1: Entity type for entity rockchip-mipi-csi2 was not initialized!
Jan  1 00:00:06 ATK-DLRK3588 kern.err kernel: [   27.746596] rockchip-mipi-csi2: Async registered subdev
Jan  1 00:00:06 ATK-DLRK3588 kern.info kernel: [   27.746606] rockchip-mipi-csi2: probe success, v4l2_dev:rkcif-mipi-lvds1!
Jan  1 00:00:06 ATK-DLRK3588 kern.info kernel: [   27.746853] rockchip-mipi-csi2 mipi2-csi2: attach to csi2 hw node
Jan  1 00:00:06 ATK-DLRK3588 kern.warn kernel: [   27.746893] rkcif rkcif-mipi-lvds2: Entity type for entity rockchip-mipi-csi2 was not initialized!
Jan  1 00:00:06 ATK-DLRK3588 kern.err kernel: [   27.746904] rockchip-mipi-csi2: Async registered subdev
Jan  1 00:00:06 ATK-DLRK3588 kern.info kernel: [   27.746913] rockchip-mipi-csi2: probe success, v4l2_dev:rkcif-mipi-lvds2!
Jan  1 00:00:06 ATK-DLRK3588 kern.info kernel: [   27.747146] rockchip-mipi-csi2 mipi4-csi2: attach to csi2 hw node
Jan  1 00:00:06 ATK-DLRK3588 kern.warn kernel: [   27.747185] rkcif rkcif-mipi-lvds4: Entity type for entity rockchip-mipi-csi2 was not initialized!
Jan  1 00:00:06 ATK-DLRK3588 kern.err kernel: [   27.747196] rockchip-mipi-csi2: Async registered subdev
Jan  1 00:00:06 ATK-DLRK3588 kern.info kernel: [   27.747206] rockchip-mipi-csi2: probe success, v4l2_dev:rkcif-mipi-lvds4!
Jan  1 00:00:06 ATK-DLRK3588 kern.info kernel: [   27.748829] rkisp_hw fdcb0000.rkisp: Adding to iommu group 14
Jan  1 00:00:06 ATK-DLRK3588 kern.info kernel: [   27.749057] rkisp_hw fdcb0000.rkisp: is_thunderboot: 0
Jan  1 00:00:06 ATK-DLRK3588 kern.warn kernel: [   27.749069] rkisp_hw fdcb0000.rkisp: Missing rockchip,grf property
Jan  1 00:00:06 ATK-DLRK3588 kern.info kernel: [   27.749094] rkisp_hw fdcb0000.rkisp: max input:0x0@0fps
Jan  1 00:00:06 ATK-DLRK3588 kern.warn kernel: [   27.749223] rkisp_hw fdcb0000.rkisp: no find phandle sram
Jan  1 00:00:06 ATK-DLRK3588 kern.info kernel: [   27.749407] rkisp_hw fdcc0000.rkisp: Adding to iommu group 15
Jan  1 00:00:06 ATK-DLRK3588 kern.info kernel: [   27.749646] rkisp_hw fdcc0000.rkisp: is_thunderboot: 0
Jan  1 00:00:06 ATK-DLRK3588 kern.warn kernel: [   27.749658] rkisp_hw fdcc0000.rkisp: Missing rockchip,grf property
Jan  1 00:00:06 ATK-DLRK3588 kern.info kernel: [   27.749681] rkisp_hw fdcc0000.rkisp: max input:0x0@0fps
Jan  1 00:00:06 ATK-DLRK3588 kern.warn kernel: [   27.749810] rkisp_hw fdcc0000.rkisp: no find phandle sram
Jan  1 00:00:06 ATK-DLRK3588 kern.info kernel: [   27.750279] rkisp rkisp0-vir0: rkisp driver version: v02.05.01
Jan  1 00:00:06 ATK-DLRK3588 kern.info kernel: [   27.750389] rkisp rkisp0-vir0: No memory-region-thunderboot specified
Jan  1 00:00:06 ATK-DLRK3588 kern.warn kernel: [   27.750486] rkisp rkisp0-vir0: Entity type for entity rkisp-isp-subdev was not initialized!
Jan  1 00:00:06 ATK-DLRK3588 kern.info kernel: [   27.751563] rkisp rkisp0-vir1: rkisp driver version: v02.05.01
Jan  1 00:00:06 ATK-DLRK3588 kern.info kernel: [   27.751657] rkisp rkisp0-vir1: No memory-region-thunderboot specified
Jan  1 00:00:06 ATK-DLRK3588 kern.warn kernel: [   27.751842] rkisp rkisp0-vir1: Entity type for entity rkisp-isp-subdev was not initialized!
Jan  1 00:00:06 ATK-DLRK3588 kern.info kernel: [   27.752995] rkisp rkisp1-vir0: rkisp driver version: v02.05.01
Jan  1 00:00:06 ATK-DLRK3588 kern.info kernel: [   27.753115] rkisp rkisp1-vir0: No memory-region-thunderboot specified
Jan  1 00:00:06 ATK-DLRK3588 kern.warn kernel: [   27.753198] rkisp rkisp1-vir0: Entity type for entity rkisp-isp-subdev was not initialized!
Jan  1 00:00:06 ATK-DLRK3588 kern.info kernel: [   27.754282] rkisp rkisp1-vir1: rkisp driver version: v02.05.01
Jan  1 00:00:06 ATK-DLRK3588 kern.info kernel: [   27.754365] rkisp rkisp1-vir1: No memory-region-thunderboot specified
Jan  1 00:00:06 ATK-DLRK3588 kern.warn kernel: [   27.754466] rkisp rkisp1-vir1: Entity type for entity rkisp-isp-subdev was not initialized!
Jan  1 00:00:06 ATK-DLRK3588 kern.warn kernel: [   27.757631] rk_hdmirx fdee0000.hdmirx-controller: No reserved memory for HDMIRX, use default CMA
Jan  1 00:00:06 ATK-DLRK3588 kern.info kernel: [   27.757664] rk_hdmirx fdee0000.hdmirx-controller: hdmirx_get_phy_cpuid_func: mpidr: 0x0000000500, phy_cpuid:0x5
Jan  1 00:00:06 ATK-DLRK3588 kern.info kernel: [   27.757682] rk_hdmirx fdee0000.hdmirx-controller: hdmirx_probe: cpu_aff:0x500, Bound_cpu:5, wdt_cfg_bound_cpu:2, phy_cpuid:5
Jan  1 00:00:06 ATK-DLRK3588 kern.info kernel: [   27.758218] rk_hdmirx fdee0000.hdmirx-controller: hdmirx_audio_interrupts_setup: 0
Jan  1 00:00:06 ATK-DLRK3588 kern.info kernel: [   27.758894] rk_hdmirx fdee0000.hdmirx-controller: rk_hdmirx_hdcp_register success
Jan  1 00:00:06 ATK-DLRK3588 kern.info kernel: [   27.758914] rk_hdmirx fdee0000.hdmirx-controller: fdee0000.hdmirx-controller driver probe ok!
Jan  1 00:00:06 ATK-DLRK3588 kern.info kernel: [   27.759012] usbcore: registered new interface driver uvcvideo
Jan  1 00:00:06 ATK-DLRK3588 kern.info kernel: [   27.759017] USB Video Class driver (1.1.1)
Jan  1 00:00:06 ATK-DLRK3588 kern.info kernel: [   27.760146] usbcore: registered new interface driver bfusb
Jan  1 00:00:06 ATK-DLRK3588 kern.info kernel: [   27.760962] cpu cpu0: bin=0
Jan  1 00:00:06 ATK-DLRK3588 kern.info kernel: [   27.761147] cpu cpu0: leakage=11
Jan  1 00:00:06 ATK-DLRK3588 kern.info kernel: [   27.762591] cpu cpu0: pvtm=1432
Jan  1 00:00:06 ATK-DLRK3588 kern.info kernel: [   27.762748] cpu cpu0: pvtm-volt-sel=1
Jan  1 00:00:06 ATK-DLRK3588 kern.info kernel: [   27.764610] cpu cpu4: bin=0
Jan  1 00:00:06 ATK-DLRK3588 kern.info kernel: [   27.764786] cpu cpu4: leakage=10
Jan  1 00:00:06 ATK-DLRK3588 kern.info kernel: [   27.771241] cpu cpu4: pvtm=1650
Jan  1 00:00:06 ATK-DLRK3588 kern.info kernel: [   27.775184] cpu cpu4: pvtm-volt-sel=3
Jan  1 00:00:06 ATK-DLRK3588 kern.info kernel: [   27.777807] cpu cpu6: bin=0
Jan  1 00:00:06 ATK-DLRK3588 kern.info kernel: [   27.777981] cpu cpu6: leakage=10
Jan  1 00:00:06 ATK-DLRK3588 kern.info kernel: [   27.784481] cpu cpu6: pvtm=1674
Jan  1 00:00:06 ATK-DLRK3588 kern.info kernel: [   27.788446] cpu cpu6: pvtm-volt-sel=3
Jan  1 00:00:06 ATK-DLRK3588 kern.info kernel: [   27.790135] cpu cpu0: avs=0
Jan  1 00:00:06 ATK-DLRK3588 kern.info kernel: [   27.791025] cpu cpu4: avs=0
Jan  1 00:00:06 ATK-DLRK3588 kern.info kernel: [   27.791790] cpu cpu6: avs=0
Jan  1 00:00:06 ATK-DLRK3588 kern.debug kernel: [   27.791893] cpu cpu0: EM: OPP:816000 is inefficient
Jan  1 00:00:06 ATK-DLRK3588 kern.debug kernel: [   27.791895] cpu cpu0: EM: OPP:600000 is inefficient
Jan  1 00:00:06 ATK-DLRK3588 kern.info kernel: [   27.791946] cpu cpu0: EM: created perf domain
Jan  1 00:00:06 ATK-DLRK3588 kern.info kernel: [   27.791972] cpu cpu0: l=15000 h=85000 hyst=5000 l_limit=0 h_limit=1608000000 h_table=0
Jan  1 00:00:06 ATK-DLRK3588 kern.debug kernel: [   27.792387] cpu cpu4: EM: OPP:816000 is inefficient
Jan  1 00:00:06 ATK-DLRK3588 kern.debug kernel: [   27.792389] cpu cpu4: EM: OPP:600000 is inefficient
Jan  1 00:00:06 ATK-DLRK3588 kern.info kernel: [   27.792449] cpu cpu4: EM: created perf domain
Jan  1 00:00:06 ATK-DLRK3588 kern.info kernel: [   27.792470] cpu cpu4: l=15000 h=85000 hyst=5000 l_limit=0 h_limit=2208000000 h_table=0
Jan  1 00:00:06 ATK-DLRK3588 kern.debug kernel: [   27.794452] cpu cpu6: EM: OPP:816000 is inefficient
Jan  1 00:00:06 ATK-DLRK3588 kern.debug kernel: [   27.794454] cpu cpu6: EM: OPP:600000 is inefficient
Jan  1 00:00:06 ATK-DLRK3588 kern.info kernel: [   27.794523] cpu cpu6: EM: created perf domain
Jan  1 00:00:06 ATK-DLRK3588 kern.info kernel: [   27.794759] cpu cpu6: l=15000 h=85000 hyst=5000 l_limit=0 h_limit=2208000000 h_table=0
Jan  1 00:00:06 ATK-DLRK3588 kern.info kernel: [   27.805512] sdhci: Secure Digital Host Controller Interface driver
Jan  1 00:00:06 ATK-DLRK3588 kern.info kernel: [   27.805524] sdhci: Copyright(c) Pierre Ossman
Jan  1 00:00:06 ATK-DLRK3588 kern.info kernel: [   27.805536] Synopsys Designware Multimedia Card Interface Driver
Jan  1 00:00:06 ATK-DLRK3588 kern.info kernel: [   27.806352] sdhci-pltfm: SDHCI platform and OF driver helper
Jan  1 00:00:06 ATK-DLRK3588 kern.warn kernel: [   27.807290] dwmmc_rockchip fe2c0000.mmc: No normal pinctrl state
Jan  1 00:00:06 ATK-DLRK3588 kern.warn kernel: [   27.807300] dwmmc_rockchip fe2c0000.mmc: No idle pinctrl state
Jan  1 00:00:06 ATK-DLRK3588 kern.info kernel: [   27.807428] dwmmc_rockchip fe2c0000.mmc: IDMAC supports 32-bit address mode.
Jan  1 00:00:06 ATK-DLRK3588 kern.info kernel: [   27.807466] dwmmc_rockchip fe2c0000.mmc: Using internal DMA controller.
Jan  1 00:00:06 ATK-DLRK3588 kern.info kernel: [   27.807477] dwmmc_rockchip fe2c0000.mmc: Version ID is 270a
Jan  1 00:00:06 ATK-DLRK3588 kern.info kernel: [   27.807516] dwmmc_rockchip fe2c0000.mmc: DW MMC controller at irq 101,32 bit host data width,256 deep fifo
Jan  1 00:00:06 ATK-DLRK3588 kern.err kernel: [   27.808779] arm-scmi firmware:scmi: Failed. SCMI protocol 17 not active.
Jan  1 00:00:06 ATK-DLRK3588 kern.info kernel: [   27.808837] SMCCC: SOC_ID: ARCH_SOC_ID not implemented, skipping ....
Jan  1 00:00:06 ATK-DLRK3588 kern.info kernel: [   27.809771] cryptodev: driver 1.12 loaded.
Jan  1 00:00:06 ATK-DLRK3588 kern.info kernel: [   27.809814] hid: raw HID events driver (C) Jiri Kosina
Jan  1 00:00:06 ATK-DLRK3588 kern.info kernel: [   27.810141] usbcore: registered new interface driver usbhid
Jan  1 00:00:06 ATK-DLRK3588 kern.info kernel: [   27.810149] usbhid: USB HID core driver
Jan  1 00:00:06 ATK-DLRK3588 kern.warn kernel: [   27.814083] dwmmc_rockchip fe2c0000.mmc: Failed getting OCR mask: -22
Jan  1 00:00:06 ATK-DLRK3588 kern.info kernel: [   27.814145] dwmmc_rockchip fe2c0000.mmc: Got CD GPIO
Jan  1 00:00:06 ATK-DLRK3588 kern.err kernel: [   27.816532] dwmmc_rockchip fe2c0000.mmc: could not set regulator OCR (-22)
Jan  1 00:00:06 ATK-DLRK3588 kern.err kernel: [   27.816542] dwmmc_rockchip fe2c0000.mmc: failed to enable vmmc regulator
Jan  1 00:00:06 ATK-DLRK3588 kern.info kernel: [   27.820020] optee: probing for conduit method.
Jan  1 00:00:06 ATK-DLRK3588 kern.info kernel: [   27.820038] optee: revision 3.13 (185dc3c9)
Jan  1 00:00:06 ATK-DLRK3588 kern.info kernel: [   27.820380] optee: dynamic shared memory is enabled
Jan  1 00:00:06 ATK-DLRK3588 kern.info kernel: [   27.820495] optee: initialized driver
Jan  1 00:00:06 ATK-DLRK3588 kern.info kernel: [   27.820882] usbcore: registered new interface driver snd-usb-audio
Jan  1 00:00:06 ATK-DLRK3588 kern.info kernel: [   27.824158] rockchip-i2s-tdm fddf0000.i2s: CLK-ALWAYS-ON: mclk: 12288000, bclk: 3072000, fsync: 48000
Jan  1 00:00:06 ATK-DLRK3588 kern.info kernel: [   27.828740] rockchip-i2s-tdm fe470000.i2s: Register PCM for TRCM mode
Jan  1 00:00:06 ATK-DLRK3588 kern.info kernel: [   27.829102] rockchip-i2s-tdm fddf4000.i2s: CLK-ALWAYS-ON: mclk: 12288000, bclk: 3072000, fsync: 48000
Jan  1 00:00:06 ATK-DLRK3588 kern.info kernel: [   27.831439] mmc_host mmc1: Bus speed (slot 0) = 400000Hz (slot req 400000Hz, actual 400000HZ div = 0)
Jan  1 00:00:06 ATK-DLRK3588 kern.info kernel: [   27.842721] mmc0: SDHCI controller on fe2e0000.mmc [fe2e0000.mmc] using ADMA
Jan  1 00:00:06 ATK-DLRK3588 kern.err kernel: [   27.842731] debugfs: File 'Capture' in directory 'dapm' already present!
Jan  1 00:00:06 ATK-DLRK3588 kern.info kernel: [   27.843665] input: rockchip,hdmiin rockchip,hdmiin as /devices/platform/hdmiin-sound/sound/card0/input3
Jan  1 00:00:06 ATK-DLRK3588 kern.info kernel: [   27.844991] input: headset-keys as /devices/platform/es8388-sound/input/input4
Jan  1 00:00:06 ATK-DLRK3588 kern.err kernel: [   27.856955] ES8323 7-0011: ASoC: error at soc_component_write_no_lock on ES8323.7-0011: -5
Jan  1 00:00:06 ATK-DLRK3588 kern.info kernel: [   27.878057] mmc0: Host Software Queue enabled
Jan  1 00:00:06 ATK-DLRK3588 kern.info kernel: [   27.878080] mmc0: new HS400 Enhanced strobe MMC card at address 0001
Jan  1 00:00:06 ATK-DLRK3588 kern.info kernel: [   27.878395] mmcblk0: mmc0:0001 A3A552 58.3 GiB 
Jan  1 00:00:06 ATK-DLRK3588 kern.info kernel: [   27.878489] mmcblk0boot0: mmc0:0001 A3A552 partition 1 4.00 MiB
Jan  1 00:00:06 ATK-DLRK3588 kern.info kernel: [   27.878586] mmcblk0boot1: mmc0:0001 A3A552 partition 2 4.00 MiB
Jan  1 00:00:06 ATK-DLRK3588 kern.info kernel: [   27.878680] mmcblk0rpmb: mmc0:0001 A3A552 partition 3 16.0 MiB, chardev (236:0)
Jan  1 00:00:06 ATK-DLRK3588 kern.info kernel: [   27.880446]  mmcblk0: p1 p2 p3 p4 p5 p6 p7 p8
Jan  1 00:00:06 ATK-DLRK3588 kern.info kernel: [   27.905653] input: rockchip-es8388 Headset as /devices/platform/es8388-sound/sound/card1/input5
Jan  1 00:00:06 ATK-DLRK3588 kern.info kernel: [   27.906776] Initializing XFRM netlink socket
Jan  1 00:00:06 ATK-DLRK3588 kern.info kernel: [   27.907033] NET: Registered protocol family 10
Jan  1 00:00:06 ATK-DLRK3588 kern.info kernel: [   27.907868] Segment Routing with IPv6
Jan  1 00:00:06 ATK-DLRK3588 kern.info kernel: [   27.907947] NET: Registered protocol family 17
Jan  1 00:00:06 ATK-DLRK3588 kern.info kernel: [   27.907966] NET: Registered protocol family 15
Jan  1 00:00:06 ATK-DLRK3588 kern.info kernel: [   27.907973] can: controller area network core
Jan  1 00:00:06 ATK-DLRK3588 kern.info kernel: [   27.908012] NET: Registered protocol family 29
Jan  1 00:00:06 ATK-DLRK3588 kern.info kernel: [   27.908019] can: raw protocol
Jan  1 00:00:06 ATK-DLRK3588 kern.info kernel: [   27.908030] can: broadcast manager protocol
Jan  1 00:00:06 ATK-DLRK3588 kern.info kernel: [   27.908041] can: netlink gateway - max_hops=1
Jan  1 00:00:06 ATK-DLRK3588 kern.info kernel: [   27.908236] Bluetooth: RFCOMM TTY layer initialized
Jan  1 00:00:06 ATK-DLRK3588 kern.info kernel: [   27.908251] Bluetooth: RFCOMM socket layer initialized
Jan  1 00:00:06 ATK-DLRK3588 kern.info kernel: [   27.908268] Bluetooth: RFCOMM ver 1.11
Jan  1 00:00:06 ATK-DLRK3588 kern.info kernel: [   27.908280] Bluetooth: HIDP (Human Interface Emulation) ver 1.2
Jan  1 00:00:06 ATK-DLRK3588 kern.info kernel: [   27.908290] Bluetooth: HIDP socket layer initialized
Jan  1 00:00:06 ATK-DLRK3588 kern.info kernel: [   27.908335] [BT_RFKILL]: Enter rfkill_rk_init
Jan  1 00:00:06 ATK-DLRK3588 kern.info kernel: [   27.908342] [WLAN_RFKILL]: Enter rfkill_wlan_init
Jan  1 00:00:06 ATK-DLRK3588 kern.info kernel: [   27.908943] [WLAN_RFKILL]: Enter rfkill_wlan_probe
Jan  1 00:00:06 ATK-DLRK3588 kern.info kernel: [   27.908972] [WLAN_RFKILL]: can't find rockchip,grf property
Jan  1 00:00:06 ATK-DLRK3588 kern.info kernel: [   27.908981] [WLAN_RFKILL]: wlan_platdata_parse_dt: wifi_chip_type = rtl8733bu
Jan  1 00:00:06 ATK-DLRK3588 kern.info kernel: [   27.908989] [WLAN_RFKILL]: wlan_platdata_parse_dt: enable wifi power control.
Jan  1 00:00:06 ATK-DLRK3588 kern.info kernel: [   27.908996] [WLAN_RFKILL]: wlan_platdata_parse_dt: wifi power controled by gpio.
Jan  1 00:00:06 ATK-DLRK3588 kern.info kernel: [   27.909032] [WLAN_RFKILL]: wlan_platdata_parse_dt: The ref_wifi_clk not found !
Jan  1 00:00:06 ATK-DLRK3588 kern.info kernel: [   27.909039] [WLAN_RFKILL]: rfkill_wlan_probe: init gpio
Jan  1 00:00:06 ATK-DLRK3588 kern.info kernel: [   27.909048] [WLAN_RFKILL]: rfkill_set_wifi_bt_power: 1
Jan  1 00:00:06 ATK-DLRK3588 kern.info kernel: [   27.909056] [WLAN_RFKILL]: Exit rfkill_wlan_probe
Jan  1 00:00:06 ATK-DLRK3588 kern.info kernel: [   27.909373] [BT_RFKILL]: bluetooth_platdata_parse_dt: uart_rts_gpios is no-in-use.
Jan  1 00:00:06 ATK-DLRK3588 kern.info kernel: [   27.909401] [BT_RFKILL]: bluetooth_platdata_parse_dt: clk_get failed!!!.
Jan  1 00:00:06 ATK-DLRK3588 kern.info kernel: [   27.909510] [BT_RFKILL]: bt_default device registered.
Jan  1 00:00:06 ATK-DLRK3588 kern.info kernel: [   27.909622] input: bt-powerkey as /devices/platform/wireless-bluetooth/input/input6
Jan  1 00:00:06 ATK-DLRK3588 kern.notice kernel: [   27.909807] Key type dns_resolver registered
Jan  1 00:00:06 ATK-DLRK3588 kern.info kernel: [   27.910419] gyro_sh3001 4-0036-1: sensor_register_device: sh3001_gyro, id = 66
Jan  1 00:00:06 ATK-DLRK3588 kern.info kernel: [   27.910436] i2c i2c-4: sensor_probe: sh3001_gyro,0000000077804b5e
Jan  1 00:00:06 ATK-DLRK3588 kern.info kernel: [   27.911031] gyro_sh3001 4-0036-1: sensor_chip_init:sh3001_gyro:devid=0x61,ops=0x00000000052ab509
Jan  1 00:00:06 ATK-DLRK3588 kern.info kernel: [   27.911168] input: gyro as /devices/platform/feac0000.i2c/i2c-4/4-0036-1/input/input7
Jan  1 00:00:06 ATK-DLRK3588 kern.info kernel: [   27.911282] gyro_sh3001 4-0036-1: sensor_irq_init:use polling,delay=30 ms
Jan  1 00:00:06 ATK-DLRK3588 kern.info kernel: [   27.911521] gyro_sh3001 4-0036-1: sensor_misc_device_register:miscdevice: gyrosensor
Jan  1 00:00:06 ATK-DLRK3588 kern.info kernel: [   27.911538] gyro_sh3001 4-0036-1: sensor_probe:initialized ok,sensor name:sh3001_gyro,type:4,id=66
Jan  1 00:00:06 ATK-DLRK3588 kern.info kernel: [   27.911538] 
Jan  1 00:00:06 ATK-DLRK3588 kern.info kernel: [   27.912081] vendor storage:20190527 ret = 0
Jan  1 00:00:06 ATK-DLRK3588 kern.info kernel: [   27.912248] imx415 2-001a: driver version: 00.01.08
Jan  1 00:00:06 ATK-DLRK3588 kern.warn kernel: [   27.912266] imx415 2-001a:  Get hdr mode failed! no hdr default
Jan  1 00:00:06 ATK-DLRK3588 kern.info kernel: [   27.912285] imx415 2-001a: detect imx415 lane 4
Jan  1 00:00:06 ATK-DLRK3588 kern.info kernel: [   27.912343] imx415 2-001a: could not get default pinstate
Jan  1 00:00:06 ATK-DLRK3588 kern.info kernel: [   27.912352] imx415 2-001a: could not get sleep pinstate
Jan  1 00:00:06 ATK-DLRK3588 kern.warn kernel: [   27.912715] imx415 2-001a: supply dvdd not found, using dummy regulator
Jan  1 00:00:06 ATK-DLRK3588 kern.warn kernel: [   27.912854] imx415 2-001a: supply dovdd not found, using dummy regulator
Jan  1 00:00:06 ATK-DLRK3588 kern.warn kernel: [   27.912900] imx415 2-001a: supply avdd not found, using dummy regulator
Jan  1 00:00:06 ATK-DLRK3588 kern.err kernel: [   27.973681] imx415 2-001a: Unexpected sensor id(000000), ret(-5)
Jan  1 00:00:06 ATK-DLRK3588 kern.info kernel: [   27.973986] imx415 4-001a: driver version: 00.01.08
Jan  1 00:00:06 ATK-DLRK3588 kern.warn kernel: [   27.973996] imx415 4-001a:  Get hdr mode failed! no hdr default
Jan  1 00:00:06 ATK-DLRK3588 kern.info kernel: [   27.974005] imx415 4-001a: detect imx415 lane 4
Jan  1 00:00:06 ATK-DLRK3588 kern.info kernel: [   27.974033] imx415 4-001a: could not get default pinstate
Jan  1 00:00:06 ATK-DLRK3588 kern.info kernel: [   27.974038] imx415 4-001a: could not get sleep pinstate
Jan  1 00:00:06 ATK-DLRK3588 kern.warn kernel: [   27.974054] imx415 4-001a: supply dvdd not found, using dummy regulator
Jan  1 00:00:06 ATK-DLRK3588 kern.warn kernel: [   27.974110] imx415 4-001a: supply dovdd not found, using dummy regulator
Jan  1 00:00:06 ATK-DLRK3588 kern.warn kernel: [   27.974144] imx415 4-001a: supply avdd not found, using dummy regulator
Jan  1 00:00:06 ATK-DLRK3588 kern.err kernel: [   28.043720] imx415 4-001a: Unexpected sensor id(000000), ret(-5)
Jan  1 00:00:06 ATK-DLRK3588 kern.info kernel: [   28.044935] imx415 7-001a: driver version: 00.01.08
Jan  1 00:00:06 ATK-DLRK3588 kern.warn kernel: [   28.045061] imx415 7-001a:  Get hdr mode failed! no hdr default
Jan  1 00:00:06 ATK-DLRK3588 kern.info kernel: [   28.045112] imx415 7-001a: detect imx415 lane 4
Jan  1 00:00:06 ATK-DLRK3588 kern.info kernel: [   28.045253] imx415 7-001a: could not get default pinstate
Jan  1 00:00:06 ATK-DLRK3588 kern.info kernel: [   28.045274] imx415 7-001a: could not get sleep pinstate
Jan  1 00:00:06 ATK-DLRK3588 kern.warn kernel: [   28.045332] imx415 7-001a: supply dvdd not found, using dummy regulator
Jan  1 00:00:06 ATK-DLRK3588 kern.warn kernel: [   28.045627] imx415 7-001a: supply dovdd not found, using dummy regulator
Jan  1 00:00:06 ATK-DLRK3588 kern.warn kernel: [   28.045762] imx415 7-001a: supply avdd not found, using dummy regulator
Jan  1 00:00:06 ATK-DLRK3588 kern.err kernel: [   28.114445] imx415 7-001a: Unexpected sensor id(000000), ret(-5)
Jan  1 00:00:06 ATK-DLRK3588 kern.notice kernel: [   28.114871] Loading compiled-in X.509 certificates
Jan  1 00:00:06 ATK-DLRK3588 kern.info kernel: [   28.115393] pstore: Using crash dump compression: deflate
Jan  1 00:00:06 ATK-DLRK3588 kern.info kernel: [   28.115742] rga3 fdb60000.rga: Adding to iommu group 2
Jan  1 00:00:06 ATK-DLRK3588 kern.info kernel: [   28.116207] rga3 fdb60000.rga: probe successfully, irq = 36, hw_version:3.0.76831
Jan  1 00:00:06 ATK-DLRK3588 kern.info kernel: [   28.116277] rga3 fdb70000.rga: Adding to iommu group 3
Jan  1 00:00:06 ATK-DLRK3588 kern.info kernel: [   28.116690] rga3 fdb70000.rga: probe successfully, irq = 37, hw_version:3.0.76831
Jan  1 00:00:06 ATK-DLRK3588 kern.info kernel: [   28.117436] rga2 fdb80000.rga: probe successfully, irq = 38, hw_version:3.2.63318
Jan  1 00:00:06 ATK-DLRK3588 kern.info kernel: [   28.117590] rga_iommu: IOMMU binding successfully, default mapping core[0x1]
Jan  1 00:00:06 ATK-DLRK3588 kern.info kernel: [   28.117699] rga: Module initialized. v1.3.3
Jan  1 00:00:06 ATK-DLRK3588 kern.info kernel: [   28.145538] pcie20_avdd0v85: supplied by vdd_0v85_s0
Jan  1 00:00:06 ATK-DLRK3588 kern.info kernel: [   28.145676] mali fb000000.gpu: Kernel DDK version g21p0-01eac0
Jan  1 00:00:06 ATK-DLRK3588 kern.info kernel: [   28.145720] mali fb000000.gpu: GPU metrics tracepoint support enabled
Jan  1 00:00:06 ATK-DLRK3588 kern.info kernel: [   28.148305] pcie20_avdd1v8: supplied by avcc_1v8_s0
Jan  1 00:00:06 ATK-DLRK3588 kern.info kernel: [   28.152699] mali fb000000.gpu: bin=0
Jan  1 00:00:06 ATK-DLRK3588 kern.info kernel: [   28.152704] pcie30_avdd0v75: supplied by avdd_0v75_s0
Jan  1 00:00:06 ATK-DLRK3588 kern.info kernel: [   28.152893] mali fb000000.gpu: leakage=16
Jan  1 00:00:06 ATK-DLRK3588 kern.err kernel: [   28.152940] debugfs: Directory 'fb000000.gpu-mali' with parent 'vdd_gpu_s0' already present!
Jan  1 00:00:06 ATK-DLRK3588 kern.info kernel: [   28.153241] pcie30_avdd1v8: supplied by avcc_1v8_s0
Jan  1 00:00:06 ATK-DLRK3588 kern.info kernel: [   28.154043] mpp_rkvenc2 fdbd0000.rkvenc-core: Adding to iommu group 10
Jan  1 00:00:06 ATK-DLRK3588 kern.info kernel: [   28.154391] mali fb000000.gpu: pvtm=846
Jan  1 00:00:06 ATK-DLRK3588 kern.info kernel: [   28.154410] mpp_rkvenc2 fdbd0000.rkvenc-core: probing start
Jan  1 00:00:06 ATK-DLRK3588 kern.info kernel: [   28.154621] mali fb000000.gpu: pvtm-volt-sel=2
Jan  1 00:00:06 ATK-DLRK3588 kern.info kernel: [   28.155442] mpp_rkvenc2 fdbd0000.rkvenc-core: bin=0
Jan  1 00:00:06 ATK-DLRK3588 kern.info kernel: [   28.155806] mali fb000000.gpu: avs=0
Jan  1 00:00:06 ATK-DLRK3588 kern.warn kernel: [   28.155840] W : [File] : drivers/gpu/arm/bifrost/platform/rk/mali_kbase_config_rk.c; [Line] : 143; [Func] : kbase_platform_rk_init(); power-off-delay-ms not available.
Jan  1 00:00:06 ATK-DLRK3588 kern.info kernel: [   28.155964] mpp_rkvenc2 fdbd0000.rkvenc-core: leakage=14
Jan  1 00:00:06 ATK-DLRK3588 kern.info kernel: [   28.155977] mpp_rkvenc2 fdbd0000.rkvenc-core: leakage-volt-sel=0
Jan  1 00:00:06 ATK-DLRK3588 kern.info kernel: [   28.156608] mpp_rkvenc2 fdbd0000.rkvenc-core: avs=0
Jan  1 00:00:06 ATK-DLRK3588 kern.info kernel: [   28.156634] mpp_rkvenc2 fdbd0000.rkvenc-core: l=-2147483648 h=2147483647 hyst=0 l_limit=0 h_limit=0 h_table=0
Jan  1 00:00:06 ATK-DLRK3588 kern.info kernel: [   28.163434] mali fb000000.gpu: Register LUT 000a0800 initialized for GPU arch 0x000a0806
Jan  1 00:00:06 ATK-DLRK3588 kern.notice kernel: [   28.163473] mali fb000000.gpu: r0p0 status 5 not found in HW issues table;
Jan  1 00:00:06 ATK-DLRK3588 kern.notice kernel: [   28.163482] mali fb000000.gpu: falling back to closest match: r0p0 status 0
Jan  1 00:00:06 ATK-DLRK3588 kern.notice kernel: [   28.163488] mali fb000000.gpu: Execution proceeding normally with fallback match
Jan  1 00:00:06 ATK-DLRK3588 kern.info kernel: [   28.163497] mali fb000000.gpu: GPU identified as 0x7 arch 10.8.6 r0p0 status 0
Jan  1 00:00:06 ATK-DLRK3588 kern.info kernel: [   28.163594] mali fb000000.gpu: No priority control manager is configured
Jan  1 00:00:06 ATK-DLRK3588 kern.info kernel: [   28.163602] mali fb000000.gpu: Large page allocation set to false after hardware feature check
Jan  1 00:00:06 ATK-DLRK3588 kern.info kernel: [   28.163737] mali fb000000.gpu: No memory group manager is configured
Jan  1 00:00:06 ATK-DLRK3588 kern.info kernel: [   28.163747] mpp_rkvenc2 fdbd0000.rkvenc-core: attach ccu as core 0
Jan  1 00:00:06 ATK-DLRK3588 kern.info kernel: [   28.163773] mali fb000000.gpu: Protected memory allocator not available
Jan  1 00:00:06 ATK-DLRK3588 kern.info kernel: [   28.163782] mpp_rkvenc2 fdbd0000.rkvenc-core: probing finish
Jan  1 00:00:06 ATK-DLRK3588 kern.info kernel: [   28.163925] mpp_rkvenc2 fdbe0000.rkvenc-core: Adding to iommu group 11
Jan  1 00:00:06 ATK-DLRK3588 kern.info kernel: [   28.164185] mpp_rkvenc2 fdbe0000.rkvenc-core: probing start
Jan  1 00:00:06 ATK-DLRK3588 kern.info kernel: [   28.164709] mali fb000000.gpu: l=15000 h=85000 hyst=5000 l_limit=0 h_limit=800000000 h_table=0
Jan  1 00:00:06 ATK-DLRK3588 kern.info kernel: [   28.164860] mpp_rkvenc2 fdbe0000.rkvenc-core: bin=0
Jan  1 00:00:06 ATK-DLRK3588 kern.info kernel: [   28.165039] mpp_rkvenc2 fdbe0000.rkvenc-core: leakage=14
Jan  1 00:00:06 ATK-DLRK3588 kern.info kernel: [   28.165047] mpp_rkvenc2 fdbe0000.rkvenc-core: leakage-volt-sel=0
Jan  1 00:00:06 ATK-DLRK3588 kern.info kernel: [   28.165515] mali fb000000.gpu: Probed as mali0
Jan  1 00:00:06 ATK-DLRK3588 kern.info kernel: [   28.165612] mpp_rkvenc2 fdbe0000.rkvenc-core: avs=0
Jan  1 00:00:06 ATK-DLRK3588 kern.info kernel: [   28.165627] mpp_rkvenc2 fdbe0000.rkvenc-core: l=-2147483648 h=2147483647 hyst=0 l_limit=0 h_limit=0 h_table=0
Jan  1 00:00:06 ATK-DLRK3588 kern.info kernel: [   28.175132] mpp_rkvenc2 fdbe0000.rkvenc-core: attach ccu as core 1
Jan  1 00:00:06 ATK-DLRK3588 kern.info kernel: [   28.175177] mpp_rkvenc2 fdbe0000.rkvenc-core: probing finish
Jan  1 00:00:06 ATK-DLRK3588 kern.info kernel: [   28.175363] rockchip-vop2 fdd90000.vop: Adding to iommu group 17
Jan  1 00:00:06 ATK-DLRK3588 kern.info kernel: [   28.175782] rockchip-vop2 fdd90000.vop: [drm:vop2_bind] vp0 assign plane mask: 0x5, primary plane phy id: 2
Jan  1 00:00:06 ATK-DLRK3588 kern.info kernel: [   28.175790] rockchip-vop2 fdd90000.vop: [drm:vop2_bind] vp1 assign plane mask: 0xa, primary plane phy id: 3
Jan  1 00:00:06 ATK-DLRK3588 kern.info kernel: [   28.175796] rockchip-vop2 fdd90000.vop: [drm:vop2_bind] vp2 assign plane mask: 0x140, primary plane phy id: 8
Jan  1 00:00:06 ATK-DLRK3588 kern.info kernel: [   28.175803] rockchip-vop2 fdd90000.vop: [drm:vop2_bind] vp3 assign plane mask: 0x280, primary plane phy id: 9
Jan  1 00:00:06 ATK-DLRK3588 kern.warn kernel: [   28.176196] [drm] failed to init overlay plane Cluster0-win1
Jan  1 00:00:06 ATK-DLRK3588 kern.warn kernel: [   28.176225] [drm] failed to init overlay plane Cluster1-win1
Jan  1 00:00:06 ATK-DLRK3588 kern.warn kernel: [   28.176251] [drm] failed to init overlay plane Cluster2-win1
Jan  1 00:00:06 ATK-DLRK3588 kern.warn kernel: [   28.176279] [drm] failed to init overlay plane Cluster3-win1
Jan  1 00:00:06 ATK-DLRK3588 kern.err kernel: [   28.194404] rockchip-vop2 fdd90000.vop: failed to init_opp_table
Jan  1 00:00:06 ATK-DLRK3588 kern.info kernel: [   28.196628] rockchip-drm display-subsystem: bound fdd90000.vop (ops 0xffffffc00935fb18)
Jan  1 00:00:06 ATK-DLRK3588 kern.info kernel: [   28.197753] dwhdmi-rockchip fde80000.hdmi: registered ddc I2C bus driver
Jan  1 00:00:06 ATK-DLRK3588 kern.info kernel: [   28.198870] dw-hdmi-qp-hdcp dw-hdmi-qp-hdcp.7.auto: dw_hdcp_qp_hdcp_probe success
Jan  1 00:00:06 ATK-DLRK3588 kern.info kernel: [   28.198973] rockchip-drm display-subsystem: bound fde80000.hdmi (ops 0xffffffc00936e6a0)
Jan  1 00:00:06 ATK-DLRK3588 kern.info kernel: [   28.200023] dwhdmi-rockchip fdea0000.hdmi: registered ddc I2C bus driver
Jan  1 00:00:06 ATK-DLRK3588 kern.info kernel: [   28.201466] dw-hdmi-qp-hdcp dw-hdmi-qp-hdcp.10.auto: dw_hdcp_qp_hdcp_probe success
Jan  1 00:00:06 ATK-DLRK3588 kern.info kernel: [   28.201537] rockchip-drm display-subsystem: bound fdea0000.hdmi (ops 0xffffffc00936e6a0)
Jan  1 00:00:06 ATK-DLRK3588 kern.info kernel: [   28.201617] rockchip-drm display-subsystem: bound fde20000.dsi (ops 0xffffffc009370f38)
Jan  1 00:00:06 ATK-DLRK3588 kern.info kernel: [   28.201662] rockchip-drm display-subsystem: bound fde30000.dsi (ops 0xffffffc009370f38)
Jan  1 00:00:06 ATK-DLRK3588 kern.err kernel: [   28.208407] rockchip-drm display-subsystem: route-hdmi0: failed to get logo,offset
Jan  1 00:00:06 ATK-DLRK3588 kern.err kernel: [   28.208428] rockchip-drm display-subsystem: route-hdmi1: failed to get logo,offset
Jan  1 00:00:06 ATK-DLRK3588 kern.info kernel: [   28.222381] rockchip-drm display-subsystem: [drm] fb0: rockchipdrmfb frame buffer device
Jan  1 00:00:06 ATK-DLRK3588 kern.info kernel: [   28.223286] [drm] Initialized rockchip 3.0.0 20140818 for display-subsystem on minor 0
Jan  1 00:00:06 ATK-DLRK3588 kern.info kernel: [   28.225309] rockchip-dmc dmc: bin=0
Jan  1 00:00:06 ATK-DLRK3588 kern.info kernel: [   28.225498] rockchip-dmc dmc: leakage=37
Jan  1 00:00:06 ATK-DLRK3588 kern.info kernel: [   28.225510] rockchip-dmc dmc: leakage-volt-sel=1
Jan  1 00:00:06 ATK-DLRK3588 kern.info kernel: [   28.225523] rockchip-dmc dmc: soc version=0, speed=1
Jan  1 00:00:06 ATK-DLRK3588 kern.info kernel: [   28.226311] rockchip-dmc dmc: avs=0
Jan  1 00:00:06 ATK-DLRK3588 kern.notice kernel: [   28.226324] rockchip-dmc dmc: current ATF version 0x100
Jan  1 00:00:06 ATK-DLRK3588 kern.info kernel: [   28.226518] rockchip-dmc dmc: normal_rate = 1068000000
Jan  1 00:00:06 ATK-DLRK3588 kern.info kernel: [   28.226525] rockchip-dmc dmc: reboot_rate = 1560000000
Jan  1 00:00:06 ATK-DLRK3588 kern.info kernel: [   28.226531] rockchip-dmc dmc: suspend_rate = 528000000
Jan  1 00:00:06 ATK-DLRK3588 kern.info kernel: [   28.226536] rockchip-dmc dmc: video_4k_rate = 1068000000
Jan  1 00:00:06 ATK-DLRK3588 kern.info kernel: [   28.226543] rockchip-dmc dmc: video_4k_10b_rate = 1068000000
Jan  1 00:00:06 ATK-DLRK3588 kern.info kernel: [   28.226549] rockchip-dmc dmc: video_svep_rate = 1068000000
Jan  1 00:00:06 ATK-DLRK3588 kern.info kernel: [   28.226555] rockchip-dmc dmc: boost_rate = 1560000000
Jan  1 00:00:06 ATK-DLRK3588 kern.info kernel: [   28.226562] rockchip-dmc dmc: fixed_rate(isp|cif0|cif1|dualview) = 1560000000
Jan  1 00:00:06 ATK-DLRK3588 kern.info kernel: [   28.226568] rockchip-dmc dmc: performance_rate = 1560000000
Jan  1 00:00:06 ATK-DLRK3588 kern.info kernel: [   28.226575] rockchip-dmc dmc: hdmirx_rate = 1560000000
Jan  1 00:00:06 ATK-DLRK3588 kern.info kernel: [   28.226581] rockchip-dmc dmc: deep_suspend_rate = 1560000000
Jan  1 00:00:06 ATK-DLRK3588 kern.err kernel: [   28.226591] rockchip-dmc dmc: failed to get vop bandwidth to dmc rate
Jan  1 00:00:06 ATK-DLRK3588 kern.err kernel: [   28.226597] rockchip-dmc dmc: failed to get vop pn to msch rl
Jan  1 00:00:06 ATK-DLRK3588 kern.info kernel: [   28.226695] rockchip-dmc dmc: l=15000 h=2147483647 hyst=5000 l_limit=0 h_limit=0 h_table=0
Jan  1 00:00:06 ATK-DLRK3588 kern.err kernel: [   28.227066] rockchip-dmc dmc: could not find power_model node
Jan  1 00:00:06 ATK-DLRK3588 kern.info kernel: [   28.227869] rockchip-csi2-dphy csi2-dcphy0: csi2 dphy0 probe successfully!
Jan  1 00:00:06 ATK-DLRK3588 kern.info kernel: [   28.228256] rockchip-csi2-dphy csi2-dcphy1: csi2 dphy0 probe successfully!
Jan  1 00:00:06 ATK-DLRK3588 kern.info kernel: [   28.228619] rockchip-csi2-dphy csi2-dphy0: dphy0 matches m00_b_zzh_imx415 3-001a:bus type 5
Jan  1 00:00:06 ATK-DLRK3588 kern.info kernel: [   28.229091] rkcif-mipi-lvds2: Async subdev notifier completed
Jan  1 00:00:06 ATK-DLRK3588 kern.info kernel: [   28.229103] rockchip-csi2-dphy csi2-dphy0: csi2 dphy0 probe successfully!
Jan  1 00:00:06 ATK-DLRK3588 kern.info kernel: [   28.229383] rkisp0-vir0: Async subdev notifier completed
Jan  1 00:00:06 ATK-DLRK3588 kern.info kernel: [   28.229502] rockchip-csi2-dphy csi2-dphy3: csi2 dphy3 probe successfully!
Jan  1 00:00:06 ATK-DLRK3588 kern.info kernel: [   28.230101] input: adc-keys as /devices/platform/adc-keys/input/input8
Jan  1 00:00:06 ATK-DLRK3588 kern.info kernel: [   28.232335] input: rockchip-hdmi0 rockchip-hdmi0 as /devices/platform/hdmi0-sound/sound/card2/input9
Jan  1 00:00:06 ATK-DLRK3588 kern.info kernel: [   28.233930] rkcif rkcif-mipi-lvds: clear unready subdev num: 1
Jan  1 00:00:06 ATK-DLRK3588 kern.err kernel: [   28.234222] rkcif-mipi-lvds: rkcif_update_sensor_info: stream[0] get remote terminal sensor failed!
Jan  1 00:00:06 ATK-DLRK3588 kern.info kernel: [   28.234239] rkcif-mipi-lvds: Async subdev notifier completed
Jan  1 00:00:06 ATK-DLRK3588 kern.err kernel: [   28.234250] rkcif-mipi-lvds: rkcif_update_sensor_info: stream[0] get remote terminal sensor failed!
Jan  1 00:00:06 ATK-DLRK3588 kern.err kernel: [   28.234255] rkcif-mipi-lvds: There is not terminal subdev, not synchronized with ISP
Jan  1 00:00:06 ATK-DLRK3588 kern.info kernel: [   28.234260] rkcif rkcif-mipi-lvds1: clear unready subdev num: 1
Jan  1 00:00:06 ATK-DLRK3588 kern.err kernel: [   28.234585] rkcif-mipi-lvds1: rkcif_update_sensor_info: stream[0] get remote terminal sensor failed!
Jan  1 00:00:06 ATK-DLRK3588 kern.info kernel: [   28.234602] rkcif-mipi-lvds1: Async subdev notifier completed
Jan  1 00:00:06 ATK-DLRK3588 kern.err kernel: [   28.234613] rkcif-mipi-lvds1: rkcif_update_sensor_info: stream[0] get remote terminal sensor failed!
Jan  1 00:00:06 ATK-DLRK3588 kern.err kernel: [   28.234617] rkcif-mipi-lvds1: There is not terminal subdev, not synchronized with ISP
Jan  1 00:00:06 ATK-DLRK3588 kern.info kernel: [   28.234624] rkcif rkcif-mipi-lvds2: clear unready subdev num: 0
Jan  1 00:00:06 ATK-DLRK3588 kern.info kernel: [   28.234631] rkcif rkcif-mipi-lvds4: clear unready subdev num: 1
Jan  1 00:00:06 ATK-DLRK3588 kern.err kernel: [   28.234871] rkcif-mipi-lvds4: rkcif_update_sensor_info: stream[0] get remote terminal sensor failed!
Jan  1 00:00:06 ATK-DLRK3588 kern.info kernel: [   28.234888] rkcif-mipi-lvds4: Async subdev notifier completed
Jan  1 00:00:06 ATK-DLRK3588 kern.err kernel: [   28.234899] rkcif-mipi-lvds4: rkcif_update_sensor_info: stream[0] get remote terminal sensor failed!
Jan  1 00:00:06 ATK-DLRK3588 kern.err kernel: [   28.234903] rkcif-mipi-lvds4: There is not terminal subdev, not synchronized with ISP
Jan  1 00:00:06 ATK-DLRK3588 kern.err kernel: [   28.235018] rkcif-mipi-lvds4: rkcif_update_sensor_info: stream[0] get remote terminal sensor failed!
Jan  1 00:00:06 ATK-DLRK3588 kern.err kernel: [   28.235033] rkcif-mipi-lvds4: There is not terminal subdev, not synchronized with ISP
Jan  1 00:00:06 ATK-DLRK3588 kern.err kernel: [   28.235095] rkcif-mipi-lvds: rkcif_update_sensor_info: stream[0] get remote terminal sensor failed!
Jan  1 00:00:06 ATK-DLRK3588 kern.err kernel: [   28.235104] rkcif-mipi-lvds: There is not terminal subdev, not synchronized with ISP
Jan  1 00:00:06 ATK-DLRK3588 kern.err kernel: [   28.235257] rkcif-mipi-lvds1: rkcif_update_sensor_info: stream[0] get remote terminal sensor failed!
Jan  1 00:00:06 ATK-DLRK3588 kern.err kernel: [   28.235271] rkcif-mipi-lvds1: There is not terminal subdev, not synchronized with ISP
Jan  1 00:00:06 ATK-DLRK3588 kern.info kernel: [   28.237657] RKNPU fdab0000.npu: Adding to iommu group 0
Jan  1 00:00:06 ATK-DLRK3588 kern.info kernel: [   28.237908] RKNPU fdab0000.npu: RKNPU: rknpu iommu is enabled, using iommu mode
Jan  1 00:00:06 ATK-DLRK3588 kern.err kernel: [   28.239391] RKNPU fdab0000.npu: can't request region for resource [mem 0xfdab0000-0xfdabffff]
Jan  1 00:00:06 ATK-DLRK3588 kern.err kernel: [   28.239425] RKNPU fdab0000.npu: can't request region for resource [mem 0xfdac0000-0xfdacffff]
Jan  1 00:00:06 ATK-DLRK3588 kern.err kernel: [   28.239448] RKNPU fdab0000.npu: can't request region for resource [mem 0xfdad0000-0xfdadffff]
Jan  1 00:00:06 ATK-DLRK3588 kern.info kernel: [   28.240034] [drm] Initialized rknpu 0.9.6 20240322 for fdab0000.npu on minor 1
Jan  1 00:00:06 ATK-DLRK3588 kern.info kernel: [   28.248735] RKNPU fdab0000.npu: RKNPU: bin=0
Jan  1 00:00:06 ATK-DLRK3588 kern.info kernel: [   28.248914] RKNPU fdab0000.npu: leakage=9
Jan  1 00:00:06 ATK-DLRK3588 kern.err kernel: [   28.248946] debugfs: Directory 'fdab0000.npu-rknpu' with parent 'vdd_npu_s0' already present!
Jan  1 00:00:06 ATK-DLRK3588 kern.info kernel: [   28.255886] RKNPU fdab0000.npu: pvtm=849
Jan  1 00:00:06 ATK-DLRK3588 kern.info kernel: [   28.261276] RKNPU fdab0000.npu: pvtm-volt-sel=2
Jan  1 00:00:06 ATK-DLRK3588 kern.info kernel: [   28.262100] RKNPU fdab0000.npu: avs=0
Jan  1 00:00:06 ATK-DLRK3588 kern.info kernel: [   28.262210] RKNPU fdab0000.npu: l=15000 h=85000 hyst=5000 l_limit=0 h_limit=800000000 h_table=0
Jan  1 00:00:06 ATK-DLRK3588 kern.err kernel: [   28.289716] RKNPU fdab0000.npu: failed to find power_model node
Jan  1 00:00:06 ATK-DLRK3588 kern.err kernel: [   28.289771] RKNPU fdab0000.npu: RKNPU: failed to initialize power model
Jan  1 00:00:06 ATK-DLRK3588 kern.err kernel: [   28.289786] RKNPU fdab0000.npu: RKNPU: failed to get dynamic-coefficient
Jan  1 00:00:06 ATK-DLRK3588 kern.info kernel: [   28.299313] rk_gmac-dwmac fe1b0000.ethernet eth0: PHY [stmmac-0:01] driver [YT8531 Gigabit Ethernet] (irq=POLL)
Jan  1 00:00:06 ATK-DLRK3588 kern.info kernel: [   28.300836] dwmac4: Master AXI performs any burst length
Jan  1 00:00:06 ATK-DLRK3588 kern.info kernel: [   28.300867] rk_gmac-dwmac fe1b0000.ethernet eth0: No Safety Features support found
Jan  1 00:00:06 ATK-DLRK3588 kern.info kernel: [   28.300886] rk_gmac-dwmac fe1b0000.ethernet eth0: IEEE 1588-2008 Advanced Timestamp supported
Jan  1 00:00:06 ATK-DLRK3588 kern.info kernel: [   28.301022] rk_gmac-dwmac fe1b0000.ethernet eth0: registered PTP clock
Jan  1 00:00:06 ATK-DLRK3588 kern.info kernel: [   28.301316] rk_gmac-dwmac fe1b0000.ethernet eth0: configuring for phy/rgmii-rxid link mode
Jan  1 00:00:06 ATK-DLRK3588 kern.err kernel: [   29.006945] rk-pcie fe170000.pcie: PCIe Link Fail, LTSSM is 0x3, hw_retries=0
Jan  1 00:00:06 ATK-DLRK3588 kern.err kernel: [   29.016921] rk-pcie fe150000.pcie: PCIe Link Fail, LTSSM is 0x1, hw_retries=0
Jan  1 00:00:06 ATK-DLRK3588 kern.err kernel: [   29.017011] rk-pcie fe150000.pcie: failed to initialize host
Jan  1 00:00:06 ATK-DLRK3588 kern.err kernel: [   29.948399] rk_hdmirx fdee0000.hdmirx-controller: hdmirx_cancel_cpu_limit_freq freq qos nod add
Jan  1 00:00:06 ATK-DLRK3588 kern.warn kernel: [   31.346837] rk_pcie_establish_link: 232 callbacks suppressed
Jan  1 00:00:06 ATK-DLRK3588 kern.info kernel: [   31.346841] rk-pcie fe170000.pcie: PCIe Linking... LTSSM is 0x3
Jan  1 00:00:06 ATK-DLRK3588 kern.info kernel: [   31.353213] rk_gmac-dwmac fe1b0000.ethernet eth0: Link is Up - 1Gbps/Full - flow control rx/tx
Jan  1 00:00:06 ATK-DLRK3588 kern.info kernel: [   31.356761] IPv6: ADDRCONF(NETDEV_CHANGE): eth0: link becomes ready
Jan  1 00:00:06 ATK-DLRK3588 kern.info kernel: [   31.373495] IP-Config: Complete:
Jan  1 00:00:06 ATK-DLRK3588 kern.info kernel: [   31.373578]      device=eth0, hwaddr=d6:71:fa:13:da:dd, ipaddr=192.168.5.20, mask=255.255.255.0, gw=255.255.255.255
Jan  1 00:00:06 ATK-DLRK3588 kern.info kernel: [   31.373599]      host=atk-dlrk3588, domain=, nis-domain=(none)
Jan  1 00:00:06 ATK-DLRK3588 kern.info kernel: [   31.373618]      bootserver=192.168.5.11, rootserver=192.168.5.11, rootpath=
Jan  1 00:00:06 ATK-DLRK3588 kern.info kernel: [   31.373746] rk-pcie fe170000.pcie: PCIe Linking... LTSSM is 0x3
Jan  1 00:00:06 ATK-DLRK3588 kern.notice kernel: [   31.373912] cfg80211: Loading compiled-in X.509 certificates for regulatory database
Jan  1 00:00:06 ATK-DLRK3588 kern.notice kernel: [   31.378140] cfg80211: Loaded X.509 cert 'wens: 61c038651aabdcf94bd0ac7ff06c7248db18c600'
Jan  1 00:00:06 ATK-DLRK3588 kern.notice kernel: [   31.381204] cfg80211: Loaded X.509 cert 'sforshee: 00b28ddf47aef9cea7'
Jan  1 00:00:06 ATK-DLRK3588 kern.warn kernel: [   31.381890] platform regulatory.0: Direct firmware load for regulatory.db failed with error -2
Jan  1 00:00:06 ATK-DLRK3588 kern.info kernel: [   31.381898] cfg80211: failed to load regulatory.db
Jan  1 00:00:06 ATK-DLRK3588 kern.warn kernel: [   31.382831] rockchip-pm rockchip-suspend: not set pwm-regulator-config
Jan  1 00:00:06 ATK-DLRK3588 kern.info kernel: [   31.383273] rockchip-suspend not set sleep-mode-config for mem-lite
Jan  1 00:00:06 ATK-DLRK3588 kern.info kernel: [   31.383278] rockchip-suspend not set wakeup-config for mem-lite
Jan  1 00:00:06 ATK-DLRK3588 kern.info kernel: [   31.383284] rockchip-suspend not set sleep-mode-config for mem-ultra
Jan  1 00:00:06 ATK-DLRK3588 kern.info kernel: [   31.383288] rockchip-suspend not set wakeup-config for mem-ultra
Jan  1 00:00:06 ATK-DLRK3588 kern.info kernel: [   31.384046] I : [File] : drivers/gpu/arm/mali400/mali/linux/mali_kernel_linux.c; [Line] : 406; [Func] : mali_module_init(); svn_rev_string_from_arm of this mali_ko is '', rk_ko_ver is '5', built at '23:06:55', on 'Jul 29 2026
Jan  1 00:00:06 ATK-DLRK3588 kern.warn kernel: [   31.384297] Mali: 
Jan  1 00:00:06 ATK-DLRK3588 kern.warn kernel: [   31.384299] Mali device driver loaded
Jan  1 00:00:06 ATK-DLRK3588 kern.info kernel: [   31.384310] rkisp rkisp0-vir0: clear unready subdev num: 0
Jan  1 00:00:06 ATK-DLRK3588 kern.info kernel: [   31.384316] rkisp rkisp0-vir1: clear unready subdev num: 1
Jan  1 00:00:06 ATK-DLRK3588 kern.info kernel: [   31.384441] rkisp0-vir1: Async subdev notifier completed
Jan  1 00:00:06 ATK-DLRK3588 kern.info kernel: [   31.384449] rkisp rkisp1-vir0: clear unready subdev num: 1
Jan  1 00:00:06 ATK-DLRK3588 kern.info kernel: [   31.384536] rkisp1-vir0: Async subdev notifier completed
Jan  1 00:00:06 ATK-DLRK3588 kern.info kernel: [   31.384544] rkisp rkisp1-vir1: clear unready subdev num: 1
Jan  1 00:00:06 ATK-DLRK3588 kern.info kernel: [   31.384634] rkisp1-vir1: Async subdev notifier completed
Jan  1 00:00:06 ATK-DLRK3588 kern.info kernel: [   31.384642] ALSA device list:
Jan  1 00:00:06 ATK-DLRK3588 kern.info kernel: [   31.384647]   #0: rockchip,hdmiin
Jan  1 00:00:06 ATK-DLRK3588 kern.info kernel: [   31.384651]   #1: rockchip-es8388
Jan  1 00:00:06 ATK-DLRK3588 kern.info kernel: [   31.384655]   #2: rockchip-hdmi0
Jan  1 00:00:06 ATK-DLRK3588 kern.info kernel: [   31.400188] rk-pcie fe170000.pcie: PCIe Linking... LTSSM is 0x3
Jan  1 00:00:06 ATK-DLRK3588 kern.info kernel: [   31.410789] VFS: Mounted root (nfs filesystem) on device 0:16.
Jan  1 00:00:06 ATK-DLRK3588 kern.info kernel: [   31.412172] devtmpfs: mounted
Jan  1 00:00:06 ATK-DLRK3588 kern.info kernel: [   31.419313] Freeing unused kernel memory: 6848K
Jan  1 00:00:06 ATK-DLRK3588 kern.info kernel: [   31.430120] rk-pcie fe170000.pcie: PCIe Linking... LTSSM is 0x3
Jan  1 00:00:06 ATK-DLRK3588 kern.info kernel: [   31.446877] Run /sbin/init as init process
Jan  1 00:00:06 ATK-DLRK3588 kern.debug kernel: [   31.446895]   with arguments:
Jan  1 00:00:06 ATK-DLRK3588 kern.debug kernel: [   31.446897]     /sbin/init
Jan  1 00:00:06 ATK-DLRK3588 kern.debug kernel: [   31.446899]   with environment:
Jan  1 00:00:06 ATK-DLRK3588 kern.debug kernel: [   31.446901]     HOME=/
Jan  1 00:00:06 ATK-DLRK3588 kern.debug kernel: [   31.446903]     TERM=linux
Jan  1 00:00:06 ATK-DLRK3588 kern.debug kernel: [   31.446905]     storagemedia=emmc
Jan  1 00:00:06 ATK-DLRK3588 kern.debug kernel: [   31.446906]     rcu_nocbs=all
Jan  1 00:00:06 ATK-DLRK3588 kern.info kernel: [   31.456775] rk-pcie fe170000.pcie: PCIe Linking... LTSSM is 0x3
Jan  1 00:00:06 ATK-DLRK3588 kern.info kernel: [   31.483568] rk-pcie fe170000.pcie: PCIe Linking... LTSSM is 0x3
Jan  1 00:00:06 ATK-DLRK3588 kern.info kernel: [   31.510080] rk-pcie fe170000.pcie: PCIe Linking... LTSSM is 0x3
Jan  1 00:00:06 ATK-DLRK3588 kern.info kernel: [   31.536852] rk-pcie fe170000.pcie: PCIe Linking... LTSSM is 0x3
Jan  1 00:00:06 ATK-DLRK3588 kern.info kernel: [   31.563438] rk-pcie fe170000.pcie: PCIe Linking... LTSSM is 0x3
Jan  1 00:00:06 ATK-DLRK3588 kern.info kernel: [   31.590074] rk-pcie fe170000.pcie: PCIe Linking... LTSSM is 0x3
Jan  1 00:00:06 ATK-DLRK3588 kern.info kernel: [   31.881802] EXT4-fs (mmcblk0p7): recovery complete
Jan  1 00:00:06 ATK-DLRK3588 kern.info kernel: [   31.881974] EXT4-fs (mmcblk0p7): mounted filesystem with ordered data mode. Opts: (null)
Jan  1 00:00:06 ATK-DLRK3588 kern.warn kernel: [   31.885750] EXT4-fs (mmcblk0p8): warning: mounting unchecked fs, running e2fsck is recommended
Jan  1 00:00:06 ATK-DLRK3588 kern.info kernel: [   31.886533] EXT4-fs (mmcblk0p8): mounted filesystem without journal. Opts: (null)
Jan  1 00:00:06 ATK-DLRK3588 daemon.info kernel: [   32.612456] udevd[380]: starting version 3.2.10
Jan  1 00:00:07 ATK-DLRK3588 daemon.info kernel: [   32.798026] udevd[385]: starting eudev-3.2.10
Jan  1 00:00:07 ATK-DLRK3588 kern.err kernel: [   32.943411] rk-pcie fe170000.pcie: PCIe Link Fail, LTSSM is 0x3, hw_retries=1
Jan  1 00:00:07 ATK-DLRK3588 kern.debug kernel: [   33.129865] rtk_btusb: Realtek Bluetooth USB driver ver 3.1.e98eee4.20231103-131404
Jan  1 00:00:07 ATK-DLRK3588 kern.debug kernel: [   33.129868] rtk_btcoex: rtk_btcoex_init: version: 1.2
Jan  1 00:00:07 ATK-DLRK3588 kern.debug kernel: [   33.129869] rtk_btcoex: create workqueue
Jan  1 00:00:07 ATK-DLRK3588 kern.debug kernel: [   33.129952] rtk_btcoex: alloc buffers 1792, 2432 for ev and l2
Jan  1 00:00:07 ATK-DLRK3588 kern.info kernel: [   33.130006] rtk_btusb: btusb_probe intf->cur_altsetting->desc.bInterfaceNumber 0
Jan  1 00:00:07 ATK-DLRK3588 kern.debug kernel: [   33.130013] rtk_btusb: btusb_probe can_wakeup 0, may wakeup 0
Jan  1 00:00:07 ATK-DLRK3588 kern.debug kernel: [   33.130014] rtk_btusb: patch_add
Jan  1 00:00:07 ATK-DLRK3588 kern.debug kernel: [   33.130015] rtk_btusb: auto suspend is disabled
Jan  1 00:00:07 ATK-DLRK3588 kern.debug kernel: [   33.130016] rtk_btusb: pid = 0xb733
Jan  1 00:00:07 ATK-DLRK3588 kern.debug kernel: [   33.130017] rtk_btusb: patch_add: Reset gEVersion to 0xff
Jan  1 00:00:07 ATK-DLRK3588 kern.debug kernel: [   33.130107] rtk_btusb: btusb_probe: done
Jan  1 00:00:07 ATK-DLRK3588 kern.debug kernel: [   33.130121] rtk_btusb: btusb_open start
Jan  1 00:00:07 ATK-DLRK3588 kern.err kernel: [   33.130123] rtk_btusb: btusb_open hdev->promisc ==0
Jan  1 00:00:07 ATK-DLRK3588 kern.debug kernel: [   33.130129] rtk_btusb: download_patch start
Jan  1 00:00:07 ATK-DLRK3588 kern.info kernel: [   33.130131] rtk_btusb: chip type value: 0x76
Jan  1 00:00:07 ATK-DLRK3588 kern.info kernel: [   33.130132] usbcore: registered new interface driver rtk_btusb
Jan  1 00:00:07 ATK-DLRK3588 kern.debug kernel: [   33.131746] rtk_btusb: chip_type->status = 0x0, chip_type->chip = 0xbeef
Jan  1 00:00:07 ATK-DLRK3588 kern.debug kernel: [   33.131748] rtk_btusb: HCI reset.
Jan  1 00:00:07 ATK-DLRK3588 kern.debug kernel: [   33.143739] rtk_btusb: read_ver_rsp->lmp_subver = 0x8723
Jan  1 00:00:07 ATK-DLRK3588 kern.debug kernel: [   33.143741] rtk_btusb: read_ver_rsp->hci_rev = 0xf
Jan  1 00:00:07 ATK-DLRK3588 kern.debug kernel: [   33.143742] rtk_btusb: patch_entry->lmp_sub = 0x8723
Jan  1 00:00:07 ATK-DLRK3588 kern.debug kernel: [   33.143743] rtk_btusb: load_firmware start
Jan  1 00:00:07 ATK-DLRK3588 kern.debug kernel: [   33.143744] rtk_btusb: lmp_version = 0x8723
Jan  1 00:00:07 ATK-DLRK3588 kern.info kernel: [   33.143746] rtk_btusb: config filename rtl8733bu_config
Jan  1 00:00:07 ATK-DLRK3588 kern.err kernel: [   33.154570] rkcif-mipi-lvds: rkcif_update_sensor_info: stream[1] get remote terminal sensor failed!
Jan  1 00:00:07 ATK-DLRK3588 kern.err kernel: [   33.154581] rkcif_tools_id1: update sensor info failed -19
Jan  1 00:00:07 ATK-DLRK3588 kern.err kernel: [   33.161244] rkcif-mipi-lvds: rkcif_update_sensor_info: stream[0] get remote terminal sensor failed!
Jan  1 00:00:07 ATK-DLRK3588 kern.err kernel: [   33.161251] stream_cif_mipi_id0: update sensor info failed -19
Jan  1 00:00:07 ATK-DLRK3588 kern.err kernel: [   33.168745] rkcif-mipi-lvds: rkcif_update_sensor_info: stream[2] get remote terminal sensor failed!
Jan  1 00:00:07 ATK-DLRK3588 kern.err kernel: [   33.168754] stream_cif_mipi_id2: update sensor info failed -19
Jan  1 00:00:07 ATK-DLRK3588 kern.err kernel: [   33.169817] rkcif-mipi-lvds: rkcif_update_sensor_info: stream[2] get remote terminal sensor failed!
Jan  1 00:00:07 ATK-DLRK3588 kern.err kernel: [   33.169826] rkcif_tools_id2: update sensor info failed -19
Jan  1 00:00:07 ATK-DLRK3588 kern.err kernel: [   33.174006] rkcif-mipi-lvds: rkcif_update_sensor_info: stream[1] get remote terminal sensor failed!
Jan  1 00:00:07 ATK-DLRK3588 kern.err kernel: [   33.174015] stream_cif_mipi_id1: update sensor info failed -19
Jan  1 00:00:07 ATK-DLRK3588 kern.err kernel: [   33.174734] rkcif-mipi-lvds: rkcif_update_sensor_info: stream[3] get remote terminal sensor failed!
Jan  1 00:00:07 ATK-DLRK3588 kern.err kernel: [   33.174741] stream_cif_mipi_id3: update sensor info failed -19
Jan  1 00:00:07 ATK-DLRK3588 kern.warn kernel: [   33.175200] rtk_btusb: no bdaddr file /opt/bdaddr
Jan  1 00:00:07 ATK-DLRK3588 kern.info kernel: [   33.175204] rtk_btusb: Origin cfg len 14
Jan  1 00:00:07 ATK-DLRK3588 kern.debug kernel: [   33.175207] rtk_btusb: 55 ab 23 87 08 00 8d 00 01 fa 8f 00 01 bf
Jan  1 00:00:07 ATK-DLRK3588 kern.info kernel: [   33.175209] rtk_btusb: New cfg len 14
Jan  1 00:00:07 ATK-DLRK3588 kern.debug kernel: [   33.175211] rtk_btusb: 55 ab 23 87 08 00 8d 00 01 fa 8f 00 01 bf
Jan  1 00:00:07 ATK-DLRK3588 kern.debug kernel: [   33.175217] rtk_btusb: fw name is  rtl8733bu_fw
Jan  1 00:00:07 ATK-DLRK3588 kern.err kernel: [   33.176640] rkcif-mipi-lvds: rkcif_update_sensor_info: stream[2] get remote terminal sensor failed!
Jan  1 00:00:07 ATK-DLRK3588 kern.err kernel: [   33.176647] rkcif_scale_ch2: update sensor info failed -19
Jan  1 00:00:07 ATK-DLRK3588 kern.err kernel: [   33.177490] rkcif-mipi-lvds: rkcif_update_sensor_info: stream[0] get remote terminal sensor failed!
Jan  1 00:00:07 ATK-DLRK3588 kern.err kernel: [   33.177495] rkcif-mipi-lvds: rkcif_update_sensor_info: stream[1] get remote terminal sensor failed!
Jan  1 00:00:07 ATK-DLRK3588 kern.err kernel: [   33.177496] rkcif_tools_id0: update sensor info failed -19
Jan  1 00:00:07 ATK-DLRK3588 kern.err kernel: [   33.177502] rkcif_scale_ch1: update sensor info failed -19
Jan  1 00:00:07 ATK-DLRK3588 kern.err kernel: [   33.178017] rkcif-mipi-lvds: rkcif_update_sensor_info: stream[3] get remote terminal sensor failed!
Jan  1 00:00:07 ATK-DLRK3588 kern.err kernel: [   33.178024] rkcif_scale_ch3: update sensor info failed -19
Jan  1 00:00:07 ATK-DLRK3588 kern.err kernel: [   33.178391] rkcif-mipi-lvds: rkcif_update_sensor_info: stream[0] get remote terminal sensor failed!
Jan  1 00:00:07 ATK-DLRK3588 kern.err kernel: [   33.178398] rkcif_scale_ch0: update sensor info failed -19
Jan  1 00:00:07 ATK-DLRK3588 kern.err kernel: [   33.178644] rkcif-mipi-lvds1: rkcif_update_sensor_info: stream[0] get remote terminal sensor failed!
Jan  1 00:00:07 ATK-DLRK3588 kern.err kernel: [   33.178648] stream_cif_mipi_id0: update sensor info failed -19
Jan  1 00:00:07 ATK-DLRK3588 kern.err kernel: [   33.180416] rtk_btusb: This is not 8723a, use new patch style!
Jan  1 00:00:07 ATK-DLRK3588 kern.debug kernel: [   33.180421] rtk_btusb: rtk_get_eversion: gEVersion 255
Jan  1 00:00:07 ATK-DLRK3588 kern.debug kernel: [   33.181621] rtk_btusb: eversion->status = 0x0, eversion->version = 0x2
Jan  1 00:00:07 ATK-DLRK3588 kern.debug kernel: [   33.181622] rtk_btusb: load_firmware: New gEVersion 2
Jan  1 00:00:07 ATK-DLRK3588 kern.debug kernel: [   33.181623] rtk_btusb: rtk_get_fw_project_id: opcode 0, len 1, data 19
Jan  1 00:00:07 ATK-DLRK3588 kern.debug kernel: [   33.181624] rtk_btusb: lmp_version is 8723, project_id is 19, match!
Jan  1 00:00:07 ATK-DLRK3588 kern.debug kernel: [   33.181625] rtk_btusb: fw_version = 0xd8c76fec
Jan  1 00:00:07 ATK-DLRK3588 kern.debug kernel: [   33.181627] rtk_btusb: number_of_total_patch = 2
Jan  1 00:00:07 ATK-DLRK3588 kern.debug kernel: [   33.181627] rtk_btusb: chipID 3
Jan  1 00:00:07 ATK-DLRK3588 kern.debug kernel: [   33.181628] rtk_btusb: patch_length 0xa73d
Jan  1 00:00:07 ATK-DLRK3588 kern.debug kernel: [   33.181629] rtk_btusb: start_offset 0x00003040
Jan  1 00:00:07 ATK-DLRK3588 kern.debug kernel: [   33.181630] rtk_btusb: Svn version: 1756454059
Jan  1 00:00:07 ATK-DLRK3588 kern.debug kernel: [   33.181631] rtk_btusb: Coexistence: BTCOEX_20230616-0e0e
Jan  1 00:00:07 ATK-DLRK3588 kern.debug kernel: [   33.181632] rtk_btusb: buf_len = 0xa74b
Jan  1 00:00:07 ATK-DLRK3588 kern.debug kernel: [   33.181645] rtk_btusb: fw: exists, config file: exists
Jan  1 00:00:07 ATK-DLRK3588 kern.debug kernel: [   33.181645] rtk_btusb: load_firmware done
Jan  1 00:00:07 ATK-DLRK3588 kern.debug kernel: [   33.181652] rtk_btusb: download_data start
Jan  1 00:00:07 ATK-DLRK3588 kern.err kernel: [   33.182675] rkcif-mipi-lvds1: rkcif_update_sensor_info: stream[1] get remote terminal sensor failed!
Jan  1 00:00:07 ATK-DLRK3588 kern.err kernel: [   33.182683] stream_cif_mipi_id1: update sensor info failed -19
Jan  1 00:00:07 ATK-DLRK3588 kern.err kernel: [   33.182993] rkcif-mipi-lvds1: rkcif_update_sensor_info: stream[2] get remote terminal sensor failed!
Jan  1 00:00:07 ATK-DLRK3588 kern.err kernel: [   33.183000] stream_cif_mipi_id2: update sensor info failed -19
Jan  1 00:00:07 ATK-DLRK3588 kern.err kernel: [   33.183996] rkcif-mipi-lvds1: rkcif_update_sensor_info: stream[3] get remote terminal sensor failed!
Jan  1 00:00:07 ATK-DLRK3588 kern.err kernel: [   33.184002] stream_cif_mipi_id3: update sensor info failed -19
Jan  1 00:00:07 ATK-DLRK3588 kern.err kernel: [   33.186608] rkcif-mipi-lvds1: rkcif_update_sensor_info: stream[0] get remote terminal sensor failed!
Jan  1 00:00:07 ATK-DLRK3588 kern.err kernel: [   33.186616] rkcif_scale_ch0: update sensor info failed -19
Jan  1 00:00:07 ATK-DLRK3588 kern.err kernel: [   33.187747] rkcif-mipi-lvds1: rkcif_update_sensor_info: stream[1] get remote terminal sensor failed!
Jan  1 00:00:07 ATK-DLRK3588 kern.err kernel: [   33.187751] rkcif_scale_ch1: update sensor info failed -19
Jan  1 00:00:07 ATK-DLRK3588 kern.err kernel: [   33.192752] rkcif-mipi-lvds1: rkcif_update_sensor_info: stream[2] get remote terminal sensor failed!
Jan  1 00:00:07 ATK-DLRK3588 kern.err kernel: [   33.192762] rkcif_scale_ch2: update sensor info failed -19
Jan  1 00:00:07 ATK-DLRK3588 kern.err kernel: [   33.192952] rkcif-mipi-lvds1: rkcif_update_sensor_info: stream[3] get remote terminal sensor failed!
Jan  1 00:00:07 ATK-DLRK3588 kern.err kernel: [   33.192960] rkcif_scale_ch3: update sensor info failed -19
Jan  1 00:00:07 ATK-DLRK3588 kern.err kernel: [   33.193454] rkcif-mipi-lvds1: rkcif_update_sensor_info: stream[0] get remote terminal sensor failed!
Jan  1 00:00:07 ATK-DLRK3588 kern.err kernel: [   33.193461] rkcif_tools_id0: update sensor info failed -19
Jan  1 00:00:07 ATK-DLRK3588 kern.err kernel: [   33.195300] rkcif-mipi-lvds1: rkcif_update_sensor_info: stream[1] get remote terminal sensor failed!
Jan  1 00:00:07 ATK-DLRK3588 kern.err kernel: [   33.195306] rkcif_tools_id1: update sensor info failed -19
Jan  1 00:00:07 ATK-DLRK3588 kern.err kernel: [   33.197304] rkcif-mipi-lvds1: rkcif_update_sensor_info: stream[2] get remote terminal sensor failed!
Jan  1 00:00:07 ATK-DLRK3588 kern.err kernel: [   33.197309] rkcif_tools_id2: update sensor info failed -19
Jan  1 00:00:07 ATK-DLRK3588 kern.err kernel: [   33.209042] rkcif-mipi-lvds4: rkcif_update_sensor_info: stream[2] get remote terminal sensor failed!
Jan  1 00:00:07 ATK-DLRK3588 kern.err kernel: [   33.209066] stream_cif_mipi_id2: update sensor info failed -19
Jan  1 00:00:07 ATK-DLRK3588 kern.err kernel: [   33.209127] rkcif-mipi-lvds4: rkcif_update_sensor_info: stream[1] get remote terminal sensor failed!
Jan  1 00:00:07 ATK-DLRK3588 kern.err kernel: [   33.209131] rkcif_scale_ch1: update sensor info failed -19
Jan  1 00:00:07 ATK-DLRK3588 kern.err kernel: [   33.209575] rkcif-mipi-lvds4: rkcif_update_sensor_info: stream[0] get remote terminal sensor failed!
Jan  1 00:00:07 ATK-DLRK3588 kern.err kernel: [   33.209584] stream_cif_mipi_id0: update sensor info failed -19
Jan  1 00:00:07 ATK-DLRK3588 kern.err kernel: [   33.211198] rkcif-mipi-lvds4: rkcif_update_sensor_info: stream[3] get remote terminal sensor failed!
Jan  1 00:00:07 ATK-DLRK3588 kern.err kernel: [   33.211210] stream_cif_mipi_id3: update sensor info failed -19
Jan  1 00:00:07 ATK-DLRK3588 kern.err kernel: [   33.211419] rkcif-mipi-lvds4: rkcif_update_sensor_info: stream[1] get remote terminal sensor failed!
Jan  1 00:00:07 ATK-DLRK3588 kern.err kernel: [   33.211429] rkcif-mipi-lvds4: rkcif_update_sensor_info: stream[0] get remote terminal sensor failed!
Jan  1 00:00:07 ATK-DLRK3588 kern.err kernel: [   33.211431] stream_cif_mipi_id1: update sensor info failed -19
Jan  1 00:00:07 ATK-DLRK3588 kern.err kernel: [   33.211442] rkcif_scale_ch0: update sensor info failed -19
Jan  1 00:00:07 ATK-DLRK3588 kern.err kernel: [   33.213167] rkcif-mipi-lvds4: rkcif_update_sensor_info: stream[2] get remote terminal sensor failed!
Jan  1 00:00:07 ATK-DLRK3588 kern.err kernel: [   33.213177] rkcif_scale_ch2: update sensor info failed -19
Jan  1 00:00:07 ATK-DLRK3588 kern.err kernel: [   33.214133] rkcif-mipi-lvds4: rkcif_update_sensor_info: stream[0] get remote terminal sensor failed!
Jan  1 00:00:07 ATK-DLRK3588 kern.err kernel: [   33.214143] rkcif-mipi-lvds4: rkcif_update_sensor_info: stream[3] get remote terminal sensor failed!
Jan  1 00:00:07 ATK-DLRK3588 kern.err kernel: [   33.214146] rkcif_scale_ch3: update sensor info failed -19
Jan  1 00:00:07 ATK-DLRK3588 kern.err kernel: [   33.214151] rkcif_tools_id0: update sensor info failed -19
Jan  1 00:00:07 ATK-DLRK3588 kern.err kernel: [   33.215421] rkcif-mipi-lvds4: rkcif_update_sensor_info: stream[1] get remote terminal sensor failed!
Jan  1 00:00:07 ATK-DLRK3588 kern.err kernel: [   33.215427] rkcif_tools_id1: update sensor info failed -19
Jan  1 00:00:07 ATK-DLRK3588 kern.err kernel: [   33.226932] rkcif-mipi-lvds4: rkcif_update_sensor_info: stream[2] get remote terminal sensor failed!
Jan  1 00:00:07 ATK-DLRK3588 kern.err kernel: [   33.226953] rkcif_tools_id2: update sensor info failed -19
Jan  1 00:00:07 ATK-DLRK3588 kern.info kernel: [   33.475961] usbcore: registered new interface driver rtl8733bu
Jan  1 00:00:07 ATK-DLRK3588 kern.debug kernel: [   33.534804] rtk_btusb: download_data done
Jan  1 00:00:07 ATK-DLRK3588 kern.debug kernel: [   33.534812] rtk_btusb: HCI reset.
Jan  1 00:00:07 ATK-DLRK3588 kern.debug kernel: [   33.547798] rtk_btusb: read_ver_rsp->lmp_subver = 0x6fec
Jan  1 00:00:07 ATK-DLRK3588 kern.debug kernel: [   33.547802] rtk_btusb: read_ver_rsp->hci_rev = 0xd8c7
Jan  1 00:00:07 ATK-DLRK3588 kern.debug kernel: [   33.547804] rtk_btusb: patch_entry->lmp_sub = 0x8723
Jan  1 00:00:07 ATK-DLRK3588 kern.debug kernel: [   33.547815] rtk_btusb: Rtk patch end 0
Jan  1 00:00:07 ATK-DLRK3588 kern.info kernel: [   33.547818] rtk_btusb: chip type value: 0x76
Jan  1 00:00:07 ATK-DLRK3588 kern.info kernel: [   33.547840] rtk_btusb: btusb_open set HCI UP RUNNING
Jan  1 00:00:07 ATK-DLRK3588 kern.info kernel: [   33.547867] rtk_btcoex: Open BTCOEX
Jan  1 00:00:07 ATK-DLRK3588 kern.debug kernel: [   33.547872] rtk_btusb: btusb_open end
Jan  1 00:00:07 ATK-DLRK3588 kern.debug kernel: [   33.548797] rtk_btusb: rtl: read iso handle range done
Jan  1 00:00:07 ATK-DLRK3588 kern.debug kernel: [   33.560094] rtk_btcoex: rtk_vendor_cmd_to_fw: opcode 0xfc1b
Jan  1 00:00:07 ATK-DLRK3588 kern.debug kernel: [   33.561794] rtk_btcoex: BTCOEX hci_rev 0xd8c7
Jan  1 00:00:07 ATK-DLRK3588 kern.debug kernel: [   33.561801] rtk_btcoex: BTCOEX lmp_subver 0x6fec
Jan  1 00:00:07 ATK-DLRK3588 kern.debug kernel: [   33.582764] rtk_btusb: btusb_notify: hci0 evt 3
Jan  1 00:00:08 ATK-DLRK3588 daemon.info /usr/sbin/irqbalance: IRQ 13: Override balance_level to core
Jan  1 00:00:08 ATK-DLRK3588 daemon.info /usr/sbin/irqbalance: IRQ 14: Override balance_level to core
Jan  1 00:00:08 ATK-DLRK3588 daemon.info /usr/sbin/irqbalance: IRQ 15: Override balance_level to core
Jan  1 00:00:08 ATK-DLRK3588 daemon.info /usr/sbin/irqbalance: IRQ 16: Override balance_level to core
Jan  1 00:00:08 ATK-DLRK3588 daemon.info /usr/sbin/irqbalance: IRQ 17: Override balance_level to core
Jan  1 00:00:08 ATK-DLRK3588 daemon.info /usr/sbin/irqbalance: IRQ 18: Override balance_level to core
Jan  1 00:00:08 ATK-DLRK3588 daemon.info /usr/sbin/irqbalance: IRQ 19: Override balance_level to core
Jan  1 00:00:08 ATK-DLRK3588 daemon.info /usr/sbin/irqbalance: IRQ 20: Override balance_level to core
Jan  1 00:00:08 ATK-DLRK3588 daemon.info /usr/sbin/irqbalance: IRQ 21: Override balance_level to core
Jan  1 00:00:08 ATK-DLRK3588 daemon.info /usr/sbin/irqbalance: IRQ 22: Override balance_level to core
Jan  1 00:00:08 ATK-DLRK3588 daemon.info /usr/sbin/irqbalance: IRQ 23: Override balance_level to core
Jan  1 00:00:08 ATK-DLRK3588 kern.err kernel: [   33.963509] rk-pcie fe170000.pcie: failed to initialize host
Jan  1 00:00:08 ATK-DLRK3588 daemon.info /usr/sbin/irqbalance: IRQ 24: Override balance_level to core
Jan  1 00:00:08 ATK-DLRK3588 daemon.info /usr/sbin/irqbalance: IRQ 25: Override balance_level to core
Jan  1 00:00:08 ATK-DLRK3588 daemon.info /usr/sbin/irqbalance: IRQ 26: Override balance_level to core
Jan  1 00:00:08 ATK-DLRK3588 daemon.info /usr/sbin/irqbalance: IRQ 27: Override balance_level to core
Jan  1 00:00:08 ATK-DLRK3588 daemon.info /usr/sbin/irqbalance: IRQ 30: Override balance_level to core
Jan  1 00:00:08 ATK-DLRK3588 daemon.info /usr/sbin/irqbalance: IRQ 31: Override balance_level to core
Jan  1 00:00:08 ATK-DLRK3588 daemon.info bluetoothd[593]: Bluetooth daemon 5.77
Jan  1 00:00:08 ATK-DLRK3588 daemon.debug bluetoothd[593]: src/main.c:parse_config() parsing /etc/main.conf
Jan  1 00:00:08 ATK-DLRK3588 daemon.debug bluetoothd[593]: src/main.c:parse_config_string() General.Class = 0x240414
Jan  1 00:00:08 ATK-DLRK3588 daemon.err bluetoothd[593]: src/main.c:parse_general() btd_opts.class: 0x240414
Jan  1 00:00:08 ATK-DLRK3588 daemon.debug bluetoothd[593]: src/main.c:parse_privacy() No ble name
Jan  1 00:00:08 ATK-DLRK3588 daemon.debug bluetoothd[593]: src/main.c:parse_config_string() General.JustWorksRepairing = confirm
Jan  1 00:00:08 ATK-DLRK3588 daemon.debug bluetoothd[593]: src/adapter.c:adapter_init() sending read version command
Jan  1 00:00:08 ATK-DLRK3588 daemon.info bluetoothd[593]: Starting SDP server
Jan  1 00:00:08 ATK-DLRK3588 daemon.debug bluetoothd[593]: src/sdpd-service.c:register_device_id() Adding device id record for 0002:1d6b:0246:054d
Jan  1 00:00:08 ATK-DLRK3588 daemon.debug bluetoothd[593]: src/plugin.c:plugin_init() Loading builtin plugins
Jan  1 00:00:08 ATK-DLRK3588 daemon.debug bluetoothd[593]: src/plugin.c:add_plugin() Loading hostname plugin
Jan  1 00:00:08 ATK-DLRK3588 daemon.debug bluetoothd[593]: plugins/hostname.c:read_transient_hostname() read transient hostname: 'ATK-DLRK3588'
Jan  1 00:00:08 ATK-DLRK3588 daemon.info /usr/sbin/irqbalance: IRQ 32: Override balance_level to core
Jan  1 00:00:08 ATK-DLRK3588 daemon.debug bluetoothd[593]: src/plugin.c:add_plugin() Plugin hostname loaded
Jan  1 00:00:08 ATK-DLRK3588 daemon.debug bluetoothd[593]: src/plugin.c:add_plugin() Loading wiimote plugin
Jan  1 00:00:08 ATK-DLRK3588 daemon.debug bluetoothd[593]: src/plugin.c:add_plugin() Plugin wiimote loaded
Jan  1 00:00:08 ATK-DLRK3588 daemon.debug bluetoothd[593]: src/plugin.c:add_plugin() Loading autopair plugin
Jan  1 00:00:08 ATK-DLRK3588 daemon.debug bluetoothd[593]: src/plugin.c:add_plugin() Plugin autopair loaded
Jan  1 00:00:08 ATK-DLRK3588 daemon.debug bluetoothd[593]: src/plugin.c:add_plugin() Loading policy plugin
Jan  1 00:00:08 ATK-DLRK3588 daemon.debug bluetoothd[593]: src/plugin.c:add_plugin() Plugin policy loaded
Jan  1 00:00:08 ATK-DLRK3588 daemon.debug bluetoothd[593]: src/plugin.c:add_plugin() Loading a2dp plugin
Jan  1 00:00:08 ATK-DLRK3588 daemon.debug bluetoothd[593]: src/plugin.c:add_plugin() Plugin a2dp loaded
Jan  1 00:00:08 ATK-DLRK3588 daemon.debug bluetoothd[593]: src/plugin.c:add_plugin() Loading avrcp plugin
Jan  1 00:00:08 ATK-DLRK3588 daemon.debug bluetoothd[593]: src/plugin.c:add_plugin() Plugin avrcp loaded
Jan  1 00:00:08 ATK-DLRK3588 daemon.debug bluetoothd[593]: src/plugin.c:add_plugin() Loading network plugin
Jan  1 00:00:08 ATK-DLRK3588 daemon.debug bluetoothd[593]: profiles/network/manager.c:read_config() Config options: Security=true
Jan  1 00:00:08 ATK-DLRK3588 daemon.info /usr/sbin/irqbalance: IRQ 33: Override balance_level to core
Jan  1 00:00:08 ATK-DLRK3588 daemon.warn bluetoothd[593]: profiles/network/bnep.c:bnep_init() kernel lacks bnep-protocol support
Jan  1 00:00:08 ATK-DLRK3588 daemon.warn bluetoothd[593]: src/plugin.c:init_plugin() System does not support network plugin
Jan  1 00:00:08 ATK-DLRK3588 daemon.debug bluetoothd[593]: src/plugin.c:add_plugin() Loading input plugin
Jan  1 00:00:08 ATK-DLRK3588 daemon.debug bluetoothd[593]: src/plugin.c:add_plugin() Plugin input loaded
Jan  1 00:00:08 ATK-DLRK3588 daemon.debug bluetoothd[593]: src/plugin.c:add_plugin() Loading hog plugin
Jan  1 00:00:08 ATK-DLRK3588 daemon.debug bluetoothd[593]: profiles/input/suspend-none.c:suspend_init() 
Jan  1 00:00:08 ATK-DLRK3588 daemon.debug bluetoothd[593]: src/plugin.c:add_plugin() Plugin hog loaded
Jan  1 00:00:08 ATK-DLRK3588 daemon.debug bluetoothd[593]: src/plugin.c:add_plugin() Loading gap plugin
Jan  1 00:00:08 ATK-DLRK3588 daemon.debug bluetoothd[593]: src/plugin.c:add_plugin() Plugin gap loaded
Jan  1 00:00:08 ATK-DLRK3588 daemon.debug bluetoothd[593]: src/plugin.c:add_plugin() Loading scanparam plugin
Jan  1 00:00:08 ATK-DLRK3588 daemon.debug bluetoothd[593]: src/plugin.c:add_plugin() Plugin scanparam loaded
Jan  1 00:00:08 ATK-DLRK3588 daemon.debug bluetoothd[593]: src/plugin.c:add_plugin() Loading deviceinfo plugin
Jan  1 00:00:08 ATK-DLRK3588 daemon.debug bluetoothd[593]: src/plugin.c:add_plugin() Plugin deviceinfo loaded
Jan  1 00:00:08 ATK-DLRK3588 daemon.debug bluetoothd[593]: src/plugin.c:add_plugin() Loading battery plugin
Jan  1 00:00:08 ATK-DLRK3588 daemon.debug bluetoothd[593]: src/plugin.c:add_plugin() Plugin battery loaded
Jan  1 00:00:08 ATK-DLRK3588 daemon.debug bluetoothd[593]: src/plugin.c:add_plugin() Loading bap plugin
Jan  1 00:00:08 ATK-DLRK3588 daemon.debug bluetoothd[593]: src/profile.c:btd_profile_register() D-Bus experimental not enabled
Jan  1 00:00:08 ATK-DLRK3588 daemon.warn bluetoothd[593]: src/plugin.c:init_plugin() System does not support bap plugin
Jan  1 00:00:08 ATK-DLRK3588 daemon.debug bluetoothd[593]: src/plugin.c:add_plugin() Loading mcp plugin
Jan  1 00:00:08 ATK-DLRK3588 daemon.debug bluetoothd[593]: src/profile.c:btd_profile_register() D-Bus experimental not enabled
Jan  1 00:00:08 ATK-DLRK3588 daemon.warn bluetoothd[593]: src/plugin.c:init_plugin() System does not support mcp plugin
Jan  1 00:00:08 ATK-DLRK3588 daemon.debug bluetoothd[593]: src/plugin.c:add_plugin() Loading vcp plugin
Jan  1 00:00:08 ATK-DLRK3588 daemon.debug bluetoothd[593]: src/profile.c:btd_profile_register() D-Bus experimental not enabled
Jan  1 00:00:08 ATK-DLRK3588 daemon.warn bluetoothd[593]: src/plugin.c:init_plugin() System does not support vcp plugin
Jan  1 00:00:08 ATK-DLRK3588 daemon.debug bluetoothd[593]: src/plugin.c:add_plugin() Loading asha plugin
Jan  1 00:00:08 ATK-DLRK3588 daemon.debug bluetoothd[593]: src/profile.c:btd_profile_register() D-Bus experimental not enabled
Jan  1 00:00:08 ATK-DLRK3588 daemon.warn bluetoothd[593]: src/plugin.c:init_plugin() System does not support asha plugin
Jan  1 00:00:08 ATK-DLRK3588 daemon.debug bluetoothd[593]: src/main.c:main() Entering main loop
Jan  1 00:00:08 ATK-DLRK3588 daemon.debug bluetoothd[593]: src/shared/mgmt.c:send_request() [0xffff] command 0x0001
Jan  1 00:00:08 ATK-DLRK3588 daemon.debug bluetoothd[593]: src/rfkill.c:rfkill_event() RFKILL event idx 0 type 2 op 0 soft 1 hard 0
Jan  1 00:00:08 ATK-DLRK3588 daemon.debug bluetoothd[593]: src/shared/mgmt.c:can_read_data() [0xffff] command 0x0001 complete: 0x00
Jan  1 00:00:08 ATK-DLRK3588 daemon.info bluetoothd[593]: Bluetooth management interface 1.18 initialized
Jan  1 00:00:08 ATK-DLRK3588 daemon.debug bluetoothd[593]: src/adapter.c:read_version_complete() sending read supported commands command
Jan  1 00:00:08 ATK-DLRK3588 daemon.debug bluetoothd[593]: src/adapter.c:read_version_complete() sending read index list command
Jan  1 00:00:08 ATK-DLRK3588 daemon.debug bluetoothd[593]: src/rfkill.c:rfkill_event() RFKILL event idx 1 type 2 op 0 soft 0 hard 0
Jan  1 00:00:08 ATK-DLRK3588 daemon.debug bluetoothd[593]: src/rfkill.c:rfkill_event() RFKILL event idx 2 type 1 op 0 soft 0 hard 0
Jan  1 00:00:08 ATK-DLRK3588 daemon.debug bluetoothd[593]: src/shared/mgmt.c:send_request() [0xffff] command 0x0002
Jan  1 00:00:08 ATK-DLRK3588 daemon.debug bluetoothd[593]: src/shared/mgmt.c:can_read_data() [0xffff] command 0x0002 complete: 0x00
Jan  1 00:00:08 ATK-DLRK3588 daemon.debug bluetoothd[593]: src/adapter.c:read_commands_complete() Number of commands: 79
Jan  1 00:00:08 ATK-DLRK3588 daemon.debug bluetoothd[593]: src/adapter.c:read_commands_complete() Number of events: 40
Jan  1 00:00:08 ATK-DLRK3588 daemon.debug bluetoothd[593]: src/adapter.c:read_commands_complete() enabling kernel-side connection control
Jan  1 00:00:08 ATK-DLRK3588 daemon.debug bluetoothd[593]: src/adapter.c:read_commands_complete() kernel supports the set_blocked_keys op
Jan  1 00:00:08 ATK-DLRK3588 daemon.debug bluetoothd[593]: src/adapter.c:read_commands_complete() kernel supports controller cap command
Jan  1 00:00:08 ATK-DLRK3588 daemon.debug bluetoothd[593]: src/adapter.c:read_commands_complete() kernel supports exp features
Jan  1 00:00:08 ATK-DLRK3588 daemon.debug bluetoothd[593]: src/adapter.c:read_commands_complete() kernel supports set system confic
Jan  1 00:00:08 ATK-DLRK3588 daemon.debug bluetoothd[593]: src/adapter.c:read_commands_complete() kernel supports suspend/resume events
Jan  1 00:00:08 ATK-DLRK3588 daemon.debug bluetoothd[593]: src/shared/mgmt.c:send_request() [0xffff] command 0x0003
Jan  1 00:00:08 ATK-DLRK3588 daemon.debug bluetoothd[593]: src/shared/mgmt.c:can_read_data() [0xffff] command 0x0003 complete: 0x00
Jan  1 00:00:08 ATK-DLRK3588 daemon.debug bluetoothd[593]: src/adapter.c:read_index_list_complete() Number of controllers: 1
Jan  1 00:00:08 ATK-DLRK3588 daemon.debug bluetoothd[593]: src/adapter.c:read_index_list_complete() Found index 0
Jan  1 00:00:08 ATK-DLRK3588 daemon.debug bluetoothd[593]: src/adapter.c:index_added() index 0
Jan  1 00:00:08 ATK-DLRK3588 daemon.debug bluetoothd[593]: src/adapter.c:reset_adv_monitors() sending remove Adv Monitor command with handle 0
Jan  1 00:00:08 ATK-DLRK3588 daemon.debug bluetoothd[593]: src/adapter.c:btd_adapter_new() System name: BlueZ 5.77
Jan  1 00:00:08 ATK-DLRK3588 daemon.debug bluetoothd[593]: src/adapter.c:btd_adapter_new() Major class: 4
Jan  1 00:00:08 ATK-DLRK3588 daemon.debug bluetoothd[593]: src/adapter.c:btd_adapter_new() Minor class: 5
Jan  1 00:00:08 ATK-DLRK3588 daemon.debug bluetoothd[593]: src/adapter.c:btd_adapter_new() Modalias: usb:v1D6Bp0246d054D
Jan  1 00:00:08 ATK-DLRK3588 daemon.debug bluetoothd[593]: src/adapter.c:btd_adapter_new() Discoverable timeout: 180 seconds
Jan  1 00:00:08 ATK-DLRK3588 daemon.debug bluetoothd[593]: src/adapter.c:btd_adapter_new() Pairable timeout: 0 seconds
Jan  1 00:00:08 ATK-DLRK3588 daemon.debug bluetoothd[593]: src/shared/mgmt.c:send_request() [0x0000] command 0x0053
Jan  1 00:00:08 ATK-DLRK3588 daemon.debug bluetoothd[593]: src/shared/mgmt.c:can_read_data() [0x0000] command 0x0053 complete: 0x00
Jan  1 00:00:08 ATK-DLRK3588 daemon.debug bluetoothd[593]: src/adapter.c:reset_adv_monitors_complete() Removed all Adv Monitors
Jan  1 00:00:08 ATK-DLRK3588 daemon.debug bluetoothd[593]: src/shared/mgmt.c:send_request() [0x0000] command 0x0049
Jan  1 00:00:08 ATK-DLRK3588 daemon.debug bluetoothd[593]: src/shared/mgmt.c:can_read_data() [0x0000] command 0x0049 complete: 0x00
Jan  1 00:00:08 ATK-DLRK3588 daemon.debug bluetoothd[593]: src/adapter.c:read_exp_features_complete() index 0 status 0x00
Jan  1 00:00:08 ATK-DLRK3588 daemon.debug bluetoothd[593]: src/adapter.c:read_exp_features_complete() 671b10b5-42c0-4696-9227-eb28d1b049d6 flags 0 action 0
Jan  1 00:00:08 ATK-DLRK3588 daemon.debug bluetoothd[593]: src/adapter.c:read_info() sending read info command for index 0
Jan  1 00:00:08 ATK-DLRK3588 daemon.debug bluetoothd[593]: src/shared/mgmt.c:send_request() [0x0000] command 0x0004
Jan  1 00:00:08 ATK-DLRK3588 daemon.debug bluetoothd[593]: src/shared/mgmt.c:can_read_data() [0x0000] command 0x0004 complete: 0x00
Jan  1 00:00:08 ATK-DLRK3588 daemon.debug bluetoothd[593]: src/adapter.c:read_info_complete() index 0 status 0x00
Jan  1 00:00:08 ATK-DLRK3588 daemon.debug bluetoothd[593]: src/adapter.c:clear_uuids() sending clear uuids command for index 0
Jan  1 00:00:08 ATK-DLRK3588 daemon.debug bluetoothd[593]: src/adapter.c:clear_devices() sending clear devices command for index 0
Jan  1 00:00:08 ATK-DLRK3588 daemon.debug bluetoothd[593]: src/adapter.c:set_mode() sending set mode command 13 for index 0
Jan  1 00:00:08 ATK-DLRK3588 daemon.debug bluetoothd[593]: src/adapter.c:set_mode() sending set mode command 11 for index 0
Jan  1 00:00:08 ATK-DLRK3588 daemon.debug bluetoothd[593]: src/adapter.c:set_mode() sending set mode command 45 for index 0
Jan  1 00:00:08 ATK-DLRK3588 daemon.debug bluetoothd[593]: src/adapter.c:set_mode() sending set mode command 71 for index 0
Jan  1 00:00:08 ATK-DLRK3588 daemon.debug bluetoothd[593]: src/adapter.c:set_privacy() sending set privacy command for index 0
Jan  1 00:00:08 ATK-DLRK3588 daemon.err bluetoothd[593]: src/adapter.c:set_privacy() setting privacy mode 0x00 for index 0
Jan  1 00:00:08 ATK-DLRK3588 daemon.debug bluetoothd[593]: src/battery.c:manager_new() 
Jan  1 00:00:08 ATK-DLRK3588 daemon.info bluetoothd[593]: Battery Provider Manager created
Jan  1 00:00:08 ATK-DLRK3588 daemon.debug bluetoothd[593]: src/gatt-database.c:btd_gatt_database_new() GATT Manager registered for adapter: /org/bluez/hci0
Jan  1 00:00:08 ATK-DLRK3588 daemon.debug bluetoothd[593]: src/adapter.c:adapter_service_add() /org/bluez/hci0
Jan  1 00:00:08 ATK-DLRK3588 daemon.debug bluetoothd[593]: src/sdpd-service.c:add_record_to_server() Adding record with handle 0x10001
Jan  1 00:00:08 ATK-DLRK3588 daemon.debug bluetoothd[593]: src/sdpd-service.c:add_record_to_server() Record pattern UUID 00000007-0000-1000-8000-00805f9
Jan  1 00:00:08 ATK-DLRK3588 daemon.debug bluetoothd[593]: src/sdpd-service.c:add_record_to_server() Record pattern UUID 00000100-0000-1000-8000-00805f9
Jan  1 00:00:08 ATK-DLRK3588 daemon.debug bluetoothd[593]: src/sdpd-service.c:add_record_to_server() Record pattern UUID 00001002-0000-1000-8000-00805f9
Jan  1 00:00:08 ATK-DLRK3588 daemon.debug bluetoothd[593]: src/sdpd-service.c:add_record_to_server() Record pattern UUID 00001800-0000-1000-8000-00805f9
Jan  1 00:00:08 ATK-DLRK3588 daemon.debug bluetoothd[593]: src/adapter.c:adapter_service_insert() /org/bluez/hci0
Jan  1 00:00:08 ATK-DLRK3588 daemon.debug bluetoothd[593]: src/adapter.c:add_uuid() sending add uuid command for index 0 uuid: fb349b5f-8000-0080-0010-000000180000
Jan  1 00:00:08 ATK-DLRK3588 daemon.debug bluetoothd[593]: src/adapter.c:adapter_service_add() /org/bluez/hci0
Jan  1 00:00:08 ATK-DLRK3588 daemon.debug bluetoothd[593]: src/sdpd-service.c:add_record_to_server() Adding record with handle 0x10002
Jan  1 00:00:08 ATK-DLRK3588 daemon.debug bluetoothd[593]: src/sdpd-service.c:add_record_to_server() Record pattern UUID 00000007-0000-1000-8000-00805f9
Jan  1 00:00:08 ATK-DLRK3588 daemon.debug bluetoothd[593]: src/sdpd-service.c:add_record_to_server() Record pattern UUID 00000100-0000-1000-8000-00805f9
Jan  1 00:00:08 ATK-DLRK3588 daemon.debug bluetoothd[593]: src/sdpd-service.c:add_record_to_server() Record pattern UUID 00001002-0000-1000-8000-00805f9
Jan  1 00:00:08 ATK-DLRK3588 daemon.debug bluetoothd[593]: src/sdpd-service.c:add_record_to_server() Record pattern UUID 00001801-0000-1000-8000-00805f9
Jan  1 00:00:08 ATK-DLRK3588 daemon.debug bluetoothd[593]: src/adapter.c:adapter_service_insert() /org/bluez/hci0
Jan  1 00:00:08 ATK-DLRK3588 daemon.debug bluetoothd[593]: src/adapter.c:add_uuid() sending add uuid command for index 0 uuid: fb349b5f-8000-0080-0010-000001180000
Jan  1 00:00:08 ATK-DLRK3588 daemon.debug bluetoothd[593]: src/adapter.c:adapter_service_add() /org/bluez/hci0
Jan  1 00:00:08 ATK-DLRK3588 daemon.debug bluetoothd[593]: src/sdpd-service.c:add_record_to_server() Adding record with handle 0x10003
Jan  1 00:00:08 ATK-DLRK3588 daemon.debug bluetoothd[593]: src/sdpd-service.c:add_record_to_server() Record pattern UUID 00000007-0000-1000-8000-00805f9
Jan  1 00:00:08 ATK-DLRK3588 daemon.debug bluetoothd[593]: src/sdpd-service.c:add_record_to_server() Record pattern UUID 00000100-0000-1000-8000-00805f9
Jan  1 00:00:08 ATK-DLRK3588 daemon.debug bluetoothd[593]: src/sdpd-service.c:add_record_to_server() Record pattern UUID 00001002-0000-1000-8000-00805f9
Jan  1 00:00:08 ATK-DLRK3588 daemon.debug bluetoothd[593]: src/sdpd-service.c:add_record_to_server() Record pattern UUID 0000180a-0000-1000-8000-00805f9
Jan  1 00:00:08 ATK-DLRK3588 daemon.debug bluetoothd[593]: src/adapter.c:adapter_service_insert() /org/bluez/hci0
Jan  1 00:00:08 ATK-DLRK3588 daemon.debug bluetoothd[593]: src/adapter.c:add_uuid() sending add uuid command for index 0 uuid: fb349b5f-8000-0080-0010-00000a180000
Jan  1 00:00:08 ATK-DLRK3588 daemon.debug bluetoothd[593]: src/advertising.c:btd_adv_manager_new() LE Advertising Manager created for adapter: /org/bluez/hci0
Jan  1 00:00:08 ATK-DLRK3588 daemon.debug bluetoothd[593]: plugins/hostname.c:hostname_probe() 
Jan  1 00:00:08 ATK-DLRK3588 daemon.debug bluetoothd[593]: plugins/policy.c:policy_adapter_probe() 
Jan  1 00:00:08 ATK-DLRK3588 daemon.debug bluetoothd[593]: src/adapter.c:btd_adapter_restore_powered() powered 0, 0x80
Jan  1 00:00:08 ATK-DLRK3588 daemon.debug bluetoothd[593]: src/adapter.c:btd_adapter_restore_powered() set_mode MGMT_OP_SET_POWERED
Jan  1 00:00:08 ATK-DLRK3588 daemon.debug bluetoothd[593]: src/adapter.c:adapter_set_power_state() off-enabling
Jan  1 00:00:08 ATK-DLRK3588 daemon.debug bluetoothd[593]: src/adapter.c:set_mode() sending set mode command 5 for index 0
Jan  1 00:00:08 ATK-DLRK3588 daemon.debug bluetoothd[593]: profiles/audio/a2dp.c:media_server_probe() path /org/bluez/hci0
Jan  1 00:00:08 ATK-DLRK3588 daemon.debug bluetoothd[593]: profiles/audio/a2dp.c:a2dp_sink_server_probe() path /org/bluez/hci0
Jan  1 00:00:08 ATK-DLRK3588 daemon.debug bluetoothd[593]: profiles/audio/a2dp.c:a2dp_source_server_probe() path /org/bluez/hci0
Jan  1 00:00:08 ATK-DLRK3588 daemon.debug bluetoothd[593]: profiles/audio/avrcp.c:avrcp_controller_server_probe() path /org/bluez/hci0
Jan  1 00:00:08 ATK-DLRK3588 daemon.debug bluetoothd[593]: src/adapter.c:adapter_service_add() /org/bluez/hci0
Jan  1 00:00:08 ATK-DLRK3588 daemon.debug bluetoothd[593]: src/sdpd-service.c:add_record_to_server() Adding record with handle 0x10004
Jan  1 00:00:08 ATK-DLRK3588 daemon.debug bluetoothd[593]: src/sdpd-service.c:add_record_to_server() Record pattern UUID 00000017-0000-1000-8000-00805f9
Jan  1 00:00:08 ATK-DLRK3588 daemon.debug bluetoothd[593]: src/sdpd-service.c:add_record_to_server() Record pattern UUID 00000100-0000-1000-8000-00805f9
Jan  1 00:00:08 ATK-DLRK3588 daemon.debug bluetoothd[593]: src/sdpd-service.c:add_record_to_server() Record pattern UUID 00001002-0000-1000-8000-00805f9
Jan  1 00:00:08 ATK-DLRK3588 daemon.debug bluetoothd[593]: src/sdpd-service.c:add_record_to_server() Record pattern UUID 0000110c-0000-1000-8000-00805f9
Jan  1 00:00:08 ATK-DLRK3588 daemon.debug bluetoothd[593]: src/sdpd-service.c:add_record_to_server() Record pattern UUID 0000110e-0000-1000-8000-00805f9
Jan  1 00:00:08 ATK-DLRK3588 daemon.debug bluetoothd[593]: src/adapter.c:adapter_service_insert() /org/bluez/hci0
Jan  1 00:00:08 ATK-DLRK3588 daemon.debug bluetoothd[593]: src/adapter.c:add_uuid() sending add uuid command for index 0 uuid: fb349b5f-8000-0080-0010-00000c110000
Jan  1 00:00:08 ATK-DLRK3588 daemon.debug bluetoothd[593]: profiles/audio/avrcp.c:avrcp_target_server_probe() path /org/bluez/hci0
Jan  1 00:00:08 ATK-DLRK3588 daemon.debug bluetoothd[593]: src/adapter.c:adapter_service_add() /org/bluez/hci0
Jan  1 00:00:08 ATK-DLRK3588 daemon.debug bluetoothd[593]: src/sdpd-service.c:add_record_to_server() Adding record with handle 0x10005
Jan  1 00:00:08 ATK-DLRK3588 daemon.debug bluetoothd[593]: src/sdpd-service.c:add_record_to_server() Record pattern UUID 00000017-0000-1000-8000-00805f9
Jan  1 00:00:08 ATK-DLRK3588 daemon.debug bluetoothd[593]: src/sdpd-service.c:add_record_to_server() Record pattern UUID 00000100-0000-1000-8000-00805f9
Jan  1 00:00:08 ATK-DLRK3588 daemon.debug bluetoothd[593]: src/sdpd-service.c:add_record_to_server() Record pattern UUID 00001002-0000-1000-8000-00805f9
Jan  1 00:00:08 ATK-DLRK3588 daemon.debug bluetoothd[593]: src/sdpd-service.c:add_record_to_server() Record pattern UUID 0000110e-0000-1000-8000-00805f9
Jan  1 00:00:08 ATK-DLRK3588 daemon.debug bluetoothd[593]: src/sdpd-service.c:add_record_to_server() Record pattern UUID 0000110f-0000-1000-8000-00805f9
Jan  1 00:00:08 ATK-DLRK3588 daemon.debug bluetoothd[593]: src/adapter.c:adapter_service_insert() /org/bluez/hci0
Jan  1 00:00:08 ATK-DLRK3588 daemon.debug bluetoothd[593]: src/adapter.c:add_uuid() sending add uuid command for index 0 uuid: fb349b5f-8000-0080-0010-00000e110000
Jan  1 00:00:08 ATK-DLRK3588 daemon.debug bluetoothd[593]: src/adapter.c:btd_adapter_unblock_address() hci0 00:00:00:00:00:00
Jan  1 00:00:08 ATK-DLRK3588 daemon.debug bluetoothd[593]: src/adapter.c:load_ltks() hci0 keys 0
Jan  1 00:00:08 ATK-DLRK3588 daemon.debug bluetoothd[593]: src/adapter.c:load_irks() hci0 irks 0
Jan  1 00:00:08 ATK-DLRK3588 daemon.debug bluetoothd[593]: src/adapter.c:load_conn_params() hci0 conn params 0
Jan  1 00:00:08 ATK-DLRK3588 daemon.debug bluetoothd[593]: src/adapter.c:adapter_service_insert() /org/bluez/hci0
Jan  1 00:00:08 ATK-DLRK3588 daemon.debug bluetoothd[593]: src/adapter.c:add_uuid() sending add uuid command for index 0 uuid: fb349b5f-8000-0080-0010-000000120000
Jan  1 00:00:08 ATK-DLRK3588 daemon.debug bluetoothd[593]: src/adapter.c:set_did() hci0 source 2 vendor 1d6b product 246 version 54d
Jan  1 00:00:08 ATK-DLRK3588 daemon.debug bluetoothd[593]: src/adapter.c:adapter_register() Adapter /org/bluez/hci0 registered
Jan  1 00:00:08 ATK-DLRK3588 daemon.debug bluetoothd[593]: src/adapter.c:set_dev_class() sending set device class command for index 0
Jan  1 00:00:08 ATK-DLRK3588 daemon.debug bluetoothd[593]: src/adapter.c:set_name() sending set local name command for index 0
Jan  1 00:00:08 ATK-DLRK3588 daemon.debug bluetoothd[593]: src/shared/mgmt.c:send_request() [0x0000] command 0x0011
Jan  1 00:00:08 ATK-DLRK3588 daemon.debug bluetoothd[593]: src/shared/mgmt.c:can_read_data() [0x0000] command 0x0011 complete: 0x00
Jan  1 00:00:08 ATK-DLRK3588 daemon.debug bluetoothd[593]: src/shared/mgmt.c:send_request() [0x0000] command 0x0034
Jan  1 00:00:08 ATK-DLRK3588 daemon.debug bluetoothd[593]: src/shared/mgmt.c:can_read_data() [0x0000] command 0x0034 complete: 0x00
Jan  1 00:00:08 ATK-DLRK3588 daemon.debug bluetoothd[593]: src/shared/mgmt.c:send_request() [0x0000] command 0x000d
Jan  1 00:00:08 ATK-DLRK3588 daemon.debug bluetoothd[593]: src/shared/mgmt.c:can_read_data() [0x0000] command 0x000d complete: 0x00
Jan  1 00:00:08 ATK-DLRK3588 daemon.debug bluetoothd[593]: src/adapter.c:new_settings_callback() Settings: 0x00000280
Jan  1 00:00:08 ATK-DLRK3588 daemon.debug bluetoothd[593]: src/adapter.c:settings_changed() Changed settings: 0x00000200
Jan  1 00:00:08 ATK-DLRK3588 daemon.debug bluetoothd[593]: src/adapter.c:settings_changed() Pending settings: 0x00000001
Jan  1 00:00:08 ATK-DLRK3588 daemon.debug bluetoothd[593]: src/shared/mgmt.c:send_request() [0x0000] command 0x000b
Jan  1 00:00:08 ATK-DLRK3588 daemon.debug bluetoothd[593]: src/shared/mgmt.c:can_read_data() [0x0000] command 0x000b complete: 0x00
Jan  1 00:00:08 ATK-DLRK3588 daemon.debug bluetoothd[593]: src/adapter.c:new_settings_callback() Settings: 0x000002c0
Jan  1 00:00:08 ATK-DLRK3588 daemon.debug bluetoothd[593]: src/adapter.c:settings_changed() Changed settings: 0x00000040
Jan  1 00:00:08 ATK-DLRK3588 daemon.debug bluetoothd[593]: src/adapter.c:settings_changed() Pending settings: 0x00000001
Jan  1 00:00:08 ATK-DLRK3588 daemon.debug bluetoothd[593]: src/shared/mgmt.c:send_request() [0x0000] command 0x002d
Jan  1 00:00:08 ATK-DLRK3588 daemon.debug bluetoothd[593]: src/shared/mgmt.c:can_read_data() [0x0000] command 0x002d complete: 0x00
Jan  1 00:00:08 ATK-DLRK3588 daemon.debug bluetoothd[593]: src/adapter.c:new_settings_callback() Settings: 0x00000ac0
Jan  1 00:00:08 ATK-DLRK3588 daemon.debug bluetoothd[593]: src/adapter.c:settings_changed() Changed settings: 0x00000800
Jan  1 00:00:08 ATK-DLRK3588 daemon.debug bluetoothd[593]: src/adapter.c:settings_changed() Pending settings: 0x00000001
Jan  1 00:00:08 ATK-DLRK3588 daemon.debug bluetoothd[593]: src/shared/mgmt.c:send_request() [0x0000] command 0x0047
Jan  1 00:00:08 ATK-DLRK3588 daemon.debug bluetoothd[593]: src/shared/mgmt.c:can_read_data() [0x0000] command 0x0047 complete: 0x00
Jan  1 00:00:08 ATK-DLRK3588 daemon.debug bluetoothd[593]: src/adapter.c:new_settings_callback() Settings: 0x00020ac0
Jan  1 00:00:08 ATK-DLRK3588 daemon.debug bluetoothd[593]: src/adapter.c:settings_changed() Changed settings: 0x00020000
Jan  1 00:00:08 ATK-DLRK3588 daemon.debug bluetoothd[593]: src/adapter.c:settings_changed() Pending settings: 0x00000001
Jan  1 00:00:08 ATK-DLRK3588 daemon.debug bluetoothd[593]: src/shared/mgmt.c:send_request() [0x0000] command 0x002f
Jan  1 00:00:08 ATK-DLRK3588 daemon.debug bluetoothd[593]: src/shared/mgmt.c:can_read_data() [0x0000] command 0x002f complete: 0x00
Jan  1 00:00:08 ATK-DLRK3588 daemon.debug bluetoothd[593]: src/adapter.c:set_privacy_complete() Successfuly set privacy for index 0
Jan  1 00:00:08 ATK-DLRK3588 daemon.debug bluetoothd[593]: src/shared/mgmt.c:send_request() [0x0000] command 0x0010
Jan  1 00:00:08 ATK-DLRK3588 daemon.debug bluetoothd[593]: src/shared/mgmt.c:can_read_data() [0x0000] command 0x0010 complete: 0x00
Jan  1 00:00:08 ATK-DLRK3588 daemon.debug bluetoothd[593]: src/shared/mgmt.c:send_request() [0x0000] command 0x0010
Jan  1 00:00:08 ATK-DLRK3588 daemon.debug bluetoothd[593]: src/shared/mgmt.c:can_read_data() [0x0000] command 0x0010 complete: 0x00
Jan  1 00:00:08 ATK-DLRK3588 daemon.debug bluetoothd[593]: src/shared/mgmt.c:send_request() [0x0000] command 0x0010
Jan  1 00:00:08 ATK-DLRK3588 daemon.debug bluetoothd[593]: src/shared/mgmt.c:can_read_data() [0x0000] command 0x0010 complete: 0x00
Jan  1 00:00:08 ATK-DLRK3588 daemon.debug bluetoothd[593]: src/shared/mgmt.c:send_request() [0x0000] command 0x003d
Jan  1 00:00:08 ATK-DLRK3588 daemon.debug bluetoothd[593]: src/shared/mgmt.c:can_read_data() [0x0000] command 0x003d complete: 0x00
Jan  1 00:00:08 ATK-DLRK3588 daemon.debug bluetoothd[593]: src/shared/mgmt.c:send_request() [0x0000] command 0x0048
Jan  1 00:00:08 ATK-DLRK3588 daemon.debug bluetoothd[593]: src/shared/mgmt.c:can_read_data() [0x0000] command 0x0048 complete: 0x00
Jan  1 00:00:08 ATK-DLRK3588 daemon.debug bluetoothd[593]: src/shared/mgmt.c:send_request() [0x0000] command 0x0005
Jan  1 00:00:08 ATK-DLRK3588 daemon.info /usr/sbin/irqbalance: IRQ 34: Override balance_level to core
Jan  1 00:00:08 ATK-DLRK3588 daemon.debug bluetoothd[593]: src/shared/mgmt.c:can_read_data() [0x0000] command 0x0005 complete: 0x00
Jan  1 00:00:08 ATK-DLRK3588 daemon.debug bluetoothd[593]: src/adapter.c:adapter_set_power_state() on
Jan  1 00:00:08 ATK-DLRK3588 daemon.debug bluetoothd[593]: src/adapter.c:new_settings_callback() Settings: 0x00020ac1
Jan  1 00:00:08 ATK-DLRK3588 daemon.debug bluetoothd[593]: src/adapter.c:settings_changed() Changed settings: 0x00000001
Jan  1 00:00:08 ATK-DLRK3588 daemon.debug bluetoothd[593]: src/adapter.c:settings_changed() Pending settings: 0x00000000
Jan  1 00:00:08 ATK-DLRK3588 daemon.debug bluetoothd[593]: src/adapter.c:adapter_start() adapter /org/bluez/hci0 has been enabled
Jan  1 00:00:08 ATK-DLRK3588 daemon.debug bluetoothd[593]: src/adapter.c:trigger_passive_scanning() 
Jan  1 00:00:08 ATK-DLRK3588 daemon.debug bluetoothd[593]: src/shared/mgmt.c:send_request() [0x0000] command 0x0010
Jan  1 00:00:08 ATK-DLRK3588 daemon.debug bluetoothd[593]: src/shared/mgmt.c:can_read_data() [0x0000] command 0x0010 complete: 0x00
Jan  1 00:00:08 ATK-DLRK3588 daemon.debug bluetoothd[593]: src/shared/mgmt.c:send_request() [0x0000] command 0x0010
Jan  1 00:00:08 ATK-DLRK3588 daemon.debug bluetoothd[593]: src/shared/mgmt.c:can_read_data() [0x0000] command 0x0010 complete: 0x00
Jan  1 00:00:08 ATK-DLRK3588 daemon.debug bluetoothd[593]: src/shared/mgmt.c:send_request() [0x0000] command 0x0027
Jan  1 00:00:08 ATK-DLRK3588 daemon.debug bluetoothd[593]: src/shared/mgmt.c:can_read_data() [0x0000] command 0x0027 complete: 0x00
Jan  1 00:00:08 ATK-DLRK3588 daemon.debug bluetoothd[593]: src/shared/mgmt.c:send_request() [0x0000] command 0x004c
Jan  1 00:00:08 ATK-DLRK3588 daemon.debug bluetoothd[593]: src/shared/mgmt.c:can_read_data() [0x0000] command 0x4c status: 0x0d
Jan  1 00:00:08 ATK-DLRK3588 daemon.debug bluetoothd[593]: src/shared/mgmt.c:send_request() [0x0000] command 0x0013
Jan  1 00:00:08 ATK-DLRK3588 daemon.debug bluetoothd[593]: src/shared/mgmt.c:can_read_data() [0x0000] command 0x0013 complete: 0x00
Jan  1 00:00:08 ATK-DLRK3588 daemon.debug bluetoothd[593]: src/adapter.c:load_ltks_complete() LTKs loaded for hci0
Jan  1 00:00:08 ATK-DLRK3588 daemon.debug bluetoothd[593]: src/shared/mgmt.c:send_request() [0x0000] command 0x0030
Jan  1 00:00:08 ATK-DLRK3588 daemon.debug bluetoothd[593]: src/shared/mgmt.c:can_read_data() [0x0000] command 0x0030 complete: 0x00
Jan  1 00:00:08 ATK-DLRK3588 daemon.debug bluetoothd[593]: src/adapter.c:load_irks_complete() IRKs loaded for hci0
Jan  1 00:00:08 ATK-DLRK3588 daemon.debug bluetoothd[593]: src/shared/mgmt.c:send_request() [0x0000] command 0x0035
Jan  1 00:00:08 ATK-DLRK3588 daemon.debug bluetoothd[593]: src/shared/mgmt.c:can_read_data() [0x0000] command 0x0035 complete: 0x00
Jan  1 00:00:08 ATK-DLRK3588 daemon.debug bluetoothd[593]: src/adapter.c:load_conn_params_complete() Connection Parameters loaded for hci0
Jan  1 00:00:08 ATK-DLRK3588 daemon.debug bluetoothd[593]: src/shared/mgmt.c:send_request() [0x0000] command 0x0010
Jan  1 00:00:08 ATK-DLRK3588 daemon.debug bluetoothd[593]: src/shared/mgmt.c:can_read_data() [0x0000] command 0x0010 complete: 0x00
Jan  1 00:00:08 ATK-DLRK3588 daemon.debug bluetoothd[593]: src/shared/mgmt.c:send_request() [0x0000] command 0x0028
Jan  1 00:00:08 ATK-DLRK3588 daemon.debug bluetoothd[593]: src/shared/mgmt.c:can_read_data() [0x0000] command 0x0028 complete: 0x00
Jan  1 00:00:08 ATK-DLRK3588 daemon.debug bluetoothd[593]: src/shared/mgmt.c:send_request() [0x0000] command 0x000e
Jan  1 00:00:08 ATK-DLRK3588 daemon.debug bluetoothd[593]: src/shared/mgmt.c:can_read_data() [0x0000] event 0x0007
Jan  1 00:00:08 ATK-DLRK3588 daemon.debug bluetoothd[593]: src/adapter.c:dev_class_changed_callback() Class: 0x000414
Jan  1 00:00:08 ATK-DLRK3588 daemon.debug bluetoothd[593]: src/shared/mgmt.c:can_read_data() [0x0000] command 0x000e complete: 0x00
Jan  1 00:00:08 ATK-DLRK3588 daemon.debug bluetoothd[593]: src/shared/mgmt.c:send_request() [0x0000] command 0x000f
Jan  1 00:00:08 ATK-DLRK3588 daemon.debug bluetoothd[593]: src/shared/mgmt.c:can_read_data() [0x0000] command 0x000f complete: 0x00
Jan  1 00:00:08 ATK-DLRK3588 daemon.debug bluetoothd[593]: src/adapter.c:local_name_changed_callback() Name: BlueZ 5.77
Jan  1 00:00:08 ATK-DLRK3588 daemon.debug bluetoothd[593]: src/adapter.c:local_name_changed_callback() Short name: 
Jan  1 00:00:08 ATK-DLRK3588 daemon.debug bluetoothd[593]: src/adapter.c:local_name_changed_callback() Current alias: BlueZ 5.77
Jan  1 00:00:08 ATK-DLRK3588 daemon.debug bluetoothd[593]: src/shared/mgmt.c:send_request() [0x0000] command 0x0046
Jan  1 00:00:08 ATK-DLRK3588 daemon.debug bluetoothd[593]: src/shared/mgmt.c:can_read_data() [0x0000] command 0x0046 complete: 0x00
Jan  1 00:00:08 ATK-DLRK3588 daemon.debug bluetoothd[593]: src/adapter.c:set_blocked_keys_complete() Successfully set blocked keys for index 0
Jan  1 00:00:08 ATK-DLRK3588 daemon.info /usr/sbin/irqbalance: IRQ 35: Override balance_level to core
Jan  1 00:00:08 ATK-DLRK3588 daemon.info /usr/sbin/irqbalance: IRQ 36: Override balance_level to core
Jan  1 00:00:08 ATK-DLRK3588 daemon.info /usr/sbin/irqbalance: IRQ 37: Override balance_level to core
Jan  1 00:00:08 ATK-DLRK3588 daemon.info /usr/sbin/irqbalance: IRQ 38: Override balance_level to core
Jan  1 00:00:08 ATK-DLRK3588 daemon.info /usr/sbin/irqbalance: IRQ 39: Override balance_level to core
Jan  1 00:00:08 ATK-DLRK3588 daemon.info /usr/sbin/irqbalance: IRQ 40: Override balance_level to core
Jan  1 00:00:08 ATK-DLRK3588 user.notice rkaiq_3A: media get entity by name: rkisp-isp-subdev is null
Jan  1 00:00:08 ATK-DLRK3588 user.notice rkaiq_3A: media get entity by name: rkisp-input-params is null
Jan  1 00:00:08 ATK-DLRK3588 user.notice rkaiq_3A: media get entity by name: rkisp-statistics is null
Jan  1 00:00:08 ATK-DLRK3588 user.notice rkaiq_3A: media get entity by name: rkisp_mainpath is null
Jan  1 00:00:08 ATK-DLRK3588 user.notice rkaiq_3A: Cound not find rkisp dev names, skipped /dev/media0
Jan  1 00:00:08 ATK-DLRK3588 user.notice rkaiq_3A: ERR: Bad media topology for: /dev/media0
Jan  1 00:00:08 ATK-DLRK3588 user.notice rkaiq_3A: media get entity by name: rkisp-isp-subdev is null
Jan  1 00:00:08 ATK-DLRK3588 user.notice rkaiq_3A: media get entity by name: rkisp-input-params is null
Jan  1 00:00:08 ATK-DLRK3588 user.notice rkaiq_3A: media get entity by name: rkisp-statistics is null
Jan  1 00:00:08 ATK-DLRK3588 user.notice rkaiq_3A: media get entity by name: rkisp_mainpath is null
Jan  1 00:00:08 ATK-DLRK3588 user.notice rkaiq_3A: Cound not find rkisp dev names, skipped /dev/media1
Jan  1 00:00:08 ATK-DLRK3588 user.notice rkaiq_3A: ERR: Bad media topology for: /dev/media1
Jan  1 00:00:08 ATK-DLRK3588 user.notice rkaiq_3A: media get entity by name: rkisp-isp-subdev is null
Jan  1 00:00:08 ATK-DLRK3588 user.notice rkaiq_3A: media get entity by name: rkisp-input-params is null
Jan  1 00:00:08 ATK-DLRK3588 user.notice rkaiq_3A: media get entity by name: rkisp-statistics is null
Jan  1 00:00:08 ATK-DLRK3588 user.notice rkaiq_3A: media get entity by name: rkisp_mainpath is null
Jan  1 00:00:08 ATK-DLRK3588 user.notice rkaiq_3A: Cound not find rkisp dev names, skipped /dev/media2
Jan  1 00:00:08 ATK-DLRK3588 user.notice rkaiq_3A: ERR: Bad media topology for: /dev/media2
Jan  1 00:00:08 ATK-DLRK3588 user.notice rkaiq_3A: media get entity by name: rkisp-isp-subdev is null
Jan  1 00:00:08 ATK-DLRK3588 user.notice rkaiq_3A: media get entity by name: rkisp-input-params is null
Jan  1 00:00:08 ATK-DLRK3588 user.notice rkaiq_3A: media get entity by name: rkisp-statistics is null
Jan  1 00:00:08 ATK-DLRK3588 user.notice rkaiq_3A: media get entity by name: rkisp_mainpath is null
Jan  1 00:00:08 ATK-DLRK3588 user.notice rkaiq_3A: Cound not find rkisp dev names, skipped /dev/media3
Jan  1 00:00:08 ATK-DLRK3588 user.notice rkaiq_3A: ERR: Bad media topology for: /dev/media3
Jan  1 00:00:08 ATK-DLRK3588 user.notice rkaiq_3A: DBG: get rkisp-isp-subdev devname: /dev/v4l-subdev3
Jan  1 00:00:08 ATK-DLRK3588 user.notice rkaiq_3A: DBG: get rkisp-input-params devname: /dev/video53
Jan  1 00:00:08 ATK-DLRK3588 user.notice rkaiq_3A: DBG: get rkisp-statistics devname: /dev/video52
Jan  1 00:00:08 ATK-DLRK3588 user.notice rkaiq_3A: DBG: get rkisp_mainpath devname: /dev/video45
Jan  1 00:00:08 ATK-DLRK3588 user.notice rkaiq_3A: rkaiq log level ff1
Jan  1 00:00:08 ATK-DLRK3588 user.notice rkaiq_3A: XCORE:K:rk_aiq_init_lib, ISP HW ver: 30
Jan  1 00:00:08 ATK-DLRK3588 user.notice rkaiq_3A: XCORE:K:
Jan  1 00:00:08 ATK-DLRK3588 user.notice rkaiq_3A: ************************** VERSION INFOS **************************
Jan  1 00:00:08 ATK-DLRK3588 user.notice rkaiq_3A: version release date: 2024-06-18
Jan  1 00:00:08 ATK-DLRK3588 user.notice rkaiq_3A:          AIQ:       AIQ v6.0x6.3-rc1
Jan  1 00:00:08 ATK-DLRK3588 user.notice rkaiq_3A: git logs:
Jan  1 00:00:08 ATK-DLRK3588 user.notice rkaiq_3A: 48c4a43 change gitingore
Jan  1 00:00:08 ATK-DLRK3588 user.notice rkaiq_3A: ************************ VERSION INFOS END ************************
Jan  1 00:00:08 ATK-DLRK3588 user.notice rkaiq_3A: DBG: get rkisp-isp-subdev devname: /dev/v4l-subdev11
Jan  1 00:00:08 ATK-DLRK3588 user.notice rkaiq_3A: DBG: get rkisp-input-params devname: /dev/video62
Jan  1 00:00:08 ATK-DLRK3588 user.notice rkaiq_3A: DBG: get rkisp-statistics devname: /dev/video61
Jan  1 00:00:08 ATK-DLRK3588 user.notice rkaiq_3A: DBG: get rkisp_mainpath devname: /dev/video54
Jan  1 00:00:08 ATK-DLRK3588 user.notice rkaiq_3A: ERR: Bad media topology for: /dev/media5
Jan  1 00:00:08 ATK-DLRK3588 user.notice rkaiq_3A: DBG: get rkisp-isp-subdev devname: /dev/v4l-subdev12
Jan  1 00:00:08 ATK-DLRK3588 user.notice rkaiq_3A: DBG: get rkisp-input-params devname: /dev/video71
Jan  1 00:00:08 ATK-DLRK3588 user.notice rkaiq_3A: DBG: get rkisp-statistics devname: /dev/video70
Jan  1 00:00:08 ATK-DLRK3588 user.notice rkaiq_3A: DBG: get rkisp_mainpath devname: /dev/video63
Jan  1 00:00:08 ATK-DLRK3588 user.notice rkaiq_3A: ERR: Bad media topology for: /dev/media6
Jan  1 00:00:08 ATK-DLRK3588 user.notice rkaiq_3A: DBG: get rkisp-isp-subdev devname: /dev/v4l-subdev13
Jan  1 00:00:08 ATK-DLRK3588 user.notice rkaiq_3A: DBG: get rkisp-input-params devname: /dev/video80
Jan  1 00:00:08 ATK-DLRK3588 user.notice rkaiq_3A: DBG: get rkisp-statistics devname: /dev/video79
Jan  1 00:00:08 ATK-DLRK3588 user.notice rkaiq_3A: DBG: get rkisp_mainpath devname: /dev/video72
Jan  1 00:00:08 ATK-DLRK3588 user.notice rkaiq_3A: ERR: Bad media topology for: /dev/media7
Jan  1 00:00:08 ATK-DLRK3588 user.notice rkaiq_3A: ERR: Bad media topology for: /dev/media8
Jan  1 00:00:08 ATK-DLRK3588 user.notice rkaiq_3A: ERR: Bad media topology for: /dev/media9
Jan  1 00:00:08 ATK-DLRK3588 user.notice rkaiq_3A: ERR: Bad media topology for: /dev/media10
Jan  1 00:00:08 ATK-DLRK3588 user.notice rkaiq_3A: ERR: Bad media topology for: /dev/media11
Jan  1 00:00:08 ATK-DLRK3588 user.notice rkaiq_3A: ERR: Bad media topology for: /dev/media12
Jan  1 00:00:08 ATK-DLRK3588 user.notice rkaiq_3A: ERR: Bad media topology for: /dev/media13
Jan  1 00:00:08 ATK-DLRK3588 user.notice rkaiq_3A: ERR: Bad media topology for: /dev/media14
Jan  1 00:00:08 ATK-DLRK3588 user.notice rkaiq_3A: ERR: Bad media topology for: /dev/media15
Jan  1 00:00:08 ATK-DLRK3588 daemon.info /usr/sbin/irqbalance: IRQ 41: Override balance_level to core
Jan  1 00:00:09 ATK-DLRK3588 daemon.info /usr/sbin/irqbalance: IRQ 42: Override balance_level to core
Jan  1 00:00:09 ATK-DLRK3588 daemon.notice ntpd[617]: ntpd 4.2.8p15@1.3728-o Wed Jul 29 16:25:09 UTC 2026 (1): Starting
Jan  1 00:00:09 ATK-DLRK3588 daemon.notice ntpd[617]: Command line: /usr/sbin/ntpd -g -p /var/run/ntpd.pid
Jan  1 00:00:09 ATK-DLRK3588 daemon.notice ntpd[617]: ----------------------------------------------------
Jan  1 00:00:09 ATK-DLRK3588 daemon.notice ntpd[617]: ntp-4 is maintained by Network Time Foundation,
Jan  1 00:00:09 ATK-DLRK3588 daemon.notice ntpd[617]: Inc. (NTF), a non-profit 501(c)(3) public-benefit
Jan  1 00:00:09 ATK-DLRK3588 daemon.notice ntpd[617]: corporation.  Support and training for ntp-4 are
Jan  1 00:00:09 ATK-DLRK3588 daemon.notice ntpd[617]: available at https://www.nwtime.org/support
Jan  1 00:00:09 ATK-DLRK3588 daemon.notice ntpd[617]: ----------------------------------------------------
Jan  1 00:00:09 ATK-DLRK3588 daemon.info /usr/sbin/irqbalance: IRQ 43: Override balance_level to core
Jan  1 00:00:09 ATK-DLRK3588 daemon.info ntpd[626]: proto: precision = 0.291 usec (-22)
Jan  1 00:00:09 ATK-DLRK3588 daemon.info ntpd[626]: basedate set to 2026-07-18
Jan  1 00:00:09 ATK-DLRK3588 daemon.info ntpd[626]: gps base set to 2026-07-19 (week 2428)
Jan  1 00:00:09 ATK-DLRK3588 daemon.info ntpd[626]: Listen and drop on 0 v6wildcard [::]:123
Jan  1 00:00:09 ATK-DLRK3588 daemon.info ntpd[626]: Listen and drop on 1 v4wildcard 0.0.0.0:123
Jan  1 00:00:09 ATK-DLRK3588 daemon.info ntpd[626]: Listen normally on 2 lo 127.0.0.1:123
Jan  1 00:00:09 ATK-DLRK3588 daemon.info ntpd[626]: Listen normally on 3 eth0 192.168.5.20:123
Jan  1 00:00:09 ATK-DLRK3588 daemon.info ntpd[626]: Listen normally on 4 lo [::1]:123
Jan  1 00:00:09 ATK-DLRK3588 daemon.info ntpd[626]: Listen normally on 5 eth0 [fe80::d471:faff:fe13:dadd%3]:123
Jan  1 00:00:09 ATK-DLRK3588 daemon.info ntpd[626]: Listening on routing socket on fd #22 for interface updates
Jan  1 00:00:09 ATK-DLRK3588 daemon.info ntpd[626]: kernel reports TIME_ERROR: 0x41: Clock Unsynchronized
Jan  1 00:00:09 ATK-DLRK3588 daemon.info ntpd[626]: kernel reports TIME_ERROR: 0x41: Clock Unsynchronized
Jan  1 00:00:09 ATK-DLRK3588 daemon.info /usr/sbin/irqbalance: IRQ 44: Override balance_level to core
Jan  1 00:00:09 ATK-DLRK3588 user.notice rkaiq_3A: IPCSERVER:K:cid[0] Process path:/tmp/UNIX.domain0, sockfd:16
Jan  1 00:00:09 ATK-DLRK3588 user.notice rkaiq_3A: XCORE:K:cid[0] rk_aiq_uapi_sysctl_init success. iq:/etc/iqfiles//imx415_CMK-OT2022-PX1_IR0147-50IRC-8M-F20.json
Jan  1 00:00:09 ATK-DLRK3588 user.notice rkaiq_3A: XCORE:K:cid[0] rk_aiq_uapi_sysctl_prepare success. mode:0 
Jan  1 00:00:09 ATK-DLRK3588 user.notice rkaiq_3A: DBG: subscribe events from /dev/video53 success !
Jan  1 00:00:09 ATK-DLRK3588 user.notice rkaiq_3A: DBG: /dev/media4: wait stream start event...
Jan  1 00:00:09 ATK-DLRK3588 kern.info kernel: [   34.764574] rkisp rkisp0-vir0: first params buf queue
Jan  1 00:00:09 ATK-DLRK3588 daemon.info /usr/sbin/irqbalance: IRQ 45: Override balance_level to core
Jan  1 00:00:09 ATK-DLRK3588 daemon.info /usr/sbin/irqbalance: IRQ 46: Override balance_level to core
Jan  1 00:00:09 ATK-DLRK3588 daemon.info /usr/sbin/irqbalance: IRQ 47: Override balance_level to core
Jan  1 00:00:09 ATK-DLRK3588 daemon.info /usr/sbin/irqbalance: IRQ 48: Override balance_level to core
Jan  1 00:00:09 ATK-DLRK3588 daemon.info /usr/sbin/irqbalance: IRQ 49: Override balance_level to core
Jan  1 00:00:09 ATK-DLRK3588 daemon.info /usr/sbin/irqbalance: IRQ 50: Override balance_level to core
Jan  1 00:00:09 ATK-DLRK3588 daemon.info /usr/sbin/irqbalance: IRQ 51: Override balance_level to core
Jan  1 00:00:09 ATK-DLRK3588 daemon.info /usr/sbin/irqbalance: IRQ 52: Override balance_level to core
Jan  1 00:00:09 ATK-DLRK3588 daemon.info /usr/sbin/irqbalance: IRQ 53: Override balance_level to core
Jan  1 00:00:09 ATK-DLRK3588 daemon.info /usr/sbin/irqbalance: IRQ 54: Override balance_level to core
Jan  1 00:00:09 ATK-DLRK3588 daemon.info /usr/sbin/irqbalance: IRQ 55: Override balance_level to core
Jan  1 00:00:10 ATK-DLRK3588 daemon.info /usr/sbin/irqbalance: IRQ 56: Override balance_level to core
Jan  1 00:00:10 ATK-DLRK3588 auth.info sshd[659]: Server listening on 0.0.0.0 port 22.
Jan  1 00:00:10 ATK-DLRK3588 auth.info sshd[659]: Server listening on :: port 22.
Jan  1 00:00:10 ATK-DLRK3588 daemon.info /usr/sbin/irqbalance: IRQ 57: Override balance_level to core
Jan  1 00:00:10 ATK-DLRK3588 daemon.info /usr/sbin/irqbalance: IRQ 58: Override balance_level to core
Jan  1 00:00:10 ATK-DLRK3588 daemon.info /usr/sbin/irqbalance: IRQ 59: Override balance_level to core
Jan  1 00:00:10 ATK-DLRK3588 daemon.info /usr/sbin/irqbalance: IRQ 60: Override balance_level to core
Jan  1 00:00:10 ATK-DLRK3588 daemon.info /usr/sbin/irqbalance: IRQ 63: Override balance_level to core
Jan  1 00:00:10 ATK-DLRK3588 kern.notice kernel: [   36.108188] mali fb000000.gpu: Loading Mali firmware 0x1010000
Jan  1 00:00:10 ATK-DLRK3588 kern.info kernel: [   36.111939] mali fb000000.gpu: Mali firmware git_sha: 221d2b3e5f4cf47df6227ccb24c82c4e4baa986e 
Jan  1 00:00:10 ATK-DLRK3588 daemon.info /usr/sbin/irqbalance: IRQ 64: Override balance_level to core
Jan  1 00:00:10 ATK-DLRK3588 daemon.info /usr/sbin/irqbalance: IRQ 65: Override balance_level to core
Jan  1 00:00:10 ATK-DLRK3588 daemon.info /usr/sbin/irqbalance: IRQ 66: Override balance_level to core
Jan  1 00:00:10 ATK-DLRK3588 daemon.info /usr/sbin/irqbalance: IRQ 67: Override balance_level to core
Jan  1 00:00:10 ATK-DLRK3588 daemon.info /usr/sbin/irqbalance: IRQ 68: Override balance_level to core
Jan  1 00:00:10 ATK-DLRK3588 daemon.info /usr/sbin/irqbalance: IRQ 69: Override balance_level to core
Jan  1 00:00:10 ATK-DLRK3588 daemon.info /usr/sbin/irqbalance: IRQ 70: Override balance_level to core
Jan  1 00:00:10 ATK-DLRK3588 daemon.info /usr/sbin/irqbalance: IRQ 71: Override balance_level to core
Jan  1 00:00:10 ATK-DLRK3588 daemon.info /usr/sbin/irqbalance: IRQ 72: Override balance_level to core
Jan  1 00:00:10 ATK-DLRK3588 daemon.info /usr/sbin/irqbalance: IRQ 73: Override balance_level to core
Jan  1 00:00:10 ATK-DLRK3588 daemon.info /usr/sbin/irqbalance: IRQ 74: Override balance_level to core
Jan  1 00:00:10 ATK-DLRK3588 daemon.info /usr/sbin/irqbalance: IRQ 75: Override balance_level to core
Jan  1 00:00:10 ATK-DLRK3588 daemon.info /usr/sbin/irqbalance: IRQ 76: Override balance_level to core
Jan  1 00:00:10 ATK-DLRK3588 daemon.info /usr/sbin/irqbalance: IRQ 77: Override balance_level to core
Jan  1 00:00:10 ATK-DLRK3588 daemon.info /usr/sbin/irqbalance: IRQ 78: Override balance_level to core
Jan  1 00:00:11 ATK-DLRK3588 daemon.info /usr/sbin/irqbalance: IRQ 79: Override balance_level to core
Jan  1 00:00:11 ATK-DLRK3588 kern.err kernel: [   36.854658] rk_hdmirx fdee0000.hdmirx-controller: hdmirx_audio_startup: device is no connected or audio is off
Jan  1 00:00:11 ATK-DLRK3588 kern.err kernel: [   36.854703] hdmi-audio-codec hdmi-audio-codec.4.auto: ASoC: error at snd_soc_dai_startup on i2s-hifi: -19
Jan  1 00:00:11 ATK-DLRK3588 daemon.info /usr/sbin/irqbalance: IRQ 80: Override balance_level to core
Jan  1 00:00:11 ATK-DLRK3588 kern.err kernel: [   36.866515] rk_hdmirx fdee0000.hdmirx-controller: hdmirx_audio_startup: device is no connected or audio is off
Jan  1 00:00:11 ATK-DLRK3588 kern.err kernel: [   36.866543] hdmi-audio-codec hdmi-audio-codec.4.auto: ASoC: error at snd_soc_dai_startup on i2s-hifi: -19
Jan  1 00:00:11 ATK-DLRK3588 kern.err kernel: [   36.878135] rk_hdmirx fdee0000.hdmirx-controller: hdmirx_audio_startup: device is no connected or audio is off
Jan  1 00:00:11 ATK-DLRK3588 kern.err kernel: [   36.878163] hdmi-audio-codec hdmi-audio-codec.4.auto: ASoC: error at snd_soc_dai_startup on i2s-hifi: -19
Jan  1 00:00:11 ATK-DLRK3588 daemon.info /usr/sbin/irqbalance: IRQ 81: Override balance_level to core
Jan  1 00:00:11 ATK-DLRK3588 daemon.info /usr/sbin/irqbalance: IRQ 82: Override balance_level to core
Jan  1 00:00:11 ATK-DLRK3588 daemon.notice rpc.statd[719]: Version 2.5.4 starting
Jan  1 00:00:11 ATK-DLRK3588 daemon.notice sm-notify[720]: Version 2.5.4 starting
Jan  1 00:00:11 ATK-DLRK3588 daemon.notice rpc.statd[719]: Initializing NSM state
Jan  1 00:00:11 ATK-DLRK3588 daemon.info /usr/sbin/irqbalance: IRQ 83: Override balance_level to core
Jan  1 00:00:11 ATK-DLRK3588 daemon.warn rpc.statd[719]: Running as root.  chown /run/nfs to choose different user
Jan  1 00:00:11 ATK-DLRK3588 daemon.info /usr/sbin/irqbalance: IRQ 84: Override balance_level to core
Jan  1 00:00:11 ATK-DLRK3588 user.notice usbdevice: [713]: Handling start request
Jan  1 00:00:11 ATK-DLRK3588 daemon.info /usr/sbin/irqbalance: IRQ 85: Override balance_level to core
Jan  1 00:00:11 ATK-DLRK3588 user.notice usbdevice: [713]: Run stage: usb_prepare
Jan  1 00:00:11 ATK-DLRK3588 daemon.info /usr/sbin/irqbalance: IRQ 86: Override balance_level to core
Jan  1 00:00:11 ATK-DLRK3588 daemon.err rpc.nfsd[732]: error starting threads: errno 2 (No such file or directory)
Jan  1 00:00:11 ATK-DLRK3588 daemon.info /usr/sbin/irqbalance: IRQ 88: Override balance_level to core
Jan  1 00:00:11 ATK-DLRK3588 daemon.info /usr/sbin/irqbalance: IRQ 89: Override balance_level to core
Jan  1 00:00:11 ATK-DLRK3588 daemon.err rpc.mountd[752]: Unable to watch /proc/fs/nfsd/clients: No such file or directory
Jan  1 00:00:11 ATK-DLRK3588 daemon.info /usr/sbin/irqbalance: IRQ 90: Override balance_level to core
Jan  1 00:00:11 ATK-DLRK3588 daemon.info /usr/sbin/irqbalance: IRQ 91: Override balance_level to core
Jan  1 00:00:11 ATK-DLRK3588 daemon.info /usr/sbin/irqbalance: IRQ 93: Override balance_level to core
Jan  1 00:00:11 ATK-DLRK3588 daemon.debug bluetoothd[593]: profiles/audio/avdtp.c:avdtp_register_sep() SEP 0x5574f0d840 registered: type:1 codec:0 seid_pool:0x5574f154d8 seid:1
Jan  1 00:00:11 ATK-DLRK3588 daemon.debug bluetoothd[593]: src/adapter.c:adapter_service_add() /org/bluez/hci0
Jan  1 00:00:11 ATK-DLRK3588 daemon.debug bluetoothd[593]: src/sdpd-service.c:add_record_to_server() Adding record with handle 0x10006
Jan  1 00:00:11 ATK-DLRK3588 daemon.debug bluetoothd[593]: src/sdpd-service.c:add_record_to_server() Record pattern UUID 00000019-0000-1000-8000-00805f9
Jan  1 00:00:11 ATK-DLRK3588 daemon.debug bluetoothd[593]: src/sdpd-service.c:add_record_to_server() Record pattern UUID 00000100-0000-1000-8000-00805f9
Jan  1 00:00:11 ATK-DLRK3588 daemon.debug bluetoothd[593]: src/sdpd-service.c:add_record_to_server() Record pattern UUID 00001002-0000-1000-8000-00805f9
Jan  1 00:00:11 ATK-DLRK3588 daemon.debug bluetoothd[593]: src/sdpd-service.c:add_record_to_server() Record pattern UUID 0000110b-0000-1000-8000-00805f9
Jan  1 00:00:11 ATK-DLRK3588 daemon.debug bluetoothd[593]: src/sdpd-service.c:add_record_to_server() Record pattern UUID 0000110d-0000-1000-8000-00805f9
Jan  1 00:00:11 ATK-DLRK3588 daemon.debug bluetoothd[593]: src/adapter.c:adapter_service_insert() /org/bluez/hci0
Jan  1 00:00:11 ATK-DLRK3588 daemon.debug bluetoothd[593]: src/adapter.c:add_uuid() sending add uuid command for index 0 uuid: fb349b5f-8000-0080-0010-00000b110000
Jan  1 00:00:11 ATK-DLRK3588 daemon.info bluetoothd[593]: Endpoint registered: sender=:1.1 path=/MediaEndpoint/A2DPSink/sbc
Jan  1 00:00:11 ATK-DLRK3588 daemon.debug bluetoothd[593]: profiles/audio/avdtp.c:avdtp_register_sep() SEP 0x5574f1a7e0 registered: type:0 codec:0 seid_pool:0x5574f154d8 seid:2
Jan  1 00:00:11 ATK-DLRK3588 daemon.debug bluetoothd[593]: src/adapter.c:adapter_service_add() /org/bluez/hci0
Jan  1 00:00:11 ATK-DLRK3588 daemon.debug bluetoothd[593]: src/sdpd-service.c:add_record_to_server() Adding record with handle 0x10007
Jan  1 00:00:11 ATK-DLRK3588 daemon.debug bluetoothd[593]: src/sdpd-service.c:add_record_to_server() Record pattern UUID 00000019-0000-1000-8000-00805f9
Jan  1 00:00:11 ATK-DLRK3588 daemon.debug bluetoothd[593]: src/sdpd-service.c:add_record_to_server() Record pattern UUID 00000100-0000-1000-8000-00805f9
Jan  1 00:00:11 ATK-DLRK3588 daemon.debug bluetoothd[593]: src/sdpd-service.c:add_record_to_server() Record pattern UUID 00001002-0000-1000-8000-00805f9
Jan  1 00:00:11 ATK-DLRK3588 daemon.debug bluetoothd[593]: src/sdpd-service.c:add_record_to_server() Record pattern UUID 0000110a-0000-1000-8000-00805f9
Jan  1 00:00:11 ATK-DLRK3588 daemon.debug bluetoothd[593]: src/sdpd-service.c:add_record_to_server() Record pattern UUID 0000110d-0000-1000-8000-00805f9
Jan  1 00:00:11 ATK-DLRK3588 daemon.debug bluetoothd[593]: src/adapter.c:adapter_service_insert() /org/bluez/hci0
Jan  1 00:00:11 ATK-DLRK3588 daemon.debug bluetoothd[593]: src/adapter.c:add_uuid() sending add uuid command for index 0 uuid: fb349b5f-8000-0080-0010-00000a110000
Jan  1 00:00:11 ATK-DLRK3588 daemon.info bluetoothd[593]: Endpoint registered: sender=:1.1 path=/MediaEndpoint/A2DPSource/sbc
Jan  1 00:00:11 ATK-DLRK3588 daemon.debug bluetoothd[593]: src/profile.c:register_profile() sender :1.1
Jan  1 00:00:11 ATK-DLRK3588 daemon.debug bluetoothd[593]: src/profile.c:create_ext() Created "Headset Voice gateway"
Jan  1 00:00:11 ATK-DLRK3588 daemon.debug bluetoothd[593]: src/profile.c:ext_adapter_probe() "Headset Voice gateway" probed
Jan  1 00:00:11 ATK-DLRK3588 daemon.debug bluetoothd[593]: src/profile.c:ext_start_servers() Headset Voice gateway listening on chan 12
Jan  1 00:00:11 ATK-DLRK3588 daemon.debug bluetoothd[593]: src/adapter.c:adapter_service_add() /org/bluez/hci0
Jan  1 00:00:11 ATK-DLRK3588 daemon.debug bluetoothd[593]: src/sdpd-service.c:add_record_to_server() Adding record with handle 0x10008
Jan  1 00:00:11 ATK-DLRK3588 daemon.debug bluetoothd[593]: src/sdpd-service.c:add_record_to_server() Record pattern UUID 00000003-0000-1000-8000-00805f9
Jan  1 00:00:11 ATK-DLRK3588 daemon.debug bluetoothd[593]: src/sdpd-service.c:add_record_to_server() Record pattern UUID 00000100-0000-1000-8000-00805f9
Jan  1 00:00:11 ATK-DLRK3588 daemon.debug bluetoothd[593]: src/sdpd-service.c:add_record_to_server() Record pattern UUID 00001002-0000-1000-8000-00805f9
Jan  1 00:00:11 ATK-DLRK3588 daemon.debug bluetoothd[593]: src/sdpd-service.c:add_record_to_server() Record pattern UUID 00001108-0000-1000-8000-00805f9
Jan  1 00:00:11 ATK-DLRK3588 daemon.debug bluetoothd[593]: src/sdpd-service.c:add_record_to_server() Record pattern UUID 00001112-0000-1000-8000-00805f9
Jan  1 00:00:11 ATK-DLRK3588 daemon.debug bluetoothd[593]: src/sdpd-service.c:add_record_to_server() Record pattern UUID 00001203-0000-1000-8000-00805f9
Jan  1 00:00:11 ATK-DLRK3588 daemon.debug bluetoothd[593]: src/adapter.c:adapter_service_insert() /org/bluez/hci0
Jan  1 00:00:11 ATK-DLRK3588 daemon.debug bluetoothd[593]: src/adapter.c:add_uuid() sending add uuid command for index 0 uuid: fb349b5f-8000-0080-0010-000012110000
Jan  1 00:00:11 ATK-DLRK3588 daemon.debug bluetoothd[593]: src/profile.c:register_profile() sender :1.1
Jan  1 00:00:11 ATK-DLRK3588 daemon.debug bluetoothd[593]: src/profile.c:create_ext() Created "Headset unit"
Jan  1 00:00:11 ATK-DLRK3588 daemon.debug bluetoothd[593]: src/profile.c:ext_adapter_probe() "Headset unit" probed
Jan  1 00:00:11 ATK-DLRK3588 daemon.debug bluetoothd[593]: src/profile.c:ext_start_servers() Headset unit listening on chan 3
Jan  1 00:00:11 ATK-DLRK3588 daemon.debug bluetoothd[593]: src/adapter.c:adapter_service_add() /org/bluez/hci0
Jan  1 00:00:11 ATK-DLRK3588 daemon.debug bluetoothd[593]: src/sdpd-service.c:add_record_to_server() Adding record with handle 0x10009
Jan  1 00:00:11 ATK-DLRK3588 daemon.debug bluetoothd[593]: src/sdpd-service.c:add_record_to_server() Record pattern UUID 00000003-0000-1000-8000-00805f9
Jan  1 00:00:11 ATK-DLRK3588 daemon.debug bluetoothd[593]: src/sdpd-service.c:add_record_to_server() Record pattern UUID 00000100-0000-1000-8000-00805f9
Jan  1 00:00:11 ATK-DLRK3588 daemon.debug bluetoothd[593]: src/sdpd-service.c:add_record_to_server() Record pattern UUID 00001002-0000-1000-8000-00805f9
Jan  1 00:00:11 ATK-DLRK3588 daemon.debug bluetoothd[593]: src/sdpd-service.c:add_record_to_server() Record pattern UUID 00001108-0000-1000-8000-00805f9
Jan  1 00:00:11 ATK-DLRK3588 daemon.debug bluetoothd[593]: src/sdpd-service.c:add_record_to_server() Record pattern UUID 00001131-0000-1000-8000-00805f9
Jan  1 00:00:11 ATK-DLRK3588 daemon.debug bluetoothd[593]: src/sdpd-service.c:add_record_to_server() Record pattern UUID 00001203-0000-1000-8000-00805f9
Jan  1 00:00:11 ATK-DLRK3588 daemon.debug bluetoothd[593]: src/adapter.c:adapter_service_insert() /org/bluez/hci0
Jan  1 00:00:11 ATK-DLRK3588 daemon.debug bluetoothd[593]: src/adapter.c:add_uuid() sending add uuid command for index 0 uuid: fb349b5f-8000-0080-0010-000008110000
Jan  1 00:00:11 ATK-DLRK3588 daemon.debug bluetoothd[593]: src/shared/mgmt.c:send_request() [0x0000] command 0x0010
Jan  1 00:00:11 ATK-DLRK3588 daemon.debug bluetoothd[593]: src/shared/mgmt.c:can_read_data() [0x0000] event 0x0007
Jan  1 00:00:11 ATK-DLRK3588 daemon.debug bluetoothd[593]: src/adapter.c:dev_class_changed_callback() Class: 0x040414
Jan  1 00:00:11 ATK-DLRK3588 daemon.debug bluetoothd[593]: src/shared/mgmt.c:can_read_data() [0x0000] command 0x0010 complete: 0x00
Jan  1 00:00:11 ATK-DLRK3588 daemon.debug bluetoothd[593]: src/shared/mgmt.c:send_request() [0x0000] command 0x0010
Jan  1 00:00:11 ATK-DLRK3588 daemon.debug bluetoothd[593]: src/shared/mgmt.c:can_read_data() [0x0000] event 0x0007
Jan  1 00:00:11 ATK-DLRK3588 daemon.debug bluetoothd[593]: src/adapter.c:dev_class_changed_callback() Class: 0x0c0414
Jan  1 00:00:11 ATK-DLRK3588 daemon.debug bluetoothd[593]: src/shared/mgmt.c:can_read_data() [0x0000] command 0x0010 complete: 0x00
Jan  1 00:00:11 ATK-DLRK3588 daemon.debug bluetoothd[593]: src/shared/mgmt.c:send_request() [0x0000] command 0x0010
Jan  1 00:00:11 ATK-DLRK3588 daemon.debug bluetoothd[593]: src/shared/mgmt.c:can_read_data() [0x0000] command 0x0010 complete: 0x00
