# tracer: nop
#
# entries-in-buffer/entries-written: 1233/1233   #P:8
#
#                                _-----=> irqs-off
#                               / _----=> need-resched
#                              | / _---=> hardirq/softirq
#                              || / _--=> preempt-depth
#                              ||| /     delay
#           TASK-PID     CPU#  ||||   TIMESTAMP  FUNCTION
#              | |         |   ||||      |         |
          <idle>-0       [007] d.h.   177.358580: rkcif_stream_event: rkcif-mipi-lvds2 stream=0 generation=2 event=fs sequence=0 dma=0x1 timestamp_ns=177356209637 latency_ns=0
          <idle>-0       [007] d.h.   177.391369: rkcif_stream_event: rkcif-mipi-lvds2 stream=0 generation=2 event=fe sequence=0 dma=0x1 timestamp_ns=177389000557 latency_ns=0
          <idle>-0       [007] d.h.   177.391373: rkcif_stream_event: rkcif-mipi-lvds2 stream=0 generation=2 event=dma sequence=0 dma=0x1 timestamp_ns=177389006391 latency_ns=0
          <idle>-0       [007] ..s.   177.391385: rkcif_stream_event: rkcif-mipi-lvds2 stream=0 generation=2 event=vb2_done sequence=0 dma=0x1 timestamp_ns=177389018641 latency_ns=7875
          <idle>-0       [007] d.H.   177.391805: rkcif_stream_event: rkcif-mipi-lvds2 stream=0 generation=2 event=fs sequence=1 dma=0x1 timestamp_ns=177389438932 latency_ns=0
          <idle>-0       [007] d.h.   177.424598: rkcif_stream_event: rkcif-mipi-lvds2 stream=0 generation=2 event=fe sequence=1 dma=0x1 timestamp_ns=177422231602 latency_ns=0
          <idle>-0       [007] d.h.   177.424599: rkcif_stream_event: rkcif-mipi-lvds2 stream=0 generation=2 event=dma sequence=1 dma=0x1 timestamp_ns=177422233061 latency_ns=0
          <idle>-0       [007] ..s.   177.424602: rkcif_stream_event: rkcif-mipi-lvds2 stream=0 generation=2 event=vb2_done sequence=1 dma=0x1 timestamp_ns=177422235977 latency_ns=1750
          <idle>-0       [007] d.h.   177.425134: rkcif_stream_event: rkcif-mipi-lvds2 stream=0 generation=2 event=fs sequence=2 dma=0x1 timestamp_ns=177422767686 latency_ns=0
          <idle>-0       [007] d.h.   177.457936: rkcif_stream_event: rkcif-mipi-lvds2 stream=0 generation=2 event=fe sequence=2 dma=0x1 timestamp_ns=177455568231 latency_ns=0
          <idle>-0       [007] d.h.   177.457939: rkcif_stream_event: rkcif-mipi-lvds2 stream=0 generation=2 event=dma sequence=2 dma=0x1 timestamp_ns=177455572606 latency_ns=0
          <idle>-0       [007] ..s.   177.457947: rkcif_stream_event: rkcif-mipi-lvds2 stream=0 generation=2 event=vb2_done sequence=2 dma=0x1 timestamp_ns=177455580481 latency_ns=4667
          <idle>-0       [007] dNH.   177.458470: rkcif_stream_event: rkcif-mipi-lvds2 stream=0 generation=2 event=fs sequence=3 dma=0x1 timestamp_ns=177456104314 latency_ns=0
          <idle>-0       [007] d.h.   177.491271: rkcif_stream_event: rkcif-mipi-lvds2 stream=0 generation=2 event=fe sequence=3 dma=0x1 timestamp_ns=177488903109 latency_ns=0
          <idle>-0       [007] d.h.   177.491274: rkcif_stream_event: rkcif-mipi-lvds2 stream=0 generation=2 event=dma sequence=3 dma=0x1 timestamp_ns=177488907776 latency_ns=0
          <idle>-0       [007] ..s.   177.491283: rkcif_stream_event: rkcif-mipi-lvds2 stream=0 generation=2 event=vb2_done sequence=3 dma=0x1 timestamp_ns=177488916526 latency_ns=5250
          <idle>-0       [007] d.H.   177.491805: rkcif_stream_event: rkcif-mipi-lvds2 stream=0 generation=2 event=fs sequence=4 dma=0x1 timestamp_ns=177489438609 latency_ns=0
          <idle>-0       [007] d.h.   177.524597: rkcif_stream_event: rkcif-mipi-lvds2 stream=0 generation=2 event=fe sequence=4 dma=0x1 timestamp_ns=177522230987 latency_ns=0
          <idle>-0       [007] d.h.   177.524597: rkcif_stream_event: rkcif-mipi-lvds2 stream=0 generation=2 event=dma sequence=4 dma=0x1 timestamp_ns=177522231862 latency_ns=0
          <idle>-0       [007] ..s.   177.524599: rkcif_stream_event: rkcif-mipi-lvds2 stream=0 generation=2 event=vb2_done sequence=4 dma=0x1 timestamp_ns=177522233612 latency_ns=1166
          <idle>-0       [007] d.h.   177.525133: rkcif_stream_event: rkcif-mipi-lvds2 stream=0 generation=2 event=fs sequence=5 dma=0x1 timestamp_ns=177522767654 latency_ns=0
          <idle>-0       [007] d.h.   177.558009: rkcif_stream_event: rkcif-mipi-lvds2 stream=0 generation=2 event=fe sequence=5 dma=0x1 timestamp_ns=177555640532 latency_ns=0
          <idle>-0       [007] d.h.   177.558012: rkcif_stream_event: rkcif-mipi-lvds2 stream=0 generation=2 event=dma sequence=5 dma=0x1 timestamp_ns=177555645782 latency_ns=0
          <idle>-0       [007] .Ns.   177.558036: rkcif_stream_event: rkcif-mipi-lvds2 stream=0 generation=2 event=vb2_done sequence=5 dma=0x1 timestamp_ns=177555669116 latency_ns=19834
          <idle>-0       [007] dNH.   177.558471: rkcif_stream_event: rkcif-mipi-lvds2 stream=0 generation=2 event=fs sequence=6 dma=0x1 timestamp_ns=177556105157 latency_ns=0
          <idle>-0       [007] d.h.   177.591264: rkcif_stream_event: rkcif-mipi-lvds2 stream=0 generation=2 event=fe sequence=6 dma=0x1 timestamp_ns=177588897536 latency_ns=0
          <idle>-0       [007] d.h.   177.591264: rkcif_stream_event: rkcif-mipi-lvds2 stream=0 generation=2 event=dma sequence=6 dma=0x1 timestamp_ns=177588898702 latency_ns=0
          <idle>-0       [007] ..s.   177.591266: rkcif_stream_event: rkcif-mipi-lvds2 stream=0 generation=2 event=vb2_done sequence=6 dma=0x1 timestamp_ns=177588900452 latency_ns=1166
          <idle>-0       [007] d.h.   177.591800: rkcif_stream_event: rkcif-mipi-lvds2 stream=0 generation=2 event=fs sequence=7 dma=0x1 timestamp_ns=177589434494 latency_ns=0
          <idle>-0       [007] d.h.   177.624703: rkcif_stream_event: rkcif-mipi-lvds2 stream=0 generation=2 event=fe sequence=7 dma=0x1 timestamp_ns=177622334497 latency_ns=0
          <idle>-0       [007] d.h.   177.624706: rkcif_stream_event: rkcif-mipi-lvds2 stream=0 generation=2 event=dma sequence=7 dma=0x1 timestamp_ns=177622339456 latency_ns=0
          <idle>-0       [007] ..s.   177.624715: rkcif_stream_event: rkcif-mipi-lvds2 stream=0 generation=2 event=vb2_done sequence=7 dma=0x1 timestamp_ns=177622349081 latency_ns=5834
          <idle>-0       [007] d.H.   177.625138: rkcif_stream_event: rkcif-mipi-lvds2 stream=0 generation=2 event=fs sequence=8 dma=0x1 timestamp_ns=177622771997 latency_ns=0
          <idle>-0       [007] d.h.   177.657930: rkcif_stream_event: rkcif-mipi-lvds2 stream=0 generation=2 event=fe sequence=8 dma=0x1 timestamp_ns=177655564376 latency_ns=0
          <idle>-0       [007] d.h.   177.657931: rkcif_stream_event: rkcif-mipi-lvds2 stream=0 generation=2 event=dma sequence=8 dma=0x1 timestamp_ns=177655565251 latency_ns=0
          <idle>-0       [007] ..s.   177.657933: rkcif_stream_event: rkcif-mipi-lvds2 stream=0 generation=2 event=vb2_done sequence=8 dma=0x1 timestamp_ns=177655567001 latency_ns=1167
          <idle>-0       [007] d.h.   177.658467: rkcif_stream_event: rkcif-mipi-lvds2 stream=0 generation=2 event=fs sequence=9 dma=0x1 timestamp_ns=177656101042 latency_ns=0
          <idle>-0       [007] d.h.   177.691271: rkcif_stream_event: rkcif-mipi-lvds2 stream=0 generation=2 event=fe sequence=9 dma=0x1 timestamp_ns=177688903046 latency_ns=0
          <idle>-0       [007] d.h.   177.691274: rkcif_stream_event: rkcif-mipi-lvds2 stream=0 generation=2 event=dma sequence=9 dma=0x1 timestamp_ns=177688907421 latency_ns=0
          <idle>-0       [007] ..s.   177.691283: rkcif_stream_event: rkcif-mipi-lvds2 stream=0 generation=2 event=vb2_done sequence=9 dma=0x1 timestamp_ns=177688916462 latency_ns=5541
          <idle>-0       [007] d.H.   177.691805: rkcif_stream_event: rkcif-mipi-lvds2 stream=0 generation=2 event=fs sequence=10 dma=0x1 timestamp_ns=177689438546 latency_ns=0
          <idle>-0       [007] d.h.   177.724604: rkcif_stream_event: rkcif-mipi-lvds2 stream=0 generation=2 event=fe sequence=10 dma=0x1 timestamp_ns=177722236466 latency_ns=0
          <idle>-0       [007] d.h.   177.724607: rkcif_stream_event: rkcif-mipi-lvds2 stream=0 generation=2 event=dma sequence=10 dma=0x1 timestamp_ns=177722241132 latency_ns=0
          <idle>-0       [007] ..s.   177.724616: rkcif_stream_event: rkcif-mipi-lvds2 stream=0 generation=2 event=vb2_done sequence=10 dma=0x1 timestamp_ns=177722249591 latency_ns=5250
          <idle>-0       [007] dNH.   177.725138: rkcif_stream_event: rkcif-mipi-lvds2 stream=0 generation=2 event=fs sequence=11 dma=0x1 timestamp_ns=177722771966 latency_ns=0
          <idle>-0       [007] d.h.   177.757936: rkcif_stream_event: rkcif-mipi-lvds2 stream=0 generation=2 event=fe sequence=11 dma=0x1 timestamp_ns=177755568427 latency_ns=0
          <idle>-0       [007] d.h.   177.757939: rkcif_stream_event: rkcif-mipi-lvds2 stream=0 generation=2 event=dma sequence=11 dma=0x1 timestamp_ns=177755572511 latency_ns=0
          <idle>-0       [007] ..s.   177.757946: rkcif_stream_event: rkcif-mipi-lvds2 stream=0 generation=2 event=vb2_done sequence=11 dma=0x1 timestamp_ns=177755580386 latency_ns=4667
          <idle>-0       [007] dNH.   177.758471: rkcif_stream_event: rkcif-mipi-lvds2 stream=0 generation=2 event=fs sequence=12 dma=0x1 timestamp_ns=177756105386 latency_ns=0
          <idle>-0       [007] dNh.   177.791383: rkcif_stream_event: rkcif-mipi-lvds2 stream=0 generation=2 event=fe sequence=12 dma=0x1 timestamp_ns=177789015306 latency_ns=0
          <idle>-0       [007] dNh.   177.791386: rkcif_stream_event: rkcif-mipi-lvds2 stream=0 generation=2 event=dma sequence=12 dma=0x1 timestamp_ns=177789019972 latency_ns=0
          <idle>-0       [007] .Ns.   177.791397: rkcif_stream_event: rkcif-mipi-lvds2 stream=0 generation=2 event=vb2_done sequence=12 dma=0x1 timestamp_ns=177789028722 latency_ns=5250
          <idle>-0       [007] dNH.   177.791805: rkcif_stream_event: rkcif-mipi-lvds2 stream=0 generation=2 event=fs sequence=13 dma=0x1 timestamp_ns=177789438514 latency_ns=0
          <idle>-0       [007] d.h.   177.824597: rkcif_stream_event: rkcif-mipi-lvds2 stream=0 generation=2 event=fe sequence=13 dma=0x1 timestamp_ns=177822230892 latency_ns=0
          <idle>-0       [007] d.h.   177.824598: rkcif_stream_event: rkcif-mipi-lvds2 stream=0 generation=2 event=dma sequence=13 dma=0x1 timestamp_ns=177822232059 latency_ns=0
          <idle>-0       [007] ..s.   177.824599: rkcif_stream_event: rkcif-mipi-lvds2 stream=0 generation=2 event=vb2_done sequence=13 dma=0x1 timestamp_ns=177822233809 latency_ns=1167
          <idle>-0       [007] d.h.   177.825138: rkcif_stream_event: rkcif-mipi-lvds2 stream=0 generation=2 event=fs sequence=14 dma=0x1 timestamp_ns=177822771642 latency_ns=0
          5-0022-179     [007] d.h.   177.857937: rkcif_stream_event: rkcif-mipi-lvds2 stream=0 generation=2 event=fe sequence=14 dma=0x1 timestamp_ns=177855568979 latency_ns=0
          5-0022-179     [007] d.h.   177.857940: rkcif_stream_event: rkcif-mipi-lvds2 stream=0 generation=2 event=dma sequence=14 dma=0x1 timestamp_ns=177855573646 latency_ns=0
          5-0022-179     [007] ..s.   177.857948: rkcif_stream_event: rkcif-mipi-lvds2 stream=0 generation=2 event=vb2_done sequence=14 dma=0x1 timestamp_ns=177855582396 latency_ns=5542
          5-0022-179     [007] d.H.   177.858471: rkcif_stream_event: rkcif-mipi-lvds2 stream=0 generation=2 event=fs sequence=15 dma=0x1 timestamp_ns=177856105062 latency_ns=0
          <idle>-0       [007] d.h.   177.891269: rkcif_stream_event: rkcif-mipi-lvds2 stream=0 generation=2 event=fe sequence=15 dma=0x1 timestamp_ns=177888901816 latency_ns=0
          <idle>-0       [007] d.h.   177.891272: rkcif_stream_event: rkcif-mipi-lvds2 stream=0 generation=2 event=dma sequence=15 dma=0x1 timestamp_ns=177888905899 latency_ns=0
          <idle>-0       [007] ..s.   177.891280: rkcif_stream_event: rkcif-mipi-lvds2 stream=0 generation=2 event=vb2_done sequence=15 dma=0x1 timestamp_ns=177888913774 latency_ns=4667
          <idle>-0       [007] d.H.   177.891804: rkcif_stream_event: rkcif-mipi-lvds2 stream=0 generation=2 event=fs sequence=16 dma=0x1 timestamp_ns=177889437607 latency_ns=0
          <idle>-0       [007] dNh.   177.924604: rkcif_stream_event: rkcif-mipi-lvds2 stream=0 generation=2 event=fe sequence=16 dma=0x1 timestamp_ns=177922236402 latency_ns=0
          <idle>-0       [007] dNh.   177.924607: rkcif_stream_event: rkcif-mipi-lvds2 stream=0 generation=2 event=dma sequence=16 dma=0x1 timestamp_ns=177922241069 latency_ns=0
          <idle>-0       [007] .Ns.   177.924616: rkcif_stream_event: rkcif-mipi-lvds2 stream=0 generation=2 event=vb2_done sequence=16 dma=0x1 timestamp_ns=177922249819 latency_ns=5542
          <idle>-0       [007] dNH.   177.925138: rkcif_stream_event: rkcif-mipi-lvds2 stream=0 generation=2 event=fs sequence=17 dma=0x1 timestamp_ns=177922771902 latency_ns=0
          <idle>-0       [007] d.h.   177.957936: rkcif_stream_event: rkcif-mipi-lvds2 stream=0 generation=2 event=fe sequence=17 dma=0x1 timestamp_ns=177955568364 latency_ns=0
          <idle>-0       [007] d.h.   177.957939: rkcif_stream_event: rkcif-mipi-lvds2 stream=0 generation=2 event=dma sequence=17 dma=0x1 timestamp_ns=177955572447 latency_ns=0
          <idle>-0       [007] ..s.   177.957946: rkcif_stream_event: rkcif-mipi-lvds2 stream=0 generation=2 event=vb2_done sequence=17 dma=0x1 timestamp_ns=177955580322 latency_ns=4666
          <idle>-0       [007] d.H.   177.958471: rkcif_stream_event: rkcif-mipi-lvds2 stream=0 generation=2 event=fs sequence=18 dma=0x1 timestamp_ns=177956104448 latency_ns=0
          <idle>-0       [007] d.h.   177.991271: rkcif_stream_event: rkcif-mipi-lvds2 stream=0 generation=2 event=fe sequence=18 dma=0x1 timestamp_ns=177988902951 latency_ns=0
          <idle>-0       [007] d.h.   177.991274: rkcif_stream_event: rkcif-mipi-lvds2 stream=0 generation=2 event=dma sequence=18 dma=0x1 timestamp_ns=177988907909 latency_ns=0
          <idle>-0       [007] ..s.   177.991283: rkcif_stream_event: rkcif-mipi-lvds2 stream=0 generation=2 event=vb2_done sequence=18 dma=0x1 timestamp_ns=177988916659 latency_ns=5250
          <idle>-0       [007] d.H.   177.991805: rkcif_stream_event: rkcif-mipi-lvds2 stream=0 generation=2 event=fs sequence=19 dma=0x1 timestamp_ns=177989438451 latency_ns=0
          <idle>-0       [007] d.h.   178.024599: rkcif_stream_event: rkcif-mipi-lvds2 stream=0 generation=2 event=fe sequence=19 dma=0x1 timestamp_ns=178022233162 latency_ns=0
          <idle>-0       [007] d.h.   178.024601: rkcif_stream_event: rkcif-mipi-lvds2 stream=0 generation=2 event=dma sequence=19 dma=0x1 timestamp_ns=178022234912 latency_ns=0
          <idle>-0       [007] ..s.   178.024607: rkcif_stream_event: rkcif-mipi-lvds2 stream=0 generation=2 event=vb2_done sequence=19 dma=0x1 timestamp_ns=178022240454 latency_ns=2917
          <idle>-0       [007] d.H.   178.025136: rkcif_stream_event: rkcif-mipi-lvds2 stream=0 generation=2 event=fs sequence=20 dma=0x1 timestamp_ns=178022769829 latency_ns=0
          <idle>-0       [007] d.h.   178.057938: rkcif_stream_event: rkcif-mipi-lvds2 stream=0 generation=2 event=fe sequence=20 dma=0x1 timestamp_ns=178055569791 latency_ns=0
          <idle>-0       [007] d.h.   178.057941: rkcif_stream_event: rkcif-mipi-lvds2 stream=0 generation=2 event=dma sequence=20 dma=0x1 timestamp_ns=178055574457 latency_ns=0
          <idle>-0       [007] ..s.   178.057949: rkcif_stream_event: rkcif-mipi-lvds2 stream=0 generation=2 event=vb2_done sequence=20 dma=0x1 timestamp_ns=178055582916 latency_ns=5250
          <idle>-0       [007] d.H.   178.058472: rkcif_stream_event: rkcif-mipi-lvds2 stream=0 generation=2 event=fs sequence=21 dma=0x1 timestamp_ns=178056105583 latency_ns=0
          <idle>-0       [007] d.h.   178.091264: rkcif_stream_event: rkcif-mipi-lvds2 stream=0 generation=2 event=fe sequence=21 dma=0x1 timestamp_ns=178088897669 latency_ns=0
          <idle>-0       [007] d.h.   178.091264: rkcif_stream_event: rkcif-mipi-lvds2 stream=0 generation=2 event=dma sequence=21 dma=0x1 timestamp_ns=178088898544 latency_ns=0
          <idle>-0       [007] ..s.   178.091266: rkcif_stream_event: rkcif-mipi-lvds2 stream=0 generation=2 event=vb2_done sequence=21 dma=0x1 timestamp_ns=178088900586 latency_ns=1458
          <idle>-0       [007] d.h.   178.091805: rkcif_stream_event: rkcif-mipi-lvds2 stream=0 generation=2 event=fs sequence=22 dma=0x1 timestamp_ns=178089438419 latency_ns=0
          <idle>-0       [007] d.h.   178.124605: rkcif_stream_event: rkcif-mipi-lvds2 stream=0 generation=2 event=fe sequence=22 dma=0x1 timestamp_ns=178122236923 latency_ns=0
          <idle>-0       [007] d.h.   178.124608: rkcif_stream_event: rkcif-mipi-lvds2 stream=0 generation=2 event=dma sequence=22 dma=0x1 timestamp_ns=178122241589 latency_ns=0
          <idle>-0       [007] ..s.   178.124617: rkcif_stream_event: rkcif-mipi-lvds2 stream=0 generation=2 event=vb2_done sequence=22 dma=0x1 timestamp_ns=178122250339 latency_ns=5541
          <idle>-0       [007] d.H.   178.125138: rkcif_stream_event: rkcif-mipi-lvds2 stream=0 generation=2 event=fs sequence=23 dma=0x1 timestamp_ns=178122771839 latency_ns=0
          <idle>-0       [007] d.h.   178.157933: rkcif_stream_event: rkcif-mipi-lvds2 stream=0 generation=2 event=fe sequence=23 dma=0x1 timestamp_ns=178155565968 latency_ns=0
          <idle>-0       [007] d.h.   178.157934: rkcif_stream_event: rkcif-mipi-lvds2 stream=0 generation=2 event=dma sequence=23 dma=0x1 timestamp_ns=178155568009 latency_ns=0
          <idle>-0       [007] ..s.   178.157937: rkcif_stream_event: rkcif-mipi-lvds2 stream=0 generation=2 event=vb2_done sequence=23 dma=0x1 timestamp_ns=178155571218 latency_ns=2042
          <idle>-0       [007] d.h.   178.158467: rkcif_stream_event: rkcif-mipi-lvds2 stream=0 generation=2 event=fs sequence=24 dma=0x1 timestamp_ns=178156101176 latency_ns=0
          <idle>-0       [007] d.h.   178.191368: rkcif_stream_event: rkcif-mipi-lvds2 stream=0 generation=2 event=fe sequence=24 dma=0x1 timestamp_ns=178189000013 latency_ns=0
          <idle>-0       [007] d.h.   178.191371: rkcif_stream_event: rkcif-mipi-lvds2 stream=0 generation=2 event=dma sequence=24 dma=0x1 timestamp_ns=178189004971 latency_ns=0
          <idle>-0       [007] ..s.   178.191381: rkcif_stream_event: rkcif-mipi-lvds2 stream=0 generation=2 event=vb2_done sequence=24 dma=0x1 timestamp_ns=178189014596 latency_ns=6125
          <idle>-0       [007] d.H.   178.191805: rkcif_stream_event: rkcif-mipi-lvds2 stream=0 generation=2 event=fs sequence=25 dma=0x1 timestamp_ns=178189438679 latency_ns=0
          <idle>-0       [007] d.h.   178.224603: rkcif_stream_event: rkcif-mipi-lvds2 stream=0 generation=2 event=fe sequence=25 dma=0x1 timestamp_ns=178222235141 latency_ns=0
          <idle>-0       [007] d.h.   178.224607: rkcif_stream_event: rkcif-mipi-lvds2 stream=0 generation=2 event=dma sequence=25 dma=0x1 timestamp_ns=178222239224 latency_ns=0
          <idle>-0       [007] ..s.   178.224615: rkcif_stream_event: rkcif-mipi-lvds2 stream=0 generation=2 event=vb2_done sequence=25 dma=0x1 timestamp_ns=178222249433 latency_ns=4667
          <idle>-0       [007] dNH.   178.225137: rkcif_stream_event: rkcif-mipi-lvds2 stream=0 generation=2 event=fs sequence=26 dma=0x1 timestamp_ns=178222770933 latency_ns=0
          <idle>-0       [007] d.h.   178.257940: rkcif_stream_event: rkcif-mipi-lvds2 stream=0 generation=2 event=fe sequence=26 dma=0x1 timestamp_ns=178255571478 latency_ns=0
          <idle>-0       [007] d.h.   178.257943: rkcif_stream_event: rkcif-mipi-lvds2 stream=0 generation=2 event=dma sequence=26 dma=0x1 timestamp_ns=178255577311 latency_ns=0
          <idle>-0       [007] ..s.   178.257953: rkcif_stream_event: rkcif-mipi-lvds2 stream=0 generation=2 event=vb2_done sequence=26 dma=0x1 timestamp_ns=178255586353 latency_ns=5834
          <idle>-0       [007] d.H.   178.258471: rkcif_stream_event: rkcif-mipi-lvds2 stream=0 generation=2 event=fs sequence=27 dma=0x1 timestamp_ns=178256105228 latency_ns=0
          <idle>-0       [007] d.h.   178.291263: rkcif_stream_event: rkcif-mipi-lvds2 stream=0 generation=2 event=fe sequence=27 dma=0x1 timestamp_ns=178288897314 latency_ns=0
          <idle>-0       [007] d.h.   178.291263: rkcif_stream_event: rkcif-mipi-lvds2 stream=0 generation=2 event=dma sequence=27 dma=0x1 timestamp_ns=178288897606 latency_ns=0
          <idle>-0       [007] ..s.   178.291265: rkcif_stream_event: rkcif-mipi-lvds2 stream=0 generation=2 event=vb2_done sequence=27 dma=0x1 timestamp_ns=178288899356 latency_ns=1167
          <idle>-0       [007] d.h.   178.291800: rkcif_stream_event: rkcif-mipi-lvds2 stream=0 generation=2 event=fs sequence=28 dma=0x1 timestamp_ns=178289434273 latency_ns=0
          <idle>-0       [007] d.h.   178.324599: rkcif_stream_event: rkcif-mipi-lvds2 stream=0 generation=2 event=fe sequence=28 dma=0x1 timestamp_ns=178322233068 latency_ns=0
          <idle>-0       [007] d.h.   178.324601: rkcif_stream_event: rkcif-mipi-lvds2 stream=0 generation=2 event=dma sequence=28 dma=0x1 timestamp_ns=178322234818 latency_ns=0
          <idle>-0       [007] ..s.   178.324606: rkcif_stream_event: rkcif-mipi-lvds2 stream=0 generation=2 event=vb2_done sequence=28 dma=0x1 timestamp_ns=178322240068 latency_ns=3209
          <idle>-0       [007] dNH.   178.325136: rkcif_stream_event: rkcif-mipi-lvds2 stream=0 generation=2 event=fs sequence=29 dma=0x1 timestamp_ns=178322769734 latency_ns=0
          <idle>-0       [007] d.h.   178.357938: rkcif_stream_event: rkcif-mipi-lvds2 stream=0 generation=2 event=fe sequence=29 dma=0x1 timestamp_ns=178355569988 latency_ns=0
          <idle>-0       [007] d.h.   178.357941: rkcif_stream_event: rkcif-mipi-lvds2 stream=0 generation=2 event=dma sequence=29 dma=0x1 timestamp_ns=178355575238 latency_ns=0
          <idle>-0       [007] ..s.   178.357950: rkcif_stream_event: rkcif-mipi-lvds2 stream=0 generation=2 event=vb2_done sequence=29 dma=0x1 timestamp_ns=178355583988 latency_ns=5250
          <idle>-0       [007] dNH.   178.358472: rkcif_stream_event: rkcif-mipi-lvds2 stream=0 generation=2 event=fs sequence=30 dma=0x1 timestamp_ns=178356105196 latency_ns=0
          <idle>-0       [007] d.h.   178.391269: rkcif_stream_event: rkcif-mipi-lvds2 stream=0 generation=2 event=fe sequence=30 dma=0x1 timestamp_ns=178388901658 latency_ns=0
          <idle>-0       [007] d.h.   178.391272: rkcif_stream_event: rkcif-mipi-lvds2 stream=0 generation=2 event=dma sequence=30 dma=0x1 timestamp_ns=178388906033 latency_ns=0
          <idle>-0       [007] ..s.   178.391280: rkcif_stream_event: rkcif-mipi-lvds2 stream=0 generation=2 event=vb2_done sequence=30 dma=0x1 timestamp_ns=178388913616 latency_ns=4375
          <idle>-0       [007] d.H.   178.391804: rkcif_stream_event: rkcif-mipi-lvds2 stream=0 generation=2 event=fs sequence=31 dma=0x1 timestamp_ns=178389437449 latency_ns=0
          <idle>-0       [007] d.h.   178.424605: rkcif_stream_event: rkcif-mipi-lvds2 stream=0 generation=2 event=fe sequence=31 dma=0x1 timestamp_ns=178422236536 latency_ns=0
          <idle>-0       [007] d.h.   178.424607: rkcif_stream_event: rkcif-mipi-lvds2 stream=0 generation=2 event=dma sequence=31 dma=0x1 timestamp_ns=178422241203 latency_ns=0
          <idle>-0       [007] ..s.   178.424616: rkcif_stream_event: rkcif-mipi-lvds2 stream=0 generation=2 event=vb2_done sequence=31 dma=0x1 timestamp_ns=178422250244 latency_ns=5541
          <idle>-0       [007] d.H.   178.425138: rkcif_stream_event: rkcif-mipi-lvds2 stream=0 generation=2 event=fs sequence=32 dma=0x1 timestamp_ns=178422772036 latency_ns=0
          <idle>-0       [007] d.h.   178.457944: rkcif_stream_event: rkcif-mipi-lvds2 stream=0 generation=2 event=fe sequence=32 dma=0x1 timestamp_ns=178455576081 latency_ns=0
          <idle>-0       [007] d.h.   178.457947: rkcif_stream_event: rkcif-mipi-lvds2 stream=0 generation=2 event=dma sequence=32 dma=0x1 timestamp_ns=178455581331 latency_ns=0
          <idle>-0       [007] ..s.   178.457956: rkcif_stream_event: rkcif-mipi-lvds2 stream=0 generation=2 event=vb2_done sequence=32 dma=0x1 timestamp_ns=178455590081 latency_ns=5542
          <idle>-0       [007] dNH.   178.458471: rkcif_stream_event: rkcif-mipi-lvds2 stream=0 generation=2 event=fs sequence=33 dma=0x1 timestamp_ns=178456105164 latency_ns=0
          <idle>-0       [007] d.h.   178.491264: rkcif_stream_event: rkcif-mipi-lvds2 stream=0 generation=2 event=fe sequence=33 dma=0x1 timestamp_ns=178488897543 latency_ns=0
          <idle>-0       [007] d.h.   178.491264: rkcif_stream_event: rkcif-mipi-lvds2 stream=0 generation=2 event=dma sequence=33 dma=0x1 timestamp_ns=178488898709 latency_ns=0
          <idle>-0       [007] ..s.   178.491266: rkcif_stream_event: rkcif-mipi-lvds2 stream=0 generation=2 event=vb2_done sequence=33 dma=0x1 timestamp_ns=178488900459 latency_ns=1166
          <idle>-0       [007] d.h.   178.491800: rkcif_stream_event: rkcif-mipi-lvds2 stream=0 generation=2 event=fs sequence=34 dma=0x1 timestamp_ns=178489434501 latency_ns=0
          <idle>-0       [007] d.h.   178.524603: rkcif_stream_event: rkcif-mipi-lvds2 stream=0 generation=2 event=fe sequence=34 dma=0x1 timestamp_ns=178522235046 latency_ns=0
          <idle>-0       [007] d.h.   178.524605: rkcif_stream_event: rkcif-mipi-lvds2 stream=0 generation=2 event=dma sequence=34 dma=0x1 timestamp_ns=178522239129 latency_ns=0
          <idle>-0       [007] ..s.   178.524613: rkcif_stream_event: rkcif-mipi-lvds2 stream=0 generation=2 event=vb2_done sequence=34 dma=0x1 timestamp_ns=178522247004 latency_ns=4666
          <idle>-0       [007] dNH.   178.525137: rkcif_stream_event: rkcif-mipi-lvds2 stream=0 generation=2 event=fs sequence=35 dma=0x1 timestamp_ns=178522770838 latency_ns=0
          <idle>-0       [007] d.h.   178.557930: rkcif_stream_event: rkcif-mipi-lvds2 stream=0 generation=2 event=fe sequence=35 dma=0x1 timestamp_ns=178555564383 latency_ns=0
          <idle>-0       [007] d.h.   178.557931: rkcif_stream_event: rkcif-mipi-lvds2 stream=0 generation=2 event=dma sequence=35 dma=0x1 timestamp_ns=178555565258 latency_ns=0
          <idle>-0       [007] ..s.   178.557933: rkcif_stream_event: rkcif-mipi-lvds2 stream=0 generation=2 event=vb2_done sequence=35 dma=0x1 timestamp_ns=178555567299 latency_ns=1458
          <idle>-0       [007] d.h.   178.558467: rkcif_stream_event: rkcif-mipi-lvds2 stream=0 generation=2 event=fs sequence=36 dma=0x1 timestamp_ns=178556101049 latency_ns=0
          <idle>-0       [007] d.h.   178.591269: rkcif_stream_event: rkcif-mipi-lvds2 stream=0 generation=2 event=fe sequence=36 dma=0x1 timestamp_ns=178588901594 latency_ns=0
          <idle>-0       [007] d.h.   178.591272: rkcif_stream_event: rkcif-mipi-lvds2 stream=0 generation=2 event=dma sequence=36 dma=0x1 timestamp_ns=178588905969 latency_ns=0
          <idle>-0       [007] ..s.   178.591280: rkcif_stream_event: rkcif-mipi-lvds2 stream=0 generation=2 event=vb2_done sequence=36 dma=0x1 timestamp_ns=178588913553 latency_ns=4667
          <idle>-0       [007] d.H.   178.591804: rkcif_stream_event: rkcif-mipi-lvds2 stream=0 generation=2 event=fs sequence=37 dma=0x1 timestamp_ns=178589437678 latency_ns=0
          <idle>-0       [007] d.h.   178.624605: rkcif_stream_event: rkcif-mipi-lvds2 stream=0 generation=2 event=fe sequence=37 dma=0x1 timestamp_ns=178622236181 latency_ns=0
          <idle>-0       [007] d.h.   178.624607: rkcif_stream_event: rkcif-mipi-lvds2 stream=0 generation=2 event=dma sequence=37 dma=0x1 timestamp_ns=178622241139 latency_ns=0
          <idle>-0       [007] ..s.   178.624624: rkcif_stream_event: rkcif-mipi-lvds2 stream=0 generation=2 event=vb2_done sequence=37 dma=0x1 timestamp_ns=178622258056 latency_ns=13417
          <idle>-0       [007] dNH.   178.625138: rkcif_stream_event: rkcif-mipi-lvds2 stream=0 generation=2 event=fs sequence=38 dma=0x1 timestamp_ns=178622771973 latency_ns=0
          <idle>-0       [007] d.h.   178.657931: rkcif_stream_event: rkcif-mipi-lvds2 stream=0 generation=2 event=fe sequence=38 dma=0x1 timestamp_ns=178655564351 latency_ns=0
          <idle>-0       [007] d.h.   178.657932: rkcif_stream_event: rkcif-mipi-lvds2 stream=0 generation=2 event=dma sequence=38 dma=0x1 timestamp_ns=178655566101 latency_ns=0
          <idle>-0       [007] ..s.   178.657934: rkcif_stream_event: rkcif-mipi-lvds2 stream=0 generation=2 event=vb2_done sequence=38 dma=0x1 timestamp_ns=178655568143 latency_ns=1459
          <idle>-0       [007] d.h.   178.658467: rkcif_stream_event: rkcif-mipi-lvds2 stream=0 generation=2 event=fs sequence=39 dma=0x1 timestamp_ns=178656101018 latency_ns=0
          <idle>-0       [007] dNh.   178.691275: rkcif_stream_event: rkcif-mipi-lvds2 stream=0 generation=2 event=fe sequence=39 dma=0x1 timestamp_ns=178688906813 latency_ns=0
          <idle>-0       [007] dNh.   178.691277: rkcif_stream_event: rkcif-mipi-lvds2 stream=0 generation=2 event=dma sequence=39 dma=0x1 timestamp_ns=178688911479 latency_ns=0
          <idle>-0       [007] .Ns.   178.691287: rkcif_stream_event: rkcif-mipi-lvds2 stream=0 generation=2 event=vb2_done sequence=39 dma=0x1 timestamp_ns=178688920521 latency_ns=5542
          <idle>-0       [007] dNH.   178.691805: rkcif_stream_event: rkcif-mipi-lvds2 stream=0 generation=2 event=fs sequence=40 dma=0x1 timestamp_ns=178689438813 latency_ns=0
          <idle>-0       [007] d.h.   178.724597: rkcif_stream_event: rkcif-mipi-lvds2 stream=0 generation=2 event=fe sequence=40 dma=0x1 timestamp_ns=178722231191 latency_ns=0
          <idle>-0       [007] d.h.   178.724597: rkcif_stream_event: rkcif-mipi-lvds2 stream=0 generation=2 event=dma sequence=40 dma=0x1 timestamp_ns=178722232066 latency_ns=0
          <idle>-0       [007] ..s.   178.724599: rkcif_stream_event: rkcif-mipi-lvds2 stream=0 generation=2 event=vb2_done sequence=40 dma=0x1 timestamp_ns=178722233816 latency_ns=1167
          <idle>-0       [007] d.h.   178.725133: rkcif_stream_event: rkcif-mipi-lvds2 stream=0 generation=2 event=fs sequence=41 dma=0x1 timestamp_ns=178722767858 latency_ns=0
          <idle>-0       [007] d.h.   178.757933: rkcif_stream_event: rkcif-mipi-lvds2 stream=0 generation=2 event=fe sequence=41 dma=0x1 timestamp_ns=178755566361 latency_ns=0
          <idle>-0       [007] d.h.   178.757934: rkcif_stream_event: rkcif-mipi-lvds2 stream=0 generation=2 event=dma sequence=41 dma=0x1 timestamp_ns=178755568111 latency_ns=0
          <idle>-0       [007] ..s.   178.757940: rkcif_stream_event: rkcif-mipi-lvds2 stream=0 generation=2 event=vb2_done sequence=41 dma=0x1 timestamp_ns=178755573361 latency_ns=2917
          <idle>-0       [007] d.H.   178.758470: rkcif_stream_event: rkcif-mipi-lvds2 stream=0 generation=2 event=fs sequence=42 dma=0x1 timestamp_ns=178756103611 latency_ns=0
          <idle>-0       [007] d.h.   178.791264: rkcif_stream_event: rkcif-mipi-lvds2 stream=0 generation=2 event=fe sequence=42 dma=0x1 timestamp_ns=178788897740 latency_ns=0
          <idle>-0       [007] d.h.   178.791264: rkcif_stream_event: rkcif-mipi-lvds2 stream=0 generation=2 event=dma sequence=42 dma=0x1 timestamp_ns=178788898906 latency_ns=0
          <idle>-0       [007] ..s.   178.791266: rkcif_stream_event: rkcif-mipi-lvds2 stream=0 generation=2 event=vb2_done sequence=42 dma=0x1 timestamp_ns=178788900656 latency_ns=1166
          <idle>-0       [007] d.h.   178.791800: rkcif_stream_event: rkcif-mipi-lvds2 stream=0 generation=2 event=fs sequence=43 dma=0x1 timestamp_ns=178789434406 latency_ns=0
          <idle>-0       [007] d.h.   178.824599: rkcif_stream_event: rkcif-mipi-lvds2 stream=0 generation=2 event=fe sequence=43 dma=0x1 timestamp_ns=178822232910 latency_ns=0
          <idle>-0       [007] d.h.   178.824600: rkcif_stream_event: rkcif-mipi-lvds2 stream=0 generation=2 event=dma sequence=43 dma=0x1 timestamp_ns=178822234660 latency_ns=0
          <idle>-0       [007] ..s.   178.824603: rkcif_stream_event: rkcif-mipi-lvds2 stream=0 generation=2 event=vb2_done sequence=43 dma=0x1 timestamp_ns=178822237868 latency_ns=2042
          <idle>-0       [007] d.h.   178.825133: rkcif_stream_event: rkcif-mipi-lvds2 stream=0 generation=2 event=fs sequence=44 dma=0x1 timestamp_ns=178822767826 latency_ns=0
          <idle>-0       [007] d.h.   178.857936: rkcif_stream_event: rkcif-mipi-lvds2 stream=0 generation=2 event=fe sequence=44 dma=0x1 timestamp_ns=178855568371 latency_ns=0
          <idle>-0       [007] d.h.   178.857939: rkcif_stream_event: rkcif-mipi-lvds2 stream=0 generation=2 event=dma sequence=44 dma=0x1 timestamp_ns=178855572746 latency_ns=0
          <idle>-0       [007] ..s.   178.857946: rkcif_stream_event: rkcif-mipi-lvds2 stream=0 generation=2 event=vb2_done sequence=44 dma=0x1 timestamp_ns=178855580330 latency_ns=4667
          <idle>-0       [007] d.H.   178.858470: rkcif_stream_event: rkcif-mipi-lvds2 stream=0 generation=2 event=fs sequence=45 dma=0x1 timestamp_ns=178856104455 latency_ns=0
          <idle>-0       [007] d.h.   178.891264: rkcif_stream_event: rkcif-mipi-lvds2 stream=0 generation=2 event=fe sequence=45 dma=0x1 timestamp_ns=178888897708 latency_ns=0
          <idle>-0       [007] d.h.   178.891264: rkcif_stream_event: rkcif-mipi-lvds2 stream=0 generation=2 event=dma sequence=45 dma=0x1 timestamp_ns=178888898583 latency_ns=0
          <idle>-0       [007] ..s.   178.891266: rkcif_stream_event: rkcif-mipi-lvds2 stream=0 generation=2 event=vb2_done sequence=45 dma=0x1 timestamp_ns=178888900625 latency_ns=1459
          <idle>-0       [007] d.h.   178.891800: rkcif_stream_event: rkcif-mipi-lvds2 stream=0 generation=2 event=fs sequence=46 dma=0x1 timestamp_ns=178889434666 latency_ns=0
          <idle>-0       [007] d.h.   178.924597: rkcif_stream_event: rkcif-mipi-lvds2 stream=0 generation=2 event=fe sequence=46 dma=0x1 timestamp_ns=178922231128 latency_ns=0
          <idle>-0       [007] d.h.   178.924597: rkcif_stream_event: rkcif-mipi-lvds2 stream=0 generation=2 event=dma sequence=46 dma=0x1 timestamp_ns=178922232003 latency_ns=0
          <idle>-0       [007] ..s.   178.924599: rkcif_stream_event: rkcif-mipi-lvds2 stream=0 generation=2 event=vb2_done sequence=46 dma=0x1 timestamp_ns=178922233753 latency_ns=1167
          <idle>-0       [007] d.h.   178.925133: rkcif_stream_event: rkcif-mipi-lvds2 stream=0 generation=2 event=fs sequence=47 dma=0x1 timestamp_ns=178922767795 latency_ns=0
          <idle>-0       [007] d.h.   178.957936: rkcif_stream_event: rkcif-mipi-lvds2 stream=0 generation=2 event=fe sequence=47 dma=0x1 timestamp_ns=178955568340 latency_ns=0
          <idle>-0       [007] d.h.   178.957938: rkcif_stream_event: rkcif-mipi-lvds2 stream=0 generation=2 event=dma sequence=47 dma=0x1 timestamp_ns=178955572423 latency_ns=0
          <idle>-0       [007] ..s.   178.957946: rkcif_stream_event: rkcif-mipi-lvds2 stream=0 generation=2 event=vb2_done sequence=47 dma=0x1 timestamp_ns=178955580298 latency_ns=4667
          <idle>-0       [007] dNH.   178.958472: rkcif_stream_event: rkcif-mipi-lvds2 stream=0 generation=2 event=fs sequence=48 dma=0x1 timestamp_ns=178956105590 latency_ns=0
          <idle>-0       [007] d.h.   178.991368: rkcif_stream_event: rkcif-mipi-lvds2 stream=0 generation=2 event=fe sequence=48 dma=0x1 timestamp_ns=178988999760 latency_ns=0
          <idle>-0       [007] d.h.   178.991371: rkcif_stream_event: rkcif-mipi-lvds2 stream=0 generation=2 event=dma sequence=48 dma=0x1 timestamp_ns=178989004718 latency_ns=0
          <idle>-0       [007] ..s.   178.991380: rkcif_stream_event: rkcif-mipi-lvds2 stream=0 generation=2 event=vb2_done sequence=48 dma=0x1 timestamp_ns=178989014051 latency_ns=5833
          <idle>-0       [007] d.H.   178.991805: rkcif_stream_event: rkcif-mipi-lvds2 stream=0 generation=2 event=fs sequence=49 dma=0x1 timestamp_ns=178989438718 latency_ns=0
          <idle>-0       [007] d.h.   179.024702: rkcif_stream_event: rkcif-mipi-lvds2 stream=0 generation=2 event=fe sequence=49 dma=0x1 timestamp_ns=179022333471 latency_ns=0
          <idle>-0       [007] d.h.   179.024704: rkcif_stream_event: rkcif-mipi-lvds2 stream=0 generation=2 event=dma sequence=49 dma=0x1 timestamp_ns=179022338430 latency_ns=0
          <idle>-0       [007] ..s.   179.024714: rkcif_stream_event: rkcif-mipi-lvds2 stream=0 generation=2 event=vb2_done sequence=49 dma=0x1 timestamp_ns=179022347763 latency_ns=5833
          <idle>-0       [007] d.H.   179.025138: rkcif_stream_event: rkcif-mipi-lvds2 stream=0 generation=2 event=fs sequence=50 dma=0x1 timestamp_ns=179022771846 latency_ns=0
          <idle>-0       [007] d.h.   179.058034: rkcif_stream_event: rkcif-mipi-lvds2 stream=0 generation=2 event=fe sequence=50 dma=0x1 timestamp_ns=179055666016 latency_ns=0
          <idle>-0       [007] d.h.   179.058037: rkcif_stream_event: rkcif-mipi-lvds2 stream=0 generation=2 event=dma sequence=50 dma=0x1 timestamp_ns=179055670975 latency_ns=0
          <idle>-0       [007] ..s.   179.058046: rkcif_stream_event: rkcif-mipi-lvds2 stream=0 generation=2 event=vb2_done sequence=50 dma=0x1 timestamp_ns=179055680308 latency_ns=5833
          <idle>-0       [007] d.H.   179.058473: rkcif_stream_event: rkcif-mipi-lvds2 stream=0 generation=2 event=fs sequence=51 dma=0x1 timestamp_ns=179056105266 latency_ns=0
          <idle>-0       [007] d.h.   179.091271: rkcif_stream_event: rkcif-mipi-lvds2 stream=0 generation=2 event=fe sequence=51 dma=0x1 timestamp_ns=179088903186 latency_ns=0
          <idle>-0       [007] d.h.   179.091274: rkcif_stream_event: rkcif-mipi-lvds2 stream=0 generation=2 event=dma sequence=51 dma=0x1 timestamp_ns=179088908145 latency_ns=0
          <idle>-0       [007] ..s.   179.091283: rkcif_stream_event: rkcif-mipi-lvds2 stream=0 generation=2 event=vb2_done sequence=51 dma=0x1 timestamp_ns=179088916895 latency_ns=4959
          <idle>-0       [007] d.H.   179.091805: rkcif_stream_event: rkcif-mipi-lvds2 stream=0 generation=2 event=fs sequence=52 dma=0x1 timestamp_ns=179089438978 latency_ns=0
          <idle>-0       [007] d.h.   179.124597: rkcif_stream_event: rkcif-mipi-lvds2 stream=0 generation=2 event=fe sequence=52 dma=0x1 timestamp_ns=179122231065 latency_ns=0
          <idle>-0       [007] d.h.   179.124598: rkcif_stream_event: rkcif-mipi-lvds2 stream=0 generation=2 event=dma sequence=52 dma=0x1 timestamp_ns=179122231940 latency_ns=0
          <idle>-0       [007] ..s.   179.124599: rkcif_stream_event: rkcif-mipi-lvds2 stream=0 generation=2 event=vb2_done sequence=52 dma=0x1 timestamp_ns=179122233981 latency_ns=1458
          <idle>-0       [007] d.h.   179.125133: rkcif_stream_event: rkcif-mipi-lvds2 stream=0 generation=2 event=fs sequence=53 dma=0x1 timestamp_ns=179122767731 latency_ns=0
          <idle>-0       [007] d.h.   179.157933: rkcif_stream_event: rkcif-mipi-lvds2 stream=0 generation=2 event=fe sequence=53 dma=0x1 timestamp_ns=179155567401 latency_ns=0
          <idle>-0       [007] d.h.   179.157935: rkcif_stream_event: rkcif-mipi-lvds2 stream=0 generation=2 event=dma sequence=53 dma=0x1 timestamp_ns=179155568860 latency_ns=0
          <idle>-0       [007] ..s.   179.157941: rkcif_stream_event: rkcif-mipi-lvds2 stream=0 generation=2 event=vb2_done sequence=53 dma=0x1 timestamp_ns=179155574985 latency_ns=3209
          <idle>-0       [007] d.H.   179.158470: rkcif_stream_event: rkcif-mipi-lvds2 stream=0 generation=2 event=fs sequence=54 dma=0x1 timestamp_ns=179156104360 latency_ns=0
          <idle>-0       [007] d.h.   179.191264: rkcif_stream_event: rkcif-mipi-lvds2 stream=0 generation=2 event=fe sequence=54 dma=0x1 timestamp_ns=179188897905 latency_ns=0
          <idle>-0       [007] d.h.   179.191264: rkcif_stream_event: rkcif-mipi-lvds2 stream=0 generation=2 event=dma sequence=54 dma=0x1 timestamp_ns=179188898780 latency_ns=0
          <idle>-0       [007] ..s.   179.191266: rkcif_stream_event: rkcif-mipi-lvds2 stream=0 generation=2 event=vb2_done sequence=54 dma=0x1 timestamp_ns=179188900530 latency_ns=1167
          <idle>-0       [007] d.h.   179.191800: rkcif_stream_event: rkcif-mipi-lvds2 stream=0 generation=2 event=fs sequence=55 dma=0x1 timestamp_ns=179189434571 latency_ns=0
          <idle>-0       [007] d.h.   179.224600: rkcif_stream_event: rkcif-mipi-lvds2 stream=0 generation=2 event=fe sequence=55 dma=0x1 timestamp_ns=179222233950 latency_ns=0
          <idle>-0       [007] d.h.   179.224601: rkcif_stream_event: rkcif-mipi-lvds2 stream=0 generation=2 event=dma sequence=55 dma=0x1 timestamp_ns=179222235408 latency_ns=0
          <idle>-0       [007] ..s.   179.224607: rkcif_stream_event: rkcif-mipi-lvds2 stream=0 generation=2 event=vb2_done sequence=55 dma=0x1 timestamp_ns=179222241533 latency_ns=3208
          <idle>-0       [007] d.H.   179.225137: rkcif_stream_event: rkcif-mipi-lvds2 stream=0 generation=2 event=fs sequence=56 dma=0x1 timestamp_ns=179222770908 latency_ns=0
          <idle>-0       [007] d.h.   179.257941: rkcif_stream_event: rkcif-mipi-lvds2 stream=0 generation=2 event=fe sequence=56 dma=0x1 timestamp_ns=179255571745 latency_ns=0
          <idle>-0       [007] d.h.   179.257945: rkcif_stream_event: rkcif-mipi-lvds2 stream=0 generation=2 event=dma sequence=56 dma=0x1 timestamp_ns=179255578745 latency_ns=0
          <idle>-0       [007] ..s.   179.257955: rkcif_stream_event: rkcif-mipi-lvds2 stream=0 generation=2 event=vb2_done sequence=56 dma=0x1 timestamp_ns=179255589536 latency_ns=7291
          <idle>-0       [007] d.H.   179.258472: rkcif_stream_event: rkcif-mipi-lvds2 stream=0 generation=2 event=fs sequence=57 dma=0x1 timestamp_ns=179256105495 latency_ns=0
          <idle>-0       [007] d.h.   179.291265: rkcif_stream_event: rkcif-mipi-lvds2 stream=0 generation=2 event=fe sequence=57 dma=0x1 timestamp_ns=179288898748 latency_ns=0
          <idle>-0       [007] d.h.   179.291266: rkcif_stream_event: rkcif-mipi-lvds2 stream=0 generation=2 event=dma sequence=57 dma=0x1 timestamp_ns=179288900498 latency_ns=0
          <idle>-0       [007] ..s.   179.291269: rkcif_stream_event: rkcif-mipi-lvds2 stream=0 generation=2 event=vb2_done sequence=57 dma=0x1 timestamp_ns=179288903706 latency_ns=2333
          <idle>-0       [007] d.h.   179.291800: rkcif_stream_event: rkcif-mipi-lvds2 stream=0 generation=2 event=fs sequence=58 dma=0x1 timestamp_ns=179289434831 latency_ns=0
          <idle>-0       [007] d.h.   179.324702: rkcif_stream_event: rkcif-mipi-lvds2 stream=0 generation=2 event=fe sequence=58 dma=0x1 timestamp_ns=179322333960 latency_ns=0
          <idle>-0       [007] d.h.   179.324705: rkcif_stream_event: rkcif-mipi-lvds2 stream=0 generation=2 event=dma sequence=58 dma=0x1 timestamp_ns=179322339501 latency_ns=0
          <idle>-0       [007] .Ns.   179.324730: rkcif_stream_event: rkcif-mipi-lvds2 stream=0 generation=2 event=vb2_done sequence=58 dma=0x1 timestamp_ns=179322363710 latency_ns=20709
          <idle>-0       [007] dNH.   179.325138: rkcif_stream_event: rkcif-mipi-lvds2 stream=0 generation=2 event=fs sequence=59 dma=0x1 timestamp_ns=179322772043 latency_ns=0
          <idle>-0       [007] d.h.   179.357930: rkcif_stream_event: rkcif-mipi-lvds2 stream=0 generation=2 event=fe sequence=59 dma=0x1 timestamp_ns=179355564421 latency_ns=0
          <idle>-0       [007] d.h.   179.357931: rkcif_stream_event: rkcif-mipi-lvds2 stream=0 generation=2 event=dma sequence=59 dma=0x1 timestamp_ns=179355565588 latency_ns=0
          <idle>-0       [007] ..s.   179.357934: rkcif_stream_event: rkcif-mipi-lvds2 stream=0 generation=2 event=vb2_done sequence=59 dma=0x1 timestamp_ns=179355567921 latency_ns=1458
          <idle>-0       [007] d.h.   179.358467: rkcif_stream_event: rkcif-mipi-lvds2 stream=0 generation=2 event=fs sequence=60 dma=0x1 timestamp_ns=179356101088 latency_ns=0
          <idle>-0       [007] dNh.   179.391382: rkcif_stream_event: rkcif-mipi-lvds2 stream=0 generation=2 event=fe sequence=60 dma=0x1 timestamp_ns=179389013925 latency_ns=0
          <idle>-0       [007] dNh.   179.391385: rkcif_stream_event: rkcif-mipi-lvds2 stream=0 generation=2 event=dma sequence=60 dma=0x1 timestamp_ns=179389018883 latency_ns=0
          <idle>-0       [007] .Ns.   179.391394: rkcif_stream_event: rkcif-mipi-lvds2 stream=0 generation=2 event=vb2_done sequence=60 dma=0x1 timestamp_ns=179389027925 latency_ns=5542
          <idle>-0       [007] dNH.   179.391805: rkcif_stream_event: rkcif-mipi-lvds2 stream=0 generation=2 event=fs sequence=61 dma=0x1 timestamp_ns=179389438592 latency_ns=0
          <idle>-0       [007] d.h.   179.424603: rkcif_stream_event: rkcif-mipi-lvds2 stream=0 generation=2 event=fe sequence=61 dma=0x1 timestamp_ns=179422235053 latency_ns=0
          <idle>-0       [007] d.h.   179.424605: rkcif_stream_event: rkcif-mipi-lvds2 stream=0 generation=2 event=dma sequence=61 dma=0x1 timestamp_ns=179422239428 latency_ns=0
          <idle>-0       [007] ..s.   179.424614: rkcif_stream_event: rkcif-mipi-lvds2 stream=0 generation=2 event=vb2_done sequence=61 dma=0x1 timestamp_ns=179422247303 latency_ns=4667
          <idle>-0       [007] dNH.   179.425137: rkcif_stream_event: rkcif-mipi-lvds2 stream=0 generation=2 event=fs sequence=62 dma=0x1 timestamp_ns=179422771137 latency_ns=0
          <idle>-0       [007] d.h.   179.457938: rkcif_stream_event: rkcif-mipi-lvds2 stream=0 generation=2 event=fe sequence=62 dma=0x1 timestamp_ns=179455569640 latency_ns=0
          <idle>-0       [007] d.h.   179.457940: rkcif_stream_event: rkcif-mipi-lvds2 stream=0 generation=2 event=dma sequence=62 dma=0x1 timestamp_ns=179455574306 latency_ns=0
          <idle>-0       [007] ..s.   179.457949: rkcif_stream_event: rkcif-mipi-lvds2 stream=0 generation=2 event=vb2_done sequence=62 dma=0x1 timestamp_ns=179455582765 latency_ns=5250
          <idle>-0       [007] d.H.   179.458471: rkcif_stream_event: rkcif-mipi-lvds2 stream=0 generation=2 event=fs sequence=63 dma=0x1 timestamp_ns=179456105432 latency_ns=0
          <idle>-0       [007] d.h.   179.491266: rkcif_stream_event: rkcif-mipi-lvds2 stream=0 generation=2 event=fe sequence=63 dma=0x1 timestamp_ns=179488899852 latency_ns=0
          <idle>-0       [007] d.h.   179.491268: rkcif_stream_event: rkcif-mipi-lvds2 stream=0 generation=2 event=dma sequence=63 dma=0x1 timestamp_ns=179488901602 latency_ns=0
          <idle>-0       [007] ..s.   179.491275: rkcif_stream_event: rkcif-mipi-lvds2 stream=0 generation=2 event=vb2_done sequence=63 dma=0x1 timestamp_ns=179488907143 latency_ns=2916
          <idle>-0       [007] dNH.   179.491803: rkcif_stream_event: rkcif-mipi-lvds2 stream=0 generation=2 event=fs sequence=64 dma=0x1 timestamp_ns=179489436810 latency_ns=0
          <idle>-0       [007] d.h.   179.524602: rkcif_stream_event: rkcif-mipi-lvds2 stream=0 generation=2 event=fe sequence=64 dma=0x1 timestamp_ns=179522235022 latency_ns=0
          <idle>-0       [007] d.h.   179.524605: rkcif_stream_event: rkcif-mipi-lvds2 stream=0 generation=2 event=dma sequence=64 dma=0x1 timestamp_ns=179522239105 latency_ns=0
          <idle>-0       [007] ..s.   179.524613: rkcif_stream_event: rkcif-mipi-lvds2 stream=0 generation=2 event=vb2_done sequence=64 dma=0x1 timestamp_ns=179522246688 latency_ns=4375
          <idle>-0       [007] d.H.   179.525137: rkcif_stream_event: rkcif-mipi-lvds2 stream=0 generation=2 event=fs sequence=65 dma=0x1 timestamp_ns=179522771105 latency_ns=0
          <idle>-0       [007] d.h.   179.557938: rkcif_stream_event: rkcif-mipi-lvds2 stream=0 generation=2 event=fe sequence=65 dma=0x1 timestamp_ns=179555569900 latency_ns=0
          <idle>-0       [007] d.h.   179.557940: rkcif_stream_event: rkcif-mipi-lvds2 stream=0 generation=2 event=dma sequence=65 dma=0x1 timestamp_ns=179555574567 latency_ns=0
          <idle>-0       [007] ..s.   179.557950: rkcif_stream_event: rkcif-mipi-lvds2 stream=0 generation=2 event=vb2_done sequence=65 dma=0x1 timestamp_ns=179555583317 latency_ns=5250
          <idle>-0       [007] dNH.   179.558471: rkcif_stream_event: rkcif-mipi-lvds2 stream=0 generation=2 event=fs sequence=66 dma=0x1 timestamp_ns=179556105400 latency_ns=0
          <idle>-0       [007] d.h.   179.591269: rkcif_stream_event: rkcif-mipi-lvds2 stream=0 generation=2 event=fe sequence=66 dma=0x1 timestamp_ns=179588901862 latency_ns=0
          <idle>-0       [007] d.h.   179.591272: rkcif_stream_event: rkcif-mipi-lvds2 stream=0 generation=2 event=dma sequence=66 dma=0x1 timestamp_ns=179588905945 latency_ns=0
          <idle>-0       [007] ..s.   179.591279: rkcif_stream_event: rkcif-mipi-lvds2 stream=0 generation=2 event=vb2_done sequence=66 dma=0x1 timestamp_ns=179588913528 latency_ns=4375
          <idle>-0       [007] dNH.   179.591804: rkcif_stream_event: rkcif-mipi-lvds2 stream=0 generation=2 event=fs sequence=67 dma=0x1 timestamp_ns=179589437653 latency_ns=0
          5-0022-179     [007] d.h.   179.624604: rkcif_stream_event: rkcif-mipi-lvds2 stream=0 generation=2 event=fe sequence=67 dma=0x1 timestamp_ns=179622236157 latency_ns=0
          5-0022-179     [007] d.h.   179.624607: rkcif_stream_event: rkcif-mipi-lvds2 stream=0 generation=2 event=dma sequence=67 dma=0x1 timestamp_ns=179622240823 latency_ns=0
          5-0022-179     [007] ..s.   179.624615: rkcif_stream_event: rkcif-mipi-lvds2 stream=0 generation=2 event=vb2_done sequence=67 dma=0x1 timestamp_ns=179622249573 latency_ns=5250
          5-0022-179     [007] d.H.   179.625138: rkcif_stream_event: rkcif-mipi-lvds2 stream=0 generation=2 event=fs sequence=68 dma=0x1 timestamp_ns=179622771948 latency_ns=0
          <idle>-0       [007] d.h.   179.657936: rkcif_stream_event: rkcif-mipi-lvds2 stream=0 generation=2 event=fe sequence=68 dma=0x1 timestamp_ns=179655568410 latency_ns=0
          <idle>-0       [007] d.h.   179.657939: rkcif_stream_event: rkcif-mipi-lvds2 stream=0 generation=2 event=dma sequence=68 dma=0x1 timestamp_ns=179655572785 latency_ns=0
          <idle>-0       [007] ..s.   179.657947: rkcif_stream_event: rkcif-mipi-lvds2 stream=0 generation=2 event=vb2_done sequence=68 dma=0x1 timestamp_ns=179655580368 latency_ns=4666
          <idle>-0       [007] d.H.   179.658470: rkcif_stream_event: rkcif-mipi-lvds2 stream=0 generation=2 event=fs sequence=69 dma=0x1 timestamp_ns=179656104493 latency_ns=0
          <idle>-0       [007] d.h.   179.691271: rkcif_stream_event: rkcif-mipi-lvds2 stream=0 generation=2 event=fe sequence=69 dma=0x1 timestamp_ns=179688902997 latency_ns=0
          <idle>-0       [007] d.h.   179.691274: rkcif_stream_event: rkcif-mipi-lvds2 stream=0 generation=2 event=dma sequence=69 dma=0x1 timestamp_ns=179688907955 latency_ns=0
          <idle>-0       [007] ..s.   179.691283: rkcif_stream_event: rkcif-mipi-lvds2 stream=0 generation=2 event=vb2_done sequence=69 dma=0x1 timestamp_ns=179688916705 latency_ns=5250
          <idle>-0       [007] dNH.   179.691805: rkcif_stream_event: rkcif-mipi-lvds2 stream=0 generation=2 event=fs sequence=70 dma=0x1 timestamp_ns=179689438788 latency_ns=0
          <idle>-0       [007] d.h.   179.724602: rkcif_stream_event: rkcif-mipi-lvds2 stream=0 generation=2 event=fe sequence=70 dma=0x1 timestamp_ns=179722234958 latency_ns=0
          <idle>-0       [007] d.h.   179.724605: rkcif_stream_event: rkcif-mipi-lvds2 stream=0 generation=2 event=dma sequence=70 dma=0x1 timestamp_ns=179722239042 latency_ns=0
          <idle>-0       [007] ..s.   179.724613: rkcif_stream_event: rkcif-mipi-lvds2 stream=0 generation=2 event=vb2_done sequence=70 dma=0x1 timestamp_ns=179722246625 latency_ns=4375
          <idle>-0       [007] dNH.   179.725137: rkcif_stream_event: rkcif-mipi-lvds2 stream=0 generation=2 event=fs sequence=71 dma=0x1 timestamp_ns=179722771333 latency_ns=0
          <idle>-0       [007] d.h.   179.757938: rkcif_stream_event: rkcif-mipi-lvds2 stream=0 generation=2 event=fe sequence=71 dma=0x1 timestamp_ns=179755569837 latency_ns=0
          <idle>-0       [007] d.h.   179.757941: rkcif_stream_event: rkcif-mipi-lvds2 stream=0 generation=2 event=dma sequence=71 dma=0x1 timestamp_ns=179755574795 latency_ns=0
          <idle>-0       [007] .Ns.   179.757956: rkcif_stream_event: rkcif-mipi-lvds2 stream=0 generation=2 event=vb2_done sequence=71 dma=0x1 timestamp_ns=179755590253 latency_ns=11958
          <idle>-0       [007] dNH.   179.758472: rkcif_stream_event: rkcif-mipi-lvds2 stream=0 generation=2 event=fs sequence=72 dma=0x1 timestamp_ns=179756105628 latency_ns=0
          <idle>-0       [007] d.h.   179.791266: rkcif_stream_event: rkcif-mipi-lvds2 stream=0 generation=2 event=fe sequence=72 dma=0x1 timestamp_ns=179788899757 latency_ns=0
          <idle>-0       [007] d.h.   179.791267: rkcif_stream_event: rkcif-mipi-lvds2 stream=0 generation=2 event=dma sequence=72 dma=0x1 timestamp_ns=179788901507 latency_ns=0
          <idle>-0       [007] ..s.   179.791273: rkcif_stream_event: rkcif-mipi-lvds2 stream=0 generation=2 event=vb2_done sequence=72 dma=0x1 timestamp_ns=179788907048 latency_ns=3208
          <idle>-0       [007] d.H.   179.791803: rkcif_stream_event: rkcif-mipi-lvds2 stream=0 generation=2 event=fs sequence=73 dma=0x1 timestamp_ns=179789437007 latency_ns=0
          <idle>-0       [007] d.h.   179.824605: rkcif_stream_event: rkcif-mipi-lvds2 stream=0 generation=2 event=fe sequence=73 dma=0x1 timestamp_ns=179822236677 latency_ns=0
          <idle>-0       [007] d.h.   179.824607: rkcif_stream_event: rkcif-mipi-lvds2 stream=0 generation=2 event=dma sequence=73 dma=0x1 timestamp_ns=179822241343 latency_ns=0
          <idle>-0       [007] ..s.   179.824616: rkcif_stream_event: rkcif-mipi-lvds2 stream=0 generation=2 event=vb2_done sequence=73 dma=0x1 timestamp_ns=179822250385 latency_ns=5542
          <idle>-0       [007] dNH.   179.825138: rkcif_stream_event: rkcif-mipi-lvds2 stream=0 generation=2 event=fs sequence=74 dma=0x1 timestamp_ns=179822772177 latency_ns=0
          <idle>-0       [007] d.h.   179.857936: rkcif_stream_event: rkcif-mipi-lvds2 stream=0 generation=2 event=fe sequence=74 dma=0x1 timestamp_ns=179855568638 latency_ns=0
          <idle>-0       [007] d.h.   179.857939: rkcif_stream_event: rkcif-mipi-lvds2 stream=0 generation=2 event=dma sequence=74 dma=0x1 timestamp_ns=179855572722 latency_ns=0
          <idle>-0       [007] ..s.   179.857953: rkcif_stream_event: rkcif-mipi-lvds2 stream=0 generation=2 event=vb2_done sequence=74 dma=0x1 timestamp_ns=179855587305 latency_ns=11667
          <idle>-0       [007] dNH.   179.858470: rkcif_stream_event: rkcif-mipi-lvds2 stream=0 generation=2 event=fs sequence=75 dma=0x1 timestamp_ns=179856104430 latency_ns=0
          <idle>-0       [007] d.h.   179.891271: rkcif_stream_event: rkcif-mipi-lvds2 stream=0 generation=2 event=fe sequence=75 dma=0x1 timestamp_ns=179888903850 latency_ns=0
          <idle>-0       [007] d.h.   179.891275: rkcif_stream_event: rkcif-mipi-lvds2 stream=0 generation=2 event=dma sequence=75 dma=0x1 timestamp_ns=179888908517 latency_ns=0
          <idle>-0       [007] ..s.   179.891284: rkcif_stream_event: rkcif-mipi-lvds2 stream=0 generation=2 event=vb2_done sequence=75 dma=0x1 timestamp_ns=179888917850 latency_ns=5542
          <idle>-0       [007] dNH.   179.891805: rkcif_stream_event: rkcif-mipi-lvds2 stream=0 generation=2 event=fs sequence=76 dma=0x1 timestamp_ns=179889438475 latency_ns=0
          <idle>-0       [007] d.h.   179.924603: rkcif_stream_event: rkcif-mipi-lvds2 stream=0 generation=2 event=fe sequence=76 dma=0x1 timestamp_ns=179922234937 latency_ns=0
          <idle>-0       [007] d.h.   179.924607: rkcif_stream_event: rkcif-mipi-lvds2 stream=0 generation=2 event=dma sequence=76 dma=0x1 timestamp_ns=179922239312 latency_ns=0
          <idle>-0       [007] ..s.   179.924615: rkcif_stream_event: rkcif-mipi-lvds2 stream=0 generation=2 event=vb2_done sequence=76 dma=0x1 timestamp_ns=179922248353 latency_ns=4375
          <idle>-0       [007] d.H.   179.925137: rkcif_stream_event: rkcif-mipi-lvds2 stream=0 generation=2 event=fs sequence=77 dma=0x1 timestamp_ns=179922771020 latency_ns=0
          <idle>-0       [007] d.h.   179.957945: rkcif_stream_event: rkcif-mipi-lvds2 stream=0 generation=2 event=fe sequence=77 dma=0x1 timestamp_ns=179955576815 latency_ns=0
          <idle>-0       [007] d.h.   179.957948: rkcif_stream_event: rkcif-mipi-lvds2 stream=0 generation=2 event=dma sequence=77 dma=0x1 timestamp_ns=179955581773 latency_ns=0
          <idle>-0       [007] ..s.   179.957957: rkcif_stream_event: rkcif-mipi-lvds2 stream=0 generation=2 event=vb2_done sequence=77 dma=0x1 timestamp_ns=179955590815 latency_ns=5542
          <idle>-0       [007] d.H.   179.958471: rkcif_stream_event: rkcif-mipi-lvds2 stream=0 generation=2 event=fs sequence=78 dma=0x1 timestamp_ns=179956105607 latency_ns=0
          <idle>-0       [007] d.h.   179.991269: rkcif_stream_event: rkcif-mipi-lvds2 stream=0 generation=2 event=fe sequence=78 dma=0x1 timestamp_ns=179988902110 latency_ns=0
          <idle>-0       [007] d.h.   179.991272: rkcif_stream_event: rkcif-mipi-lvds2 stream=0 generation=2 event=dma sequence=78 dma=0x1 timestamp_ns=179988906193 latency_ns=0
          <idle>-0       [007] .Ns.   179.991286: rkcif_stream_event: rkcif-mipi-lvds2 stream=0 generation=2 event=vb2_done sequence=78 dma=0x1 timestamp_ns=179988919610 latency_ns=10208
          <idle>-0       [007] dNH.   179.991804: rkcif_stream_event: rkcif-mipi-lvds2 stream=0 generation=2 event=fs sequence=79 dma=0x1 timestamp_ns=179989437902 latency_ns=0
          <idle>-0       [007] d.h.   180.024605: rkcif_stream_event: rkcif-mipi-lvds2 stream=0 generation=2 event=fe sequence=79 dma=0x1 timestamp_ns=180022236697 latency_ns=0
          <idle>-0       [007] d.h.   180.024608: rkcif_stream_event: rkcif-mipi-lvds2 stream=0 generation=2 event=dma sequence=79 dma=0x1 timestamp_ns=180022241655 latency_ns=0
          <idle>-0       [007] ..s.   180.024617: rkcif_stream_event: rkcif-mipi-lvds2 stream=0 generation=2 event=vb2_done sequence=79 dma=0x1 timestamp_ns=180022250697 latency_ns=5250
          <idle>-0       [007] dNH.   180.025138: rkcif_stream_event: rkcif-mipi-lvds2 stream=0 generation=2 event=fs sequence=80 dma=0x1 timestamp_ns=180022772197 latency_ns=0
          <idle>-0       [007] d.h.   180.057936: rkcif_stream_event: rkcif-mipi-lvds2 stream=0 generation=2 event=fe sequence=80 dma=0x1 timestamp_ns=180055568658 latency_ns=0
          <idle>-0       [007] d.h.   180.057939: rkcif_stream_event: rkcif-mipi-lvds2 stream=0 generation=2 event=dma sequence=80 dma=0x1 timestamp_ns=180055573033 latency_ns=0
          <idle>-0       [007] ..s.   180.057946: rkcif_stream_event: rkcif-mipi-lvds2 stream=0 generation=2 event=vb2_done sequence=80 dma=0x1 timestamp_ns=180055580617 latency_ns=4667
          <idle>-0       [007] dNH.   180.058471: rkcif_stream_event: rkcif-mipi-lvds2 stream=0 generation=2 event=fs sequence=81 dma=0x1 timestamp_ns=180056104742 latency_ns=0
          <idle>-0       [007] d.h.   180.091368: rkcif_stream_event: rkcif-mipi-lvds2 stream=0 generation=2 event=fe sequence=81 dma=0x1 timestamp_ns=180088999495 latency_ns=0
          <idle>-0       [007] d.h.   180.091371: rkcif_stream_event: rkcif-mipi-lvds2 stream=0 generation=2 event=dma sequence=81 dma=0x1 timestamp_ns=180089004745 latency_ns=0
          <idle>-0       [007] ..s.   180.091380: rkcif_stream_event: rkcif-mipi-lvds2 stream=0 generation=2 event=vb2_done sequence=81 dma=0x1 timestamp_ns=180089014078 latency_ns=5833
          <idle>-0       [007] d.H.   180.091805: rkcif_stream_event: rkcif-mipi-lvds2 stream=0 generation=2 event=fs sequence=82 dma=0x1 timestamp_ns=180089438745 latency_ns=0
          <idle>-0       [007] d.h.   180.124605: rkcif_stream_event: rkcif-mipi-lvds2 stream=0 generation=2 event=fe sequence=82 dma=0x1 timestamp_ns=180122237248 latency_ns=0
          <idle>-0       [007] d.h.   180.124608: rkcif_stream_event: rkcif-mipi-lvds2 stream=0 generation=2 event=dma sequence=82 dma=0x1 timestamp_ns=180122242498 latency_ns=0
          <idle>-0       [007] ..s.   180.124617: rkcif_stream_event: rkcif-mipi-lvds2 stream=0 generation=2 event=vb2_done sequence=82 dma=0x1 timestamp_ns=180122250957 latency_ns=5250
          <idle>-0       [007] d.H.   180.125138: rkcif_stream_event: rkcif-mipi-lvds2 stream=0 generation=2 event=fs sequence=83 dma=0x1 timestamp_ns=180122772165 latency_ns=0
          <idle>-0       [007] d.h.   180.158035: rkcif_stream_event: rkcif-mipi-lvds2 stream=0 generation=2 event=fe sequence=83 dma=0x1 timestamp_ns=180155667210 latency_ns=0
          <idle>-0       [007] d.h.   180.158038: rkcif_stream_event: rkcif-mipi-lvds2 stream=0 generation=2 event=dma sequence=83 dma=0x1 timestamp_ns=180155672169 latency_ns=0
          <idle>-0       [007] ..s.   180.158048: rkcif_stream_event: rkcif-mipi-lvds2 stream=0 generation=2 event=vb2_done sequence=83 dma=0x1 timestamp_ns=180155681794 latency_ns=5834
          <idle>-0       [007] d.H.   180.158471: rkcif_stream_event: rkcif-mipi-lvds2 stream=0 generation=2 event=fs sequence=84 dma=0x1 timestamp_ns=180156105585 latency_ns=0
          <idle>-0       [007] d.h.   180.191368: rkcif_stream_event: rkcif-mipi-lvds2 stream=0 generation=2 event=fe sequence=84 dma=0x1 timestamp_ns=180189000047 latency_ns=0
          <idle>-0       [007] d.h.   180.191371: rkcif_stream_event: rkcif-mipi-lvds2 stream=0 generation=2 event=dma sequence=84 dma=0x1 timestamp_ns=180189005297 latency_ns=0
          <idle>-0       [007] ..s.   180.191380: rkcif_stream_event: rkcif-mipi-lvds2 stream=0 generation=2 event=vb2_done sequence=84 dma=0x1 timestamp_ns=180189014630 latency_ns=5833
          <idle>-0       [007] d.H.   180.191805: rkcif_stream_event: rkcif-mipi-lvds2 stream=0 generation=2 event=fs sequence=85 dma=0x1 timestamp_ns=180189438714 latency_ns=0
          <idle>-0       [007] d.h.   180.224702: rkcif_stream_event: rkcif-mipi-lvds2 stream=0 generation=2 event=fe sequence=85 dma=0x1 timestamp_ns=180222333467 latency_ns=0
          <idle>-0       [007] d.h.   180.224704: rkcif_stream_event: rkcif-mipi-lvds2 stream=0 generation=2 event=dma sequence=85 dma=0x1 timestamp_ns=180222338425 latency_ns=0
          <idle>-0       [007] ..s.   180.224714: rkcif_stream_event: rkcif-mipi-lvds2 stream=0 generation=2 event=vb2_done sequence=85 dma=0x1 timestamp_ns=180222348050 latency_ns=6125
          <idle>-0       [007] d.H.   180.225138: rkcif_stream_event: rkcif-mipi-lvds2 stream=0 generation=2 event=fs sequence=86 dma=0x1 timestamp_ns=180222772134 latency_ns=0
          <idle>-0       [007] d.h.   180.257931: rkcif_stream_event: rkcif-mipi-lvds2 stream=0 generation=2 event=fe sequence=86 dma=0x1 timestamp_ns=180255565095 latency_ns=0
          <idle>-0       [007] d.h.   180.257932: rkcif_stream_event: rkcif-mipi-lvds2 stream=0 generation=2 event=dma sequence=86 dma=0x1 timestamp_ns=180255566554 latency_ns=0
          <idle>-0       [007] ..s.   180.257935: rkcif_stream_event: rkcif-mipi-lvds2 stream=0 generation=2 event=vb2_done sequence=86 dma=0x1 timestamp_ns=180255569762 latency_ns=2042
          <idle>-0       [007] d.h.   180.258467: rkcif_stream_event: rkcif-mipi-lvds2 stream=0 generation=2 event=fs sequence=87 dma=0x1 timestamp_ns=180256101470 latency_ns=0
          <idle>-0       [007] dNh.   180.291382: rkcif_stream_event: rkcif-mipi-lvds2 stream=0 generation=2 event=fe sequence=87 dma=0x1 timestamp_ns=180289014307 latency_ns=0
          <idle>-0       [007] dNh.   180.291385: rkcif_stream_event: rkcif-mipi-lvds2 stream=0 generation=2 event=dma sequence=87 dma=0x1 timestamp_ns=180289019265 latency_ns=0
          <idle>-0       [007] .Ns.   180.291395: rkcif_stream_event: rkcif-mipi-lvds2 stream=0 generation=2 event=vb2_done sequence=87 dma=0x1 timestamp_ns=180289029474 latency_ns=6125
          <idle>-0       [007] dNH.   180.291805: rkcif_stream_event: rkcif-mipi-lvds2 stream=0 generation=2 event=fs sequence=88 dma=0x1 timestamp_ns=180289438974 latency_ns=0
          <idle>-0       [007] d.h.   180.324597: rkcif_stream_event: rkcif-mipi-lvds2 stream=0 generation=2 event=fe sequence=88 dma=0x1 timestamp_ns=180322231644 latency_ns=0
          <idle>-0       [007] d.h.   180.324598: rkcif_stream_event: rkcif-mipi-lvds2 stream=0 generation=2 event=dma sequence=88 dma=0x1 timestamp_ns=180322232519 latency_ns=0
          <idle>-0       [007] ..s.   180.324600: rkcif_stream_event: rkcif-mipi-lvds2 stream=0 generation=2 event=vb2_done sequence=88 dma=0x1 timestamp_ns=180322235144 latency_ns=1750
          <idle>-0       [007] d.h.   180.325134: rkcif_stream_event: rkcif-mipi-lvds2 stream=0 generation=2 event=fs sequence=89 dma=0x1 timestamp_ns=180322768019 latency_ns=0
          <idle>-0       [007] d.h.   180.357940: rkcif_stream_event: rkcif-mipi-lvds2 stream=0 generation=2 event=fe sequence=89 dma=0x1 timestamp_ns=180355570314 latency_ns=0
          <idle>-0       [007] d.h.   180.357943: rkcif_stream_event: rkcif-mipi-lvds2 stream=0 generation=2 event=dma sequence=89 dma=0x1 timestamp_ns=180355577022 latency_ns=0
          <idle>-0       [007] ..s.   180.357952: rkcif_stream_event: rkcif-mipi-lvds2 stream=0 generation=2 event=vb2_done sequence=89 dma=0x1 timestamp_ns=180355586064 latency_ns=5542
          <idle>-0       [007] d.H.   180.358471: rkcif_stream_event: rkcif-mipi-lvds2 stream=0 generation=2 event=fs sequence=90 dma=0x1 timestamp_ns=180356105522 latency_ns=0
          <idle>-0       [007] d.h.   180.391264: rkcif_stream_event: rkcif-mipi-lvds2 stream=0 generation=2 event=fe sequence=90 dma=0x1 timestamp_ns=180388898192 latency_ns=0
          <idle>-0       [007] d.h.   180.391264: rkcif_stream_event: rkcif-mipi-lvds2 stream=0 generation=2 event=dma sequence=90 dma=0x1 timestamp_ns=180388899067 latency_ns=0
          <idle>-0       [007] ..s.   180.391266: rkcif_stream_event: rkcif-mipi-lvds2 stream=0 generation=2 event=vb2_done sequence=90 dma=0x1 timestamp_ns=180388901109 latency_ns=1459
          5-0022-179     [007] d.h.   180.391804: rkcif_stream_event: rkcif-mipi-lvds2 stream=0 generation=2 event=fs sequence=91 dma=0x1 timestamp_ns=180389438067 latency_ns=0
          <idle>-0       [007] d.h.   180.424605: rkcif_stream_event: rkcif-mipi-lvds2 stream=0 generation=2 event=fe sequence=91 dma=0x1 timestamp_ns=180422237154 latency_ns=0
          <idle>-0       [007] d.h.   180.424608: rkcif_stream_event: rkcif-mipi-lvds2 stream=0 generation=2 event=dma sequence=91 dma=0x1 timestamp_ns=180422242112 latency_ns=0
          <idle>-0       [007] .Ns.   180.424624: rkcif_stream_event: rkcif-mipi-lvds2 stream=0 generation=2 event=vb2_done sequence=91 dma=0x1 timestamp_ns=180422257570 latency_ns=11958
          <idle>-0       [007] dNH.   180.425138: rkcif_stream_event: rkcif-mipi-lvds2 stream=0 generation=2 event=fs sequence=92 dma=0x1 timestamp_ns=180422772070 latency_ns=0
          <idle>-0       [007] d.h.   180.457933: rkcif_stream_event: rkcif-mipi-lvds2 stream=0 generation=2 event=fe sequence=92 dma=0x1 timestamp_ns=180455566782 latency_ns=0
          <idle>-0       [007] d.h.   180.457934: rkcif_stream_event: rkcif-mipi-lvds2 stream=0 generation=2 event=dma sequence=92 dma=0x1 timestamp_ns=180455568532 latency_ns=0
          <idle>-0       [007] ..s.   180.457940: rkcif_stream_event: rkcif-mipi-lvds2 stream=0 generation=2 event=vb2_done sequence=92 dma=0x1 timestamp_ns=180455574074 latency_ns=2917
          <idle>-0       [007] dNH.   180.458470: rkcif_stream_event: rkcif-mipi-lvds2 stream=0 generation=2 event=fs sequence=93 dma=0x1 timestamp_ns=180456103740 latency_ns=0
          <idle>-0       [007] d.h.   180.491271: rkcif_stream_event: rkcif-mipi-lvds2 stream=0 generation=2 event=fe sequence=93 dma=0x1 timestamp_ns=180488903410 latency_ns=0
          <idle>-0       [007] d.h.   180.491274: rkcif_stream_event: rkcif-mipi-lvds2 stream=0 generation=2 event=dma sequence=93 dma=0x1 timestamp_ns=180488908369 latency_ns=0
          <idle>-0       [007] ..s.   180.491283: rkcif_stream_event: rkcif-mipi-lvds2 stream=0 generation=2 event=vb2_done sequence=93 dma=0x1 timestamp_ns=180488916827 latency_ns=4958
          <idle>-0       [007] dNH.   180.491805: rkcif_stream_event: rkcif-mipi-lvds2 stream=0 generation=2 event=fs sequence=94 dma=0x1 timestamp_ns=180489438910 latency_ns=0
          <idle>-0       [007] dNh.   180.524602: rkcif_stream_event: rkcif-mipi-lvds2 stream=0 generation=2 event=fe sequence=94 dma=0x1 timestamp_ns=180522235080 latency_ns=0
          <idle>-0       [007] dNh.   180.524605: rkcif_stream_event: rkcif-mipi-lvds2 stream=0 generation=2 event=dma sequence=94 dma=0x1 timestamp_ns=180522239455 latency_ns=0
          <idle>-0       [007] .Ns.   180.524613: rkcif_stream_event: rkcif-mipi-lvds2 stream=0 generation=2 event=vb2_done sequence=94 dma=0x1 timestamp_ns=180522247330 latency_ns=4958
          <idle>-0       [007] dNH.   180.525137: rkcif_stream_event: rkcif-mipi-lvds2 stream=0 generation=2 event=fs sequence=95 dma=0x1 timestamp_ns=180522771455 latency_ns=0
          <idle>-0       [007] d.h.   180.557938: rkcif_stream_event: rkcif-mipi-lvds2 stream=0 generation=2 event=fe sequence=95 dma=0x1 timestamp_ns=180555569959 latency_ns=0
          <idle>-0       [007] d.h.   180.557941: rkcif_stream_event: rkcif-mipi-lvds2 stream=0 generation=2 event=dma sequence=95 dma=0x1 timestamp_ns=180555574917 latency_ns=0
          <idle>-0       [007] ..s.   180.557950: rkcif_stream_event: rkcif-mipi-lvds2 stream=0 generation=2 event=vb2_done sequence=95 dma=0x1 timestamp_ns=180555583959 latency_ns=5250
          <idle>-0       [007] dNH.   180.558472: rkcif_stream_event: rkcif-mipi-lvds2 stream=0 generation=2 event=fs sequence=96 dma=0x1 timestamp_ns=180556105459 latency_ns=0
          <idle>-0       [007] d.h.   180.591264: rkcif_stream_event: rkcif-mipi-lvds2 stream=0 generation=2 event=fe sequence=96 dma=0x1 timestamp_ns=180588897837 latency_ns=0
          <idle>-0       [007] d.h.   180.591264: rkcif_stream_event: rkcif-mipi-lvds2 stream=0 generation=2 event=dma sequence=96 dma=0x1 timestamp_ns=180588898712 latency_ns=0
          <idle>-0       [007] ..s.   180.591266: rkcif_stream_event: rkcif-mipi-lvds2 stream=0 generation=2 event=vb2_done sequence=96 dma=0x1 timestamp_ns=180588900754 latency_ns=1459
          <idle>-0       [007] d.h.   180.591800: rkcif_stream_event: rkcif-mipi-lvds2 stream=0 generation=2 event=fs sequence=97 dma=0x1 timestamp_ns=180589434795 latency_ns=0
          <idle>-0       [007] d.h.   180.624605: rkcif_stream_event: rkcif-mipi-lvds2 stream=0 generation=2 event=fe sequence=97 dma=0x1 timestamp_ns=180622237090 latency_ns=0
          <idle>-0       [007] d.h.   180.624608: rkcif_stream_event: rkcif-mipi-lvds2 stream=0 generation=2 event=dma sequence=97 dma=0x1 timestamp_ns=180622242049 latency_ns=0
          <idle>-0       [007] ..s.   180.624617: rkcif_stream_event: rkcif-mipi-lvds2 stream=0 generation=2 event=vb2_done sequence=97 dma=0x1 timestamp_ns=180622250799 latency_ns=5250
          <idle>-0       [007] dNH.   180.625138: rkcif_stream_event: rkcif-mipi-lvds2 stream=0 generation=2 event=fs sequence=98 dma=0x1 timestamp_ns=180622772299 latency_ns=0
          <idle>-0       [007] d.h.   180.657936: rkcif_stream_event: rkcif-mipi-lvds2 stream=0 generation=2 event=fe sequence=98 dma=0x1 timestamp_ns=180655568469 latency_ns=0
          <idle>-0       [007] d.h.   180.657938: rkcif_stream_event: rkcif-mipi-lvds2 stream=0 generation=2 event=dma sequence=98 dma=0x1 timestamp_ns=180655572552 latency_ns=0
          <idle>-0       [007] ..s.   180.657946: rkcif_stream_event: rkcif-mipi-lvds2 stream=0 generation=2 event=vb2_done sequence=98 dma=0x1 timestamp_ns=180655580135 latency_ns=4375
          <idle>-0       [007] dNH.   180.658470: rkcif_stream_event: rkcif-mipi-lvds2 stream=0 generation=2 event=fs sequence=99 dma=0x1 timestamp_ns=180656104552 latency_ns=0
          <idle>-0       [007] d.h.   180.691269: rkcif_stream_event: rkcif-mipi-lvds2 stream=0 generation=2 event=fe sequence=99 dma=0x1 timestamp_ns=180688901889 latency_ns=0
          <idle>-0       [007] d.h.   180.691272: rkcif_stream_event: rkcif-mipi-lvds2 stream=0 generation=2 event=dma sequence=99 dma=0x1 timestamp_ns=180688906264 latency_ns=0
          <idle>-0       [007] ..s.   180.691280: rkcif_stream_event: rkcif-mipi-lvds2 stream=0 generation=2 event=vb2_done sequence=99 dma=0x1 timestamp_ns=180688913847 latency_ns=4375
          <idle>-0       [007] d.H.   180.691804: rkcif_stream_event: rkcif-mipi-lvds2 stream=0 generation=2 event=fs sequence=100 dma=0x1 timestamp_ns=180689437972 latency_ns=0
          <idle>-0       [007] d.h.   180.724597: rkcif_stream_event: rkcif-mipi-lvds2 stream=0 generation=2 event=fe sequence=100 dma=0x1 timestamp_ns=180722231225 latency_ns=0
          <idle>-0       [007] d.h.   180.724597: rkcif_stream_event: rkcif-mipi-lvds2 stream=0 generation=2 event=dma sequence=100 dma=0x1 timestamp_ns=180722232100 latency_ns=0
          <idle>-0       [007] ..s.   180.724599: rkcif_stream_event: rkcif-mipi-lvds2 stream=0 generation=2 event=vb2_done sequence=100 dma=0x1 timestamp_ns=180722233850 latency_ns=1166
          <idle>-0       [007] d.h.   180.725133: rkcif_stream_event: rkcif-mipi-lvds2 stream=0 generation=2 event=fs sequence=101 dma=0x1 timestamp_ns=180722768184 latency_ns=0
          <idle>-0       [007] d.h.   180.757936: rkcif_stream_event: rkcif-mipi-lvds2 stream=0 generation=2 event=fe sequence=101 dma=0x1 timestamp_ns=180755568437 latency_ns=0
          <idle>-0       [007] d.h.   180.757939: rkcif_stream_event: rkcif-mipi-lvds2 stream=0 generation=2 event=dma sequence=101 dma=0x1 timestamp_ns=180755572812 latency_ns=0
          <idle>-0       [007] ..s.   180.757946: rkcif_stream_event: rkcif-mipi-lvds2 stream=0 generation=2 event=vb2_done sequence=101 dma=0x1 timestamp_ns=180755580395 latency_ns=4666
          <idle>-0       [007] d.H.   180.758472: rkcif_stream_event: rkcif-mipi-lvds2 stream=0 generation=2 event=fs sequence=102 dma=0x1 timestamp_ns=180756104521 latency_ns=0
          <idle>-0       [007] d.h.   180.791271: rkcif_stream_event: rkcif-mipi-lvds2 stream=0 generation=2 event=fe sequence=102 dma=0x1 timestamp_ns=180788903607 latency_ns=0
          <idle>-0       [007] d.h.   180.791274: rkcif_stream_event: rkcif-mipi-lvds2 stream=0 generation=2 event=dma sequence=102 dma=0x1 timestamp_ns=180788908274 latency_ns=0
          <idle>-0       [007] ..s.   180.791283: rkcif_stream_event: rkcif-mipi-lvds2 stream=0 generation=2 event=vb2_done sequence=102 dma=0x1 timestamp_ns=180788917024 latency_ns=5542
          <idle>-0       [007] dNH.   180.791805: rkcif_stream_event: rkcif-mipi-lvds2 stream=0 generation=2 event=fs sequence=103 dma=0x1 timestamp_ns=180789438816 latency_ns=0
          <idle>-0       [007] d.h.   180.824600: rkcif_stream_event: rkcif-mipi-lvds2 stream=0 generation=2 event=fe sequence=103 dma=0x1 timestamp_ns=180822233235 latency_ns=0
          <idle>-0       [007] d.h.   180.824601: rkcif_stream_event: rkcif-mipi-lvds2 stream=0 generation=2 event=dma sequence=103 dma=0x1 timestamp_ns=180822235277 latency_ns=0
          <idle>-0       [007] ..s.   180.824607: rkcif_stream_event: rkcif-mipi-lvds2 stream=0 generation=2 event=vb2_done sequence=103 dma=0x1 timestamp_ns=180822240819 latency_ns=2917
          <idle>-0       [007] d.H.   180.825136: rkcif_stream_event: rkcif-mipi-lvds2 stream=0 generation=2 event=fs sequence=104 dma=0x1 timestamp_ns=180822770486 latency_ns=0
          <idle>-0       [007] d.h.   180.857936: rkcif_stream_event: rkcif-mipi-lvds2 stream=0 generation=2 event=fe sequence=104 dma=0x1 timestamp_ns=180855568405 latency_ns=0
          <idle>-0       [007] d.h.   180.857939: rkcif_stream_event: rkcif-mipi-lvds2 stream=0 generation=2 event=dma sequence=104 dma=0x1 timestamp_ns=180855572780 latency_ns=0
          <idle>-0       [007] ..s.   180.857946: rkcif_stream_event: rkcif-mipi-lvds2 stream=0 generation=2 event=vb2_done sequence=104 dma=0x1 timestamp_ns=180855580364 latency_ns=4667
          <idle>-0       [007] d.H.   180.858470: rkcif_stream_event: rkcif-mipi-lvds2 stream=0 generation=2 event=fs sequence=105 dma=0x1 timestamp_ns=180856104489 latency_ns=0
          <idle>-0       [007] d.h.   180.891271: rkcif_stream_event: rkcif-mipi-lvds2 stream=0 generation=2 event=fe sequence=105 dma=0x1 timestamp_ns=180888903576 latency_ns=0
          <idle>-0       [007] d.h.   180.891274: rkcif_stream_event: rkcif-mipi-lvds2 stream=0 generation=2 event=dma sequence=105 dma=0x1 timestamp_ns=180888908242 latency_ns=0
          <idle>-0       [007] .Ns.   180.891289: rkcif_stream_event: rkcif-mipi-lvds2 stream=0 generation=2 event=vb2_done sequence=105 dma=0x1 timestamp_ns=180888923701 latency_ns=11667
          <idle>-0       [007] dNH.   180.891805: rkcif_stream_event: rkcif-mipi-lvds2 stream=0 generation=2 event=fs sequence=106 dma=0x1 timestamp_ns=180889438784 latency_ns=0
          <idle>-0       [007] d.h.   180.924605: rkcif_stream_event: rkcif-mipi-lvds2 stream=0 generation=2 event=fe sequence=106 dma=0x1 timestamp_ns=180922236996 latency_ns=0
          <idle>-0       [007] d.h.   180.924608: rkcif_stream_event: rkcif-mipi-lvds2 stream=0 generation=2 event=dma sequence=106 dma=0x1 timestamp_ns=180922241954 latency_ns=0
          <idle>-0       [007] .Ns.   180.924621: rkcif_stream_event: rkcif-mipi-lvds2 stream=0 generation=2 event=vb2_done sequence=106 dma=0x1 timestamp_ns=180922254787 latency_ns=9625
          <idle>-0       [007] dNH.   180.925138: rkcif_stream_event: rkcif-mipi-lvds2 stream=0 generation=2 event=fs sequence=107 dma=0x1 timestamp_ns=180922772204 latency_ns=0
          <idle>-0       [007] d.h.   180.957930: rkcif_stream_event: rkcif-mipi-lvds2 stream=0 generation=2 event=fe sequence=107 dma=0x1 timestamp_ns=180955564582 latency_ns=0
          <idle>-0       [007] d.h.   180.957931: rkcif_stream_event: rkcif-mipi-lvds2 stream=0 generation=2 event=dma sequence=107 dma=0x1 timestamp_ns=180955565457 latency_ns=0
          <idle>-0       [007] ..s.   180.957933: rkcif_stream_event: rkcif-mipi-lvds2 stream=0 generation=2 event=vb2_done sequence=107 dma=0x1 timestamp_ns=180955567499 latency_ns=1458
          <idle>-0       [007] d.h.   180.958467: rkcif_stream_event: rkcif-mipi-lvds2 stream=0 generation=2 event=fs sequence=108 dma=0x1 timestamp_ns=180956101541 latency_ns=0
          <idle>-0       [007] d.h.   180.991367: rkcif_stream_event: rkcif-mipi-lvds2 stream=0 generation=2 event=fe sequence=108 dma=0x1 timestamp_ns=180988999211 latency_ns=0
          <idle>-0       [007] d.h.   180.991370: rkcif_stream_event: rkcif-mipi-lvds2 stream=0 generation=2 event=dma sequence=108 dma=0x1 timestamp_ns=180989004169 latency_ns=0
          <idle>-0       [007] .Ns.   180.991393: rkcif_stream_event: rkcif-mipi-lvds2 stream=0 generation=2 event=vb2_done sequence=108 dma=0x1 timestamp_ns=180989027211 latency_ns=19834
          <idle>-0       [007] dNH.   180.991805: rkcif_stream_event: rkcif-mipi-lvds2 stream=0 generation=2 event=fs sequence=109 dma=0x1 timestamp_ns=180989438752 latency_ns=0
          <idle>-0       [007] d.h.   181.024597: rkcif_stream_event: rkcif-mipi-lvds2 stream=0 generation=2 event=fe sequence=109 dma=0x1 timestamp_ns=181022231422 latency_ns=0
          <idle>-0       [007] d.h.   181.024597: rkcif_stream_event: rkcif-mipi-lvds2 stream=0 generation=2 event=dma sequence=109 dma=0x1 timestamp_ns=181022232297 latency_ns=0
          <idle>-0       [007] ..s.   181.024599: rkcif_stream_event: rkcif-mipi-lvds2 stream=0 generation=2 event=vb2_done sequence=109 dma=0x1 timestamp_ns=181022234047 latency_ns=1166
          <idle>-0       [007] d.h.   181.025133: rkcif_stream_event: rkcif-mipi-lvds2 stream=0 generation=2 event=fs sequence=110 dma=0x1 timestamp_ns=181022768089 latency_ns=0
          <idle>-0       [007] d.h.   181.057938: rkcif_stream_event: rkcif-mipi-lvds2 stream=0 generation=2 event=fe sequence=110 dma=0x1 timestamp_ns=181055570092 latency_ns=0
          <idle>-0       [007] d.h.   181.057941: rkcif_stream_event: rkcif-mipi-lvds2 stream=0 generation=2 event=dma sequence=110 dma=0x1 timestamp_ns=181055575051 latency_ns=0
          <idle>-0       [007] ..s.   181.057950: rkcif_stream_event: rkcif-mipi-lvds2 stream=0 generation=2 event=vb2_done sequence=110 dma=0x1 timestamp_ns=181055583509 latency_ns=5250
          <idle>-0       [007] dNH.   181.058472: rkcif_stream_event: rkcif-mipi-lvds2 stream=0 generation=2 event=fs sequence=111 dma=0x1 timestamp_ns=181056105592 latency_ns=0
          <idle>-0       [007] d.h.   181.091263: rkcif_stream_event: rkcif-mipi-lvds2 stream=0 generation=2 event=fe sequence=111 dma=0x1 timestamp_ns=181088897971 latency_ns=0
          <idle>-0       [007] d.h.   181.091264: rkcif_stream_event: rkcif-mipi-lvds2 stream=0 generation=2 event=dma sequence=111 dma=0x1 timestamp_ns=181088898846 latency_ns=0
          <idle>-0       [007] ..s.   181.091266: rkcif_stream_event: rkcif-mipi-lvds2 stream=0 generation=2 event=vb2_done sequence=111 dma=0x1 timestamp_ns=181088900596 latency_ns=1167
          <idle>-0       [007] d.h.   181.091800: rkcif_stream_event: rkcif-mipi-lvds2 stream=0 generation=2 event=fs sequence=112 dma=0x1 timestamp_ns=181089434637 latency_ns=0
          <idle>-0       [007] d.h.   181.124597: rkcif_stream_event: rkcif-mipi-lvds2 stream=0 generation=2 event=fe sequence=112 dma=0x1 timestamp_ns=181122231391 latency_ns=0
          <idle>-0       [007] d.h.   181.124597: rkcif_stream_event: rkcif-mipi-lvds2 stream=0 generation=2 event=dma sequence=112 dma=0x1 timestamp_ns=181122232266 latency_ns=0
          <idle>-0       [007] ..s.   181.124599: rkcif_stream_event: rkcif-mipi-lvds2 stream=0 generation=2 event=vb2_done sequence=112 dma=0x1 timestamp_ns=181122234016 latency_ns=1167
          <idle>-0       [007] d.h.   181.125138: rkcif_stream_event: rkcif-mipi-lvds2 stream=0 generation=2 event=fs sequence=113 dma=0x1 timestamp_ns=181122772141 latency_ns=0
          <idle>-0       [007] d.h.   181.157938: rkcif_stream_event: rkcif-mipi-lvds2 stream=0 generation=2 event=fe sequence=113 dma=0x1 timestamp_ns=181155570061 latency_ns=0
          <idle>-0       [007] d.h.   181.157941: rkcif_stream_event: rkcif-mipi-lvds2 stream=0 generation=2 event=dma sequence=113 dma=0x1 timestamp_ns=181155575019 latency_ns=0
          <idle>-0       [007] ..s.   181.157950: rkcif_stream_event: rkcif-mipi-lvds2 stream=0 generation=2 event=vb2_done sequence=113 dma=0x1 timestamp_ns=181155584061 latency_ns=5250
          <idle>-0       [007] d.H.   181.158471: rkcif_stream_event: rkcif-mipi-lvds2 stream=0 generation=2 event=fs sequence=114 dma=0x1 timestamp_ns=181156105561 latency_ns=0
          <idle>-0       [007] d.h.   181.191269: rkcif_stream_event: rkcif-mipi-lvds2 stream=0 generation=2 event=fe sequence=114 dma=0x1 timestamp_ns=181188901731 latency_ns=0
          <idle>-0       [007] d.h.   181.191272: rkcif_stream_event: rkcif-mipi-lvds2 stream=0 generation=2 event=dma sequence=114 dma=0x1 timestamp_ns=181188906106 latency_ns=0
          <idle>-0       [007] ..s.   181.191281: rkcif_stream_event: rkcif-mipi-lvds2 stream=0 generation=2 event=vb2_done sequence=114 dma=0x1 timestamp_ns=181188913689 latency_ns=4667
          <idle>-0       [007] d.H.   181.191804: rkcif_stream_event: rkcif-mipi-lvds2 stream=0 generation=2 event=fs sequence=115 dma=0x1 timestamp_ns=181189437814 latency_ns=0
          <idle>-0       [007] d.h.   181.224605: rkcif_stream_event: rkcif-mipi-lvds2 stream=0 generation=2 event=fe sequence=115 dma=0x1 timestamp_ns=181222236901 latency_ns=0
          <idle>-0       [007] d.h.   181.224608: rkcif_stream_event: rkcif-mipi-lvds2 stream=0 generation=2 event=dma sequence=115 dma=0x1 timestamp_ns=181222241859 latency_ns=0
          <idle>-0       [007] .Ns.   181.224623: rkcif_stream_event: rkcif-mipi-lvds2 stream=0 generation=2 event=vb2_done sequence=115 dma=0x1 timestamp_ns=181222250901 latency_ns=5542
          <idle>-0       [007] dNH.   181.225138: rkcif_stream_event: rkcif-mipi-lvds2 stream=0 generation=2 event=fs sequence=116 dma=0x1 timestamp_ns=181222772401 latency_ns=0
          <idle>-0       [007] d.h.   181.257931: rkcif_stream_event: rkcif-mipi-lvds2 stream=0 generation=2 event=fe sequence=116 dma=0x1 timestamp_ns=181255565362 latency_ns=0
          <idle>-0       [007] d.h.   181.257932: rkcif_stream_event: rkcif-mipi-lvds2 stream=0 generation=2 event=dma sequence=116 dma=0x1 timestamp_ns=181255566821 latency_ns=0
          <idle>-0       [007] ..s.   181.257935: rkcif_stream_event: rkcif-mipi-lvds2 stream=0 generation=2 event=vb2_done sequence=116 dma=0x1 timestamp_ns=181255569737 latency_ns=1750
          <idle>-0       [007] d.h.   181.258472: rkcif_stream_event: rkcif-mipi-lvds2 stream=0 generation=2 event=fs sequence=117 dma=0x1 timestamp_ns=181256105529 latency_ns=0
          <idle>-0       [007] d.h.   181.291372: rkcif_stream_event: rkcif-mipi-lvds2 stream=0 generation=2 event=fe sequence=117 dma=0x1 timestamp_ns=181289002907 latency_ns=0
          <idle>-0       [007] d.h.   181.291374: rkcif_stream_event: rkcif-mipi-lvds2 stream=0 generation=2 event=dma sequence=117 dma=0x1 timestamp_ns=181289008741 latency_ns=0
          <idle>-0       [007] ..s.   181.291385: rkcif_stream_event: rkcif-mipi-lvds2 stream=0 generation=2 event=vb2_done sequence=117 dma=0x1 timestamp_ns=181289018949 latency_ns=6417
          <idle>-0       [007] d.H.   181.291805: rkcif_stream_event: rkcif-mipi-lvds2 stream=0 generation=2 event=fs sequence=118 dma=0x1 timestamp_ns=181289438949 latency_ns=0
          <idle>-0       [007] d.h.   181.324605: rkcif_stream_event: rkcif-mipi-lvds2 stream=0 generation=2 event=fe sequence=118 dma=0x1 timestamp_ns=181322236869 latency_ns=0
          <idle>-0       [007] d.h.   181.324608: rkcif_stream_event: rkcif-mipi-lvds2 stream=0 generation=2 event=dma sequence=118 dma=0x1 timestamp_ns=181322241827 latency_ns=0
          <idle>-0       [007] ..s.   181.324617: rkcif_stream_event: rkcif-mipi-lvds2 stream=0 generation=2 event=vb2_done sequence=118 dma=0x1 timestamp_ns=181322250869 latency_ns=5833
          <idle>-0       [007] dNH.   181.325138: rkcif_stream_event: rkcif-mipi-lvds2 stream=0 generation=2 event=fs sequence=119 dma=0x1 timestamp_ns=181322772369 latency_ns=0
          <idle>-0       [007] d.h.   181.357930: rkcif_stream_event: rkcif-mipi-lvds2 stream=0 generation=2 event=fe sequence=119 dma=0x1 timestamp_ns=181355564747 latency_ns=0
          <idle>-0       [007] d.h.   181.357931: rkcif_stream_event: rkcif-mipi-lvds2 stream=0 generation=2 event=dma sequence=119 dma=0x1 timestamp_ns=181355565622 latency_ns=0
          <idle>-0       [007] ..s.   181.357933: rkcif_stream_event: rkcif-mipi-lvds2 stream=0 generation=2 event=vb2_done sequence=119 dma=0x1 timestamp_ns=181355567664 latency_ns=1458
          <idle>-0       [007] d.h.   181.358467: rkcif_stream_event: rkcif-mipi-lvds2 stream=0 generation=2 event=fs sequence=120 dma=0x1 timestamp_ns=181356101414 latency_ns=0
          <idle>-0       [007] d.h.   181.391271: rkcif_stream_event: rkcif-mipi-lvds2 stream=0 generation=2 event=fe sequence=120 dma=0x1 timestamp_ns=181388903709 latency_ns=0
          <idle>-0       [007] d.h.   181.391274: rkcif_stream_event: rkcif-mipi-lvds2 stream=0 generation=2 event=dma sequence=120 dma=0x1 timestamp_ns=181388908376 latency_ns=0
          <idle>-0       [007] .Ns.   181.391302: rkcif_stream_event: rkcif-mipi-lvds2 stream=0 generation=2 event=vb2_done sequence=120 dma=0x1 timestamp_ns=181388936667 latency_ns=25083
          <idle>-0       [007] dNH.   181.391805: rkcif_stream_event: rkcif-mipi-lvds2 stream=0 generation=2 event=fs sequence=121 dma=0x1 timestamp_ns=181389438917 latency_ns=0
          <idle>-0       [007] d.h.   181.424600: rkcif_stream_event: rkcif-mipi-lvds2 stream=0 generation=2 event=fe sequence=121 dma=0x1 timestamp_ns=181422233046 latency_ns=0
          <idle>-0       [007] d.h.   181.424601: rkcif_stream_event: rkcif-mipi-lvds2 stream=0 generation=2 event=dma sequence=121 dma=0x1 timestamp_ns=181422235087 latency_ns=0
          <idle>-0       [007] ..s.   181.424604: rkcif_stream_event: rkcif-mipi-lvds2 stream=0 generation=2 event=vb2_done sequence=121 dma=0x1 timestamp_ns=181422238879 latency_ns=2333
          <idle>-0       [007] d.h.   181.425133: rkcif_stream_event: rkcif-mipi-lvds2 stream=0 generation=2 event=fs sequence=122 dma=0x1 timestamp_ns=181422767962 latency_ns=0
          <idle>-0       [007] d.h.   181.457936: rkcif_stream_event: rkcif-mipi-lvds2 stream=0 generation=2 event=fe sequence=122 dma=0x1 timestamp_ns=181455568507 latency_ns=0
          <idle>-0       [007] d.h.   181.457939: rkcif_stream_event: rkcif-mipi-lvds2 stream=0 generation=2 event=dma sequence=122 dma=0x1 timestamp_ns=181455572882 latency_ns=0
          <idle>-0       [007] ..s.   181.457946: rkcif_stream_event: rkcif-mipi-lvds2 stream=0 generation=2 event=vb2_done sequence=122 dma=0x1 timestamp_ns=181455580174 latency_ns=4375
          <idle>-0       [007] d.H.   181.458470: rkcif_stream_event: rkcif-mipi-lvds2 stream=0 generation=2 event=fs sequence=123 dma=0x1 timestamp_ns=181456104591 latency_ns=0
          <idle>-0       [007] d.h.   181.491271: rkcif_stream_event: rkcif-mipi-lvds2 stream=0 generation=2 event=fe sequence=123 dma=0x1 timestamp_ns=181488903386 latency_ns=0
          <idle>-0       [007] d.h.   181.491274: rkcif_stream_event: rkcif-mipi-lvds2 stream=0 generation=2 event=dma sequence=123 dma=0x1 timestamp_ns=181488908636 latency_ns=0
          <idle>-0       [007] .Ns.   181.491287: rkcif_stream_event: rkcif-mipi-lvds2 stream=0 generation=2 event=vb2_done sequence=123 dma=0x1 timestamp_ns=181488921761 latency_ns=9625
          <idle>-0       [007] dNH.   181.491805: rkcif_stream_event: rkcif-mipi-lvds2 stream=0 generation=2 event=fs sequence=124 dma=0x1 timestamp_ns=181489438886 latency_ns=0
          <idle>-0       [007] d.h.   181.524604: rkcif_stream_event: rkcif-mipi-lvds2 stream=0 generation=2 event=fe sequence=124 dma=0x1 timestamp_ns=181522236514 latency_ns=0
          <idle>-0       [007] d.h.   181.524607: rkcif_stream_event: rkcif-mipi-lvds2 stream=0 generation=2 event=dma sequence=124 dma=0x1 timestamp_ns=181522241764 latency_ns=0
          <idle>-0       [007] ..s.   181.524616: rkcif_stream_event: rkcif-mipi-lvds2 stream=0 generation=2 event=vb2_done sequence=124 dma=0x1 timestamp_ns=181522249931 latency_ns=4959
          <idle>-0       [007] dNH.   181.525138: rkcif_stream_event: rkcif-mipi-lvds2 stream=0 generation=2 event=fs sequence=125 dma=0x1 timestamp_ns=181522772306 latency_ns=0
          <idle>-0       [007] d.h.   181.557936: rkcif_stream_event: rkcif-mipi-lvds2 stream=0 generation=2 event=fe sequence=125 dma=0x1 timestamp_ns=181555568767 latency_ns=0
          <idle>-0       [007] d.h.   181.557939: rkcif_stream_event: rkcif-mipi-lvds2 stream=0 generation=2 event=dma sequence=125 dma=0x1 timestamp_ns=181555573142 latency_ns=0
          <idle>-0       [007] ..s.   181.557947: rkcif_stream_event: rkcif-mipi-lvds2 stream=0 generation=2 event=vb2_done sequence=125 dma=0x1 timestamp_ns=181555580726 latency_ns=4375
          <idle>-0       [007] dNH.   181.558471: rkcif_stream_event: rkcif-mipi-lvds2 stream=0 generation=2 event=fs sequence=126 dma=0x1 timestamp_ns=181556104559 latency_ns=0
          <idle>-0       [007] d.h.   181.591271: rkcif_stream_event: rkcif-mipi-lvds2 stream=0 generation=2 event=fe sequence=126 dma=0x1 timestamp_ns=181588903354 latency_ns=0
          <idle>-0       [007] d.h.   181.591274: rkcif_stream_event: rkcif-mipi-lvds2 stream=0 generation=2 event=dma sequence=126 dma=0x1 timestamp_ns=181588908313 latency_ns=0
          <idle>-0       [007] ..s.   181.591283: rkcif_stream_event: rkcif-mipi-lvds2 stream=0 generation=2 event=vb2_done sequence=126 dma=0x1 timestamp_ns=181588917063 latency_ns=5542
          <idle>-0       [007] d.H.   181.591807: rkcif_stream_event: rkcif-mipi-lvds2 stream=0 generation=2 event=fs sequence=127 dma=0x1 timestamp_ns=181589441188 latency_ns=0
          <idle>-0       [007] d.h.   181.624602: rkcif_stream_event: rkcif-mipi-lvds2 stream=0 generation=2 event=fe sequence=127 dma=0x1 timestamp_ns=181622235316 latency_ns=0
          <idle>-0       [007] d.h.   181.624606: rkcif_stream_event: rkcif-mipi-lvds2 stream=0 generation=2 event=dma sequence=127 dma=0x1 timestamp_ns=181622239399 latency_ns=0
          <idle>-0       [007] ..s.   181.624614: rkcif_stream_event: rkcif-mipi-lvds2 stream=0 generation=2 event=vb2_done sequence=127 dma=0x1 timestamp_ns=181622248733 latency_ns=4667
          <idle>-0       [007] dNH.   181.625137: rkcif_stream_event: rkcif-mipi-lvds2 stream=0 generation=2 event=fs sequence=128 dma=0x1 timestamp_ns=181622771399 latency_ns=0
          <idle>-0       [007] d.h.   181.657938: rkcif_stream_event: rkcif-mipi-lvds2 stream=0 generation=2 event=fe sequence=128 dma=0x1 timestamp_ns=181655570194 latency_ns=0
          <idle>-0       [007] d.h.   181.657941: rkcif_stream_event: rkcif-mipi-lvds2 stream=0 generation=2 event=dma sequence=128 dma=0x1 timestamp_ns=181655575153 latency_ns=0
          <idle>-0       [007] ..s.   181.657949: rkcif_stream_event: rkcif-mipi-lvds2 stream=0 generation=2 event=vb2_done sequence=128 dma=0x1 timestamp_ns=181655583611 latency_ns=5250
          <idle>-0       [007] dNH.   181.658471: rkcif_stream_event: rkcif-mipi-lvds2 stream=0 generation=2 event=fs sequence=129 dma=0x1 timestamp_ns=181656105694 latency_ns=0
          <idle>-0       [007] d.h.   181.691369: rkcif_stream_event: rkcif-mipi-lvds2 stream=0 generation=2 event=fe sequence=129 dma=0x1 timestamp_ns=181689000739 latency_ns=0
          <idle>-0       [007] d.h.   181.691371: rkcif_stream_event: rkcif-mipi-lvds2 stream=0 generation=2 event=dma sequence=129 dma=0x1 timestamp_ns=181689005698 latency_ns=0
          <idle>-0       [007] ..s.   181.691381: rkcif_stream_event: rkcif-mipi-lvds2 stream=0 generation=2 event=vb2_done sequence=129 dma=0x1 timestamp_ns=181689015323 latency_ns=6125
          <idle>-0       [007] d.H.   181.691805: rkcif_stream_event: rkcif-mipi-lvds2 stream=0 generation=2 event=fs sequence=130 dma=0x1 timestamp_ns=181689439114 latency_ns=0
          5-0022-179     [007] d.h.   181.724604: rkcif_stream_event: rkcif-mipi-lvds2 stream=0 generation=2 event=fe sequence=130 dma=0x1 timestamp_ns=181722236159 latency_ns=0
          5-0022-179     [007] d.h.   181.724607: rkcif_stream_event: rkcif-mipi-lvds2 stream=0 generation=2 event=dma sequence=130 dma=0x1 timestamp_ns=181722240826 latency_ns=0
          5-0022-179     [007] ..s.   181.724615: rkcif_stream_event: rkcif-mipi-lvds2 stream=0 generation=2 event=vb2_done sequence=130 dma=0x1 timestamp_ns=181722249284 latency_ns=5250
          5-0022-179     [007] d.H.   181.725138: rkcif_stream_event: rkcif-mipi-lvds2 stream=0 generation=2 event=fs sequence=131 dma=0x1 timestamp_ns=181722772243 latency_ns=0
          <idle>-0       [007] d.h.   181.757936: rkcif_stream_event: rkcif-mipi-lvds2 stream=0 generation=2 event=fe sequence=131 dma=0x1 timestamp_ns=181755568704 latency_ns=0
          <idle>-0       [007] d.h.   181.757939: rkcif_stream_event: rkcif-mipi-lvds2 stream=0 generation=2 event=dma sequence=131 dma=0x1 timestamp_ns=181755573079 latency_ns=0
          <idle>-0       [007] ..s.   181.757946: rkcif_stream_event: rkcif-mipi-lvds2 stream=0 generation=2 event=vb2_done sequence=131 dma=0x1 timestamp_ns=181755580663 latency_ns=4375
          <idle>-0       [007] dNH.   181.758470: rkcif_stream_event: rkcif-mipi-lvds2 stream=0 generation=2 event=fs sequence=132 dma=0x1 timestamp_ns=181756104496 latency_ns=0
          <idle>-0       [007] d.h.   181.791271: rkcif_stream_event: rkcif-mipi-lvds2 stream=0 generation=2 event=fe sequence=132 dma=0x1 timestamp_ns=181788903291 latency_ns=0
          <idle>-0       [007] d.h.   181.791274: rkcif_stream_event: rkcif-mipi-lvds2 stream=0 generation=2 event=dma sequence=132 dma=0x1 timestamp_ns=181788908249 latency_ns=0
          <idle>-0       [007] ..s.   181.791283: rkcif_stream_event: rkcif-mipi-lvds2 stream=0 generation=2 event=vb2_done sequence=132 dma=0x1 timestamp_ns=181788916708 latency_ns=5250
          <idle>-0       [007] d.H.   181.791805: rkcif_stream_event: rkcif-mipi-lvds2 stream=0 generation=2 event=fs sequence=133 dma=0x1 timestamp_ns=181789438791 latency_ns=0
          <idle>-0       [007] d.h.   181.824602: rkcif_stream_event: rkcif-mipi-lvds2 stream=0 generation=2 event=fe sequence=133 dma=0x1 timestamp_ns=181822235544 latency_ns=0
          <idle>-0       [007] d.h.   181.824605: rkcif_stream_event: rkcif-mipi-lvds2 stream=0 generation=2 event=dma sequence=133 dma=0x1 timestamp_ns=181822239628 latency_ns=0
          <idle>-0       [007] ..s.   181.824613: rkcif_stream_event: rkcif-mipi-lvds2 stream=0 generation=2 event=vb2_done sequence=133 dma=0x1 timestamp_ns=181822247211 latency_ns=4667
          <idle>-0       [007] dNH.   181.825137: rkcif_stream_event: rkcif-mipi-lvds2 stream=0 generation=2 event=fs sequence=134 dma=0x1 timestamp_ns=181822771336 latency_ns=0
          <idle>-0       [007] d.h.   181.857938: rkcif_stream_event: rkcif-mipi-lvds2 stream=0 generation=2 event=fe sequence=134 dma=0x1 timestamp_ns=181855570131 latency_ns=0
          <idle>-0       [007] d.h.   181.857940: rkcif_stream_event: rkcif-mipi-lvds2 stream=0 generation=2 event=dma sequence=134 dma=0x1 timestamp_ns=181855574798 latency_ns=0
          <idle>-0       [007] ..s.   181.857949: rkcif_stream_event: rkcif-mipi-lvds2 stream=0 generation=2 event=vb2_done sequence=134 dma=0x1 timestamp_ns=181855583548 latency_ns=5542
          <idle>-0       [007] d.H.   181.858471: rkcif_stream_event: rkcif-mipi-lvds2 stream=0 generation=2 event=fs sequence=135 dma=0x1 timestamp_ns=181856105631 latency_ns=0
          <idle>-0       [007] d.h.   181.891269: rkcif_stream_event: rkcif-mipi-lvds2 stream=0 generation=2 event=fe sequence=135 dma=0x1 timestamp_ns=181888901801 latency_ns=0
          <idle>-0       [007] d.h.   181.891272: rkcif_stream_event: rkcif-mipi-lvds2 stream=0 generation=2 event=dma sequence=135 dma=0x1 timestamp_ns=181888906176 latency_ns=0
          <idle>-0       [007] ..s.   181.891280: rkcif_stream_event: rkcif-mipi-lvds2 stream=0 generation=2 event=vb2_done sequence=135 dma=0x1 timestamp_ns=181888913759 latency_ns=4375
          <idle>-0       [007] dNH.   181.891804: rkcif_stream_event: rkcif-mipi-lvds2 stream=0 generation=2 event=fs sequence=136 dma=0x1 timestamp_ns=181889437884 latency_ns=0
          <idle>-0       [007] d.h.   181.924604: rkcif_stream_event: rkcif-mipi-lvds2 stream=0 generation=2 event=fe sequence=136 dma=0x1 timestamp_ns=181922236679 latency_ns=0
          <idle>-0       [007] d.h.   181.924607: rkcif_stream_event: rkcif-mipi-lvds2 stream=0 generation=2 event=dma sequence=136 dma=0x1 timestamp_ns=181922241346 latency_ns=0
          <idle>-0       [007] ..s.   181.924616: rkcif_stream_event: rkcif-mipi-lvds2 stream=0 generation=2 event=vb2_done sequence=136 dma=0x1 timestamp_ns=181922250096 latency_ns=5250
          <idle>-0       [007] d.H.   181.925138: rkcif_stream_event: rkcif-mipi-lvds2 stream=0 generation=2 event=fs sequence=137 dma=0x1 timestamp_ns=181922772471 latency_ns=0
          <idle>-0       [007] d.h.   181.957936: rkcif_stream_event: rkcif-mipi-lvds2 stream=0 generation=2 event=fe sequence=137 dma=0x1 timestamp_ns=181955568641 latency_ns=0
          <idle>-0       [007] d.h.   181.957938: rkcif_stream_event: rkcif-mipi-lvds2 stream=0 generation=2 event=dma sequence=137 dma=0x1 timestamp_ns=181955572724 latency_ns=0
          <idle>-0       [007] ..s.   181.957946: rkcif_stream_event: rkcif-mipi-lvds2 stream=0 generation=2 event=vb2_done sequence=137 dma=0x1 timestamp_ns=181955580599 latency_ns=4666
          <idle>-0       [007] d.H.   181.958470: rkcif_stream_event: rkcif-mipi-lvds2 stream=0 generation=2 event=fs sequence=138 dma=0x1 timestamp_ns=181956104724 latency_ns=0
          <idle>-0       [007] d.h.   181.991264: rkcif_stream_event: rkcif-mipi-lvds2 stream=0 generation=2 event=fe sequence=138 dma=0x1 timestamp_ns=181988897978 latency_ns=0
          <idle>-0       [007] d.h.   181.991264: rkcif_stream_event: rkcif-mipi-lvds2 stream=0 generation=2 event=dma sequence=138 dma=0x1 timestamp_ns=181988898853 latency_ns=0
          <idle>-0       [007] ..s.   181.991266: rkcif_stream_event: rkcif-mipi-lvds2 stream=0 generation=2 event=vb2_done sequence=138 dma=0x1 timestamp_ns=181988900894 latency_ns=1166
          <idle>-0       [007] d.h.   181.991800: rkcif_stream_event: rkcif-mipi-lvds2 stream=0 generation=2 event=fs sequence=139 dma=0x1 timestamp_ns=181989434936 latency_ns=0
          <idle>-0       [007] d.h.   182.024701: rkcif_stream_event: rkcif-mipi-lvds2 stream=0 generation=2 event=fe sequence=139 dma=0x1 timestamp_ns=182022333481 latency_ns=0
          <idle>-0       [007] d.h.   182.024704: rkcif_stream_event: rkcif-mipi-lvds2 stream=0 generation=2 event=dma sequence=139 dma=0x1 timestamp_ns=182022338731 latency_ns=0
          <idle>-0       [007] ..s.   182.024714: rkcif_stream_event: rkcif-mipi-lvds2 stream=0 generation=2 event=vb2_done sequence=139 dma=0x1 timestamp_ns=182022348064 latency_ns=5833
          <idle>-0       [007] d.H.   182.025138: rkcif_stream_event: rkcif-mipi-lvds2 stream=0 generation=2 event=fs sequence=140 dma=0x1 timestamp_ns=182022772148 latency_ns=0
          <idle>-0       [007] d.h.   182.057931: rkcif_stream_event: rkcif-mipi-lvds2 stream=0 generation=2 event=fe sequence=140 dma=0x1 timestamp_ns=182055564818 latency_ns=0
          <idle>-0       [007] d.h.   182.057931: rkcif_stream_event: rkcif-mipi-lvds2 stream=0 generation=2 event=dma sequence=140 dma=0x1 timestamp_ns=182055565984 latency_ns=0
          <idle>-0       [007] ..s.   182.057933: rkcif_stream_event: rkcif-mipi-lvds2 stream=0 generation=2 event=vb2_done sequence=140 dma=0x1 timestamp_ns=182055568026 latency_ns=1167
          <idle>-0       [007] d.h.   182.058467: rkcif_stream_event: rkcif-mipi-lvds2 stream=0 generation=2 event=fs sequence=141 dma=0x1 timestamp_ns=182056101484 latency_ns=0
          <idle>-0       [007] d.h.   182.091271: rkcif_stream_event: rkcif-mipi-lvds2 stream=0 generation=2 event=fe sequence=141 dma=0x1 timestamp_ns=182088903488 latency_ns=0
          <idle>-0       [007] d.h.   182.091274: rkcif_stream_event: rkcif-mipi-lvds2 stream=0 generation=2 event=dma sequence=141 dma=0x1 timestamp_ns=182088908154 latency_ns=0
          <idle>-0       [007] ..s.   182.091283: rkcif_stream_event: rkcif-mipi-lvds2 stream=0 generation=2 event=vb2_done sequence=141 dma=0x1 timestamp_ns=182088916904 latency_ns=5250
          <idle>-0       [007] dNH.   182.091805: rkcif_stream_event: rkcif-mipi-lvds2 stream=0 generation=2 event=fs sequence=142 dma=0x1 timestamp_ns=182089438988 latency_ns=0
          <idle>-0       [007] d.h.   182.124597: rkcif_stream_event: rkcif-mipi-lvds2 stream=0 generation=2 event=fe sequence=142 dma=0x1 timestamp_ns=182122231366 latency_ns=0
          <idle>-0       [007] d.h.   182.124598: rkcif_stream_event: rkcif-mipi-lvds2 stream=0 generation=2 event=dma sequence=142 dma=0x1 timestamp_ns=182122232241 latency_ns=0
          <idle>-0       [007] ..s.   182.124599: rkcif_stream_event: rkcif-mipi-lvds2 stream=0 generation=2 event=vb2_done sequence=142 dma=0x1 timestamp_ns=182122233991 latency_ns=1167
          <idle>-0       [007] d.h.   182.125133: rkcif_stream_event: rkcif-mipi-lvds2 stream=0 generation=2 event=fs sequence=143 dma=0x1 timestamp_ns=182122768324 latency_ns=0
          <idle>-0       [007] d.h.   182.157936: rkcif_stream_event: rkcif-mipi-lvds2 stream=0 generation=2 event=fe sequence=143 dma=0x1 timestamp_ns=182155568578 latency_ns=0
          <idle>-0       [007] d.h.   182.157938: rkcif_stream_event: rkcif-mipi-lvds2 stream=0 generation=2 event=dma sequence=143 dma=0x1 timestamp_ns=182155572661 latency_ns=0
          <idle>-0       [007] ..s.   182.157946: rkcif_stream_event: rkcif-mipi-lvds2 stream=0 generation=2 event=vb2_done sequence=143 dma=0x1 timestamp_ns=182155580536 latency_ns=4667
          <idle>-0       [007] dNH.   182.158471: rkcif_stream_event: rkcif-mipi-lvds2 stream=0 generation=2 event=fs sequence=144 dma=0x1 timestamp_ns=182156104661 latency_ns=0
          <idle>-0       [007] d.h.   182.191269: rkcif_stream_event: rkcif-mipi-lvds2 stream=0 generation=2 event=fe sequence=144 dma=0x1 timestamp_ns=182188901998 latency_ns=0
          <idle>-0       [007] d.h.   182.191272: rkcif_stream_event: rkcif-mipi-lvds2 stream=0 generation=2 event=dma sequence=144 dma=0x1 timestamp_ns=182188906373 latency_ns=0
          <idle>-0       [007] ..s.   182.191280: rkcif_stream_event: rkcif-mipi-lvds2 stream=0 generation=2 event=vb2_done sequence=144 dma=0x1 timestamp_ns=182188913956 latency_ns=4667
          <idle>-0       [007] d.H.   182.191804: rkcif_stream_event: rkcif-mipi-lvds2 stream=0 generation=2 event=fs sequence=145 dma=0x1 timestamp_ns=182189438081 latency_ns=0
          <idle>-0       [007] d.h.   182.224605: rkcif_stream_event: rkcif-mipi-lvds2 stream=0 generation=2 event=fe sequence=145 dma=0x1 timestamp_ns=182222236876 latency_ns=0
          <idle>-0       [007] d.h.   182.224607: rkcif_stream_event: rkcif-mipi-lvds2 stream=0 generation=2 event=dma sequence=145 dma=0x1 timestamp_ns=182222241834 latency_ns=0
          <idle>-0       [007] ..s.   182.224616: rkcif_stream_event: rkcif-mipi-lvds2 stream=0 generation=2 event=vb2_done sequence=145 dma=0x1 timestamp_ns=182222250584 latency_ns=5250
          <idle>-0       [007] d.H.   182.225138: rkcif_stream_event: rkcif-mipi-lvds2 stream=0 generation=2 event=fs sequence=146 dma=0x1 timestamp_ns=182222772376 latency_ns=0
          <idle>-0       [007] d.h.   182.257930: rkcif_stream_event: rkcif-mipi-lvds2 stream=0 generation=2 event=fe sequence=146 dma=0x1 timestamp_ns=182255564463 latency_ns=0
          <idle>-0       [007] d.h.   182.257930: rkcif_stream_event: rkcif-mipi-lvds2 stream=0 generation=2 event=dma sequence=146 dma=0x1 timestamp_ns=182255565338 latency_ns=0
          <idle>-0       [007] ..s.   182.257932: rkcif_stream_event: rkcif-mipi-lvds2 stream=0 generation=2 event=vb2_done sequence=146 dma=0x1 timestamp_ns=182255567088 latency_ns=1167
          <idle>-0       [007] d.h.   182.258466: rkcif_stream_event: rkcif-mipi-lvds2 stream=0 generation=2 event=fs sequence=147 dma=0x1 timestamp_ns=182256101421 latency_ns=0
          <idle>-0       [007] d.h.   182.291267: rkcif_stream_event: rkcif-mipi-lvds2 stream=0 generation=2 event=fe sequence=147 dma=0x1 timestamp_ns=182288901091 latency_ns=0
          <idle>-0       [007] d.h.   182.291268: rkcif_stream_event: rkcif-mipi-lvds2 stream=0 generation=2 event=dma sequence=147 dma=0x1 timestamp_ns=182288902550 latency_ns=0
          <idle>-0       [007] ..s.   182.291274: rkcif_stream_event: rkcif-mipi-lvds2 stream=0 generation=2 event=vb2_done sequence=147 dma=0x1 timestamp_ns=182288908091 latency_ns=2916
          <idle>-0       [007] d.H.   182.291804: rkcif_stream_event: rkcif-mipi-lvds2 stream=0 generation=2 event=fs sequence=148 dma=0x1 timestamp_ns=182289437758 latency_ns=0
          <idle>-0       [007] d.h.   182.324602: rkcif_stream_event: rkcif-mipi-lvds2 stream=0 generation=2 event=fe sequence=148 dma=0x1 timestamp_ns=182322235386 latency_ns=0
          <idle>-0       [007] d.h.   182.324605: rkcif_stream_event: rkcif-mipi-lvds2 stream=0 generation=2 event=dma sequence=148 dma=0x1 timestamp_ns=182322239761 latency_ns=0
          <idle>-0       [007] ..s.   182.324613: rkcif_stream_event: rkcif-mipi-lvds2 stream=0 generation=2 event=vb2_done sequence=148 dma=0x1 timestamp_ns=182322247636 latency_ns=4666
          <idle>-0       [007] d.H.   182.325137: rkcif_stream_event: rkcif-mipi-lvds2 stream=0 generation=2 event=fs sequence=149 dma=0x1 timestamp_ns=182322771470 latency_ns=0
          <idle>-0       [007] d.h.   182.358035: rkcif_stream_event: rkcif-mipi-lvds2 stream=0 generation=2 event=fe sequence=149 dma=0x1 timestamp_ns=182355666806 latency_ns=0
          <idle>-0       [007] d.h.   182.358038: rkcif_stream_event: rkcif-mipi-lvds2 stream=0 generation=2 event=dma sequence=149 dma=0x1 timestamp_ns=182355672056 latency_ns=0
          <idle>-0       [007] ..s.   182.358048: rkcif_stream_event: rkcif-mipi-lvds2 stream=0 generation=2 event=vb2_done sequence=149 dma=0x1 timestamp_ns=182355681681 latency_ns=6125
          <idle>-0       [007] d.H.   182.358471: rkcif_stream_event: rkcif-mipi-lvds2 stream=0 generation=2 event=fs sequence=150 dma=0x1 timestamp_ns=182356105765 latency_ns=0
          <idle>-0       [007] d.h.   182.391368: rkcif_stream_event: rkcif-mipi-lvds2 stream=0 generation=2 event=fe sequence=150 dma=0x1 timestamp_ns=182388999935 latency_ns=0
          <idle>-0       [007] d.h.   182.391371: rkcif_stream_event: rkcif-mipi-lvds2 stream=0 generation=2 event=dma sequence=150 dma=0x1 timestamp_ns=182389004893 latency_ns=0
          <idle>-0       [007] ..s.   182.391380: rkcif_stream_event: rkcif-mipi-lvds2 stream=0 generation=2 event=vb2_done sequence=150 dma=0x1 timestamp_ns=182389013935 latency_ns=5834
          <idle>-0       [007] d.H.   182.391805: rkcif_stream_event: rkcif-mipi-lvds2 stream=0 generation=2 event=fs sequence=151 dma=0x1 timestamp_ns=182389439185 latency_ns=0
          <idle>-0       [007] d.h.   182.424604: rkcif_stream_event: rkcif-mipi-lvds2 stream=0 generation=2 event=fe sequence=151 dma=0x1 timestamp_ns=182422236813 latency_ns=0
          <idle>-0       [007] d.h.   182.424607: rkcif_stream_event: rkcif-mipi-lvds2 stream=0 generation=2 event=dma sequence=151 dma=0x1 timestamp_ns=182422241480 latency_ns=0
          <idle>-0       [007] ..s.   182.424616: rkcif_stream_event: rkcif-mipi-lvds2 stream=0 generation=2 event=vb2_done sequence=151 dma=0x1 timestamp_ns=182422250230 latency_ns=5250
          <idle>-0       [007] d.H.   182.425138: rkcif_stream_event: rkcif-mipi-lvds2 stream=0 generation=2 event=fs sequence=152 dma=0x1 timestamp_ns=182422772021 latency_ns=0
          <idle>-0       [007] d.h.   182.457934: rkcif_stream_event: rkcif-mipi-lvds2 stream=0 generation=2 event=fe sequence=152 dma=0x1 timestamp_ns=182455567608 latency_ns=0
          <idle>-0       [007] d.h.   182.457935: rkcif_stream_event: rkcif-mipi-lvds2 stream=0 generation=2 event=dma sequence=152 dma=0x1 timestamp_ns=182455569650 latency_ns=0
          <idle>-0       [007] ..s.   182.457941: rkcif_stream_event: rkcif-mipi-lvds2 stream=0 generation=2 event=vb2_done sequence=152 dma=0x1 timestamp_ns=182455575775 latency_ns=3792
          <idle>-0       [007] d.H.   182.458472: rkcif_stream_event: rkcif-mipi-lvds2 stream=0 generation=2 event=fs sequence=153 dma=0x1 timestamp_ns=182456104566 latency_ns=0
          <idle>-0       [007] d.h.   182.491271: rkcif_stream_event: rkcif-mipi-lvds2 stream=0 generation=2 event=fe sequence=153 dma=0x1 timestamp_ns=182488903653 latency_ns=0
          <idle>-0       [007] d.h.   182.491274: rkcif_stream_event: rkcif-mipi-lvds2 stream=0 generation=2 event=dma sequence=153 dma=0x1 timestamp_ns=182488908320 latency_ns=0
          <idle>-0       [007] ..s.   182.491283: rkcif_stream_event: rkcif-mipi-lvds2 stream=0 generation=2 event=vb2_done sequence=153 dma=0x1 timestamp_ns=182488917361 latency_ns=5250
          <idle>-0       [007] d.H.   182.491805: rkcif_stream_event: rkcif-mipi-lvds2 stream=0 generation=2 event=fs sequence=154 dma=0x1 timestamp_ns=182489438861 latency_ns=0
          <idle>-0       [007] d.h.   182.524602: rkcif_stream_event: rkcif-mipi-lvds2 stream=0 generation=2 event=fe sequence=154 dma=0x1 timestamp_ns=182522235323 latency_ns=0
          <idle>-0       [007] d.h.   182.524605: rkcif_stream_event: rkcif-mipi-lvds2 stream=0 generation=2 event=dma sequence=154 dma=0x1 timestamp_ns=182522239406 latency_ns=0
          <idle>-0       [007] ..s.   182.524613: rkcif_stream_event: rkcif-mipi-lvds2 stream=0 generation=2 event=vb2_done sequence=154 dma=0x1 timestamp_ns=182522246990 latency_ns=4667
          <idle>-0       [007] d.H.   182.525137: rkcif_stream_event: rkcif-mipi-lvds2 stream=0 generation=2 event=fs sequence=155 dma=0x1 timestamp_ns=182522771406 latency_ns=0
          <idle>-0       [007] d.h.   182.557938: rkcif_stream_event: rkcif-mipi-lvds2 stream=0 generation=2 event=fe sequence=155 dma=0x1 timestamp_ns=182555570201 latency_ns=0
          <idle>-0       [007] d.h.   182.557940: rkcif_stream_event: rkcif-mipi-lvds2 stream=0 generation=2 event=dma sequence=155 dma=0x1 timestamp_ns=182555574868 latency_ns=0
          <idle>-0       [007] ..s.   182.557950: rkcif_stream_event: rkcif-mipi-lvds2 stream=0 generation=2 event=vb2_done sequence=155 dma=0x1 timestamp_ns=182555583618 latency_ns=4958
          <idle>-0       [007] dNH.   182.558472: rkcif_stream_event: rkcif-mipi-lvds2 stream=0 generation=2 event=fs sequence=156 dma=0x1 timestamp_ns=182556105701 latency_ns=0
          <idle>-0       [007] d.h.   182.591269: rkcif_stream_event: rkcif-mipi-lvds2 stream=0 generation=2 event=fe sequence=156 dma=0x1 timestamp_ns=182588902163 latency_ns=0
          <idle>-0       [007] d.h.   182.591272: rkcif_stream_event: rkcif-mipi-lvds2 stream=0 generation=2 event=dma sequence=156 dma=0x1 timestamp_ns=182588906246 latency_ns=0
          <idle>-0       [007] ..s.   182.591279: rkcif_stream_event: rkcif-mipi-lvds2 stream=0 generation=2 event=vb2_done sequence=156 dma=0x1 timestamp_ns=182588913830 latency_ns=4667
          <idle>-0       [007] d.H.   182.591804: rkcif_stream_event: rkcif-mipi-lvds2 stream=0 generation=2 event=fs sequence=157 dma=0x1 timestamp_ns=182589438246 latency_ns=0
          <idle>-0       [007] d.h.   182.624604: rkcif_stream_event: rkcif-mipi-lvds2 stream=0 generation=2 event=fe sequence=157 dma=0x1 timestamp_ns=182622236750 latency_ns=0
          <idle>-0       [007] d.h.   182.624607: rkcif_stream_event: rkcif-mipi-lvds2 stream=0 generation=2 event=dma sequence=157 dma=0x1 timestamp_ns=182622241708 latency_ns=0
          <idle>-0       [007] ..s.   182.624616: rkcif_stream_event: rkcif-mipi-lvds2 stream=0 generation=2 event=vb2_done sequence=157 dma=0x1 timestamp_ns=182622250458 latency_ns=5250
          <idle>-0       [007] d.H.   182.625138: rkcif_stream_event: rkcif-mipi-lvds2 stream=0 generation=2 event=fs sequence=158 dma=0x1 timestamp_ns=182622772541 latency_ns=0
          <idle>-0       [007] d.h.   182.657930: rkcif_stream_event: rkcif-mipi-lvds2 stream=0 generation=2 event=fe sequence=158 dma=0x1 timestamp_ns=182655564920 latency_ns=0
          <idle>-0       [007] d.h.   182.657931: rkcif_stream_event: rkcif-mipi-lvds2 stream=0 generation=2 event=dma sequence=158 dma=0x1 timestamp_ns=182655565795 latency_ns=0
          <idle>-0       [007] ..s.   182.657933: rkcif_stream_event: rkcif-mipi-lvds2 stream=0 generation=2 event=vb2_done sequence=158 dma=0x1 timestamp_ns=182655567545 latency_ns=1167
          <idle>-0       [007] d.h.   182.658467: rkcif_stream_event: rkcif-mipi-lvds2 stream=0 generation=2 event=fs sequence=159 dma=0x1 timestamp_ns=182656101586 latency_ns=0
          <idle>-0       [007] dNh.   182.691289: rkcif_stream_event: rkcif-mipi-lvds2 stream=0 generation=2 event=fe sequence=159 dma=0x1 timestamp_ns=182688921381 latency_ns=0
          <idle>-0       [007] dNh.   182.691292: rkcif_stream_event: rkcif-mipi-lvds2 stream=0 generation=2 event=dma sequence=159 dma=0x1 timestamp_ns=182688926340 latency_ns=0
          <idle>-0       [007] .Ns.   182.691302: rkcif_stream_event: rkcif-mipi-lvds2 stream=0 generation=2 event=vb2_done sequence=159 dma=0x1 timestamp_ns=182688935965 latency_ns=5834
          <idle>-0       [007] dNH.   182.691805: rkcif_stream_event: rkcif-mipi-lvds2 stream=0 generation=2 event=fs sequence=160 dma=0x1 timestamp_ns=182689439090 latency_ns=0
          <idle>-0       [007] d.h.   182.724605: rkcif_stream_event: rkcif-mipi-lvds2 stream=0 generation=2 event=fe sequence=160 dma=0x1 timestamp_ns=182722237010 latency_ns=0
          <idle>-0       [007] d.h.   182.724608: rkcif_stream_event: rkcif-mipi-lvds2 stream=0 generation=2 event=dma sequence=160 dma=0x1 timestamp_ns=182722241968 latency_ns=0
          <idle>-0       [007] ..s.   182.724616: rkcif_stream_event: rkcif-mipi-lvds2 stream=0 generation=2 event=vb2_done sequence=160 dma=0x1 timestamp_ns=182722250426 latency_ns=5250
          <idle>-0       [007] d.H.   182.725138: rkcif_stream_event: rkcif-mipi-lvds2 stream=0 generation=2 event=fs sequence=161 dma=0x1 timestamp_ns=182722772218 latency_ns=0
          <idle>-0       [007] d.h.   182.757936: rkcif_stream_event: rkcif-mipi-lvds2 stream=0 generation=2 event=fe sequence=161 dma=0x1 timestamp_ns=182755568680 latency_ns=0
          <idle>-0       [007] d.h.   182.757938: rkcif_stream_event: rkcif-mipi-lvds2 stream=0 generation=2 event=dma sequence=161 dma=0x1 timestamp_ns=182755572763 latency_ns=0
          <idle>-0       [007] ..s.   182.757946: rkcif_stream_event: rkcif-mipi-lvds2 stream=0 generation=2 event=vb2_done sequence=161 dma=0x1 timestamp_ns=182755580638 latency_ns=4667
          <idle>-0       [007] d.H.   182.758471: rkcif_stream_event: rkcif-mipi-lvds2 stream=0 generation=2 event=fs sequence=162 dma=0x1 timestamp_ns=182756104763 latency_ns=0
          <idle>-0       [007] d.h.   182.791271: rkcif_stream_event: rkcif-mipi-lvds2 stream=0 generation=2 event=fe sequence=162 dma=0x1 timestamp_ns=182788903558 latency_ns=0
          <idle>-0       [007] d.h.   182.791274: rkcif_stream_event: rkcif-mipi-lvds2 stream=0 generation=2 event=dma sequence=162 dma=0x1 timestamp_ns=182788908516 latency_ns=0
          <idle>-0       [007] ..s.   182.791283: rkcif_stream_event: rkcif-mipi-lvds2 stream=0 generation=2 event=vb2_done sequence=162 dma=0x1 timestamp_ns=182788917266 latency_ns=5541
          <idle>-0       [007] dNH.   182.791805: rkcif_stream_event: rkcif-mipi-lvds2 stream=0 generation=2 event=fs sequence=163 dma=0x1 timestamp_ns=182789439350 latency_ns=0
          <idle>-0       [007] d.h.   182.824603: rkcif_stream_event: rkcif-mipi-lvds2 stream=0 generation=2 event=fe sequence=163 dma=0x1 timestamp_ns=182822235520 latency_ns=0
          <idle>-0       [007] d.h.   182.824605: rkcif_stream_event: rkcif-mipi-lvds2 stream=0 generation=2 event=dma sequence=163 dma=0x1 timestamp_ns=182822239603 latency_ns=0
          <idle>-0       [007] .Ns.   182.824619: rkcif_stream_event: rkcif-mipi-lvds2 stream=0 generation=2 event=vb2_done sequence=163 dma=0x1 timestamp_ns=182822253311 latency_ns=10500
          <idle>-0       [007] dNH.   182.825137: rkcif_stream_event: rkcif-mipi-lvds2 stream=0 generation=2 event=fs sequence=164 dma=0x1 timestamp_ns=182822771311 latency_ns=0
          <idle>-0       [007] d.h.   182.857936: rkcif_stream_event: rkcif-mipi-lvds2 stream=0 generation=2 event=fe sequence=164 dma=0x1 timestamp_ns=182855568940 latency_ns=0
          <idle>-0       [007] d.h.   182.857939: rkcif_stream_event: rkcif-mipi-lvds2 stream=0 generation=2 event=dma sequence=164 dma=0x1 timestamp_ns=182855573023 latency_ns=0
          <idle>-0       [007] ..s.   182.857946: rkcif_stream_event: rkcif-mipi-lvds2 stream=0 generation=2 event=vb2_done sequence=164 dma=0x1 timestamp_ns=182855580315 latency_ns=4375
          <idle>-0       [007] dNH.   182.858471: rkcif_stream_event: rkcif-mipi-lvds2 stream=0 generation=2 event=fs sequence=165 dma=0x1 timestamp_ns=182856104732 latency_ns=0
          <idle>-0       [007] d.h.   182.891271: rkcif_stream_event: rkcif-mipi-lvds2 stream=0 generation=2 event=fe sequence=165 dma=0x1 timestamp_ns=182888903526 latency_ns=0
          <idle>-0       [007] d.h.   182.891274: rkcif_stream_event: rkcif-mipi-lvds2 stream=0 generation=2 event=dma sequence=165 dma=0x1 timestamp_ns=182888908485 latency_ns=0
          <idle>-0       [007] ..s.   182.891285: rkcif_stream_event: rkcif-mipi-lvds2 stream=0 generation=2 event=vb2_done sequence=165 dma=0x1 timestamp_ns=182888917235 latency_ns=5250
          <idle>-0       [007] dNH.   182.891805: rkcif_stream_event: rkcif-mipi-lvds2 stream=0 generation=2 event=fs sequence=166 dma=0x1 timestamp_ns=182889439027 latency_ns=0
          <idle>-0       [007] d.h.   182.924597: rkcif_stream_event: rkcif-mipi-lvds2 stream=0 generation=2 event=fe sequence=166 dma=0x1 timestamp_ns=182922231405 latency_ns=0
          <idle>-0       [007] d.h.   182.924598: rkcif_stream_event: rkcif-mipi-lvds2 stream=0 generation=2 event=dma sequence=166 dma=0x1 timestamp_ns=182922232280 latency_ns=0
          <idle>-0       [007] ..s.   182.924599: rkcif_stream_event: rkcif-mipi-lvds2 stream=0 generation=2 event=vb2_done sequence=166 dma=0x1 timestamp_ns=182922234030 latency_ns=1167
          <idle>-0       [007] d.h.   182.925133: rkcif_stream_event: rkcif-mipi-lvds2 stream=0 generation=2 event=fs sequence=167 dma=0x1 timestamp_ns=182922768363 latency_ns=0
          <idle>-0       [007] d.h.   182.957938: rkcif_stream_event: rkcif-mipi-lvds2 stream=0 generation=2 event=fe sequence=167 dma=0x1 timestamp_ns=182955570366 latency_ns=0
          <idle>-0       [007] d.h.   182.957941: rkcif_stream_event: rkcif-mipi-lvds2 stream=0 generation=2 event=dma sequence=167 dma=0x1 timestamp_ns=182955575033 latency_ns=0
          <idle>-0       [007] .Ns.   182.957962: rkcif_stream_event: rkcif-mipi-lvds2 stream=0 generation=2 event=vb2_done sequence=167 dma=0x1 timestamp_ns=182955596616 latency_ns=18083
          <idle>-0       [007] dNH.   182.958471: rkcif_stream_event: rkcif-mipi-lvds2 stream=0 generation=2 event=fs sequence=168 dma=0x1 timestamp_ns=182956105575 latency_ns=0
          <idle>-0       [007] d.h.   182.991269: rkcif_stream_event: rkcif-mipi-lvds2 stream=0 generation=2 event=fe sequence=168 dma=0x1 timestamp_ns=182988902037 latency_ns=0
          <idle>-0       [007] d.h.   182.991272: rkcif_stream_event: rkcif-mipi-lvds2 stream=0 generation=2 event=dma sequence=168 dma=0x1 timestamp_ns=182988906120 latency_ns=0
          <idle>-0       [007] ..s.   182.991279: rkcif_stream_event: rkcif-mipi-lvds2 stream=0 generation=2 event=vb2_done sequence=168 dma=0x1 timestamp_ns=182988913703 latency_ns=4666
          <idle>-0       [007] d.H.   182.991804: rkcif_stream_event: rkcif-mipi-lvds2 stream=0 generation=2 event=fs sequence=169 dma=0x1 timestamp_ns=182989438120 latency_ns=0
          <idle>-0       [007] d.h.   183.024604: rkcif_stream_event: rkcif-mipi-lvds2 stream=0 generation=2 event=fe sequence=169 dma=0x1 timestamp_ns=183022236915 latency_ns=0
          <idle>-0       [007] d.h.   183.024607: rkcif_stream_event: rkcif-mipi-lvds2 stream=0 generation=2 event=dma sequence=169 dma=0x1 timestamp_ns=183022241582 latency_ns=0
          <idle>-0       [007] ..s.   183.024616: rkcif_stream_event: rkcif-mipi-lvds2 stream=0 generation=2 event=vb2_done sequence=169 dma=0x1 timestamp_ns=183022250332 latency_ns=5250
          <idle>-0       [007] dNH.   183.025138: rkcif_stream_event: rkcif-mipi-lvds2 stream=0 generation=2 event=fs sequence=170 dma=0x1 timestamp_ns=183022772415 latency_ns=0
          <idle>-0       [007] d.h.   183.057936: rkcif_stream_event: rkcif-mipi-lvds2 stream=0 generation=2 event=fe sequence=170 dma=0x1 timestamp_ns=183055568877 latency_ns=0
          <idle>-0       [007] d.h.   183.057939: rkcif_stream_event: rkcif-mipi-lvds2 stream=0 generation=2 event=dma sequence=170 dma=0x1 timestamp_ns=183055572960 latency_ns=0
          <idle>-0       [007] ..s.   183.057946: rkcif_stream_event: rkcif-mipi-lvds2 stream=0 generation=2 event=vb2_done sequence=170 dma=0x1 timestamp_ns=183055580543 latency_ns=4375
          <idle>-0       [007] dNH.   183.058470: rkcif_stream_event: rkcif-mipi-lvds2 stream=0 generation=2 event=fs sequence=171 dma=0x1 timestamp_ns=183056104668 latency_ns=0
          <idle>-0       [007] d.h.   183.091271: rkcif_stream_event: rkcif-mipi-lvds2 stream=0 generation=2 event=fe sequence=171 dma=0x1 timestamp_ns=183088903755 latency_ns=0
          <idle>-0       [007] d.h.   183.091274: rkcif_stream_event: rkcif-mipi-lvds2 stream=0 generation=2 event=dma sequence=171 dma=0x1 timestamp_ns=183088908422 latency_ns=0
          <idle>-0       [007] ..s.   183.091283: rkcif_stream_event: rkcif-mipi-lvds2 stream=0 generation=2 event=vb2_done sequence=171 dma=0x1 timestamp_ns=183088917463 latency_ns=5250
          <idle>-0       [007] d.H.   183.091805: rkcif_stream_event: rkcif-mipi-lvds2 stream=0 generation=2 event=fs sequence=172 dma=0x1 timestamp_ns=183089438963 latency_ns=0
          <idle>-0       [007] d.h.   183.124599: rkcif_stream_event: rkcif-mipi-lvds2 stream=0 generation=2 event=fe sequence=172 dma=0x1 timestamp_ns=183122233675 latency_ns=0
          <idle>-0       [007] d.h.   183.124601: rkcif_stream_event: rkcif-mipi-lvds2 stream=0 generation=2 event=dma sequence=172 dma=0x1 timestamp_ns=183122235425 latency_ns=0
          <idle>-0       [007] ..s.   183.124606: rkcif_stream_event: rkcif-mipi-lvds2 stream=0 generation=2 event=vb2_done sequence=172 dma=0x1 timestamp_ns=183122240675 latency_ns=2625
          <idle>-0       [007] d.H.   183.125136: rkcif_stream_event: rkcif-mipi-lvds2 stream=0 generation=2 event=fs sequence=173 dma=0x1 timestamp_ns=183122770633 latency_ns=0
          <idle>-0       [007] d.h.   183.157930: rkcif_stream_event: rkcif-mipi-lvds2 stream=0 generation=2 event=fe sequence=173 dma=0x1 timestamp_ns=183155564762 latency_ns=0
          <idle>-0       [007] d.h.   183.157931: rkcif_stream_event: rkcif-mipi-lvds2 stream=0 generation=2 event=dma sequence=173 dma=0x1 timestamp_ns=183155565637 latency_ns=0
          <idle>-0       [007] ..s.   183.157933: rkcif_stream_event: rkcif-mipi-lvds2 stream=0 generation=2 event=vb2_done sequence=173 dma=0x1 timestamp_ns=183155567678 latency_ns=1166
          <idle>-0       [007] d.h.   183.158467: rkcif_stream_event: rkcif-mipi-lvds2 stream=0 generation=2 event=fs sequence=174 dma=0x1 timestamp_ns=183156101720 latency_ns=0
          <idle>-0       [007] d.h.   183.191368: rkcif_stream_event: rkcif-mipi-lvds2 stream=0 generation=2 event=fe sequence=174 dma=0x1 timestamp_ns=183188999973 latency_ns=0
          <idle>-0       [007] d.h.   183.191371: rkcif_stream_event: rkcif-mipi-lvds2 stream=0 generation=2 event=dma sequence=174 dma=0x1 timestamp_ns=183189005223 latency_ns=0
          <idle>-0       [007] ..s.   183.191380: rkcif_stream_event: rkcif-mipi-lvds2 stream=0 generation=2 event=vb2_done sequence=174 dma=0x1 timestamp_ns=183189014557 latency_ns=5834
          <idle>-0       [007] dNH.   183.191804: rkcif_stream_event: rkcif-mipi-lvds2 stream=0 generation=2 event=fs sequence=175 dma=0x1 timestamp_ns=183189438932 latency_ns=0
          <idle>-0       [007] d.h.   183.224597: rkcif_stream_event: rkcif-mipi-lvds2 stream=0 generation=2 event=fe sequence=175 dma=0x1 timestamp_ns=183222231602 latency_ns=0
          <idle>-0       [007] d.h.   183.224597: rkcif_stream_event: rkcif-mipi-lvds2 stream=0 generation=2 event=dma sequence=175 dma=0x1 timestamp_ns=183222232477 latency_ns=0
          <idle>-0       [007] ..s.   183.224599: rkcif_stream_event: rkcif-mipi-lvds2 stream=0 generation=2 event=vb2_done sequence=175 dma=0x1 timestamp_ns=183222234227 latency_ns=1167
          <idle>-0       [007] d.h.   183.225134: rkcif_stream_event: rkcif-mipi-lvds2 stream=0 generation=2 event=fs sequence=176 dma=0x1 timestamp_ns=183222768268 latency_ns=0
          <idle>-0       [007] d.h.   183.257937: rkcif_stream_event: rkcif-mipi-lvds2 stream=0 generation=2 event=fe sequence=176 dma=0x1 timestamp_ns=183255569438 latency_ns=0
          <idle>-0       [007] d.h.   183.257940: rkcif_stream_event: rkcif-mipi-lvds2 stream=0 generation=2 event=dma sequence=176 dma=0x1 timestamp_ns=183255574397 latency_ns=0
          <idle>-0       [007] ..s.   183.257948: rkcif_stream_event: rkcif-mipi-lvds2 stream=0 generation=2 event=vb2_done sequence=176 dma=0x1 timestamp_ns=183255582855 latency_ns=5250
          <idle>-0       [007] d.H.   183.258471: rkcif_stream_event: rkcif-mipi-lvds2 stream=0 generation=2 event=fs sequence=177 dma=0x1 timestamp_ns=183256104938 latency_ns=0
          <idle>-0       [007] d.h.   183.291264: rkcif_stream_event: rkcif-mipi-lvds2 stream=0 generation=2 event=fe sequence=177 dma=0x1 timestamp_ns=183288898483 latency_ns=0
          <idle>-0       [007] d.h.   183.291265: rkcif_stream_event: rkcif-mipi-lvds2 stream=0 generation=2 event=dma sequence=177 dma=0x1 timestamp_ns=183288899942 latency_ns=0
          <idle>-0       [007] ..s.   183.291268: rkcif_stream_event: rkcif-mipi-lvds2 stream=0 generation=2 event=vb2_done sequence=177 dma=0x1 timestamp_ns=183288902858 latency_ns=1750
          <idle>-0       [007] d.h.   183.291800: rkcif_stream_event: rkcif-mipi-lvds2 stream=0 generation=2 event=fs sequence=178 dma=0x1 timestamp_ns=183289435442 latency_ns=0
          5-0022-179     [007] d.h.   183.324607: rkcif_stream_event: rkcif-mipi-lvds2 stream=0 generation=2 event=fe sequence=178 dma=0x1 timestamp_ns=183322239195 latency_ns=0
          5-0022-179     [007] d.h.   183.324611: rkcif_stream_event: rkcif-mipi-lvds2 stream=0 generation=2 event=dma sequence=178 dma=0x1 timestamp_ns=183322244153 latency_ns=0
          5-0022-179     [007] ..s.   183.324620: rkcif_stream_event: rkcif-mipi-lvds2 stream=0 generation=2 event=vb2_done sequence=178 dma=0x1 timestamp_ns=183322254653 latency_ns=5833
          5-0022-179     [007] d.H.   183.325138: rkcif_stream_event: rkcif-mipi-lvds2 stream=0 generation=2 event=fs sequence=179 dma=0x1 timestamp_ns=183322772653 latency_ns=0
          <idle>-0       [007] d.h.   183.357936: rkcif_stream_event: rkcif-mipi-lvds2 stream=0 generation=2 event=fe sequence=179 dma=0x1 timestamp_ns=183355568823 latency_ns=0
          <idle>-0       [007] d.h.   183.357939: rkcif_stream_event: rkcif-mipi-lvds2 stream=0 generation=2 event=dma sequence=179 dma=0x1 timestamp_ns=183355573198 latency_ns=0
          <idle>-0       [007] ..s.   183.357947: rkcif_stream_event: rkcif-mipi-lvds2 stream=0 generation=2 event=vb2_done sequence=179 dma=0x1 timestamp_ns=183355581365 latency_ns=4667
          <idle>-0       [007] d.H.   183.358470: rkcif_stream_event: rkcif-mipi-lvds2 stream=0 generation=2 event=fs sequence=180 dma=0x1 timestamp_ns=183356104907 latency_ns=0
          <idle>-0       [007] d.h.   183.391271: rkcif_stream_event: rkcif-mipi-lvds2 stream=0 generation=2 event=fe sequence=180 dma=0x1 timestamp_ns=183388903410 latency_ns=0
          <idle>-0       [007] d.h.   183.391274: rkcif_stream_event: rkcif-mipi-lvds2 stream=0 generation=2 event=dma sequence=180 dma=0x1 timestamp_ns=183388908660 latency_ns=0
          <idle>-0       [007] ..s.   183.391283: rkcif_stream_event: rkcif-mipi-lvds2 stream=0 generation=2 event=vb2_done sequence=180 dma=0x1 timestamp_ns=183388917410 latency_ns=5542
          <idle>-0       [007] d.H.   183.391805: rkcif_stream_event: rkcif-mipi-lvds2 stream=0 generation=2 event=fs sequence=181 dma=0x1 timestamp_ns=183389439202 latency_ns=0
          <idle>-0       [007] d.h.   183.424603: rkcif_stream_event: rkcif-mipi-lvds2 stream=0 generation=2 event=fe sequence=181 dma=0x1 timestamp_ns=183422235663 latency_ns=0
          <idle>-0       [007] d.h.   183.424605: rkcif_stream_event: rkcif-mipi-lvds2 stream=0 generation=2 event=dma sequence=181 dma=0x1 timestamp_ns=183422239747 latency_ns=0
          <idle>-0       [007] ..s.   183.424613: rkcif_stream_event: rkcif-mipi-lvds2 stream=0 generation=2 event=vb2_done sequence=181 dma=0x1 timestamp_ns=183422247622 latency_ns=4667
          <idle>-0       [007] d.H.   183.425137: rkcif_stream_event: rkcif-mipi-lvds2 stream=0 generation=2 event=fs sequence=182 dma=0x1 timestamp_ns=183422771455 latency_ns=0
          <idle>-0       [007] d.h.   183.457930: rkcif_stream_event: rkcif-mipi-lvds2 stream=0 generation=2 event=fe sequence=182 dma=0x1 timestamp_ns=183455564708 latency_ns=0
          <idle>-0       [007] d.h.   183.457931: rkcif_stream_event: rkcif-mipi-lvds2 stream=0 generation=2 event=dma sequence=182 dma=0x1 timestamp_ns=183455565583 latency_ns=0
          <idle>-0       [007] ..s.   183.457933: rkcif_stream_event: rkcif-mipi-lvds2 stream=0 generation=2 event=vb2_done sequence=182 dma=0x1 timestamp_ns=183455567625 latency_ns=1458
          <idle>-0       [007] d.h.   183.458467: rkcif_stream_event: rkcif-mipi-lvds2 stream=0 generation=2 event=fs sequence=183 dma=0x1 timestamp_ns=183456101667 latency_ns=0
          <idle>-0       [007] d.h.   183.491271: rkcif_stream_event: rkcif-mipi-lvds2 stream=0 generation=2 event=fe sequence=183 dma=0x1 timestamp_ns=183488903670 latency_ns=0
          <idle>-0       [007] d.h.   183.491274: rkcif_stream_event: rkcif-mipi-lvds2 stream=0 generation=2 event=dma sequence=183 dma=0x1 timestamp_ns=183488908337 latency_ns=0
          <idle>-0       [007] ..s.   183.491283: rkcif_stream_event: rkcif-mipi-lvds2 stream=0 generation=2 event=vb2_done sequence=183 dma=0x1 timestamp_ns=183488917087 latency_ns=5250
          <idle>-0       [007] d.H.   183.491804: rkcif_stream_event: rkcif-mipi-lvds2 stream=0 generation=2 event=fs sequence=184 dma=0x1 timestamp_ns=183489438878 latency_ns=0
          <idle>-0       [007] d.h.   183.524600: rkcif_stream_event: rkcif-mipi-lvds2 stream=0 generation=2 event=fe sequence=184 dma=0x1 timestamp_ns=183522234465 latency_ns=0
          <idle>-0       [007] d.h.   183.524602: rkcif_stream_event: rkcif-mipi-lvds2 stream=0 generation=2 event=dma sequence=184 dma=0x1 timestamp_ns=183522236507 latency_ns=0
          <idle>-0       [007] ..s.   183.524608: rkcif_stream_event: rkcif-mipi-lvds2 stream=0 generation=2 event=vb2_done sequence=184 dma=0x1 timestamp_ns=183522242340 latency_ns=3500
          <idle>-0       [007] d.H.   183.525137: rkcif_stream_event: rkcif-mipi-lvds2 stream=0 generation=2 event=fs sequence=185 dma=0x1 timestamp_ns=183522771715 latency_ns=0
          <idle>-0       [007] dNh.   183.557939: rkcif_stream_event: rkcif-mipi-lvds2 stream=0 generation=2 event=fe sequence=185 dma=0x1 timestamp_ns=183555572260 latency_ns=0
          <idle>-0       [007] dNh.   183.557942: rkcif_stream_event: rkcif-mipi-lvds2 stream=0 generation=2 event=dma sequence=185 dma=0x1 timestamp_ns=183555576343 latency_ns=0
          <idle>-0       [007] .Ns.   183.557950: rkcif_stream_event: rkcif-mipi-lvds2 stream=0 generation=2 event=vb2_done sequence=185 dma=0x1 timestamp_ns=183555583927 latency_ns=4375
          <idle>-0       [007] dNH.   183.558471: rkcif_stream_event: rkcif-mipi-lvds2 stream=0 generation=2 event=fs sequence=186 dma=0x1 timestamp_ns=183556105135 latency_ns=0
          <idle>-0       [007] d.h.   183.591271: rkcif_stream_event: rkcif-mipi-lvds2 stream=0 generation=2 event=fe sequence=186 dma=0x1 timestamp_ns=183588903638 latency_ns=0
          <idle>-0       [007] d.h.   183.591274: rkcif_stream_event: rkcif-mipi-lvds2 stream=0 generation=2 event=dma sequence=186 dma=0x1 timestamp_ns=183588908597 latency_ns=0
          <idle>-0       [007] ..s.   183.591283: rkcif_stream_event: rkcif-mipi-lvds2 stream=0 generation=2 event=vb2_done sequence=186 dma=0x1 timestamp_ns=183588917347 latency_ns=5542
          <idle>-0       [007] dNH.   183.591805: rkcif_stream_event: rkcif-mipi-lvds2 stream=0 generation=2 event=fs sequence=187 dma=0x1 timestamp_ns=183589439139 latency_ns=0
          <idle>-0       [007] d.h.   183.624597: rkcif_stream_event: rkcif-mipi-lvds2 stream=0 generation=2 event=fe sequence=187 dma=0x1 timestamp_ns=183622231517 latency_ns=0
          <idle>-0       [007] d.h.   183.624598: rkcif_stream_event: rkcif-mipi-lvds2 stream=0 generation=2 event=dma sequence=187 dma=0x1 timestamp_ns=183622232392 latency_ns=0
          <idle>-0       [007] ..s.   183.624600: rkcif_stream_event: rkcif-mipi-lvds2 stream=0 generation=2 event=vb2_done sequence=187 dma=0x1 timestamp_ns=183622234433 latency_ns=1166
          <idle>-0       [007] d.h.   183.625133: rkcif_stream_event: rkcif-mipi-lvds2 stream=0 generation=2 event=fs sequence=188 dma=0x1 timestamp_ns=183622768184 latency_ns=0
          <idle>-0       [007] d.h.   183.657936: rkcif_stream_event: rkcif-mipi-lvds2 stream=0 generation=2 event=fe sequence=188 dma=0x1 timestamp_ns=183655568728 latency_ns=0
          <idle>-0       [007] d.h.   183.657939: rkcif_stream_event: rkcif-mipi-lvds2 stream=0 generation=2 event=dma sequence=188 dma=0x1 timestamp_ns=183655572812 latency_ns=0
          <idle>-0       [007] ..s.   183.657946: rkcif_stream_event: rkcif-mipi-lvds2 stream=0 generation=2 event=vb2_done sequence=188 dma=0x1 timestamp_ns=183655580395 latency_ns=4667
          <idle>-0       [007] d.H.   183.658470: rkcif_stream_event: rkcif-mipi-lvds2 stream=0 generation=2 event=fs sequence=189 dma=0x1 timestamp_ns=183656104812 latency_ns=0
          <idle>-0       [007] d.h.   183.691264: rkcif_stream_event: rkcif-mipi-lvds2 stream=0 generation=2 event=fe sequence=189 dma=0x1 timestamp_ns=183688898065 latency_ns=0
          <idle>-0       [007] d.h.   183.691264: rkcif_stream_event: rkcif-mipi-lvds2 stream=0 generation=2 event=dma sequence=189 dma=0x1 timestamp_ns=183688899232 latency_ns=0
          <idle>-0       [007] ..s.   183.691266: rkcif_stream_event: rkcif-mipi-lvds2 stream=0 generation=2 event=vb2_done sequence=189 dma=0x1 timestamp_ns=183688900982 latency_ns=1167
          <idle>-0       [007] d.h.   183.691800: rkcif_stream_event: rkcif-mipi-lvds2 stream=0 generation=2 event=fs sequence=190 dma=0x1 timestamp_ns=183689435024 latency_ns=0
          <idle>-0       [007] d.h.   183.724603: rkcif_stream_event: rkcif-mipi-lvds2 stream=0 generation=2 event=fe sequence=190 dma=0x1 timestamp_ns=183722235569 latency_ns=0
          <idle>-0       [007] d.h.   183.724605: rkcif_stream_event: rkcif-mipi-lvds2 stream=0 generation=2 event=dma sequence=190 dma=0x1 timestamp_ns=183722239652 latency_ns=0
          <idle>-0       [007] ..s.   183.724613: rkcif_stream_event: rkcif-mipi-lvds2 stream=0 generation=2 event=vb2_done sequence=190 dma=0x1 timestamp_ns=183722247235 latency_ns=4375
          <idle>-0       [007] d.H.   183.725137: rkcif_stream_event: rkcif-mipi-lvds2 stream=0 generation=2 event=fs sequence=191 dma=0x1 timestamp_ns=183722771360 latency_ns=0
          <idle>-0       [007] d.h.   183.757933: rkcif_stream_event: rkcif-mipi-lvds2 stream=0 generation=2 event=fe sequence=191 dma=0x1 timestamp_ns=183755566364 latency_ns=0
          <idle>-0       [007] d.h.   183.757934: rkcif_stream_event: rkcif-mipi-lvds2 stream=0 generation=2 event=dma sequence=191 dma=0x1 timestamp_ns=183755569280 latency_ns=0
          <idle>-0       [007] ..s.   183.757937: rkcif_stream_event: rkcif-mipi-lvds2 stream=0 generation=2 event=vb2_done sequence=191 dma=0x1 timestamp_ns=183755572489 latency_ns=2042
          <idle>-0       [007] dNH.   183.758467: rkcif_stream_event: rkcif-mipi-lvds2 stream=0 generation=2 event=fs sequence=192 dma=0x1 timestamp_ns=183756102447 latency_ns=0
          <idle>-0       [007] d.h.   183.791269: rkcif_stream_event: rkcif-mipi-lvds2 stream=0 generation=2 event=fe sequence=192 dma=0x1 timestamp_ns=183788902117 latency_ns=0
          <idle>-0       [007] d.h.   183.791272: rkcif_stream_event: rkcif-mipi-lvds2 stream=0 generation=2 event=dma sequence=192 dma=0x1 timestamp_ns=183788906492 latency_ns=0
          <idle>-0       [007] ..s.   183.791280: rkcif_stream_event: rkcif-mipi-lvds2 stream=0 generation=2 event=vb2_done sequence=192 dma=0x1 timestamp_ns=183788914075 latency_ns=4666
          <idle>-0       [007] d.H.   183.791804: rkcif_stream_event: rkcif-mipi-lvds2 stream=0 generation=2 event=fs sequence=193 dma=0x1 timestamp_ns=183789438200 latency_ns=0
          <idle>-0       [007] d.h.   183.824605: rkcif_stream_event: rkcif-mipi-lvds2 stream=0 generation=2 event=fe sequence=193 dma=0x1 timestamp_ns=183822237287 latency_ns=0
          <idle>-0       [007] d.h.   183.824608: rkcif_stream_event: rkcif-mipi-lvds2 stream=0 generation=2 event=dma sequence=193 dma=0x1 timestamp_ns=183822242245 latency_ns=0
          <idle>-0       [007] ..s.   183.824617: rkcif_stream_event: rkcif-mipi-lvds2 stream=0 generation=2 event=vb2_done sequence=193 dma=0x1 timestamp_ns=183822251287 latency_ns=5542
          <idle>-0       [007] dNH.   183.825138: rkcif_stream_event: rkcif-mipi-lvds2 stream=0 generation=2 event=fs sequence=194 dma=0x1 timestamp_ns=183822772495 latency_ns=0
          <idle>-0       [007] d.h.   183.857936: rkcif_stream_event: rkcif-mipi-lvds2 stream=0 generation=2 event=fe sequence=194 dma=0x1 timestamp_ns=183855568665 latency_ns=0
          <idle>-0       [007] d.h.   183.857938: rkcif_stream_event: rkcif-mipi-lvds2 stream=0 generation=2 event=dma sequence=194 dma=0x1 timestamp_ns=183855572749 latency_ns=0
          <idle>-0       [007] ..s.   183.857946: rkcif_stream_event: rkcif-mipi-lvds2 stream=0 generation=2 event=vb2_done sequence=194 dma=0x1 timestamp_ns=183855580332 latency_ns=4375
          <idle>-0       [007] d.H.   183.858471: rkcif_stream_event: rkcif-mipi-lvds2 stream=0 generation=2 event=fs sequence=195 dma=0x1 timestamp_ns=183856105040 latency_ns=0
          <idle>-0       [007] d.h.   183.891271: rkcif_stream_event: rkcif-mipi-lvds2 stream=0 generation=2 event=fe sequence=195 dma=0x1 timestamp_ns=183888903544 latency_ns=0
          <idle>-0       [007] d.h.   183.891274: rkcif_stream_event: rkcif-mipi-lvds2 stream=0 generation=2 event=dma sequence=195 dma=0x1 timestamp_ns=183888908210 latency_ns=0
          <idle>-0       [007] .Ns.   183.891289: rkcif_stream_event: rkcif-mipi-lvds2 stream=0 generation=2 event=vb2_done sequence=195 dma=0x1 timestamp_ns=183888923377 latency_ns=11375
          <idle>-0       [007] dNH.   183.891805: rkcif_stream_event: rkcif-mipi-lvds2 stream=0 generation=2 event=fs sequence=196 dma=0x1 timestamp_ns=183889439044 latency_ns=0
          <idle>-0       [007] d.h.   183.924602: rkcif_stream_event: rkcif-mipi-lvds2 stream=0 generation=2 event=fe sequence=196 dma=0x1 timestamp_ns=183922235505 latency_ns=0
          <idle>-0       [007] d.h.   183.924605: rkcif_stream_event: rkcif-mipi-lvds2 stream=0 generation=2 event=dma sequence=196 dma=0x1 timestamp_ns=183922239589 latency_ns=0
          <idle>-0       [007] ..s.   183.924613: rkcif_stream_event: rkcif-mipi-lvds2 stream=0 generation=2 event=vb2_done sequence=196 dma=0x1 timestamp_ns=183922247172 latency_ns=4375
          <idle>-0       [007] d.H.   183.925137: rkcif_stream_event: rkcif-mipi-lvds2 stream=0 generation=2 event=fs sequence=197 dma=0x1 timestamp_ns=183922771589 latency_ns=0
          <idle>-0       [007] d.h.   183.957938: rkcif_stream_event: rkcif-mipi-lvds2 stream=0 generation=2 event=fe sequence=197 dma=0x1 timestamp_ns=183955570384 latency_ns=0
          <idle>-0       [007] d.h.   183.957941: rkcif_stream_event: rkcif-mipi-lvds2 stream=0 generation=2 event=dma sequence=197 dma=0x1 timestamp_ns=183955575050 latency_ns=0
          <idle>-0       [007] ..s.   183.957949: rkcif_stream_event: rkcif-mipi-lvds2 stream=0 generation=2 event=vb2_done sequence=197 dma=0x1 timestamp_ns=183955583800 latency_ns=5250
          <idle>-0       [007] dNH.   183.958468: rkcif_stream_event: rkcif-mipi-lvds2 stream=0 generation=2 event=fs sequence=198 dma=0x1 timestamp_ns=183956102675 latency_ns=0
          <idle>-0       [007] d.h.   183.991269: rkcif_stream_event: rkcif-mipi-lvds2 stream=0 generation=2 event=fe sequence=198 dma=0x1 timestamp_ns=183988902054 latency_ns=0
          <idle>-0       [007] d.h.   183.991272: rkcif_stream_event: rkcif-mipi-lvds2 stream=0 generation=2 event=dma sequence=198 dma=0x1 timestamp_ns=183988906429 latency_ns=0
          <idle>-0       [007] ..s.   183.991279: rkcif_stream_event: rkcif-mipi-lvds2 stream=0 generation=2 event=vb2_done sequence=198 dma=0x1 timestamp_ns=183988914012 latency_ns=4667
          <idle>-0       [007] d.H.   183.991804: rkcif_stream_event: rkcif-mipi-lvds2 stream=0 generation=2 event=fs sequence=199 dma=0x1 timestamp_ns=183989438137 latency_ns=0
          <idle>-0       [007] d.h.   184.024600: rkcif_stream_event: rkcif-mipi-lvds2 stream=0 generation=2 event=fe sequence=199 dma=0x1 timestamp_ns=184022233182 latency_ns=0
          <idle>-0       [007] d.h.   184.024600: rkcif_stream_event: rkcif-mipi-lvds2 stream=0 generation=2 event=dma sequence=199 dma=0x1 timestamp_ns=184022235515 latency_ns=0
          <idle>-0       [007] ..s.   184.024604: rkcif_stream_event: rkcif-mipi-lvds2 stream=0 generation=2 event=vb2_done sequence=199 dma=0x1 timestamp_ns=184022238724 latency_ns=2042
          <idle>-0       [007] dNH.   184.025133: rkcif_stream_event: rkcif-mipi-lvds2 stream=0 generation=2 event=fs sequence=200 dma=0x1 timestamp_ns=184022768099 latency_ns=0
          <idle>-0       [007] d.h.   184.057938: rkcif_stream_event: rkcif-mipi-lvds2 stream=0 generation=2 event=fe sequence=200 dma=0x1 timestamp_ns=184055570102 latency_ns=0
          <idle>-0       [007] d.h.   184.057941: rkcif_stream_event: rkcif-mipi-lvds2 stream=0 generation=2 event=dma sequence=200 dma=0x1 timestamp_ns=184055575060 latency_ns=0
          <idle>-0       [007] ..s.   184.057949: rkcif_stream_event: rkcif-mipi-lvds2 stream=0 generation=2 event=vb2_done sequence=200 dma=0x1 timestamp_ns=184055583810 latency_ns=5250
          <idle>-0       [007] dNH.   184.058471: rkcif_stream_event: rkcif-mipi-lvds2 stream=0 generation=2 event=fs sequence=201 dma=0x1 timestamp_ns=184056105894 latency_ns=0
          <idle>-0       [007] d.h.   184.091271: rkcif_stream_event: rkcif-mipi-lvds2 stream=0 generation=2 event=fe sequence=201 dma=0x1 timestamp_ns=184088903522 latency_ns=0
          <idle>-0       [007] d.h.   184.091274: rkcif_stream_event: rkcif-mipi-lvds2 stream=0 generation=2 event=dma sequence=201 dma=0x1 timestamp_ns=184088908480 latency_ns=0
          <idle>-0       [007] ..s.   184.091283: rkcif_stream_event: rkcif-mipi-lvds2 stream=0 generation=2 event=vb2_done sequence=201 dma=0x1 timestamp_ns=184088917230 latency_ns=5250
          <idle>-0       [007] d.H.   184.091805: rkcif_stream_event: rkcif-mipi-lvds2 stream=0 generation=2 event=fs sequence=202 dma=0x1 timestamp_ns=184089439314 latency_ns=0
          <idle>-0       [007] d.h.   184.124597: rkcif_stream_event: rkcif-mipi-lvds2 stream=0 generation=2 event=fe sequence=202 dma=0x1 timestamp_ns=184122231692 latency_ns=0
          <idle>-0       [007] d.h.   184.124597: rkcif_stream_event: rkcif-mipi-lvds2 stream=0 generation=2 event=dma sequence=202 dma=0x1 timestamp_ns=184122232567 latency_ns=0
          <idle>-0       [007] ..s.   184.124599: rkcif_stream_event: rkcif-mipi-lvds2 stream=0 generation=2 event=vb2_done sequence=202 dma=0x1 timestamp_ns=184122234317 latency_ns=1167
          <idle>-0       [007] d.h.   184.125133: rkcif_stream_event: rkcif-mipi-lvds2 stream=0 generation=2 event=fs sequence=203 dma=0x1 timestamp_ns=184122768359 latency_ns=0
          <idle>-0       [007] d.h.   184.157929: rkcif_stream_event: rkcif-mipi-lvds2 stream=0 generation=2 event=fe sequence=203 dma=0x1 timestamp_ns=184155564529 latency_ns=0
          <idle>-0       [007] d.h.   184.157930: rkcif_stream_event: rkcif-mipi-lvds2 stream=0 generation=2 event=dma sequence=203 dma=0x1 timestamp_ns=184155564820 latency_ns=0
          <idle>-0       [007] ..s.   184.157931: rkcif_stream_event: rkcif-mipi-lvds2 stream=0 generation=2 event=vb2_done sequence=203 dma=0x1 timestamp_ns=184155566279 latency_ns=875
          <idle>-0       [007] d.h.   184.158471: rkcif_stream_event: rkcif-mipi-lvds2 stream=0 generation=2 event=fs sequence=204 dma=0x1 timestamp_ns=184156104695 latency_ns=0
          <idle>-0       [007] d.h.   184.191271: rkcif_stream_event: rkcif-mipi-lvds2 stream=0 generation=2 event=fe sequence=204 dma=0x1 timestamp_ns=184188903782 latency_ns=0
          <idle>-0       [007] d.h.   184.191274: rkcif_stream_event: rkcif-mipi-lvds2 stream=0 generation=2 event=dma sequence=204 dma=0x1 timestamp_ns=184188908740 latency_ns=0
          <idle>-0       [007] ..s.   184.191283: rkcif_stream_event: rkcif-mipi-lvds2 stream=0 generation=2 event=vb2_done sequence=204 dma=0x1 timestamp_ns=184188917199 latency_ns=5250
          <idle>-0       [007] d.H.   184.191805: rkcif_stream_event: rkcif-mipi-lvds2 stream=0 generation=2 event=fs sequence=205 dma=0x1 timestamp_ns=184189439282 latency_ns=0
          <idle>-0       [007] d.h.   184.224602: rkcif_stream_event: rkcif-mipi-lvds2 stream=0 generation=2 event=fe sequence=205 dma=0x1 timestamp_ns=184222235744 latency_ns=0
          <idle>-0       [007] d.h.   184.224605: rkcif_stream_event: rkcif-mipi-lvds2 stream=0 generation=2 event=dma sequence=205 dma=0x1 timestamp_ns=184222239827 latency_ns=0
          <idle>-0       [007] ..s.   184.224613: rkcif_stream_event: rkcif-mipi-lvds2 stream=0 generation=2 event=vb2_done sequence=205 dma=0x1 timestamp_ns=184222247410 latency_ns=4666
          <idle>-0       [007] d.H.   184.225137: rkcif_stream_event: rkcif-mipi-lvds2 stream=0 generation=2 event=fs sequence=206 dma=0x1 timestamp_ns=184222771535 latency_ns=0
          <idle>-0       [007] d.h.   184.257940: rkcif_stream_event: rkcif-mipi-lvds2 stream=0 generation=2 event=fe sequence=206 dma=0x1 timestamp_ns=184255572372 latency_ns=0
          <idle>-0       [007] d.h.   184.257944: rkcif_stream_event: rkcif-mipi-lvds2 stream=0 generation=2 event=dma sequence=206 dma=0x1 timestamp_ns=184255578205 latency_ns=0
          <idle>-0       [007] ..s.   184.257954: rkcif_stream_event: rkcif-mipi-lvds2 stream=0 generation=2 event=vb2_done sequence=206 dma=0x1 timestamp_ns=184255588122 latency_ns=6125
          <idle>-0       [007] dNH.   184.258472: rkcif_stream_event: rkcif-mipi-lvds2 stream=0 generation=2 event=fs sequence=207 dma=0x1 timestamp_ns=184256106122 latency_ns=0
          <idle>-0       [007] d.h.   184.291263: rkcif_stream_event: rkcif-mipi-lvds2 stream=0 generation=2 event=fe sequence=207 dma=0x1 timestamp_ns=184288897917 latency_ns=0
          <idle>-0       [007] d.h.   184.291263: rkcif_stream_event: rkcif-mipi-lvds2 stream=0 generation=2 event=dma sequence=207 dma=0x1 timestamp_ns=184288898209 latency_ns=0
          <idle>-0       [007] ..s.   184.291265: rkcif_stream_event: rkcif-mipi-lvds2 stream=0 generation=2 event=vb2_done sequence=207 dma=0x1 timestamp_ns=184288899959 latency_ns=1167
          <idle>-0       [007] d.h.   184.291800: rkcif_stream_event: rkcif-mipi-lvds2 stream=0 generation=2 event=fs sequence=208 dma=0x1 timestamp_ns=184289434876 latency_ns=0
          <idle>-0       [007] d.h.   184.324600: rkcif_stream_event: rkcif-mipi-lvds2 stream=0 generation=2 event=fe sequence=208 dma=0x1 timestamp_ns=184322234254 latency_ns=0
          <idle>-0       [007] d.h.   184.324601: rkcif_stream_event: rkcif-mipi-lvds2 stream=0 generation=2 event=dma sequence=208 dma=0x1 timestamp_ns=184322235712 latency_ns=0
          <idle>-0       [007] ..s.   184.324607: rkcif_stream_event: rkcif-mipi-lvds2 stream=0 generation=2 event=vb2_done sequence=208 dma=0x1 timestamp_ns=184322241254 latency_ns=3209
          <idle>-0       [007] d.H.   184.325137: rkcif_stream_event: rkcif-mipi-lvds2 stream=0 generation=2 event=fs sequence=209 dma=0x1 timestamp_ns=184322771212 latency_ns=0
          <idle>-0       [007] d.h.   184.357936: rkcif_stream_event: rkcif-mipi-lvds2 stream=0 generation=2 event=fe sequence=209 dma=0x1 timestamp_ns=184355569424 latency_ns=0
          <idle>-0       [007] d.h.   184.357939: rkcif_stream_event: rkcif-mipi-lvds2 stream=0 generation=2 event=dma sequence=209 dma=0x1 timestamp_ns=184355573799 latency_ns=0
          <idle>-0       [007] ..s.   184.357948: rkcif_stream_event: rkcif-mipi-lvds2 stream=0 generation=2 event=vb2_done sequence=209 dma=0x1 timestamp_ns=184355582257 latency_ns=5250
          <idle>-0       [007] d.H.   184.358470: rkcif_stream_event: rkcif-mipi-lvds2 stream=0 generation=2 event=fs sequence=210 dma=0x1 timestamp_ns=184356104924 latency_ns=0
          <idle>-0       [007] d.h.   184.391267: rkcif_stream_event: rkcif-mipi-lvds2 stream=0 generation=2 event=fe sequence=210 dma=0x1 timestamp_ns=184388901094 latency_ns=0
          <idle>-0       [007] d.h.   184.391268: rkcif_stream_event: rkcif-mipi-lvds2 stream=0 generation=2 event=dma sequence=210 dma=0x1 timestamp_ns=184388903136 latency_ns=0
          <idle>-0       [007] ..s.   184.391274: rkcif_stream_event: rkcif-mipi-lvds2 stream=0 generation=2 event=vb2_done sequence=210 dma=0x1 timestamp_ns=184388908677 latency_ns=3208
          <idle>-0       [007] d.H.   184.391804: rkcif_stream_event: rkcif-mipi-lvds2 stream=0 generation=2 event=fs sequence=211 dma=0x1 timestamp_ns=184389438344 latency_ns=0
          <idle>-0       [007] d.h.   184.424597: rkcif_stream_event: rkcif-mipi-lvds2 stream=0 generation=2 event=fe sequence=211 dma=0x1 timestamp_ns=184422232181 latency_ns=0
          <idle>-0       [007] d.h.   184.424598: rkcif_stream_event: rkcif-mipi-lvds2 stream=0 generation=2 event=dma sequence=211 dma=0x1 timestamp_ns=184422233056 latency_ns=0
          <idle>-0       [007] ..s.   184.424600: rkcif_stream_event: rkcif-mipi-lvds2 stream=0 generation=2 event=vb2_done sequence=211 dma=0x1 timestamp_ns=184422235097 latency_ns=1458
          <idle>-0       [007] d.h.   184.425133: rkcif_stream_event: rkcif-mipi-lvds2 stream=0 generation=2 event=fs sequence=212 dma=0x1 timestamp_ns=184422768556 latency_ns=0
          <idle>-0       [007] d.h.   184.457938: rkcif_stream_event: rkcif-mipi-lvds2 stream=0 generation=2 event=fe sequence=212 dma=0x1 timestamp_ns=184455570559 latency_ns=0
          <idle>-0       [007] d.h.   184.457941: rkcif_stream_event: rkcif-mipi-lvds2 stream=0 generation=2 event=dma sequence=212 dma=0x1 timestamp_ns=184455575517 latency_ns=0
          <idle>-0       [007] ..s.   184.457949: rkcif_stream_event: rkcif-mipi-lvds2 stream=0 generation=2 event=vb2_done sequence=212 dma=0x1 timestamp_ns=184455583976 latency_ns=5542
          <idle>-0       [007] d.H.   184.458472: rkcif_stream_event: rkcif-mipi-lvds2 stream=0 generation=2 event=fs sequence=213 dma=0x1 timestamp_ns=184456106059 latency_ns=0
          <idle>-0       [007] d.h.   184.491271: rkcif_stream_event: rkcif-mipi-lvds2 stream=0 generation=2 event=fe sequence=213 dma=0x1 timestamp_ns=184488903687 latency_ns=0
          <idle>-0       [007] d.h.   184.491274: rkcif_stream_event: rkcif-mipi-lvds2 stream=0 generation=2 event=dma sequence=213 dma=0x1 timestamp_ns=184488908646 latency_ns=0
          <idle>-0       [007] ..s.   184.491283: rkcif_stream_event: rkcif-mipi-lvds2 stream=0 generation=2 event=vb2_done sequence=213 dma=0x1 timestamp_ns=184488917687 latency_ns=5541
          <idle>-0       [007] dNH.   184.491805: rkcif_stream_event: rkcif-mipi-lvds2 stream=0 generation=2 event=fs sequence=214 dma=0x1 timestamp_ns=184489439187 latency_ns=0
          <idle>-0       [007] d.h.   184.524604: rkcif_stream_event: rkcif-mipi-lvds2 stream=0 generation=2 event=fe sequence=214 dma=0x1 timestamp_ns=184522236816 latency_ns=0
          <idle>-0       [007] d.h.   184.524606: rkcif_stream_event: rkcif-mipi-lvds2 stream=0 generation=2 event=dma sequence=214 dma=0x1 timestamp_ns=184522240899 latency_ns=0
          <idle>-0       [007] ..s.   184.524614: rkcif_stream_event: rkcif-mipi-lvds2 stream=0 generation=2 event=vb2_done sequence=214 dma=0x1 timestamp_ns=184522248482 latency_ns=4666
          <idle>-0       [007] d.H.   184.525137: rkcif_stream_event: rkcif-mipi-lvds2 stream=0 generation=2 event=fs sequence=215 dma=0x1 timestamp_ns=184522771732 latency_ns=0
          <idle>-0       [007] d.h.   184.557938: rkcif_stream_event: rkcif-mipi-lvds2 stream=0 generation=2 event=fe sequence=215 dma=0x1 timestamp_ns=184555570527 latency_ns=0
          <idle>-0       [007] d.h.   184.557940: rkcif_stream_event: rkcif-mipi-lvds2 stream=0 generation=2 event=dma sequence=215 dma=0x1 timestamp_ns=184555574902 latency_ns=0
          <idle>-0       [007] ..s.   184.557949: rkcif_stream_event: rkcif-mipi-lvds2 stream=0 generation=2 event=vb2_done sequence=215 dma=0x1 timestamp_ns=184555583652 latency_ns=5250
          <idle>-0       [007] d.H.   184.558471: rkcif_stream_event: rkcif-mipi-lvds2 stream=0 generation=2 event=fs sequence=216 dma=0x1 timestamp_ns=184556106027 latency_ns=0
          <idle>-0       [007] d.h.   184.591264: rkcif_stream_event: rkcif-mipi-lvds2 stream=0 generation=2 event=fe sequence=216 dma=0x1 timestamp_ns=184588898406 latency_ns=0
          <idle>-0       [007] d.h.   184.591264: rkcif_stream_event: rkcif-mipi-lvds2 stream=0 generation=2 event=dma sequence=216 dma=0x1 timestamp_ns=184588899281 latency_ns=0
          <idle>-0       [007] ..s.   184.591267: rkcif_stream_event: rkcif-mipi-lvds2 stream=0 generation=2 event=vb2_done sequence=216 dma=0x1 timestamp_ns=184588901031 latency_ns=1167
          <idle>-0       [007] d.h.   184.591800: rkcif_stream_event: rkcif-mipi-lvds2 stream=0 generation=2 event=fs sequence=217 dma=0x1 timestamp_ns=184589435072 latency_ns=0
          <idle>-0       [007] d.h.   184.624605: rkcif_stream_event: rkcif-mipi-lvds2 stream=0 generation=2 event=fe sequence=217 dma=0x1 timestamp_ns=184622237076 latency_ns=0
          <idle>-0       [007] d.h.   184.624608: rkcif_stream_event: rkcif-mipi-lvds2 stream=0 generation=2 event=dma sequence=217 dma=0x1 timestamp_ns=184622242326 latency_ns=0
          <idle>-0       [007] ..s.   184.624617: rkcif_stream_event: rkcif-mipi-lvds2 stream=0 generation=2 event=vb2_done sequence=217 dma=0x1 timestamp_ns=184622251367 latency_ns=5541
          <idle>-0       [007] dNH.   184.625138: rkcif_stream_event: rkcif-mipi-lvds2 stream=0 generation=2 event=fs sequence=218 dma=0x1 timestamp_ns=184622772576 latency_ns=0
          <idle>-0       [007] d.h.   184.657930: rkcif_stream_event: rkcif-mipi-lvds2 stream=0 generation=2 event=fe sequence=218 dma=0x1 timestamp_ns=184655564954 latency_ns=0
          <idle>-0       [007] d.h.   184.657931: rkcif_stream_event: rkcif-mipi-lvds2 stream=0 generation=2 event=dma sequence=218 dma=0x1 timestamp_ns=184655565829 latency_ns=0
          <idle>-0       [007] ..s.   184.657933: rkcif_stream_event: rkcif-mipi-lvds2 stream=0 generation=2 event=vb2_done sequence=218 dma=0x1 timestamp_ns=184655567579 latency_ns=1167
          <idle>-0       [007] d.h.   184.658467: rkcif_stream_event: rkcif-mipi-lvds2 stream=0 generation=2 event=fs sequence=219 dma=0x1 timestamp_ns=184656101912 latency_ns=0
          <idle>-0       [007] d.h.   184.691269: rkcif_stream_event: rkcif-mipi-lvds2 stream=0 generation=2 event=fe sequence=219 dma=0x1 timestamp_ns=184688902457 latency_ns=0
          <idle>-0       [007] d.h.   184.691272: rkcif_stream_event: rkcif-mipi-lvds2 stream=0 generation=2 event=dma sequence=219 dma=0x1 timestamp_ns=184688906249 latency_ns=0
          <idle>-0       [007] ..s.   184.691280: rkcif_stream_event: rkcif-mipi-lvds2 stream=0 generation=2 event=vb2_done sequence=219 dma=0x1 timestamp_ns=184688914124 latency_ns=4375
          <idle>-0       [007] dNH.   184.691808: rkcif_stream_event: rkcif-mipi-lvds2 stream=0 generation=2 event=fs sequence=220 dma=0x1 timestamp_ns=184689442624 latency_ns=0
          <idle>-0       [007] d.h.   184.724604: rkcif_stream_event: rkcif-mipi-lvds2 stream=0 generation=2 event=fe sequence=220 dma=0x1 timestamp_ns=184722237044 latency_ns=0
          <idle>-0       [007] d.h.   184.724607: rkcif_stream_event: rkcif-mipi-lvds2 stream=0 generation=2 event=dma sequence=220 dma=0x1 timestamp_ns=184722241711 latency_ns=0
          <idle>-0       [007] .Ns.   184.724622: rkcif_stream_event: rkcif-mipi-lvds2 stream=0 generation=2 event=vb2_done sequence=220 dma=0x1 timestamp_ns=184722256586 latency_ns=11667
          <idle>-0       [007] dNH.   184.725138: rkcif_stream_event: rkcif-mipi-lvds2 stream=0 generation=2 event=fs sequence=221 dma=0x1 timestamp_ns=184722772836 latency_ns=0
          <idle>-0       [007] d.h.   184.757936: rkcif_stream_event: rkcif-mipi-lvds2 stream=0 generation=2 event=fe sequence=221 dma=0x1 timestamp_ns=184755569006 latency_ns=0
          <idle>-0       [007] d.h.   184.757939: rkcif_stream_event: rkcif-mipi-lvds2 stream=0 generation=2 event=dma sequence=221 dma=0x1 timestamp_ns=184755573381 latency_ns=0
          <idle>-0       [007] ..s.   184.757946: rkcif_stream_event: rkcif-mipi-lvds2 stream=0 generation=2 event=vb2_done sequence=221 dma=0x1 timestamp_ns=184755580964 latency_ns=4667
          <idle>-0       [007] dNH.   184.758470: rkcif_stream_event: rkcif-mipi-lvds2 stream=0 generation=2 event=fs sequence=222 dma=0x1 timestamp_ns=184756105089 latency_ns=0
          <idle>-0       [007] d.h.   184.791271: rkcif_stream_event: rkcif-mipi-lvds2 stream=0 generation=2 event=fe sequence=222 dma=0x1 timestamp_ns=184788903592 latency_ns=0
          <idle>-0       [007] d.h.   184.791274: rkcif_stream_event: rkcif-mipi-lvds2 stream=0 generation=2 event=dma sequence=222 dma=0x1 timestamp_ns=184788908259 latency_ns=0
          <idle>-0       [007] ..s.   184.791282: rkcif_stream_event: rkcif-mipi-lvds2 stream=0 generation=2 event=vb2_done sequence=222 dma=0x1 timestamp_ns=184788916717 latency_ns=5250
          <idle>-0       [007] d.H.   184.791805: rkcif_stream_event: rkcif-mipi-lvds2 stream=0 generation=2 event=fs sequence=223 dma=0x1 timestamp_ns=184789439384 latency_ns=0
          <idle>-0       [007] d.h.   184.824603: rkcif_stream_event: rkcif-mipi-lvds2 stream=0 generation=2 event=fe sequence=223 dma=0x1 timestamp_ns=184822235554 latency_ns=0
          <idle>-0       [007] d.h.   184.824605: rkcif_stream_event: rkcif-mipi-lvds2 stream=0 generation=2 event=dma sequence=223 dma=0x1 timestamp_ns=184822239929 latency_ns=0
          <idle>-0       [007] ..s.   184.824613: rkcif_stream_event: rkcif-mipi-lvds2 stream=0 generation=2 event=vb2_done sequence=223 dma=0x1 timestamp_ns=184822247512 latency_ns=4666
          <idle>-0       [007] d.H.   184.825137: rkcif_stream_event: rkcif-mipi-lvds2 stream=0 generation=2 event=fs sequence=224 dma=0x1 timestamp_ns=184822771637 latency_ns=0
          <idle>-0       [007] d.h.   184.857930: rkcif_stream_event: rkcif-mipi-lvds2 stream=0 generation=2 event=fe sequence=224 dma=0x1 timestamp_ns=184855564891 latency_ns=0
          <idle>-0       [007] d.h.   184.857931: rkcif_stream_event: rkcif-mipi-lvds2 stream=0 generation=2 event=dma sequence=224 dma=0x1 timestamp_ns=184855566057 latency_ns=0
          <idle>-0       [007] ..s.   184.857933: rkcif_stream_event: rkcif-mipi-lvds2 stream=0 generation=2 event=vb2_done sequence=224 dma=0x1 timestamp_ns=184855567807 latency_ns=1166
          <idle>-0       [007] d.h.   184.858467: rkcif_stream_event: rkcif-mipi-lvds2 stream=0 generation=2 event=fs sequence=225 dma=0x1 timestamp_ns=184856101849 latency_ns=0
          5-0022-179     [007] d.h.   184.891270: rkcif_stream_event: rkcif-mipi-lvds2 stream=0 generation=2 event=fe sequence=225 dma=0x1 timestamp_ns=184888903269 latency_ns=0
          5-0022-179     [007] d.h.   184.891273: rkcif_stream_event: rkcif-mipi-lvds2 stream=0 generation=2 event=dma sequence=225 dma=0x1 timestamp_ns=184888907936 latency_ns=0
          5-0022-179     [007] ..s.   184.891282: rkcif_stream_event: rkcif-mipi-lvds2 stream=0 generation=2 event=vb2_done sequence=225 dma=0x1 timestamp_ns=184888916394 latency_ns=4958
          5-0022-179     [007] d.H.   184.891805: rkcif_stream_event: rkcif-mipi-lvds2 stream=0 generation=2 event=fs sequence=226 dma=0x1 timestamp_ns=184889439352 latency_ns=0
          <idle>-0       [007] d.h.   184.924597: rkcif_stream_event: rkcif-mipi-lvds2 stream=0 generation=2 event=fe sequence=226 dma=0x1 timestamp_ns=184922231731 latency_ns=0
          <idle>-0       [007] d.h.   184.924597: rkcif_stream_event: rkcif-mipi-lvds2 stream=0 generation=2 event=dma sequence=226 dma=0x1 timestamp_ns=184922232606 latency_ns=0
          <idle>-0       [007] ..s.   184.924599: rkcif_stream_event: rkcif-mipi-lvds2 stream=0 generation=2 event=vb2_done sequence=226 dma=0x1 timestamp_ns=184922234356 latency_ns=1167
          <idle>-0       [007] d.h.   184.925133: rkcif_stream_event: rkcif-mipi-lvds2 stream=0 generation=2 event=fs sequence=227 dma=0x1 timestamp_ns=184922768397 latency_ns=0
          <idle>-0       [007] d.h.   184.957938: rkcif_stream_event: rkcif-mipi-lvds2 stream=0 generation=2 event=fe sequence=227 dma=0x1 timestamp_ns=184955570692 latency_ns=0
          <idle>-0       [007] d.h.   184.957941: rkcif_stream_event: rkcif-mipi-lvds2 stream=0 generation=2 event=dma sequence=227 dma=0x1 timestamp_ns=184955575359 latency_ns=0
          <idle>-0       [007] ..s.   184.957950: rkcif_stream_event: rkcif-mipi-lvds2 stream=0 generation=2 event=vb2_done sequence=227 dma=0x1 timestamp_ns=184955584401 latency_ns=5250
          <idle>-0       [007] d.H.   184.958471: rkcif_stream_event: rkcif-mipi-lvds2 stream=0 generation=2 event=fs sequence=228 dma=0x1 timestamp_ns=184956105901 latency_ns=0
          <idle>-0       [007] d.h.   184.991370: rkcif_stream_event: rkcif-mipi-lvds2 stream=0 generation=2 event=fe sequence=228 dma=0x1 timestamp_ns=184989001821 latency_ns=0
          <idle>-0       [007] d.h.   184.991372: rkcif_stream_event: rkcif-mipi-lvds2 stream=0 generation=2 event=dma sequence=228 dma=0x1 timestamp_ns=184989006779 latency_ns=0
          <idle>-0       [007] ..s.   184.991382: rkcif_stream_event: rkcif-mipi-lvds2 stream=0 generation=2 event=vb2_done sequence=228 dma=0x1 timestamp_ns=184989016404 latency_ns=6125
          <idle>-0       [007] d.H.   184.991805: rkcif_stream_event: rkcif-mipi-lvds2 stream=0 generation=2 event=fs sequence=229 dma=0x1 timestamp_ns=184989439321 latency_ns=0
          <idle>-0       [007] d.h.   185.024605: rkcif_stream_event: rkcif-mipi-lvds2 stream=0 generation=2 event=fe sequence=229 dma=0x1 timestamp_ns=185022237532 latency_ns=0
          <idle>-0       [007] d.h.   185.024609: rkcif_stream_event: rkcif-mipi-lvds2 stream=0 generation=2 event=dma sequence=229 dma=0x1 timestamp_ns=185022242491 latency_ns=0
          <idle>-0       [007] ..s.   185.024619: rkcif_stream_event: rkcif-mipi-lvds2 stream=0 generation=2 event=vb2_done sequence=229 dma=0x1 timestamp_ns=185022252991 latency_ns=5250
          <idle>-0       [007] d.H.   185.025138: rkcif_stream_event: rkcif-mipi-lvds2 stream=0 generation=2 event=fs sequence=230 dma=0x1 timestamp_ns=185022772741 latency_ns=0
          <idle>-0       [007] d.h.   185.058035: rkcif_stream_event: rkcif-mipi-lvds2 stream=0 generation=2 event=fe sequence=230 dma=0x1 timestamp_ns=185055667786 latency_ns=0
          <idle>-0       [007] d.h.   185.058038: rkcif_stream_event: rkcif-mipi-lvds2 stream=0 generation=2 event=dma sequence=230 dma=0x1 timestamp_ns=185055672744 latency_ns=0
          <idle>-0       [007] ..s.   185.058048: rkcif_stream_event: rkcif-mipi-lvds2 stream=0 generation=2 event=vb2_done sequence=230 dma=0x1 timestamp_ns=185055682078 latency_ns=5834
          <idle>-0       [007] d.H.   185.058471: rkcif_stream_event: rkcif-mipi-lvds2 stream=0 generation=2 event=fs sequence=231 dma=0x1 timestamp_ns=185056105869 latency_ns=0
          <idle>-0       [007] d.h.   185.091368: rkcif_stream_event: rkcif-mipi-lvds2 stream=0 generation=2 event=fe sequence=231 dma=0x1 timestamp_ns=185088999748 latency_ns=0
          <idle>-0       [007] d.h.   185.091370: rkcif_stream_event: rkcif-mipi-lvds2 stream=0 generation=2 event=dma sequence=231 dma=0x1 timestamp_ns=185089004998 latency_ns=0
          <idle>-0       [007] ..s.   185.091380: rkcif_stream_event: rkcif-mipi-lvds2 stream=0 generation=2 event=vb2_done sequence=231 dma=0x1 timestamp_ns=185089014331 latency_ns=5833
          <idle>-0       [007] d.H.   185.091805: rkcif_stream_event: rkcif-mipi-lvds2 stream=0 generation=2 event=fs sequence=232 dma=0x1 timestamp_ns=185089439289 latency_ns=0
          <idle>-0       [007] d.h.   185.124604: rkcif_stream_event: rkcif-mipi-lvds2 stream=0 generation=2 event=fe sequence=232 dma=0x1 timestamp_ns=185122236918 latency_ns=0
          <idle>-0       [007] d.h.   185.124607: rkcif_stream_event: rkcif-mipi-lvds2 stream=0 generation=2 event=dma sequence=232 dma=0x1 timestamp_ns=185122241584 latency_ns=0
          <idle>-0       [007] .Ns.   185.124630: rkcif_stream_event: rkcif-mipi-lvds2 stream=0 generation=2 event=vb2_done sequence=232 dma=0x1 timestamp_ns=185122264043 latency_ns=18959
          <idle>-0       [007] dNH.   185.125138: rkcif_stream_event: rkcif-mipi-lvds2 stream=0 generation=2 event=fs sequence=233 dma=0x1 timestamp_ns=185122772709 latency_ns=0
          <idle>-0       [007] d.h.   185.157929: rkcif_stream_event: rkcif-mipi-lvds2 stream=0 generation=2 event=fe sequence=233 dma=0x1 timestamp_ns=185155564504 latency_ns=0
          <idle>-0       [007] d.h.   185.157930: rkcif_stream_event: rkcif-mipi-lvds2 stream=0 generation=2 event=dma sequence=233 dma=0x1 timestamp_ns=185155564796 latency_ns=0
          <idle>-0       [007] ..s.   185.157931: rkcif_stream_event: rkcif-mipi-lvds2 stream=0 generation=2 event=vb2_done sequence=233 dma=0x1 timestamp_ns=185155566254 latency_ns=875
          <idle>-0       [007] d.h.   185.158467: rkcif_stream_event: rkcif-mipi-lvds2 stream=0 generation=2 event=fs sequence=234 dma=0x1 timestamp_ns=185156101754 latency_ns=0
          <idle>-0       [007] d.h.   185.191269: rkcif_stream_event: rkcif-mipi-lvds2 stream=0 generation=2 event=fe sequence=234 dma=0x1 timestamp_ns=185188902299 latency_ns=0
          <idle>-0       [007] d.h.   185.191272: rkcif_stream_event: rkcif-mipi-lvds2 stream=0 generation=2 event=dma sequence=234 dma=0x1 timestamp_ns=185188906674 latency_ns=0
          <idle>-0       [007] ..s.   185.191280: rkcif_stream_event: rkcif-mipi-lvds2 stream=0 generation=2 event=vb2_done sequence=234 dma=0x1 timestamp_ns=185188914258 latency_ns=4375
          <idle>-0       [007] d.H.   185.191804: rkcif_stream_event: rkcif-mipi-lvds2 stream=0 generation=2 event=fs sequence=235 dma=0x1 timestamp_ns=185189438383 latency_ns=0
          <idle>-0       [007] d.h.   185.224597: rkcif_stream_event: rkcif-mipi-lvds2 stream=0 generation=2 event=fe sequence=235 dma=0x1 timestamp_ns=185222231636 latency_ns=0
          <idle>-0       [007] d.h.   185.224598: rkcif_stream_event: rkcif-mipi-lvds2 stream=0 generation=2 event=dma sequence=235 dma=0x1 timestamp_ns=185222232803 latency_ns=0
          <idle>-0       [007] ..s.   185.224600: rkcif_stream_event: rkcif-mipi-lvds2 stream=0 generation=2 event=vb2_done sequence=235 dma=0x1 timestamp_ns=185222234844 latency_ns=1458
          <idle>-0       [007] d.h.   185.225133: rkcif_stream_event: rkcif-mipi-lvds2 stream=0 generation=2 event=fs sequence=236 dma=0x1 timestamp_ns=185222768594 latency_ns=0
          <idle>-0       [007] d.h.   185.257939: rkcif_stream_event: rkcif-mipi-lvds2 stream=0 generation=2 event=fe sequence=236 dma=0x1 timestamp_ns=185255571514 latency_ns=0
          <idle>-0       [007] d.h.   185.257943: rkcif_stream_event: rkcif-mipi-lvds2 stream=0 generation=2 event=dma sequence=236 dma=0x1 timestamp_ns=185255577348 latency_ns=0
          <idle>-0       [007] ..s.   185.257953: rkcif_stream_event: rkcif-mipi-lvds2 stream=0 generation=2 event=vb2_done sequence=236 dma=0x1 timestamp_ns=185255586973 latency_ns=5834
          <idle>-0       [007] d.H.   185.258471: rkcif_stream_event: rkcif-mipi-lvds2 stream=0 generation=2 event=fs sequence=237 dma=0x1 timestamp_ns=185256106139 latency_ns=0
          <idle>-0       [007] d.h.   185.291267: rkcif_stream_event: rkcif-mipi-lvds2 stream=0 generation=2 event=fe sequence=237 dma=0x1 timestamp_ns=185288901434 latency_ns=0
          <idle>-0       [007] d.h.   185.291269: rkcif_stream_event: rkcif-mipi-lvds2 stream=0 generation=2 event=dma sequence=237 dma=0x1 timestamp_ns=185288903184 latency_ns=0
          <idle>-0       [007] ..s.   185.291275: rkcif_stream_event: rkcif-mipi-lvds2 stream=0 generation=2 event=vb2_done sequence=237 dma=0x1 timestamp_ns=185288909309 latency_ns=3500
          <idle>-0       [007] d.H.   185.291804: rkcif_stream_event: rkcif-mipi-lvds2 stream=0 generation=2 event=fs sequence=238 dma=0x1 timestamp_ns=185289438393 latency_ns=0
          <idle>-0       [007] d.h.   185.324747: rkcif_stream_event: rkcif-mipi-lvds2 stream=0 generation=2 event=fe sequence=238 dma=0x1 timestamp_ns=185322378938 latency_ns=0
          <idle>-0       [007] d.h.   185.324750: rkcif_stream_event: rkcif-mipi-lvds2 stream=0 generation=2 event=dma sequence=238 dma=0x1 timestamp_ns=185322384188 latency_ns=0
          <idle>-0       [007] .Ns.   185.324774: rkcif_stream_event: rkcif-mipi-lvds2 stream=0 generation=2 event=vb2_done sequence=238 dma=0x1 timestamp_ns=185322408396 latency_ns=20708
          <idle>-0       [007] dNH.   185.325138: rkcif_stream_event: rkcif-mipi-lvds2 stream=0 generation=2 event=fs sequence=239 dma=0x1 timestamp_ns=185322772688 latency_ns=0
          <idle>-0       [007] d.h.   185.357931: rkcif_stream_event: rkcif-mipi-lvds2 stream=0 generation=2 event=fe sequence=239 dma=0x1 timestamp_ns=185355565649 latency_ns=0
          <idle>-0       [007] d.h.   185.357932: rkcif_stream_event: rkcif-mipi-lvds2 stream=0 generation=2 event=dma sequence=239 dma=0x1 timestamp_ns=185355566524 latency_ns=0
          <idle>-0       [007] ..s.   185.357934: rkcif_stream_event: rkcif-mipi-lvds2 stream=0 generation=2 event=vb2_done sequence=239 dma=0x1 timestamp_ns=185355568566 latency_ns=1458
          <idle>-0       [007] d.h.   185.358478: rkcif_stream_event: rkcif-mipi-lvds2 stream=0 generation=2 event=fs sequence=240 dma=0x1 timestamp_ns=185356112524 latency_ns=0
          <idle>-0       [007] d.h.   185.391272: rkcif_stream_event: rkcif-mipi-lvds2 stream=0 generation=2 event=fe sequence=240 dma=0x1 timestamp_ns=185388904611 latency_ns=0
          <idle>-0       [007] d.h.   185.391275: rkcif_stream_event: rkcif-mipi-lvds2 stream=0 generation=2 event=dma sequence=240 dma=0x1 timestamp_ns=185388909861 latency_ns=0
          <idle>-0       [007] ..s.   185.391284: rkcif_stream_event: rkcif-mipi-lvds2 stream=0 generation=2 event=vb2_done sequence=240 dma=0x1 timestamp_ns=185388918319 latency_ns=5541
          <idle>-0       [007] dNH.   185.391805: rkcif_stream_event: rkcif-mipi-lvds2 stream=0 generation=2 event=fs sequence=241 dma=0x1 timestamp_ns=185389439236 latency_ns=0
          <idle>-0       [007] d.h.   185.424597: rkcif_stream_event: rkcif-mipi-lvds2 stream=0 generation=2 event=fe sequence=241 dma=0x1 timestamp_ns=185422231906 latency_ns=0
          <idle>-0       [007] d.h.   185.424598: rkcif_stream_event: rkcif-mipi-lvds2 stream=0 generation=2 event=dma sequence=241 dma=0x1 timestamp_ns=185422233073 latency_ns=0
          <idle>-0       [007] ..s.   185.424600: rkcif_stream_event: rkcif-mipi-lvds2 stream=0 generation=2 event=vb2_done sequence=241 dma=0x1 timestamp_ns=185422235114 latency_ns=1458
          <idle>-0       [007] d.h.   185.425133: rkcif_stream_event: rkcif-mipi-lvds2 stream=0 generation=2 event=fs sequence=242 dma=0x1 timestamp_ns=185422768573 latency_ns=0
          <idle>-0       [007] d.h.   185.457934: rkcif_stream_event: rkcif-mipi-lvds2 stream=0 generation=2 event=fe sequence=242 dma=0x1 timestamp_ns=185455566784 latency_ns=0
          <idle>-0       [007] d.h.   185.457935: rkcif_stream_event: rkcif-mipi-lvds2 stream=0 generation=2 event=dma sequence=242 dma=0x1 timestamp_ns=185455569701 latency_ns=0
          <idle>-0       [007] ..s.   185.457941: rkcif_stream_event: rkcif-mipi-lvds2 stream=0 generation=2 event=vb2_done sequence=242 dma=0x1 timestamp_ns=185455574951 latency_ns=2625
          <idle>-0       [007] d.H.   185.458469: rkcif_stream_event: rkcif-mipi-lvds2 stream=0 generation=2 event=fs sequence=243 dma=0x1 timestamp_ns=185456104034 latency_ns=0
          <idle>-0       [007] d.h.   185.491271: rkcif_stream_event: rkcif-mipi-lvds2 stream=0 generation=2 event=fe sequence=243 dma=0x1 timestamp_ns=185488903996 latency_ns=0
          <idle>-0       [007] d.h.   185.491274: rkcif_stream_event: rkcif-mipi-lvds2 stream=0 generation=2 event=dma sequence=243 dma=0x1 timestamp_ns=185488908663 latency_ns=0
          <idle>-0       [007] ..s.   185.491283: rkcif_stream_event: rkcif-mipi-lvds2 stream=0 generation=2 event=vb2_done sequence=243 dma=0x1 timestamp_ns=185488917704 latency_ns=5250
          <idle>-0       [007] d.H.   185.491805: rkcif_stream_event: rkcif-mipi-lvds2 stream=0 generation=2 event=fs sequence=244 dma=0x1 timestamp_ns=185489439496 latency_ns=0
          <idle>-0       [007] d.h.   185.524597: rkcif_stream_event: rkcif-mipi-lvds2 stream=0 generation=2 event=fe sequence=244 dma=0x1 timestamp_ns=185522231874 latency_ns=0
          <idle>-0       [007] d.h.   185.524597: rkcif_stream_event: rkcif-mipi-lvds2 stream=0 generation=2 event=dma sequence=244 dma=0x1 timestamp_ns=185522232749 latency_ns=0
          <idle>-0       [007] ..s.   185.524600: rkcif_stream_event: rkcif-mipi-lvds2 stream=0 generation=2 event=vb2_done sequence=244 dma=0x1 timestamp_ns=185522234499 latency_ns=1166
          <idle>-0       [007] d.h.   185.525133: rkcif_stream_event: rkcif-mipi-lvds2 stream=0 generation=2 event=fs sequence=245 dma=0x1 timestamp_ns=185522768541 latency_ns=0
          <idle>-0       [007] d.h.   185.557933: rkcif_stream_event: rkcif-mipi-lvds2 stream=0 generation=2 event=fe sequence=245 dma=0x1 timestamp_ns=185555567628 latency_ns=0
          <idle>-0       [007] d.h.   185.557935: rkcif_stream_event: rkcif-mipi-lvds2 stream=0 generation=2 event=dma sequence=245 dma=0x1 timestamp_ns=185555569378 latency_ns=0
          <idle>-0       [007] ..s.   185.557941: rkcif_stream_event: rkcif-mipi-lvds2 stream=0 generation=2 event=vb2_done sequence=245 dma=0x1 timestamp_ns=185555575211 latency_ns=3208
          <idle>-0       [007] d.H.   185.558470: rkcif_stream_event: rkcif-mipi-lvds2 stream=0 generation=2 event=fs sequence=246 dma=0x1 timestamp_ns=185556104878 latency_ns=0
          <idle>-0       [007] d.h.   185.591271: rkcif_stream_event: rkcif-mipi-lvds2 stream=0 generation=2 event=fe sequence=246 dma=0x1 timestamp_ns=185588904256 latency_ns=0
          <idle>-0       [007] d.h.   185.591274: rkcif_stream_event: rkcif-mipi-lvds2 stream=0 generation=2 event=dma sequence=246 dma=0x1 timestamp_ns=185588908923 latency_ns=0
          <idle>-0       [007] ..s.   185.591283: rkcif_stream_event: rkcif-mipi-lvds2 stream=0 generation=2 event=vb2_done sequence=246 dma=0x1 timestamp_ns=185588917381 latency_ns=5250
          <idle>-0       [007] d.H.   185.591805: rkcif_stream_event: rkcif-mipi-lvds2 stream=0 generation=2 event=fs sequence=247 dma=0x1 timestamp_ns=185589439464 latency_ns=0
          <idle>-0       [007] d.h.   185.624597: rkcif_stream_event: rkcif-mipi-lvds2 stream=0 generation=2 event=fe sequence=247 dma=0x1 timestamp_ns=185622231843 latency_ns=0
          <idle>-0       [007] d.h.   185.624597: rkcif_stream_event: rkcif-mipi-lvds2 stream=0 generation=2 event=dma sequence=247 dma=0x1 timestamp_ns=185622232718 latency_ns=0
          <idle>-0       [007] ..s.   185.624599: rkcif_stream_event: rkcif-mipi-lvds2 stream=0 generation=2 event=vb2_done sequence=247 dma=0x1 timestamp_ns=185622234468 latency_ns=1167
          <idle>-0       [007] d.h.   185.625133: rkcif_stream_event: rkcif-mipi-lvds2 stream=0 generation=2 event=fs sequence=248 dma=0x1 timestamp_ns=185622768509 latency_ns=0
          <idle>-0       [007] d.h.   185.658038: rkcif_stream_event: rkcif-mipi-lvds2 stream=0 generation=2 event=fe sequence=248 dma=0x1 timestamp_ns=185655669971 latency_ns=0
          <idle>-0       [007] d.h.   185.658040: rkcif_stream_event: rkcif-mipi-lvds2 stream=0 generation=2 event=dma sequence=248 dma=0x1 timestamp_ns=185655674929 latency_ns=0
          <idle>-0       [007] ..s.   185.658050: rkcif_stream_event: rkcif-mipi-lvds2 stream=0 generation=2 event=vb2_done sequence=248 dma=0x1 timestamp_ns=185655684263 latency_ns=5834
          <idle>-0       [007] dNH.   185.658471: rkcif_stream_event: rkcif-mipi-lvds2 stream=0 generation=2 event=fs sequence=249 dma=0x1 timestamp_ns=185656106013 latency_ns=0
          <idle>-0       [007] d.h.   185.691264: rkcif_stream_event: rkcif-mipi-lvds2 stream=0 generation=2 event=fe sequence=249 dma=0x1 timestamp_ns=185688898391 latency_ns=0
          <idle>-0       [007] d.h.   185.691264: rkcif_stream_event: rkcif-mipi-lvds2 stream=0 generation=2 event=dma sequence=249 dma=0x1 timestamp_ns=185688899266 latency_ns=0
          <idle>-0       [007] ..s.   185.691266: rkcif_stream_event: rkcif-mipi-lvds2 stream=0 generation=2 event=vb2_done sequence=249 dma=0x1 timestamp_ns=185688901308 latency_ns=1167
          <idle>-0       [007] d.h.   185.691800: rkcif_stream_event: rkcif-mipi-lvds2 stream=0 generation=2 event=fs sequence=250 dma=0x1 timestamp_ns=185689435350 latency_ns=0
          <idle>-0       [007] d.h.   185.724602: rkcif_stream_event: rkcif-mipi-lvds2 stream=0 generation=2 event=fe sequence=250 dma=0x1 timestamp_ns=185722235894 latency_ns=0
          <idle>-0       [007] d.h.   185.724605: rkcif_stream_event: rkcif-mipi-lvds2 stream=0 generation=2 event=dma sequence=250 dma=0x1 timestamp_ns=185722239978 latency_ns=0
          <idle>-0       [007] ..s.   185.724613: rkcif_stream_event: rkcif-mipi-lvds2 stream=0 generation=2 event=vb2_done sequence=250 dma=0x1 timestamp_ns=185722247561 latency_ns=4667
          <idle>-0       [007] d.H.   185.725140: rkcif_stream_event: rkcif-mipi-lvds2 stream=0 generation=2 event=fs sequence=251 dma=0x1 timestamp_ns=185722774895 latency_ns=0
          <idle>-0       [007] d.h.   185.757938: rkcif_stream_event: rkcif-mipi-lvds2 stream=0 generation=2 event=fe sequence=251 dma=0x1 timestamp_ns=185755570481 latency_ns=0
          <idle>-0       [007] d.h.   185.757941: rkcif_stream_event: rkcif-mipi-lvds2 stream=0 generation=2 event=dma sequence=251 dma=0x1 timestamp_ns=185755575440 latency_ns=0
          <idle>-0       [007] ..s.   185.757950: rkcif_stream_event: rkcif-mipi-lvds2 stream=0 generation=2 event=vb2_done sequence=251 dma=0x1 timestamp_ns=185755584481 latency_ns=5250
          <idle>-0       [007] d.H.   185.758472: rkcif_stream_event: rkcif-mipi-lvds2 stream=0 generation=2 event=fs sequence=252 dma=0x1 timestamp_ns=185756105981 latency_ns=0
          <idle>-0       [007] d.h.   185.791264: rkcif_stream_event: rkcif-mipi-lvds2 stream=0 generation=2 event=fe sequence=252 dma=0x1 timestamp_ns=185788898360 latency_ns=0
          <idle>-0       [007] d.h.   185.791264: rkcif_stream_event: rkcif-mipi-lvds2 stream=0 generation=2 event=dma sequence=252 dma=0x1 timestamp_ns=185788899235 latency_ns=0
          <idle>-0       [007] ..s.   185.791266: rkcif_stream_event: rkcif-mipi-lvds2 stream=0 generation=2 event=vb2_done sequence=252 dma=0x1 timestamp_ns=185788901276 latency_ns=1458
          <idle>-0       [007] d.h.   185.791800: rkcif_stream_event: rkcif-mipi-lvds2 stream=0 generation=2 event=fs sequence=253 dma=0x1 timestamp_ns=185789435318 latency_ns=0
          <idle>-0       [007] d.h.   185.824605: rkcif_stream_event: rkcif-mipi-lvds2 stream=0 generation=2 event=fe sequence=253 dma=0x1 timestamp_ns=185822237321 latency_ns=0
          <idle>-0       [007] d.h.   185.824608: rkcif_stream_event: rkcif-mipi-lvds2 stream=0 generation=2 event=dma sequence=253 dma=0x1 timestamp_ns=185822242280 latency_ns=0
          <idle>-0       [007] ..s.   185.824616: rkcif_stream_event: rkcif-mipi-lvds2 stream=0 generation=2 event=vb2_done sequence=253 dma=0x1 timestamp_ns=185822250738 latency_ns=4958
          <idle>-0       [007] d.H.   185.825138: rkcif_stream_event: rkcif-mipi-lvds2 stream=0 generation=2 event=fs sequence=254 dma=0x1 timestamp_ns=185822772530 latency_ns=0
          <idle>-0       [007] d.h.   185.857938: rkcif_stream_event: rkcif-mipi-lvds2 stream=0 generation=2 event=fe sequence=254 dma=0x1 timestamp_ns=185855570741 latency_ns=0
          <idle>-0       [007] d.h.   185.857941: rkcif_stream_event: rkcif-mipi-lvds2 stream=0 generation=2 event=dma sequence=254 dma=0x1 timestamp_ns=185855575408 latency_ns=0
          <idle>-0       [007] ..s.   185.857949: rkcif_stream_event: rkcif-mipi-lvds2 stream=0 generation=2 event=vb2_done sequence=254 dma=0x1 timestamp_ns=185855583866 latency_ns=5250
          <idle>-0       [007] d.H.   185.858473: rkcif_stream_event: rkcif-mipi-lvds2 stream=0 generation=2 event=fs sequence=255 dma=0x1 timestamp_ns=185856106241 latency_ns=0
          <idle>-0       [007] d.h.   185.891264: rkcif_stream_event: rkcif-mipi-lvds2 stream=0 generation=2 event=fe sequence=255 dma=0x1 timestamp_ns=185888898328 latency_ns=0
          <idle>-0       [007] d.h.   185.891264: rkcif_stream_event: rkcif-mipi-lvds2 stream=0 generation=2 event=dma sequence=255 dma=0x1 timestamp_ns=185888899495 latency_ns=0
          <idle>-0       [007] ..s.   185.891266: rkcif_stream_event: rkcif-mipi-lvds2 stream=0 generation=2 event=vb2_done sequence=255 dma=0x1 timestamp_ns=185888901245 latency_ns=1167
          <idle>-0       [007] d.h.   185.891800: rkcif_stream_event: rkcif-mipi-lvds2 stream=0 generation=2 event=fs sequence=256 dma=0x1 timestamp_ns=185889435286 latency_ns=0
          <idle>-0       [007] d.h.   185.924604: rkcif_stream_event: rkcif-mipi-lvds2 stream=0 generation=2 event=fe sequence=256 dma=0x1 timestamp_ns=185922237290 latency_ns=0
          <idle>-0       [007] d.h.   185.924607: rkcif_stream_event: rkcif-mipi-lvds2 stream=0 generation=2 event=dma sequence=256 dma=0x1 timestamp_ns=185922241956 latency_ns=0
          <idle>-0       [007] ..s.   185.924616: rkcif_stream_event: rkcif-mipi-lvds2 stream=0 generation=2 event=vb2_done sequence=256 dma=0x1 timestamp_ns=185922250415 latency_ns=5250
          <idle>-0       [007] dNH.   185.925138: rkcif_stream_event: rkcif-mipi-lvds2 stream=0 generation=2 event=fs sequence=257 dma=0x1 timestamp_ns=185922772790 latency_ns=0
          <idle>-0       [007] d.h.   185.957936: rkcif_stream_event: rkcif-mipi-lvds2 stream=0 generation=2 event=fe sequence=257 dma=0x1 timestamp_ns=185955569251 latency_ns=0
          <idle>-0       [007] d.h.   185.957939: rkcif_stream_event: rkcif-mipi-lvds2 stream=0 generation=2 event=dma sequence=257 dma=0x1 timestamp_ns=185955573335 latency_ns=0
          <idle>-0       [007] ..s.   185.957946: rkcif_stream_event: rkcif-mipi-lvds2 stream=0 generation=2 event=vb2_done sequence=257 dma=0x1 timestamp_ns=185955581210 latency_ns=4667
          <idle>-0       [007] d.H.   185.958470: rkcif_stream_event: rkcif-mipi-lvds2 stream=0 generation=2 event=fs sequence=258 dma=0x1 timestamp_ns=185956105043 latency_ns=0
          <idle>-0       [007] d.h.   185.991271: rkcif_stream_event: rkcif-mipi-lvds2 stream=0 generation=2 event=fe sequence=258 dma=0x1 timestamp_ns=185988903838 latency_ns=0
          <idle>-0       [007] d.h.   185.991274: rkcif_stream_event: rkcif-mipi-lvds2 stream=0 generation=2 event=dma sequence=258 dma=0x1 timestamp_ns=185988908505 latency_ns=0
          <idle>-0       [007] ..s.   185.991282: rkcif_stream_event: rkcif-mipi-lvds2 stream=0 generation=2 event=vb2_done sequence=258 dma=0x1 timestamp_ns=185988916963 latency_ns=5250
          <idle>-0       [007] d.H.   185.991805: rkcif_stream_event: rkcif-mipi-lvds2 stream=0 generation=2 event=fs sequence=259 dma=0x1 timestamp_ns=185989439630 latency_ns=0
          <idle>-0       [007] d.h.   186.024597: rkcif_stream_event: rkcif-mipi-lvds2 stream=0 generation=2 event=fe sequence=259 dma=0x1 timestamp_ns=186022231716 latency_ns=0
          <idle>-0       [007] d.h.   186.024598: rkcif_stream_event: rkcif-mipi-lvds2 stream=0 generation=2 event=dma sequence=259 dma=0x1 timestamp_ns=186022232591 latency_ns=0
          <idle>-0       [007] ..s.   186.024599: rkcif_stream_event: rkcif-mipi-lvds2 stream=0 generation=2 event=vb2_done sequence=259 dma=0x1 timestamp_ns=186022234633 latency_ns=1458
          <idle>-0       [007] d.h.   186.025133: rkcif_stream_event: rkcif-mipi-lvds2 stream=0 generation=2 event=fs sequence=260 dma=0x1 timestamp_ns=186022768675 latency_ns=0
          <idle>-0       [007] d.h.   186.057938: rkcif_stream_event: rkcif-mipi-lvds2 stream=0 generation=2 event=fe sequence=260 dma=0x1 timestamp_ns=186055570386 latency_ns=0
          <idle>-0       [007] d.h.   186.057940: rkcif_stream_event: rkcif-mipi-lvds2 stream=0 generation=2 event=dma sequence=260 dma=0x1 timestamp_ns=186055575053 latency_ns=0
          <idle>-0       [007] ..s.   186.057949: rkcif_stream_event: rkcif-mipi-lvds2 stream=0 generation=2 event=vb2_done sequence=260 dma=0x1 timestamp_ns=186055583803 latency_ns=5250
          <idle>-0       [007] d.H.   186.058471: rkcif_stream_event: rkcif-mipi-lvds2 stream=0 generation=2 event=fs sequence=261 dma=0x1 timestamp_ns=186056106178 latency_ns=0
          <idle>-0       [007] d.h.   186.091269: rkcif_stream_event: rkcif-mipi-lvds2 stream=0 generation=2 event=fe sequence=261 dma=0x1 timestamp_ns=186088902348 latency_ns=0
          <idle>-0       [007] d.h.   186.091272: rkcif_stream_event: rkcif-mipi-lvds2 stream=0 generation=2 event=dma sequence=261 dma=0x1 timestamp_ns=186088906723 latency_ns=0
          <idle>-0       [007] ..s.   186.091280: rkcif_stream_event: rkcif-mipi-lvds2 stream=0 generation=2 event=vb2_done sequence=261 dma=0x1 timestamp_ns=186088914306 latency_ns=4375
          <idle>-0       [007] d.H.   186.091804: rkcif_stream_event: rkcif-mipi-lvds2 stream=0 generation=2 event=fs sequence=262 dma=0x1 timestamp_ns=186089438431 latency_ns=0
          <idle>-0       [007] d.h.   186.124604: rkcif_stream_event: rkcif-mipi-lvds2 stream=0 generation=2 event=fe sequence=262 dma=0x1 timestamp_ns=186122237226 latency_ns=0
          <idle>-0       [007] d.h.   186.124607: rkcif_stream_event: rkcif-mipi-lvds2 stream=0 generation=2 event=dma sequence=262 dma=0x1 timestamp_ns=186122242185 latency_ns=0
          <idle>-0       [007] ..s.   186.124616: rkcif_stream_event: rkcif-mipi-lvds2 stream=0 generation=2 event=vb2_done sequence=262 dma=0x1 timestamp_ns=186122250351 latency_ns=4958
          <idle>-0       [007] dNH.   186.125138: rkcif_stream_event: rkcif-mipi-lvds2 stream=0 generation=2 event=fs sequence=263 dma=0x1 timestamp_ns=186122772726 latency_ns=0
          5-0022-179     [007] d.h.   186.157935: rkcif_stream_event: rkcif-mipi-lvds2 stream=0 generation=2 event=fe sequence=263 dma=0x1 timestamp_ns=186155568313 latency_ns=0
          5-0022-179     [007] d.h.   186.157938: rkcif_stream_event: rkcif-mipi-lvds2 stream=0 generation=2 event=dma sequence=263 dma=0x1 timestamp_ns=186155572688 latency_ns=0
          5-0022-179     [007] ..s.   186.157946: rkcif_stream_event: rkcif-mipi-lvds2 stream=0 generation=2 event=vb2_done sequence=263 dma=0x1 timestamp_ns=186155580563 latency_ns=4667
          5-0022-179     [007] d.H.   186.158470: rkcif_stream_event: rkcif-mipi-lvds2 stream=0 generation=2 event=fs sequence=264 dma=0x1 timestamp_ns=186156104980 latency_ns=0
          <idle>-0       [007] d.h.   186.191271: rkcif_stream_event: rkcif-mipi-lvds2 stream=0 generation=2 event=fe sequence=264 dma=0x1 timestamp_ns=186188903775 latency_ns=0
          <idle>-0       [007] d.h.   186.191274: rkcif_stream_event: rkcif-mipi-lvds2 stream=0 generation=2 event=dma sequence=264 dma=0x1 timestamp_ns=186188908733 latency_ns=0
          <idle>-0       [007] ..s.   186.191282: rkcif_stream_event: rkcif-mipi-lvds2 stream=0 generation=2 event=vb2_done sequence=264 dma=0x1 timestamp_ns=186188917191 latency_ns=5250
          <idle>-0       [007] dNH.   186.191805: rkcif_stream_event: rkcif-mipi-lvds2 stream=0 generation=2 event=fs sequence=265 dma=0x1 timestamp_ns=186189439566 latency_ns=0
          <idle>-0       [007] d.h.   186.224597: rkcif_stream_event: rkcif-mipi-lvds2 stream=0 generation=2 event=fe sequence=265 dma=0x1 timestamp_ns=186222231653 latency_ns=0
          <idle>-0       [007] d.h.   186.224597: rkcif_stream_event: rkcif-mipi-lvds2 stream=0 generation=2 event=dma sequence=265 dma=0x1 timestamp_ns=186222232528 latency_ns=0
          <idle>-0       [007] ..s.   186.224599: rkcif_stream_event: rkcif-mipi-lvds2 stream=0 generation=2 event=vb2_done sequence=265 dma=0x1 timestamp_ns=186222234570 latency_ns=1459
          <idle>-0       [007] d.h.   186.225134: rkcif_stream_event: rkcif-mipi-lvds2 stream=0 generation=2 event=fs sequence=266 dma=0x1 timestamp_ns=186222768611 latency_ns=0
          <idle>-0       [007] d.h.   186.257936: rkcif_stream_event: rkcif-mipi-lvds2 stream=0 generation=2 event=fe sequence=266 dma=0x1 timestamp_ns=186255569156 latency_ns=0
          <idle>-0       [007] d.h.   186.257939: rkcif_stream_event: rkcif-mipi-lvds2 stream=0 generation=2 event=dma sequence=266 dma=0x1 timestamp_ns=186255573240 latency_ns=0
          <idle>-0       [007] ..s.   186.257946: rkcif_stream_event: rkcif-mipi-lvds2 stream=0 generation=2 event=vb2_done sequence=266 dma=0x1 timestamp_ns=186255581115 latency_ns=4667
          <idle>-0       [007] d.H.   186.258470: rkcif_stream_event: rkcif-mipi-lvds2 stream=0 generation=2 event=fs sequence=267 dma=0x1 timestamp_ns=186256105240 latency_ns=0
          <idle>-0       [007] d.h.   186.291264: rkcif_stream_event: rkcif-mipi-lvds2 stream=0 generation=2 event=fe sequence=267 dma=0x1 timestamp_ns=186288898493 latency_ns=0
          <idle>-0       [007] d.h.   186.291264: rkcif_stream_event: rkcif-mipi-lvds2 stream=0 generation=2 event=dma sequence=267 dma=0x1 timestamp_ns=186288899660 latency_ns=0
          <idle>-0       [007] ..s.   186.291267: rkcif_stream_event: rkcif-mipi-lvds2 stream=0 generation=2 event=vb2_done sequence=267 dma=0x1 timestamp_ns=186288902285 latency_ns=1750
          <idle>-0       [007] d.h.   186.291800: rkcif_stream_event: rkcif-mipi-lvds2 stream=0 generation=2 event=fs sequence=268 dma=0x1 timestamp_ns=186289435451 latency_ns=0
          <idle>-0       [007] d.h.   186.324598: rkcif_stream_event: rkcif-mipi-lvds2 stream=0 generation=2 event=fe sequence=268 dma=0x1 timestamp_ns=186322232496 latency_ns=0
          <idle>-0       [007] d.h.   186.324599: rkcif_stream_event: rkcif-mipi-lvds2 stream=0 generation=2 event=dma sequence=268 dma=0x1 timestamp_ns=186322233955 latency_ns=0
          <idle>-0       [007] ..s.   186.324601: rkcif_stream_event: rkcif-mipi-lvds2 stream=0 generation=2 event=vb2_done sequence=268 dma=0x1 timestamp_ns=186322236288 latency_ns=1750
          <idle>-0       [007] d.h.   186.325133: rkcif_stream_event: rkcif-mipi-lvds2 stream=0 generation=2 event=fs sequence=269 dma=0x1 timestamp_ns=186322768580 latency_ns=0
          <idle>-0       [007] d.h.   186.357930: rkcif_stream_event: rkcif-mipi-lvds2 stream=0 generation=2 event=fe sequence=269 dma=0x1 timestamp_ns=186355565041 latency_ns=0
          <idle>-0       [007] d.h.   186.357931: rkcif_stream_event: rkcif-mipi-lvds2 stream=0 generation=2 event=dma sequence=269 dma=0x1 timestamp_ns=186355566208 latency_ns=0
          <idle>-0       [007] ..s.   186.357933: rkcif_stream_event: rkcif-mipi-lvds2 stream=0 generation=2 event=vb2_done sequence=269 dma=0x1 timestamp_ns=186355568541 latency_ns=1750
          <idle>-0       [007] d.h.   186.358467: rkcif_stream_event: rkcif-mipi-lvds2 stream=0 generation=2 event=fs sequence=270 dma=0x1 timestamp_ns=186356102000 latency_ns=0
          <idle>-0       [007] d.h.   186.391269: rkcif_stream_event: rkcif-mipi-lvds2 stream=0 generation=2 event=fe sequence=270 dma=0x1 timestamp_ns=186388902545 latency_ns=0
          <idle>-0       [007] d.h.   186.391272: rkcif_stream_event: rkcif-mipi-lvds2 stream=0 generation=2 event=dma sequence=270 dma=0x1 timestamp_ns=186388906628 latency_ns=0
          <idle>-0       [007] ..s.   186.391279: rkcif_stream_event: rkcif-mipi-lvds2 stream=0 generation=2 event=vb2_done sequence=270 dma=0x1 timestamp_ns=186388914211 latency_ns=4666
          <idle>-0       [007] d.H.   186.391804: rkcif_stream_event: rkcif-mipi-lvds2 stream=0 generation=2 event=fs sequence=271 dma=0x1 timestamp_ns=186389438628 latency_ns=0
          <idle>-0       [007] d.h.   186.424597: rkcif_stream_event: rkcif-mipi-lvds2 stream=0 generation=2 event=fe sequence=271 dma=0x1 timestamp_ns=186422231590 latency_ns=0
          <idle>-0       [007] d.h.   186.424597: rkcif_stream_event: rkcif-mipi-lvds2 stream=0 generation=2 event=dma sequence=271 dma=0x1 timestamp_ns=186422232756 latency_ns=0
          <idle>-0       [007] ..s.   186.424599: rkcif_stream_event: rkcif-mipi-lvds2 stream=0 generation=2 event=vb2_done sequence=271 dma=0x1 timestamp_ns=186422234798 latency_ns=1167
          <idle>-0       [007] d.h.   186.425133: rkcif_stream_event: rkcif-mipi-lvds2 stream=0 generation=2 event=fs sequence=272 dma=0x1 timestamp_ns=186422768548 latency_ns=0
          <idle>-0       [007] d.h.   186.457937: rkcif_stream_event: rkcif-mipi-lvds2 stream=0 generation=2 event=fe sequence=272 dma=0x1 timestamp_ns=186455570260 latency_ns=0
          <idle>-0       [007] d.h.   186.457940: rkcif_stream_event: rkcif-mipi-lvds2 stream=0 generation=2 event=dma sequence=272 dma=0x1 timestamp_ns=186455575218 latency_ns=0
          <idle>-0       [007] ..s.   186.457949: rkcif_stream_event: rkcif-mipi-lvds2 stream=0 generation=2 event=vb2_done sequence=272 dma=0x1 timestamp_ns=186455583968 latency_ns=5250
          <idle>-0       [007] d.H.   186.458472: rkcif_stream_event: rkcif-mipi-lvds2 stream=0 generation=2 event=fs sequence=273 dma=0x1 timestamp_ns=186456106343 latency_ns=0
          <idle>-0       [007] d.h.   186.491271: rkcif_stream_event: rkcif-mipi-lvds2 stream=0 generation=2 event=fe sequence=273 dma=0x1 timestamp_ns=186488903972 latency_ns=0
          <idle>-0       [007] d.h.   186.491274: rkcif_stream_event: rkcif-mipi-lvds2 stream=0 generation=2 event=dma sequence=273 dma=0x1 timestamp_ns=186488908638 latency_ns=0
          <idle>-0       [007] ..s.   186.491283: rkcif_stream_event: rkcif-mipi-lvds2 stream=0 generation=2 event=vb2_done sequence=273 dma=0x1 timestamp_ns=186488917388 latency_ns=5250
          <idle>-0       [007] dNH.   186.491805: rkcif_stream_event: rkcif-mipi-lvds2 stream=0 generation=2 event=fs sequence=274 dma=0x1 timestamp_ns=186489439763 latency_ns=0
          <idle>-0       [007] d.h.   186.524604: rkcif_stream_event: rkcif-mipi-lvds2 stream=0 generation=2 event=fe sequence=274 dma=0x1 timestamp_ns=186522237392 latency_ns=0
          <idle>-0       [007] d.h.   186.524607: rkcif_stream_event: rkcif-mipi-lvds2 stream=0 generation=2 event=dma sequence=274 dma=0x1 timestamp_ns=186522242058 latency_ns=0
          <idle>-0       [007] ..s.   186.524616: rkcif_stream_event: rkcif-mipi-lvds2 stream=0 generation=2 event=vb2_done sequence=274 dma=0x1 timestamp_ns=186522250517 latency_ns=5250
          <idle>-0       [007] dNH.   186.525138: rkcif_stream_event: rkcif-mipi-lvds2 stream=0 generation=2 event=fs sequence=275 dma=0x1 timestamp_ns=186522772892 latency_ns=0
          <idle>-0       [007] d.h.   186.557930: rkcif_stream_event: rkcif-mipi-lvds2 stream=0 generation=2 event=fe sequence=275 dma=0x1 timestamp_ns=186555565270 latency_ns=0
          <idle>-0       [007] d.h.   186.557931: rkcif_stream_event: rkcif-mipi-lvds2 stream=0 generation=2 event=dma sequence=275 dma=0x1 timestamp_ns=186555566145 latency_ns=0
          <idle>-0       [007] ..s.   186.557932: rkcif_stream_event: rkcif-mipi-lvds2 stream=0 generation=2 event=vb2_done sequence=275 dma=0x1 timestamp_ns=186555567895 latency_ns=1167
          <idle>-0       [007] d.h.   186.558467: rkcif_stream_event: rkcif-mipi-lvds2 stream=0 generation=2 event=fs sequence=276 dma=0x1 timestamp_ns=186556101937 latency_ns=0
          <idle>-0       [007] d.h.   186.591370: rkcif_stream_event: rkcif-mipi-lvds2 stream=0 generation=2 event=fe sequence=276 dma=0x1 timestamp_ns=186589002232 latency_ns=0
          <idle>-0       [007] d.h.   186.591373: rkcif_stream_event: rkcif-mipi-lvds2 stream=0 generation=2 event=dma sequence=276 dma=0x1 timestamp_ns=186589007190 latency_ns=0
          <idle>-0       [007] ..s.   186.591382: rkcif_stream_event: rkcif-mipi-lvds2 stream=0 generation=2 event=vb2_done sequence=276 dma=0x1 timestamp_ns=186589016523 latency_ns=5833
          <idle>-0       [007] d.H.   186.591805: rkcif_stream_event: rkcif-mipi-lvds2 stream=0 generation=2 event=fs sequence=277 dma=0x1 timestamp_ns=186589439440 latency_ns=0
          <idle>-0       [007] d.h.   186.624597: rkcif_stream_event: rkcif-mipi-lvds2 stream=0 generation=2 event=fe sequence=277 dma=0x1 timestamp_ns=186622231818 latency_ns=0
          <idle>-0       [007] d.h.   186.624598: rkcif_stream_event: rkcif-mipi-lvds2 stream=0 generation=2 event=dma sequence=277 dma=0x1 timestamp_ns=186622232693 latency_ns=0
          <idle>-0       [007] ..s.   186.624599: rkcif_stream_event: rkcif-mipi-lvds2 stream=0 generation=2 event=vb2_done sequence=277 dma=0x1 timestamp_ns=186622234735 latency_ns=1458
          <idle>-0       [007] d.h.   186.625133: rkcif_stream_event: rkcif-mipi-lvds2 stream=0 generation=2 event=fs sequence=278 dma=0x1 timestamp_ns=186622768777 latency_ns=0
          <idle>-0       [007] d.h.   186.657936: rkcif_stream_event: rkcif-mipi-lvds2 stream=0 generation=2 event=fe sequence=278 dma=0x1 timestamp_ns=186655569030 latency_ns=0
          <idle>-0       [007] d.h.   186.657938: rkcif_stream_event: rkcif-mipi-lvds2 stream=0 generation=2 event=dma sequence=278 dma=0x1 timestamp_ns=186655573113 latency_ns=0
          <idle>-0       [007] ..s.   186.657946: rkcif_stream_event: rkcif-mipi-lvds2 stream=0 generation=2 event=vb2_done sequence=278 dma=0x1 timestamp_ns=186655580697 latency_ns=4375
          <idle>-0       [007] dNH.   186.658471: rkcif_stream_event: rkcif-mipi-lvds2 stream=0 generation=2 event=fs sequence=279 dma=0x1 timestamp_ns=186656105988 latency_ns=0
          <idle>-0       [007] d.h.   186.691264: rkcif_stream_event: rkcif-mipi-lvds2 stream=0 generation=2 event=fe sequence=279 dma=0x1 timestamp_ns=186688898658 latency_ns=0
          <idle>-0       [007] d.h.   186.691264: rkcif_stream_event: rkcif-mipi-lvds2 stream=0 generation=2 event=dma sequence=279 dma=0x1 timestamp_ns=186688899533 latency_ns=0
          <idle>-0       [007] ..s.   186.691266: rkcif_stream_event: rkcif-mipi-lvds2 stream=0 generation=2 event=vb2_done sequence=279 dma=0x1 timestamp_ns=186688901283 latency_ns=1166
          <idle>-0       [007] d.h.   186.691800: rkcif_stream_event: rkcif-mipi-lvds2 stream=0 generation=2 event=fs sequence=280 dma=0x1 timestamp_ns=186689435325 latency_ns=0
          5-0022-179     [007] d.h.   186.724605: rkcif_stream_event: rkcif-mipi-lvds2 stream=0 generation=2 event=fe sequence=280 dma=0x1 timestamp_ns=186722237328 latency_ns=0
          5-0022-179     [007] d.h.   186.724609: rkcif_stream_event: rkcif-mipi-lvds2 stream=0 generation=2 event=dma sequence=280 dma=0x1 timestamp_ns=186722241995 latency_ns=0
          5-0022-179     [007] ..s.   186.724618: rkcif_stream_event: rkcif-mipi-lvds2 stream=0 generation=2 event=vb2_done sequence=280 dma=0x1 timestamp_ns=186722252495 latency_ns=5250
          5-0022-179     [007] d.H.   186.725138: rkcif_stream_event: rkcif-mipi-lvds2 stream=0 generation=2 event=fs sequence=281 dma=0x1 timestamp_ns=186722772828 latency_ns=0
          <idle>-0       [007] d.h.   186.757938: rkcif_stream_event: rkcif-mipi-lvds2 stream=0 generation=2 event=fe sequence=281 dma=0x1 timestamp_ns=186755570457 latency_ns=0
          <idle>-0       [007] d.h.   186.757941: rkcif_stream_event: rkcif-mipi-lvds2 stream=0 generation=2 event=dma sequence=281 dma=0x1 timestamp_ns=186755575415 latency_ns=0
          <idle>-0       [007] ..s.   186.757949: rkcif_stream_event: rkcif-mipi-lvds2 stream=0 generation=2 event=vb2_done sequence=281 dma=0x1 timestamp_ns=186755584165 latency_ns=5250
          <idle>-0       [007] dNH.   186.758471: rkcif_stream_event: rkcif-mipi-lvds2 stream=0 generation=2 event=fs sequence=282 dma=0x1 timestamp_ns=186756106248 latency_ns=0
          <idle>-0       [007] d.h.   186.791263: rkcif_stream_event: rkcif-mipi-lvds2 stream=0 generation=2 event=fe sequence=282 dma=0x1 timestamp_ns=186788898627 latency_ns=0
          <idle>-0       [007] d.h.   186.791264: rkcif_stream_event: rkcif-mipi-lvds2 stream=0 generation=2 event=dma sequence=282 dma=0x1 timestamp_ns=186788899502 latency_ns=0
          <idle>-0       [007] ..s.   186.791266: rkcif_stream_event: rkcif-mipi-lvds2 stream=0 generation=2 event=vb2_done sequence=282 dma=0x1 timestamp_ns=186788901252 latency_ns=1167
          <idle>-0       [007] d.h.   186.791800: rkcif_stream_event: rkcif-mipi-lvds2 stream=0 generation=2 event=fs sequence=283 dma=0x1 timestamp_ns=186789435293 latency_ns=0
          <idle>-0       [007] d.h.   186.824701: rkcif_stream_event: rkcif-mipi-lvds2 stream=0 generation=2 event=fe sequence=283 dma=0x1 timestamp_ns=186822334130 latency_ns=0
          <idle>-0       [007] d.h.   186.824704: rkcif_stream_event: rkcif-mipi-lvds2 stream=0 generation=2 event=dma sequence=283 dma=0x1 timestamp_ns=186822339088 latency_ns=0
          <idle>-0       [007] ..s.   186.824714: rkcif_stream_event: rkcif-mipi-lvds2 stream=0 generation=2 event=vb2_done sequence=283 dma=0x1 timestamp_ns=186822348713 latency_ns=6125
          <idle>-0       [007] dNH.   186.825138: rkcif_stream_event: rkcif-mipi-lvds2 stream=0 generation=2 event=fs sequence=284 dma=0x1 timestamp_ns=186822772797 latency_ns=0
          <idle>-0       [007] d.h.   186.857930: rkcif_stream_event: rkcif-mipi-lvds2 stream=0 generation=2 event=fe sequence=284 dma=0x1 timestamp_ns=186855565175 latency_ns=0
          <idle>-0       [007] d.h.   186.857931: rkcif_stream_event: rkcif-mipi-lvds2 stream=0 generation=2 event=dma sequence=284 dma=0x1 timestamp_ns=186855566050 latency_ns=0
          <idle>-0       [007] ..s.   186.857933: rkcif_stream_event: rkcif-mipi-lvds2 stream=0 generation=2 event=vb2_done sequence=284 dma=0x1 timestamp_ns=186855567800 latency_ns=1167
          <idle>-0       [007] d.h.   186.858467: rkcif_stream_event: rkcif-mipi-lvds2 stream=0 generation=2 event=fs sequence=285 dma=0x1 timestamp_ns=186856102133 latency_ns=0
          <idle>-0       [007] d.h.   186.891269: rkcif_stream_event: rkcif-mipi-lvds2 stream=0 generation=2 event=fe sequence=285 dma=0x1 timestamp_ns=186888902387 latency_ns=0
          <idle>-0       [007] d.h.   186.891272: rkcif_stream_event: rkcif-mipi-lvds2 stream=0 generation=2 event=dma sequence=285 dma=0x1 timestamp_ns=186888906762 latency_ns=0
          <idle>-0       [007] ..s.   186.891279: rkcif_stream_event: rkcif-mipi-lvds2 stream=0 generation=2 event=vb2_done sequence=285 dma=0x1 timestamp_ns=186888914345 latency_ns=4667
          <idle>-0       [007] d.H.   186.891804: rkcif_stream_event: rkcif-mipi-lvds2 stream=0 generation=2 event=fs sequence=286 dma=0x1 timestamp_ns=186889438470 latency_ns=0
          <idle>-0       [007] d.h.   186.924604: rkcif_stream_event: rkcif-mipi-lvds2 stream=0 generation=2 event=fe sequence=286 dma=0x1 timestamp_ns=186922237557 latency_ns=0
          <idle>-0       [007] d.h.   186.924607: rkcif_stream_event: rkcif-mipi-lvds2 stream=0 generation=2 event=dma sequence=286 dma=0x1 timestamp_ns=186922242223 latency_ns=0
          <idle>-0       [007] ..s.   186.924616: rkcif_stream_event: rkcif-mipi-lvds2 stream=0 generation=2 event=vb2_done sequence=286 dma=0x1 timestamp_ns=186922250682 latency_ns=4959
          <idle>-0       [007] d.H.   186.925138: rkcif_stream_event: rkcif-mipi-lvds2 stream=0 generation=2 event=fs sequence=287 dma=0x1 timestamp_ns=186922772765 latency_ns=0
          <idle>-0       [007] d.h.   186.957936: rkcif_stream_event: rkcif-mipi-lvds2 stream=0 generation=2 event=fe sequence=287 dma=0x1 timestamp_ns=186955569227 latency_ns=0
          <idle>-0       [007] d.h.   186.957938: rkcif_stream_event: rkcif-mipi-lvds2 stream=0 generation=2 event=dma sequence=287 dma=0x1 timestamp_ns=186955573310 latency_ns=0
          <idle>-0       [007] ..s.   186.957946: rkcif_stream_event: rkcif-mipi-lvds2 stream=0 generation=2 event=vb2_done sequence=287 dma=0x1 timestamp_ns=186955580893 latency_ns=4375
          <idle>-0       [007] dNH.   186.958470: rkcif_stream_event: rkcif-mipi-lvds2 stream=0 generation=2 event=fs sequence=288 dma=0x1 timestamp_ns=186956105018 latency_ns=0
          <idle>-0       [007] d.h.   186.991271: rkcif_stream_event: rkcif-mipi-lvds2 stream=0 generation=2 event=fe sequence=288 dma=0x1 timestamp_ns=186988903813 latency_ns=0
          <idle>-0       [007] d.h.   186.991274: rkcif_stream_event: rkcif-mipi-lvds2 stream=0 generation=2 event=dma sequence=288 dma=0x1 timestamp_ns=186988908772 latency_ns=0
          <idle>-0       [007] ..s.   186.991283: rkcif_stream_event: rkcif-mipi-lvds2 stream=0 generation=2 event=vb2_done sequence=288 dma=0x1 timestamp_ns=186988917230 latency_ns=5250
          <idle>-0       [007] dNH.   186.991805: rkcif_stream_event: rkcif-mipi-lvds2 stream=0 generation=2 event=fs sequence=289 dma=0x1 timestamp_ns=186989439605 latency_ns=0
          <idle>-0       [007] d.h.   187.024597: rkcif_stream_event: rkcif-mipi-lvds2 stream=0 generation=2 event=fe sequence=289 dma=0x1 timestamp_ns=187022231983 latency_ns=0
          <idle>-0       [007] d.h.   187.024598: rkcif_stream_event: rkcif-mipi-lvds2 stream=0 generation=2 event=dma sequence=289 dma=0x1 timestamp_ns=187022232858 latency_ns=0
          <idle>-0       [007] ..s.   187.024599: rkcif_stream_event: rkcif-mipi-lvds2 stream=0 generation=2 event=vb2_done sequence=289 dma=0x1 timestamp_ns=187022234900 latency_ns=1458
          <idle>-0       [007] d.h.   187.025133: rkcif_stream_event: rkcif-mipi-lvds2 stream=0 generation=2 event=fs sequence=290 dma=0x1 timestamp_ns=187022768650 latency_ns=0
          <idle>-0       [007] d.h.   187.057936: rkcif_stream_event: rkcif-mipi-lvds2 stream=0 generation=2 event=fe sequence=290 dma=0x1 timestamp_ns=187055569195 latency_ns=0
          <idle>-0       [007] d.h.   187.057939: rkcif_stream_event: rkcif-mipi-lvds2 stream=0 generation=2 event=dma sequence=290 dma=0x1 timestamp_ns=187055573570 latency_ns=0
          <idle>-0       [007] ..s.   187.057946: rkcif_stream_event: rkcif-mipi-lvds2 stream=0 generation=2 event=vb2_done sequence=290 dma=0x1 timestamp_ns=187055580862 latency_ns=4375
          <idle>-0       [007] d.H.   187.058470: rkcif_stream_event: rkcif-mipi-lvds2 stream=0 generation=2 event=fs sequence=291 dma=0x1 timestamp_ns=187056105279 latency_ns=0
          <idle>-0       [007] d.h.   187.091269: rkcif_stream_event: rkcif-mipi-lvds2 stream=0 generation=2 event=fe sequence=291 dma=0x1 timestamp_ns=187088902615 latency_ns=0
          <idle>-0       [007] d.h.   187.091272: rkcif_stream_event: rkcif-mipi-lvds2 stream=0 generation=2 event=dma sequence=291 dma=0x1 timestamp_ns=187088906698 latency_ns=0
          <idle>-0       [007] ..s.   187.091280: rkcif_stream_event: rkcif-mipi-lvds2 stream=0 generation=2 event=vb2_done sequence=291 dma=0x1 timestamp_ns=187088914573 latency_ns=4375
          <idle>-0       [007] d.H.   187.091804: rkcif_stream_event: rkcif-mipi-lvds2 stream=0 generation=2 event=fs sequence=292 dma=0x1 timestamp_ns=187089438407 latency_ns=0
          <idle>-0       [007] d.h.   187.124604: rkcif_stream_event: rkcif-mipi-lvds2 stream=0 generation=2 event=fe sequence=292 dma=0x1 timestamp_ns=187122237202 latency_ns=0
          <idle>-0       [007] d.h.   187.124607: rkcif_stream_event: rkcif-mipi-lvds2 stream=0 generation=2 event=dma sequence=292 dma=0x1 timestamp_ns=187122242160 latency_ns=0
          <idle>-0       [007] ..s.   187.124616: rkcif_stream_event: rkcif-mipi-lvds2 stream=0 generation=2 event=vb2_done sequence=292 dma=0x1 timestamp_ns=187122250618 latency_ns=5250
          <idle>-0       [007] d.H.   187.125138: rkcif_stream_event: rkcif-mipi-lvds2 stream=0 generation=2 event=fs sequence=293 dma=0x1 timestamp_ns=187122772994 latency_ns=0
          <idle>-0       [007] d.h.   187.157937: rkcif_stream_event: rkcif-mipi-lvds2 stream=0 generation=2 event=fe sequence=293 dma=0x1 timestamp_ns=187155569164 latency_ns=0
          <idle>-0       [007] d.h.   187.157940: rkcif_stream_event: rkcif-mipi-lvds2 stream=0 generation=2 event=dma sequence=293 dma=0x1 timestamp_ns=187155574997 latency_ns=0
          <idle>-0       [007] ..s.   187.157948: rkcif_stream_event: rkcif-mipi-lvds2 stream=0 generation=2 event=vb2_done sequence=293 dma=0x1 timestamp_ns=187155582580 latency_ns=4375
          <idle>-0       [007] d.H.   187.158470: rkcif_stream_event: rkcif-mipi-lvds2 stream=0 generation=2 event=fs sequence=294 dma=0x1 timestamp_ns=187156105247 latency_ns=0
          <idle>-0       [007] d.h.   187.191271: rkcif_stream_event: rkcif-mipi-lvds2 stream=0 generation=2 event=fe sequence=294 dma=0x1 timestamp_ns=187188904042 latency_ns=0
          <idle>-0       [007] d.h.   187.191274: rkcif_stream_event: rkcif-mipi-lvds2 stream=0 generation=2 event=dma sequence=294 dma=0x1 timestamp_ns=187188909000 latency_ns=0
          <idle>-0       [007] ..s.   187.191283: rkcif_stream_event: rkcif-mipi-lvds2 stream=0 generation=2 event=vb2_done sequence=294 dma=0x1 timestamp_ns=187188917167 latency_ns=5250
          <idle>-0       [007] dNH.   187.191805: rkcif_stream_event: rkcif-mipi-lvds2 stream=0 generation=2 event=fs sequence=295 dma=0x1 timestamp_ns=187189439542 latency_ns=0
          5-0022-179     [007] d.h.   187.224605: rkcif_stream_event: rkcif-mipi-lvds2 stream=0 generation=2 event=fe sequence=295 dma=0x1 timestamp_ns=187222237754 latency_ns=0
          5-0022-179     [007] d.h.   187.224608: rkcif_stream_event: rkcif-mipi-lvds2 stream=0 generation=2 event=dma sequence=295 dma=0x1 timestamp_ns=187222242420 latency_ns=0
          5-0022-179     [007] ..s.   187.224617: rkcif_stream_event: rkcif-mipi-lvds2 stream=0 generation=2 event=vb2_done sequence=295 dma=0x1 timestamp_ns=187222251170 latency_ns=5250
          5-0022-179     [007] d.H.   187.225135: rkcif_stream_event: rkcif-mipi-lvds2 stream=0 generation=2 event=fs sequence=296 dma=0x1 timestamp_ns=187222769754 latency_ns=0
          <idle>-0       [007] d.h.   187.257937: rkcif_stream_event: rkcif-mipi-lvds2 stream=0 generation=2 event=fe sequence=296 dma=0x1 timestamp_ns=187255570007 latency_ns=0
          <idle>-0       [007] d.h.   187.257939: rkcif_stream_event: rkcif-mipi-lvds2 stream=0 generation=2 event=dma sequence=296 dma=0x1 timestamp_ns=187255574382 latency_ns=0
          <idle>-0       [007] ..s.   187.257948: rkcif_stream_event: rkcif-mipi-lvds2 stream=0 generation=2 event=vb2_done sequence=296 dma=0x1 timestamp_ns=187255582840 latency_ns=5250
          <idle>-0       [007] d.H.   187.258471: rkcif_stream_event: rkcif-mipi-lvds2 stream=0 generation=2 event=fs sequence=297 dma=0x1 timestamp_ns=187256105215 latency_ns=0
          <idle>-0       [007] d.h.   187.291273: rkcif_stream_event: rkcif-mipi-lvds2 stream=0 generation=2 event=fe sequence=297 dma=0x1 timestamp_ns=187288904885 latency_ns=0
          <idle>-0       [007] d.h.   187.291275: rkcif_stream_event: rkcif-mipi-lvds2 stream=0 generation=2 event=dma sequence=297 dma=0x1 timestamp_ns=187288910135 latency_ns=0
          <idle>-0       [007] ..s.   187.291285: rkcif_stream_event: rkcif-mipi-lvds2 stream=0 generation=2 event=vb2_done sequence=297 dma=0x1 timestamp_ns=187288920052 latency_ns=6125
          <idle>-0       [007] dNH.   187.291805: rkcif_stream_event: rkcif-mipi-lvds2 stream=0 generation=2 event=fs sequence=298 dma=0x1 timestamp_ns=187289439802 latency_ns=0
          <idle>-0       [007] d.h.   187.324597: rkcif_stream_event: rkcif-mipi-lvds2 stream=0 generation=2 event=fe sequence=298 dma=0x1 timestamp_ns=187322232222 latency_ns=0
          <idle>-0       [007] d.h.   187.324598: rkcif_stream_event: rkcif-mipi-lvds2 stream=0 generation=2 event=dma sequence=298 dma=0x1 timestamp_ns=187322233389 latency_ns=0
          <idle>-0       [007] ..s.   187.324600: rkcif_stream_event: rkcif-mipi-lvds2 stream=0 generation=2 event=vb2_done sequence=298 dma=0x1 timestamp_ns=187322235722 latency_ns=1750
          <idle>-0       [007] d.h.   187.325133: rkcif_stream_event: rkcif-mipi-lvds2 stream=0 generation=2 event=fs sequence=299 dma=0x1 timestamp_ns=187322768889 latency_ns=0
          <idle>-0       [007] d.h.   187.357938: rkcif_stream_event: rkcif-mipi-lvds2 stream=0 generation=2 event=fe sequence=299 dma=0x1 timestamp_ns=187355571184 latency_ns=0
          <idle>-0       [007] d.h.   187.357941: rkcif_stream_event: rkcif-mipi-lvds2 stream=0 generation=2 event=dma sequence=299 dma=0x1 timestamp_ns=187355575850 latency_ns=0
          <idle>-0       [007] ..s.   187.357950: rkcif_stream_event: rkcif-mipi-lvds2 stream=0 generation=2 event=vb2_done sequence=299 dma=0x1 timestamp_ns=187355584892 latency_ns=5542
          <idle>-0       [007] d.H.   187.358472: rkcif_stream_event: rkcif-mipi-lvds2 stream=0 generation=2 event=fs sequence=300 dma=0x1 timestamp_ns=187356106392 latency_ns=0
          <idle>-0       [007] d.h.   187.391264: rkcif_stream_event: rkcif-mipi-lvds2 stream=0 generation=2 event=fe sequence=300 dma=0x1 timestamp_ns=187388898770 latency_ns=0
          <idle>-0       [007] d.h.   187.391264: rkcif_stream_event: rkcif-mipi-lvds2 stream=0 generation=2 event=dma sequence=300 dma=0x1 timestamp_ns=187388899645 latency_ns=0
          <idle>-0       [007] ..s.   187.391266: rkcif_stream_event: rkcif-mipi-lvds2 stream=0 generation=2 event=vb2_done sequence=300 dma=0x1 timestamp_ns=187388901395 latency_ns=1166
          <idle>-0       [007] d.h.   187.391800: rkcif_stream_event: rkcif-mipi-lvds2 stream=0 generation=2 event=fs sequence=301 dma=0x1 timestamp_ns=187389435437 latency_ns=0
          <idle>-0       [007] d.h.   187.424605: rkcif_stream_event: rkcif-mipi-lvds2 stream=0 generation=2 event=fe sequence=301 dma=0x1 timestamp_ns=187422237440 latency_ns=0
          <idle>-0       [007] d.h.   187.424607: rkcif_stream_event: rkcif-mipi-lvds2 stream=0 generation=2 event=dma sequence=301 dma=0x1 timestamp_ns=187422242399 latency_ns=0
          <idle>-0       [007] ..s.   187.424617: rkcif_stream_event: rkcif-mipi-lvds2 stream=0 generation=2 event=vb2_done sequence=301 dma=0x1 timestamp_ns=187422251440 latency_ns=5541
          <idle>-0       [007] dNH.   187.425138: rkcif_stream_event: rkcif-mipi-lvds2 stream=0 generation=2 event=fs sequence=302 dma=0x1 timestamp_ns=187422773232 latency_ns=0
          <idle>-0       [007] d.h.   187.457930: rkcif_stream_event: rkcif-mipi-lvds2 stream=0 generation=2 event=fe sequence=302 dma=0x1 timestamp_ns=187455565319 latency_ns=0
          <idle>-0       [007] d.h.   187.457931: rkcif_stream_event: rkcif-mipi-lvds2 stream=0 generation=2 event=dma sequence=302 dma=0x1 timestamp_ns=187455566194 latency_ns=0
          <idle>-0       [007] ..s.   187.457933: rkcif_stream_event: rkcif-mipi-lvds2 stream=0 generation=2 event=vb2_done sequence=302 dma=0x1 timestamp_ns=187455568235 latency_ns=1458
          <idle>-0       [007] d.h.   187.458467: rkcif_stream_event: rkcif-mipi-lvds2 stream=0 generation=2 event=fs sequence=303 dma=0x1 timestamp_ns=187456102277 latency_ns=0
          <idle>-0       [007] d.h.   187.491271: rkcif_stream_event: rkcif-mipi-lvds2 stream=0 generation=2 event=fe sequence=303 dma=0x1 timestamp_ns=187488904280 latency_ns=0
          <idle>-0       [007] d.h.   187.491274: rkcif_stream_event: rkcif-mipi-lvds2 stream=0 generation=2 event=dma sequence=303 dma=0x1 timestamp_ns=187488908947 latency_ns=0
          <idle>-0       [007] ..s.   187.491283: rkcif_stream_event: rkcif-mipi-lvds2 stream=0 generation=2 event=vb2_done sequence=303 dma=0x1 timestamp_ns=187488918280 latency_ns=5833
          <idle>-0       [007] d.H.   187.491805: rkcif_stream_event: rkcif-mipi-lvds2 stream=0 generation=2 event=fs sequence=304 dma=0x1 timestamp_ns=187489439780 latency_ns=0
          <idle>-0       [007] d.h.   187.524596: rkcif_stream_event: rkcif-mipi-lvds2 stream=0 generation=2 event=fe sequence=304 dma=0x1 timestamp_ns=187522231575 latency_ns=0
          <idle>-0       [007] d.h.   187.524597: rkcif_stream_event: rkcif-mipi-lvds2 stream=0 generation=2 event=dma sequence=304 dma=0x1 timestamp_ns=187522231867 latency_ns=0
          <idle>-0       [007] ..s.   187.524598: rkcif_stream_event: rkcif-mipi-lvds2 stream=0 generation=2 event=vb2_done sequence=304 dma=0x1 timestamp_ns=187522233325 latency_ns=875
          <idle>-0       [007] d.h.   187.525133: rkcif_stream_event: rkcif-mipi-lvds2 stream=0 generation=2 event=fs sequence=305 dma=0x1 timestamp_ns=187522768534 latency_ns=0
          <idle>-0       [007] d.h.   187.557939: rkcif_stream_event: rkcif-mipi-lvds2 stream=0 generation=2 event=fe sequence=305 dma=0x1 timestamp_ns=187555571412 latency_ns=0
          <idle>-0       [007] d.h.   187.557941: rkcif_stream_event: rkcif-mipi-lvds2 stream=0 generation=2 event=dma sequence=305 dma=0x1 timestamp_ns=187555576370 latency_ns=0
          <idle>-0       [007] ..s.   187.557950: rkcif_stream_event: rkcif-mipi-lvds2 stream=0 generation=2 event=vb2_done sequence=305 dma=0x1 timestamp_ns=187555585120 latency_ns=5250
          <idle>-0       [007] dNH.   187.558473: rkcif_stream_event: rkcif-mipi-lvds2 stream=0 generation=2 event=fs sequence=306 dma=0x1 timestamp_ns=187556106329 latency_ns=0
          <idle>-0       [007] d.h.   187.591263: rkcif_stream_event: rkcif-mipi-lvds2 stream=0 generation=2 event=fe sequence=306 dma=0x1 timestamp_ns=187588898707 latency_ns=0
          <idle>-0       [007] d.h.   187.591264: rkcif_stream_event: rkcif-mipi-lvds2 stream=0 generation=2 event=dma sequence=306 dma=0x1 timestamp_ns=187588899582 latency_ns=0
          <idle>-0       [007] ..s.   187.591266: rkcif_stream_event: rkcif-mipi-lvds2 stream=0 generation=2 event=vb2_done sequence=306 dma=0x1 timestamp_ns=187588901332 latency_ns=1167
          <idle>-0       [007] d.h.   187.591800: rkcif_stream_event: rkcif-mipi-lvds2 stream=0 generation=2 event=fs sequence=307 dma=0x1 timestamp_ns=187589435374 latency_ns=0
          <idle>-0       [007] d.h.   187.624703: rkcif_stream_event: rkcif-mipi-lvds2 stream=0 generation=2 event=fe sequence=307 dma=0x1 timestamp_ns=187622335377 latency_ns=0
          <idle>-0       [007] d.h.   187.624706: rkcif_stream_event: rkcif-mipi-lvds2 stream=0 generation=2 event=dma sequence=307 dma=0x1 timestamp_ns=187622340335 latency_ns=0
          <idle>-0       [007] ..s.   187.624715: rkcif_stream_event: rkcif-mipi-lvds2 stream=0 generation=2 event=vb2_done sequence=307 dma=0x1 timestamp_ns=187622349960 latency_ns=6125
          <idle>-0       [007] d.H.   187.625138: rkcif_stream_event: rkcif-mipi-lvds2 stream=0 generation=2 event=fs sequence=308 dma=0x1 timestamp_ns=187622772877 latency_ns=0
