# tracer: nop
#
# entries-in-buffer/entries-written: 930/930   #P:8
#
#                                _-----=> irqs-off
#                               / _----=> need-resched
#                              | / _---=> hardirq/softirq
#                              || / _--=> preempt-depth
#                              ||| /     delay
#           TASK-PID     CPU#  ||||   TIMESTAMP  FUNCTION
#              | |         |   ||||      |         |
          <idle>-0       [005] d.h.    84.152066: rkcif_stream_event: rkcif-mipi-lvds2 stream=0 generation=1 event=fs sequence=0 dma=0x0 timestamp_ns=84149686439 latency_ns=0
          <idle>-0       [005] d.h.    84.184056: rkcif_stream_event: rkcif-mipi-lvds2 stream=0 generation=1 event=fe sequence=0 dma=0x0 timestamp_ns=84181677900 latency_ns=0
          <idle>-0       [005] d.h.    84.184058: rkcif_stream_event: rkcif-mipi-lvds2 stream=0 generation=1 event=dma sequence=0 dma=0x0 timestamp_ns=84181677900 latency_ns=0
          <idle>-0       [005] d.h.    84.185413: rkcif_stream_event: rkcif-mipi-lvds2 stream=0 generation=1 event=fs sequence=1 dma=0x0 timestamp_ns=84183035026 latency_ns=0
          <idle>-0       [005] d.h.    84.217389: rkcif_stream_event: rkcif-mipi-lvds2 stream=0 generation=1 event=fe sequence=1 dma=0x0 timestamp_ns=84215011612 latency_ns=0
          <idle>-0       [005] d.h.    84.217391: rkcif_stream_event: rkcif-mipi-lvds2 stream=0 generation=1 event=dma sequence=1 dma=0x0 timestamp_ns=84215011612 latency_ns=0
          <idle>-0       [005] d.h.    84.218727: rkcif_stream_event: rkcif-mipi-lvds2 stream=0 generation=1 event=fs sequence=2 dma=0x0 timestamp_ns=84216349196 latency_ns=0
          <idle>-0       [005] d.h.    84.250731: rkcif_stream_event: rkcif-mipi-lvds2 stream=0 generation=1 event=fe sequence=2 dma=0x0 timestamp_ns=84248353282 latency_ns=0
          <idle>-0       [005] d.h.    84.250733: rkcif_stream_event: rkcif-mipi-lvds2 stream=0 generation=1 event=dma sequence=2 dma=0x0 timestamp_ns=84248353282 latency_ns=0
          <idle>-0       [005] d.h.    84.252070: rkcif_stream_event: rkcif-mipi-lvds2 stream=0 generation=1 event=fs sequence=3 dma=0x0 timestamp_ns=84249692324 latency_ns=0
          <idle>-0       [005] d.h.    84.284057: rkcif_stream_event: rkcif-mipi-lvds2 stream=0 generation=1 event=fe sequence=3 dma=0x0 timestamp_ns=84281679202 latency_ns=0
          <idle>-0       [005] d.h.    84.284059: rkcif_stream_event: rkcif-mipi-lvds2 stream=0 generation=1 event=dma sequence=3 dma=0x0 timestamp_ns=84281679202 latency_ns=0
          <idle>-0       [005] d.h.    84.285394: rkcif_stream_event: rkcif-mipi-lvds2 stream=0 generation=1 event=fs sequence=4 dma=0x0 timestamp_ns=84283015619 latency_ns=0
          <idle>-0       [005] d.h.    84.317410: rkcif_stream_event: rkcif-mipi-lvds2 stream=0 generation=1 event=fe sequence=4 dma=0x0 timestamp_ns=84315032164 latency_ns=0
          <idle>-0       [005] d.h.    84.317413: rkcif_stream_event: rkcif-mipi-lvds2 stream=0 generation=1 event=dma sequence=4 dma=0x0 timestamp_ns=84315032164 latency_ns=0
          <idle>-0       [005] d.h.    84.318760: rkcif_stream_event: rkcif-mipi-lvds2 stream=0 generation=1 event=fs sequence=5 dma=0x0 timestamp_ns=84316381414 latency_ns=0
          <idle>-0       [005] d.h.    84.350722: rkcif_stream_event: rkcif-mipi-lvds2 stream=0 generation=1 event=fe sequence=5 dma=0x0 timestamp_ns=84348343709 latency_ns=0
          <idle>-0       [005] d.h.    84.350724: rkcif_stream_event: rkcif-mipi-lvds2 stream=0 generation=1 event=dma sequence=5 dma=0x0 timestamp_ns=84348343709 latency_ns=0
          <idle>-0       [005] d.h.    84.352060: rkcif_stream_event: rkcif-mipi-lvds2 stream=0 generation=1 event=fs sequence=6 dma=0x0 timestamp_ns=84349682167 latency_ns=0
          <idle>-0       [005] d.h.    84.384075: rkcif_stream_event: rkcif-mipi-lvds2 stream=0 generation=1 event=fe sequence=6 dma=0x0 timestamp_ns=84381696379 latency_ns=0
          <idle>-0       [005] d.h.    84.384077: rkcif_stream_event: rkcif-mipi-lvds2 stream=0 generation=1 event=dma sequence=6 dma=0x0 timestamp_ns=84381696379 latency_ns=0
          <idle>-0       [005] d.h.    84.385414: rkcif_stream_event: rkcif-mipi-lvds2 stream=0 generation=1 event=fs sequence=7 dma=0x0 timestamp_ns=84383035129 latency_ns=0
          <idle>-0       [005] d.h.    84.417408: rkcif_stream_event: rkcif-mipi-lvds2 stream=0 generation=1 event=fe sequence=7 dma=0x0 timestamp_ns=84415029507 latency_ns=0
          <idle>-0       [005] d.h.    84.417410: rkcif_stream_event: rkcif-mipi-lvds2 stream=0 generation=1 event=dma sequence=7 dma=0x0 timestamp_ns=84415029507 latency_ns=0
          <idle>-0       [005] d.h.    84.418727: rkcif_stream_event: rkcif-mipi-lvds2 stream=0 generation=1 event=fs sequence=8 dma=0x0 timestamp_ns=84416349882 latency_ns=0
          <idle>-0       [005] d.h.    84.450722: rkcif_stream_event: rkcif-mipi-lvds2 stream=0 generation=1 event=fe sequence=8 dma=0x0 timestamp_ns=84448344552 latency_ns=0
          <idle>-0       [005] d.h.    84.450724: rkcif_stream_event: rkcif-mipi-lvds2 stream=0 generation=1 event=dma sequence=8 dma=0x0 timestamp_ns=84448344552 latency_ns=0
          <idle>-0       [005] d.h.    84.452082: rkcif_stream_event: rkcif-mipi-lvds2 stream=0 generation=1 event=fs sequence=9 dma=0x0 timestamp_ns=84449703719 latency_ns=0
          <idle>-0       [005] d.h.    84.484055: rkcif_stream_event: rkcif-mipi-lvds2 stream=0 generation=1 event=fe sequence=9 dma=0x0 timestamp_ns=84481677389 latency_ns=0
          <idle>-0       [005] d.h.    84.484057: rkcif_stream_event: rkcif-mipi-lvds2 stream=0 generation=1 event=dma sequence=9 dma=0x0 timestamp_ns=84481677389 latency_ns=0
          <idle>-0       [005] d.h.    84.485393: rkcif_stream_event: rkcif-mipi-lvds2 stream=0 generation=1 event=fs sequence=10 dma=0x0 timestamp_ns=84483015556 latency_ns=0
          <idle>-0       [005] d.h.    84.517389: rkcif_stream_event: rkcif-mipi-lvds2 stream=0 generation=1 event=fe sequence=10 dma=0x0 timestamp_ns=84515011392 latency_ns=0
          <idle>-0       [005] d.h.    84.517391: rkcif_stream_event: rkcif-mipi-lvds2 stream=0 generation=1 event=dma sequence=10 dma=0x0 timestamp_ns=84515011392 latency_ns=0
          <idle>-0       [005] d.h.    84.518727: rkcif_stream_event: rkcif-mipi-lvds2 stream=0 generation=1 event=fs sequence=11 dma=0x0 timestamp_ns=84516348976 latency_ns=0
          <idle>-0       [005] d.h.    84.550741: rkcif_stream_event: rkcif-mipi-lvds2 stream=0 generation=1 event=fe sequence=11 dma=0x0 timestamp_ns=84548363187 latency_ns=0
          <idle>-0       [005] d.h.    84.550744: rkcif_stream_event: rkcif-mipi-lvds2 stream=0 generation=1 event=dma sequence=11 dma=0x0 timestamp_ns=84548363187 latency_ns=0
          <idle>-0       [005] d.h.    84.552079: rkcif_stream_event: rkcif-mipi-lvds2 stream=0 generation=1 event=fs sequence=12 dma=0x0 timestamp_ns=84549701062 latency_ns=0
          <idle>-0       [005] d.h.    84.584056: rkcif_stream_event: rkcif-mipi-lvds2 stream=0 generation=1 event=fe sequence=12 dma=0x0 timestamp_ns=84581677941 latency_ns=0
          <idle>-0       [005] d.h.    84.584058: rkcif_stream_event: rkcif-mipi-lvds2 stream=0 generation=1 event=dma sequence=12 dma=0x0 timestamp_ns=84581677941 latency_ns=0
          <idle>-0       [005] d.h.    84.585394: rkcif_stream_event: rkcif-mipi-lvds2 stream=0 generation=1 event=fs sequence=13 dma=0x0 timestamp_ns=84583015816 latency_ns=0
          <idle>-0       [005] d.h.    84.617407: rkcif_stream_event: rkcif-mipi-lvds2 stream=0 generation=1 event=fe sequence=13 dma=0x0 timestamp_ns=84615028861 latency_ns=0
          <idle>-0       [005] d.h.    84.617409: rkcif_stream_event: rkcif-mipi-lvds2 stream=0 generation=1 event=dma sequence=13 dma=0x0 timestamp_ns=84615028861 latency_ns=0
          <idle>-0       [005] d.h.    84.618747: rkcif_stream_event: rkcif-mipi-lvds2 stream=0 generation=1 event=fs sequence=14 dma=0x0 timestamp_ns=84616368777 latency_ns=0
          <idle>-0       [005] d.h.    84.650723: rkcif_stream_event: rkcif-mipi-lvds2 stream=0 generation=1 event=fe sequence=14 dma=0x0 timestamp_ns=84648344781 latency_ns=0
          <idle>-0       [005] d.h.    84.650725: rkcif_stream_event: rkcif-mipi-lvds2 stream=0 generation=1 event=dma sequence=14 dma=0x0 timestamp_ns=84648344781 latency_ns=0
          <idle>-0       [005] d.h.    84.652061: rkcif_stream_event: rkcif-mipi-lvds2 stream=0 generation=1 event=fs sequence=15 dma=0x0 timestamp_ns=84649682947 latency_ns=0
          <idle>-0       [005] d.h.    84.684076: rkcif_stream_event: rkcif-mipi-lvds2 stream=0 generation=1 event=fe sequence=15 dma=0x0 timestamp_ns=84681698034 latency_ns=0
          <idle>-0       [005] d.h.    84.684079: rkcif_stream_event: rkcif-mipi-lvds2 stream=0 generation=1 event=dma sequence=15 dma=0x0 timestamp_ns=84681698034 latency_ns=0
          <idle>-0       [005] d.h.    84.685413: rkcif_stream_event: rkcif-mipi-lvds2 stream=0 generation=1 event=fs sequence=16 dma=0x0 timestamp_ns=84683034743 latency_ns=0
          <idle>-0       [005] d.h.    84.717389: rkcif_stream_event: rkcif-mipi-lvds2 stream=0 generation=1 event=fe sequence=16 dma=0x0 timestamp_ns=84715011621 latency_ns=0
          <idle>-0       [005] d.h.    84.717392: rkcif_stream_event: rkcif-mipi-lvds2 stream=0 generation=1 event=dma sequence=16 dma=0x0 timestamp_ns=84715011621 latency_ns=0
          <idle>-0       [005] d.h.    84.718729: rkcif_stream_event: rkcif-mipi-lvds2 stream=0 generation=1 event=fs sequence=17 dma=0x0 timestamp_ns=84716349204 latency_ns=0
          <idle>-0       [005] d.h.    84.750730: rkcif_stream_event: rkcif-mipi-lvds2 stream=0 generation=1 event=fe sequence=17 dma=0x0 timestamp_ns=84748352207 latency_ns=0
          <idle>-0       [005] d.h.    84.750733: rkcif_stream_event: rkcif-mipi-lvds2 stream=0 generation=1 event=dma sequence=17 dma=0x0 timestamp_ns=84748352207 latency_ns=0
          <idle>-0       [005] dNh.    84.752068: rkcif_stream_event: rkcif-mipi-lvds2 stream=0 generation=1 event=fs sequence=18 dma=0x0 timestamp_ns=84749690374 latency_ns=0
          <idle>-0       [005] d.h.    84.784059: rkcif_stream_event: rkcif-mipi-lvds2 stream=0 generation=1 event=fe sequence=18 dma=0x0 timestamp_ns=84781680752 latency_ns=0
          <idle>-0       [005] d.h.    84.784062: rkcif_stream_event: rkcif-mipi-lvds2 stream=0 generation=1 event=dma sequence=18 dma=0x0 timestamp_ns=84781680752 latency_ns=0
          <idle>-0       [005] d.h.    84.785395: rkcif_stream_event: rkcif-mipi-lvds2 stream=0 generation=1 event=fs sequence=19 dma=0x0 timestamp_ns=84783017461 latency_ns=0
          <idle>-0       [005] d.h.    84.817390: rkcif_stream_event: rkcif-mipi-lvds2 stream=0 generation=1 event=fe sequence=19 dma=0x0 timestamp_ns=84815012006 latency_ns=0
          <idle>-0       [005] d.h.    84.817392: rkcif_stream_event: rkcif-mipi-lvds2 stream=0 generation=1 event=dma sequence=19 dma=0x0 timestamp_ns=84815012006 latency_ns=0
          <idle>-0       [005] d.h.    84.818727: rkcif_stream_event: rkcif-mipi-lvds2 stream=0 generation=1 event=fs sequence=20 dma=0x0 timestamp_ns=84816349881 latency_ns=0
          <idle>-0       [005] d.h.    84.850741: rkcif_stream_event: rkcif-mipi-lvds2 stream=0 generation=1 event=fe sequence=20 dma=0x0 timestamp_ns=84848362926 latency_ns=0
          <idle>-0       [005] d.h.    84.850744: rkcif_stream_event: rkcif-mipi-lvds2 stream=0 generation=1 event=dma sequence=20 dma=0x0 timestamp_ns=84848362926 latency_ns=0
          <idle>-0       [005] d.h.    84.852081: rkcif_stream_event: rkcif-mipi-lvds2 stream=0 generation=1 event=fs sequence=21 dma=0x0 timestamp_ns=84849702843 latency_ns=0
          <idle>-0       [005] d.h.    84.884056: rkcif_stream_event: rkcif-mipi-lvds2 stream=0 generation=1 event=fe sequence=21 dma=0x0 timestamp_ns=84881677971 latency_ns=0
          <idle>-0       [005] d.h.    84.884058: rkcif_stream_event: rkcif-mipi-lvds2 stream=0 generation=1 event=dma sequence=21 dma=0x0 timestamp_ns=84881677971 latency_ns=0
          <idle>-0       [005] d.h.    84.885426: rkcif_stream_event: rkcif-mipi-lvds2 stream=0 generation=1 event=fs sequence=22 dma=0x0 timestamp_ns=84883047929 latency_ns=0
          <idle>-0       [005] d.h.    84.917389: rkcif_stream_event: rkcif-mipi-lvds2 stream=0 generation=1 event=fe sequence=22 dma=0x0 timestamp_ns=84915011682 latency_ns=0
          <idle>-0       [005] d.h.    84.917392: rkcif_stream_event: rkcif-mipi-lvds2 stream=0 generation=1 event=dma sequence=22 dma=0x0 timestamp_ns=84915011682 latency_ns=0
          <idle>-0       [005] d.h.    84.918727: rkcif_stream_event: rkcif-mipi-lvds2 stream=0 generation=1 event=fs sequence=23 dma=0x0 timestamp_ns=84916349266 latency_ns=0
          <idle>-0       [005] d.h.    84.950722: rkcif_stream_event: rkcif-mipi-lvds2 stream=0 generation=1 event=fe sequence=23 dma=0x0 timestamp_ns=84948344228 latency_ns=0
          <idle>-0       [005] d.h.    84.950724: rkcif_stream_event: rkcif-mipi-lvds2 stream=0 generation=1 event=dma sequence=23 dma=0x0 timestamp_ns=84948344228 latency_ns=0
          <idle>-0       [005] d.h.    84.952091: rkcif_stream_event: rkcif-mipi-lvds2 stream=0 generation=1 event=fs sequence=24 dma=0x0 timestamp_ns=84949713019 latency_ns=0
          <idle>-0       [005] d.h.    84.984076: rkcif_stream_event: rkcif-mipi-lvds2 stream=0 generation=1 event=fe sequence=24 dma=0x0 timestamp_ns=84981698356 latency_ns=0
          <idle>-0       [005] d.h.    84.984079: rkcif_stream_event: rkcif-mipi-lvds2 stream=0 generation=1 event=dma sequence=24 dma=0x0 timestamp_ns=84981698356 latency_ns=0
          <idle>-0       [005] d.h.    84.985416: rkcif_stream_event: rkcif-mipi-lvds2 stream=0 generation=1 event=fs sequence=25 dma=0x0 timestamp_ns=84983038273 latency_ns=0
          <idle>-0       [005] d.h.    85.017389: rkcif_stream_event: rkcif-mipi-lvds2 stream=0 generation=1 event=fe sequence=25 dma=0x0 timestamp_ns=85015011359 latency_ns=0
          <idle>-0       [005] d.h.    85.017391: rkcif_stream_event: rkcif-mipi-lvds2 stream=0 generation=1 event=dma sequence=25 dma=0x0 timestamp_ns=85015011359 latency_ns=0
          <idle>-0       [005] d.h.    85.018727: rkcif_stream_event: rkcif-mipi-lvds2 stream=0 generation=1 event=fs sequence=26 dma=0x0 timestamp_ns=85016349234 latency_ns=0
          <idle>-0       [005] d.h.    85.050722: rkcif_stream_event: rkcif-mipi-lvds2 stream=0 generation=1 event=fe sequence=26 dma=0x0 timestamp_ns=85048344488 latency_ns=0
          <idle>-0       [005] d.h.    85.050724: rkcif_stream_event: rkcif-mipi-lvds2 stream=0 generation=1 event=dma sequence=26 dma=0x0 timestamp_ns=85048344488 latency_ns=0
          <idle>-0       [005] d.h.    85.052061: rkcif_stream_event: rkcif-mipi-lvds2 stream=0 generation=1 event=fs sequence=27 dma=0x0 timestamp_ns=85049683238 latency_ns=0
          <idle>-0       [005] d.h.    85.084074: rkcif_stream_event: rkcif-mipi-lvds2 stream=0 generation=1 event=fe sequence=27 dma=0x0 timestamp_ns=85081695991 latency_ns=0
          <idle>-0       [005] d.h.    85.084077: rkcif_stream_event: rkcif-mipi-lvds2 stream=0 generation=1 event=dma sequence=27 dma=0x0 timestamp_ns=85081695991 latency_ns=0
          <idle>-0       [005] d.h.    85.085414: rkcif_stream_event: rkcif-mipi-lvds2 stream=0 generation=1 event=fs sequence=28 dma=0x0 timestamp_ns=85083035616 latency_ns=0
          <idle>-0       [005] d.h.    85.117409: rkcif_stream_event: rkcif-mipi-lvds2 stream=0 generation=1 event=fe sequence=28 dma=0x0 timestamp_ns=85115030286 latency_ns=0
          <idle>-0       [005] d.h.    85.117411: rkcif_stream_event: rkcif-mipi-lvds2 stream=0 generation=1 event=dma sequence=28 dma=0x0 timestamp_ns=85115030286 latency_ns=0
          <idle>-0       [005] d.h.    85.118761: rkcif_stream_event: rkcif-mipi-lvds2 stream=0 generation=1 event=fs sequence=29 dma=0x0 timestamp_ns=85116382161 latency_ns=0
          <idle>-0       [005] d.h.    85.150722: rkcif_stream_event: rkcif-mipi-lvds2 stream=0 generation=1 event=fe sequence=29 dma=0x0 timestamp_ns=85148344164 latency_ns=0
          <idle>-0       [005] d.h.    85.150724: rkcif_stream_event: rkcif-mipi-lvds2 stream=0 generation=1 event=dma sequence=29 dma=0x0 timestamp_ns=85148344164 latency_ns=0
          <idle>-0       [005] d.h.    85.152094: rkcif_stream_event: rkcif-mipi-lvds2 stream=0 generation=1 event=fs sequence=30 dma=0x0 timestamp_ns=85149715581 latency_ns=0
          <idle>-0       [005] d.h.    85.184075: rkcif_stream_event: rkcif-mipi-lvds2 stream=0 generation=1 event=fe sequence=30 dma=0x0 timestamp_ns=85181696834 latency_ns=0
          <idle>-0       [005] d.h.    85.184077: rkcif_stream_event: rkcif-mipi-lvds2 stream=0 generation=1 event=dma sequence=30 dma=0x0 timestamp_ns=85181696834 latency_ns=0
          <idle>-0       [005] d.h.    85.185414: rkcif_stream_event: rkcif-mipi-lvds2 stream=0 generation=1 event=fs sequence=31 dma=0x0 timestamp_ns=85183036168 latency_ns=0
          <idle>-0       [005] d.h.    85.217389: rkcif_stream_event: rkcif-mipi-lvds2 stream=0 generation=1 event=fe sequence=31 dma=0x0 timestamp_ns=85215011296 latency_ns=0
          <idle>-0       [005] d.h.    85.217391: rkcif_stream_event: rkcif-mipi-lvds2 stream=0 generation=1 event=dma sequence=31 dma=0x0 timestamp_ns=85215011296 latency_ns=0
          <idle>-0       [005] d.h.    85.218727: rkcif_stream_event: rkcif-mipi-lvds2 stream=0 generation=1 event=fs sequence=32 dma=0x0 timestamp_ns=85216349171 latency_ns=0
          <idle>-0       [005] d.h.    85.250745: rkcif_stream_event: rkcif-mipi-lvds2 stream=0 generation=1 event=fe sequence=32 dma=0x0 timestamp_ns=85248366591 latency_ns=0
          <idle>-0       [005] d.h.    85.250748: rkcif_stream_event: rkcif-mipi-lvds2 stream=0 generation=1 event=dma sequence=32 dma=0x0 timestamp_ns=85248366591 latency_ns=0
          <idle>-0       [005] d.h.    85.252081: rkcif_stream_event: rkcif-mipi-lvds2 stream=0 generation=1 event=fs sequence=33 dma=0x0 timestamp_ns=85249702424 latency_ns=0
          <idle>-0       [005] d.h.    85.284075: rkcif_stream_event: rkcif-mipi-lvds2 stream=0 generation=1 event=fe sequence=33 dma=0x0 timestamp_ns=85281697386 latency_ns=0
          <idle>-0       [005] d.h.    85.284078: rkcif_stream_event: rkcif-mipi-lvds2 stream=0 generation=1 event=dma sequence=33 dma=0x0 timestamp_ns=85281697386 latency_ns=0
          <idle>-0       [005] d.h.    85.285433: rkcif_stream_event: rkcif-mipi-lvds2 stream=0 generation=1 event=fs sequence=34 dma=0x0 timestamp_ns=85283051886 latency_ns=0
          <idle>-0       [005] d.h.    85.317413: rkcif_stream_event: rkcif-mipi-lvds2 stream=0 generation=1 event=fe sequence=34 dma=0x0 timestamp_ns=85315034889 latency_ns=0
          <idle>-0       [005] d.h.    85.317416: rkcif_stream_event: rkcif-mipi-lvds2 stream=0 generation=1 event=dma sequence=34 dma=0x0 timestamp_ns=85315034889 latency_ns=0
          <idle>-0       [005] d.h.    85.318747: rkcif_stream_event: rkcif-mipi-lvds2 stream=0 generation=1 event=fs sequence=35 dma=0x0 timestamp_ns=85316369264 latency_ns=0
          <idle>-0       [005] d.h.    85.350741: rkcif_stream_event: rkcif-mipi-lvds2 stream=0 generation=1 event=fe sequence=35 dma=0x0 timestamp_ns=85348363059 latency_ns=0
          <idle>-0       [005] d.h.    85.350743: rkcif_stream_event: rkcif-mipi-lvds2 stream=0 generation=1 event=dma sequence=35 dma=0x0 timestamp_ns=85348363059 latency_ns=0
          <idle>-0       [005] d.h.    85.352071: rkcif_stream_event: rkcif-mipi-lvds2 stream=0 generation=1 event=fs sequence=36 dma=0x0 timestamp_ns=85349693351 latency_ns=0
          <idle>-0       [005] d.h.    85.384079: rkcif_stream_event: rkcif-mipi-lvds2 stream=0 generation=1 event=fe sequence=36 dma=0x0 timestamp_ns=85381700563 latency_ns=0
          <idle>-0       [005] d.h.    85.384081: rkcif_stream_event: rkcif-mipi-lvds2 stream=0 generation=1 event=dma sequence=36 dma=0x0 timestamp_ns=85381700563 latency_ns=0
          <idle>-0       [005] d.h.    85.385415: rkcif_stream_event: rkcif-mipi-lvds2 stream=0 generation=1 event=fs sequence=37 dma=0x0 timestamp_ns=85383036688 latency_ns=0
          <idle>-0       [005] d.h.    85.417409: rkcif_stream_event: rkcif-mipi-lvds2 stream=0 generation=1 event=fe sequence=37 dma=0x0 timestamp_ns=85415030191 latency_ns=0
          <idle>-0       [005] d.h.    85.417411: rkcif_stream_event: rkcif-mipi-lvds2 stream=0 generation=1 event=dma sequence=37 dma=0x0 timestamp_ns=85415030191 latency_ns=0
          <idle>-0       [005] d.h.    85.418748: rkcif_stream_event: rkcif-mipi-lvds2 stream=0 generation=1 event=fs sequence=38 dma=0x0 timestamp_ns=85416369233 latency_ns=0
          <idle>-0       [005] d.h.    85.450722: rkcif_stream_event: rkcif-mipi-lvds2 stream=0 generation=1 event=fe sequence=38 dma=0x0 timestamp_ns=85448344653 latency_ns=0
          <idle>-0       [005] d.h.    85.450724: rkcif_stream_event: rkcif-mipi-lvds2 stream=0 generation=1 event=dma sequence=38 dma=0x0 timestamp_ns=85448344653 latency_ns=0
          <idle>-0       [005] d.h.    85.452071: rkcif_stream_event: rkcif-mipi-lvds2 stream=0 generation=1 event=fs sequence=39 dma=0x0 timestamp_ns=85449693320 latency_ns=0
          <idle>-0       [005] d.h.    85.484074: rkcif_stream_event: rkcif-mipi-lvds2 stream=0 generation=1 event=fe sequence=39 dma=0x0 timestamp_ns=85481695864 latency_ns=0
          <idle>-0       [005] d.h.    85.484077: rkcif_stream_event: rkcif-mipi-lvds2 stream=0 generation=1 event=dma sequence=39 dma=0x0 timestamp_ns=85481695864 latency_ns=0
          <idle>-0       [005] d.h.    85.485426: rkcif_stream_event: rkcif-mipi-lvds2 stream=0 generation=1 event=fs sequence=40 dma=0x0 timestamp_ns=85483047740 latency_ns=0
          <idle>-0       [005] d.h.    85.517389: rkcif_stream_event: rkcif-mipi-lvds2 stream=0 generation=1 event=fe sequence=40 dma=0x0 timestamp_ns=85515011493 latency_ns=0
          <idle>-0       [005] d.h.    85.517391: rkcif_stream_event: rkcif-mipi-lvds2 stream=0 generation=1 event=dma sequence=40 dma=0x0 timestamp_ns=85515011493 latency_ns=0
          <idle>-0       [005] d.h.    85.518741: rkcif_stream_event: rkcif-mipi-lvds2 stream=0 generation=1 event=fs sequence=41 dma=0x0 timestamp_ns=85516362785 latency_ns=0
          <idle>-0       [005] d.h.    85.550742: rkcif_stream_event: rkcif-mipi-lvds2 stream=0 generation=1 event=fe sequence=41 dma=0x0 timestamp_ns=85548363579 latency_ns=0
          <idle>-0       [005] d.h.    85.550744: rkcif_stream_event: rkcif-mipi-lvds2 stream=0 generation=1 event=dma sequence=41 dma=0x0 timestamp_ns=85548363579 latency_ns=0
          <idle>-0       [005] d.h.    85.552082: rkcif_stream_event: rkcif-mipi-lvds2 stream=0 generation=1 event=fs sequence=42 dma=0x0 timestamp_ns=85549704080 latency_ns=0
          <idle>-0       [005] d.h.    85.584055: rkcif_stream_event: rkcif-mipi-lvds2 stream=0 generation=1 event=fe sequence=42 dma=0x0 timestamp_ns=85581677749 latency_ns=0
          <idle>-0       [005] d.h.    85.584058: rkcif_stream_event: rkcif-mipi-lvds2 stream=0 generation=1 event=dma sequence=42 dma=0x0 timestamp_ns=85581677749 latency_ns=0
          <idle>-0       [005] d.h.    85.585393: rkcif_stream_event: rkcif-mipi-lvds2 stream=0 generation=1 event=fs sequence=43 dma=0x0 timestamp_ns=85583015625 latency_ns=0
          <idle>-0       [005] d.h.    85.617408: rkcif_stream_event: rkcif-mipi-lvds2 stream=0 generation=1 event=fe sequence=43 dma=0x0 timestamp_ns=85615029544 latency_ns=0
          <idle>-0       [005] d.h.    85.617410: rkcif_stream_event: rkcif-mipi-lvds2 stream=0 generation=1 event=dma sequence=43 dma=0x0 timestamp_ns=85615029544 latency_ns=0
          <idle>-0       [005] d.h.    85.618759: rkcif_stream_event: rkcif-mipi-lvds2 stream=0 generation=1 event=fs sequence=44 dma=0x0 timestamp_ns=85616381420 latency_ns=0
          <idle>-0       [005] d.h.    85.650722: rkcif_stream_event: rkcif-mipi-lvds2 stream=0 generation=1 event=fe sequence=44 dma=0x0 timestamp_ns=85648344298 latency_ns=0
          <idle>-0       [005] d.h.    85.650724: rkcif_stream_event: rkcif-mipi-lvds2 stream=0 generation=1 event=dma sequence=44 dma=0x0 timestamp_ns=85648344298 latency_ns=0
          <idle>-0       [005] d.h.    85.652061: rkcif_stream_event: rkcif-mipi-lvds2 stream=0 generation=1 event=fs sequence=45 dma=0x0 timestamp_ns=85649683048 latency_ns=0
          <idle>-0       [005] d.h.    85.684055: rkcif_stream_event: rkcif-mipi-lvds2 stream=0 generation=1 event=fe sequence=45 dma=0x0 timestamp_ns=85681677718 latency_ns=0
          <idle>-0       [005] d.h.    85.684058: rkcif_stream_event: rkcif-mipi-lvds2 stream=0 generation=1 event=dma sequence=45 dma=0x0 timestamp_ns=85681677718 latency_ns=0
          <idle>-0       [005] d.h.    85.685408: rkcif_stream_event: rkcif-mipi-lvds2 stream=0 generation=1 event=fs sequence=46 dma=0x0 timestamp_ns=85683030468 latency_ns=0
          <idle>-0       [005] d.h.    85.717417: rkcif_stream_event: rkcif-mipi-lvds2 stream=0 generation=1 event=fe sequence=46 dma=0x0 timestamp_ns=85715039138 latency_ns=0
          <idle>-0       [005] d.h.    85.717420: rkcif_stream_event: rkcif-mipi-lvds2 stream=0 generation=1 event=dma sequence=46 dma=0x0 timestamp_ns=85715039138 latency_ns=0
          <idle>-0       [005] d.h.    85.718755: rkcif_stream_event: rkcif-mipi-lvds2 stream=0 generation=1 event=fs sequence=47 dma=0x0 timestamp_ns=85716376430 latency_ns=0
          <idle>-0       [005] d.h.    85.750742: rkcif_stream_event: rkcif-mipi-lvds2 stream=0 generation=1 event=fe sequence=47 dma=0x0 timestamp_ns=85748364100 latency_ns=0
          <idle>-0       [005] d.h.    85.750745: rkcif_stream_event: rkcif-mipi-lvds2 stream=0 generation=1 event=dma sequence=47 dma=0x0 timestamp_ns=85748364100 latency_ns=0
          <idle>-0       [005] d.h.    85.752093: rkcif_stream_event: rkcif-mipi-lvds2 stream=0 generation=1 event=fs sequence=48 dma=0x0 timestamp_ns=85749715391 latency_ns=0
          <idle>-0       [005] d.h.    85.784055: rkcif_stream_event: rkcif-mipi-lvds2 stream=0 generation=1 event=fe sequence=48 dma=0x0 timestamp_ns=85781677686 latency_ns=0
          <idle>-0       [005] d.h.    85.784057: rkcif_stream_event: rkcif-mipi-lvds2 stream=0 generation=1 event=dma sequence=48 dma=0x0 timestamp_ns=85781677686 latency_ns=0
          <idle>-0       [005] d.h.    85.785394: rkcif_stream_event: rkcif-mipi-lvds2 stream=0 generation=1 event=fs sequence=49 dma=0x0 timestamp_ns=85783017020 latency_ns=0
          <idle>-0       [005] d.h.    85.817408: rkcif_stream_event: rkcif-mipi-lvds2 stream=0 generation=1 event=fe sequence=49 dma=0x0 timestamp_ns=85815029481 latency_ns=0
          <idle>-0       [005] d.h.    85.817410: rkcif_stream_event: rkcif-mipi-lvds2 stream=0 generation=1 event=dma sequence=49 dma=0x0 timestamp_ns=85815029481 latency_ns=0
          <idle>-0       [005] d.h.    85.818760: rkcif_stream_event: rkcif-mipi-lvds2 stream=0 generation=1 event=fs sequence=50 dma=0x0 timestamp_ns=85816381356 latency_ns=0
          <idle>-0       [005] d.h.    85.850721: rkcif_stream_event: rkcif-mipi-lvds2 stream=0 generation=1 event=fe sequence=50 dma=0x0 timestamp_ns=85848343651 latency_ns=0
          <idle>-0       [005] d.h.    85.850723: rkcif_stream_event: rkcif-mipi-lvds2 stream=0 generation=1 event=dma sequence=50 dma=0x0 timestamp_ns=85848343651 latency_ns=0
          <idle>-0       [005] d.h.    85.852061: rkcif_stream_event: rkcif-mipi-lvds2 stream=0 generation=1 event=fs sequence=51 dma=0x0 timestamp_ns=85849682401 latency_ns=0
          <idle>-0       [005] d.h.    85.884075: rkcif_stream_event: rkcif-mipi-lvds2 stream=0 generation=1 event=fe sequence=51 dma=0x0 timestamp_ns=85881697196 latency_ns=0
          <idle>-0       [005] d.h.    85.884078: rkcif_stream_event: rkcif-mipi-lvds2 stream=0 generation=1 event=dma sequence=51 dma=0x0 timestamp_ns=85881697196 latency_ns=0
          <idle>-0       [005] d.h.    85.885416: rkcif_stream_event: rkcif-mipi-lvds2 stream=0 generation=1 event=fs sequence=52 dma=0x0 timestamp_ns=85883037988 latency_ns=0
          <idle>-0       [005] d.h.    85.917389: rkcif_stream_event: rkcif-mipi-lvds2 stream=0 generation=1 event=fe sequence=52 dma=0x0 timestamp_ns=85915011075 latency_ns=0
          <idle>-0       [005] d.h.    85.917391: rkcif_stream_event: rkcif-mipi-lvds2 stream=0 generation=1 event=dma sequence=52 dma=0x0 timestamp_ns=85915011075 latency_ns=0
          <idle>-0       [005] d.h.    85.918737: rkcif_stream_event: rkcif-mipi-lvds2 stream=0 generation=1 event=fs sequence=53 dma=0x0 timestamp_ns=85916360033 latency_ns=0
          <idle>-0       [005] d.h.    85.950742: rkcif_stream_event: rkcif-mipi-lvds2 stream=0 generation=1 event=fe sequence=53 dma=0x0 timestamp_ns=85948364328 latency_ns=0
          <idle>-0       [005] d.h.    85.950745: rkcif_stream_event: rkcif-mipi-lvds2 stream=0 generation=1 event=dma sequence=53 dma=0x0 timestamp_ns=85948364328 latency_ns=0
          <idle>-0       [005] d.h.    85.952080: rkcif_stream_event: rkcif-mipi-lvds2 stream=0 generation=1 event=fs sequence=54 dma=0x0 timestamp_ns=85949701620 latency_ns=0
          <idle>-0       [005] d.h.    85.984055: rkcif_stream_event: rkcif-mipi-lvds2 stream=0 generation=1 event=fe sequence=54 dma=0x0 timestamp_ns=85981677665 latency_ns=0
          <idle>-0       [005] d.h.    85.984057: rkcif_stream_event: rkcif-mipi-lvds2 stream=0 generation=1 event=dma sequence=54 dma=0x0 timestamp_ns=85981677665 latency_ns=0
          <idle>-0       [005] d.h.    85.985394: rkcif_stream_event: rkcif-mipi-lvds2 stream=0 generation=1 event=fs sequence=55 dma=0x0 timestamp_ns=85983016706 latency_ns=0
          <idle>-0       [005] d.h.    86.017408: rkcif_stream_event: rkcif-mipi-lvds2 stream=0 generation=1 event=fe sequence=55 dma=0x0 timestamp_ns=86015030335 latency_ns=0
          <idle>-0       [005] d.h.    86.017411: rkcif_stream_event: rkcif-mipi-lvds2 stream=0 generation=1 event=dma sequence=55 dma=0x0 timestamp_ns=86015030335 latency_ns=0
          <idle>-0       [005] d.h.    86.018773: rkcif_stream_event: rkcif-mipi-lvds2 stream=0 generation=1 event=fs sequence=56 dma=0x0 timestamp_ns=86016394751 latency_ns=0
          <idle>-0       [005] d.h.    86.050722: rkcif_stream_event: rkcif-mipi-lvds2 stream=0 generation=1 event=fe sequence=56 dma=0x0 timestamp_ns=86048344505 latency_ns=0
          <idle>-0       [005] d.h.    86.050724: rkcif_stream_event: rkcif-mipi-lvds2 stream=0 generation=1 event=dma sequence=56 dma=0x0 timestamp_ns=86048344505 latency_ns=0
          <idle>-0       [005] d.h.    86.052060: rkcif_stream_event: rkcif-mipi-lvds2 stream=0 generation=1 event=fs sequence=57 dma=0x0 timestamp_ns=86049682088 latency_ns=0
          <idle>-0       [005] d.h.    86.084055: rkcif_stream_event: rkcif-mipi-lvds2 stream=0 generation=1 event=fe sequence=57 dma=0x0 timestamp_ns=86081677341 latency_ns=0
          <idle>-0       [005] d.h.    86.084057: rkcif_stream_event: rkcif-mipi-lvds2 stream=0 generation=1 event=dma sequence=57 dma=0x0 timestamp_ns=86081677341 latency_ns=0
          <idle>-0       [005] d.h.    86.085394: rkcif_stream_event: rkcif-mipi-lvds2 stream=0 generation=1 event=fs sequence=58 dma=0x0 timestamp_ns=86083016091 latency_ns=0
          <idle>-0       [005] d.h.    86.117408: rkcif_stream_event: rkcif-mipi-lvds2 stream=0 generation=1 event=fe sequence=58 dma=0x0 timestamp_ns=86115030303 latency_ns=0
          <idle>-0       [005] d.h.    86.117411: rkcif_stream_event: rkcif-mipi-lvds2 stream=0 generation=1 event=dma sequence=58 dma=0x0 timestamp_ns=86115030303 latency_ns=0
          <idle>-0       [005] d.h.    86.118758: rkcif_stream_event: rkcif-mipi-lvds2 stream=0 generation=1 event=fs sequence=59 dma=0x0 timestamp_ns=86116380428 latency_ns=0
          <idle>-0       [005] d.h.    86.150722: rkcif_stream_event: rkcif-mipi-lvds2 stream=0 generation=1 event=fe sequence=59 dma=0x0 timestamp_ns=86148344473 latency_ns=0
          <idle>-0       [005] d.h.    86.150724: rkcif_stream_event: rkcif-mipi-lvds2 stream=0 generation=1 event=dma sequence=59 dma=0x0 timestamp_ns=86148344473 latency_ns=0
          <idle>-0       [005] d.h.    86.152071: rkcif_stream_event: rkcif-mipi-lvds2 stream=0 generation=1 event=fs sequence=60 dma=0x0 timestamp_ns=86149692848 latency_ns=0
          <idle>-0       [005] d.h.    86.184075: rkcif_stream_event: rkcif-mipi-lvds2 stream=0 generation=1 event=fe sequence=60 dma=0x0 timestamp_ns=86181696851 latency_ns=0
          <idle>-0       [005] d.h.    86.184077: rkcif_stream_event: rkcif-mipi-lvds2 stream=0 generation=1 event=dma sequence=60 dma=0x0 timestamp_ns=86181696851 latency_ns=0
          <idle>-0       [005] d.h.    86.185414: rkcif_stream_event: rkcif-mipi-lvds2 stream=0 generation=1 event=fs sequence=61 dma=0x0 timestamp_ns=86183035602 latency_ns=0
          <idle>-0       [005] d.h.    86.217389: rkcif_stream_event: rkcif-mipi-lvds2 stream=0 generation=1 event=fe sequence=61 dma=0x0 timestamp_ns=86215011605 latency_ns=0
          <idle>-0       [005] d.h.    86.217391: rkcif_stream_event: rkcif-mipi-lvds2 stream=0 generation=1 event=dma sequence=61 dma=0x0 timestamp_ns=86215011605 latency_ns=0
          <idle>-0       [005] d.h.    86.218727: rkcif_stream_event: rkcif-mipi-lvds2 stream=0 generation=1 event=fs sequence=62 dma=0x0 timestamp_ns=86216349772 latency_ns=0
          <idle>-0       [005] d.h.    86.250724: rkcif_stream_event: rkcif-mipi-lvds2 stream=0 generation=1 event=fe sequence=62 dma=0x0 timestamp_ns=86248345900 latency_ns=0
          <idle>-0       [005] d.h.    86.250726: rkcif_stream_event: rkcif-mipi-lvds2 stream=0 generation=1 event=dma sequence=62 dma=0x0 timestamp_ns=86248345900 latency_ns=0
          <idle>-0       [005] d.h.    86.252085: rkcif_stream_event: rkcif-mipi-lvds2 stream=0 generation=1 event=fs sequence=63 dma=0x0 timestamp_ns=86249706233 latency_ns=0
          <idle>-0       [005] d.h.    86.284055: rkcif_stream_event: rkcif-mipi-lvds2 stream=0 generation=1 event=fe sequence=63 dma=0x0 timestamp_ns=86281677570 latency_ns=0
          <idle>-0       [005] d.h.    86.284058: rkcif_stream_event: rkcif-mipi-lvds2 stream=0 generation=1 event=dma sequence=63 dma=0x0 timestamp_ns=86281677570 latency_ns=0
          <idle>-0       [005] d.h.    86.285394: rkcif_stream_event: rkcif-mipi-lvds2 stream=0 generation=1 event=fs sequence=64 dma=0x0 timestamp_ns=86283016320 latency_ns=0
          <idle>-0       [005] d.h.    86.317408: rkcif_stream_event: rkcif-mipi-lvds2 stream=0 generation=1 event=fe sequence=64 dma=0x0 timestamp_ns=86315030240 latency_ns=0
          <idle>-0       [005] d.h.    86.317411: rkcif_stream_event: rkcif-mipi-lvds2 stream=0 generation=1 event=dma sequence=64 dma=0x0 timestamp_ns=86315030240 latency_ns=0
          <idle>-0       [005] d.h.    86.318746: rkcif_stream_event: rkcif-mipi-lvds2 stream=0 generation=1 event=fs sequence=65 dma=0x0 timestamp_ns=86316368407 latency_ns=0
          <idle>-0       [005] d.h.    86.350722: rkcif_stream_event: rkcif-mipi-lvds2 stream=0 generation=1 event=fe sequence=65 dma=0x0 timestamp_ns=86348344701 latency_ns=0
          <idle>-0       [005] d.h.    86.350724: rkcif_stream_event: rkcif-mipi-lvds2 stream=0 generation=1 event=dma sequence=65 dma=0x0 timestamp_ns=86348344701 latency_ns=0
          <idle>-0       [005] d.h.    86.352070: rkcif_stream_event: rkcif-mipi-lvds2 stream=0 generation=1 event=fs sequence=66 dma=0x0 timestamp_ns=86349693077 latency_ns=0
          <idle>-0       [005] d.h.    86.384075: rkcif_stream_event: rkcif-mipi-lvds2 stream=0 generation=1 event=fe sequence=66 dma=0x0 timestamp_ns=86381696788 latency_ns=0
          <idle>-0       [005] d.h.    86.384077: rkcif_stream_event: rkcif-mipi-lvds2 stream=0 generation=1 event=dma sequence=66 dma=0x0 timestamp_ns=86381696788 latency_ns=0
          <idle>-0       [005] d.h.    86.385414: rkcif_stream_event: rkcif-mipi-lvds2 stream=0 generation=1 event=fs sequence=67 dma=0x0 timestamp_ns=86383036122 latency_ns=0
          <idle>-0       [005] d.h.    86.417388: rkcif_stream_event: rkcif-mipi-lvds2 stream=0 generation=1 event=fe sequence=67 dma=0x0 timestamp_ns=86415010958 latency_ns=0
          <idle>-0       [005] d.h.    86.417391: rkcif_stream_event: rkcif-mipi-lvds2 stream=0 generation=1 event=dma sequence=67 dma=0x0 timestamp_ns=86415010958 latency_ns=0
          <idle>-0       [005] d.h.    86.418739: rkcif_stream_event: rkcif-mipi-lvds2 stream=0 generation=1 event=fs sequence=68 dma=0x0 timestamp_ns=86416359917 latency_ns=0
          <idle>-0       [005] d.h.    86.450741: rkcif_stream_event: rkcif-mipi-lvds2 stream=0 generation=1 event=fe sequence=68 dma=0x0 timestamp_ns=86448363045 latency_ns=0
          <idle>-0       [005] d.h.    86.450744: rkcif_stream_event: rkcif-mipi-lvds2 stream=0 generation=1 event=dma sequence=68 dma=0x0 timestamp_ns=86448363045 latency_ns=0
          <idle>-0       [005] d.h.    86.452102: rkcif_stream_event: rkcif-mipi-lvds2 stream=0 generation=1 event=fs sequence=69 dma=0x0 timestamp_ns=86449724253 latency_ns=0
          <idle>-0       [005] d.h.    86.484056: rkcif_stream_event: rkcif-mipi-lvds2 stream=0 generation=1 event=fe sequence=69 dma=0x0 timestamp_ns=86481678382 latency_ns=0
          <idle>-0       [005] d.h.    86.484058: rkcif_stream_event: rkcif-mipi-lvds2 stream=0 generation=1 event=dma sequence=69 dma=0x0 timestamp_ns=86481678382 latency_ns=0
          <idle>-0       [005] d.h.    86.485394: rkcif_stream_event: rkcif-mipi-lvds2 stream=0 generation=1 event=fs sequence=70 dma=0x0 timestamp_ns=86483015965 latency_ns=0
          <idle>-0       [005] d.h.    86.517389: rkcif_stream_event: rkcif-mipi-lvds2 stream=0 generation=1 event=fe sequence=70 dma=0x0 timestamp_ns=86515011218 latency_ns=0
          <idle>-0       [005] d.h.    86.517391: rkcif_stream_event: rkcif-mipi-lvds2 stream=0 generation=1 event=dma sequence=70 dma=0x0 timestamp_ns=86515011218 latency_ns=0
          <idle>-0       [005] d.h.    86.518727: rkcif_stream_event: rkcif-mipi-lvds2 stream=0 generation=1 event=fs sequence=71 dma=0x0 timestamp_ns=86516349677 latency_ns=0
          <idle>-0       [005] d.h.    86.550741: rkcif_stream_event: rkcif-mipi-lvds2 stream=0 generation=1 event=fe sequence=71 dma=0x0 timestamp_ns=86548363013 latency_ns=0
          <idle>-0       [005] d.h.    86.550743: rkcif_stream_event: rkcif-mipi-lvds2 stream=0 generation=1 event=dma sequence=71 dma=0x0 timestamp_ns=86548363013 latency_ns=0
          <idle>-0       [005] d.h.    86.552093: rkcif_stream_event: rkcif-mipi-lvds2 stream=0 generation=1 event=fs sequence=72 dma=0x0 timestamp_ns=86549714888 latency_ns=0
          <idle>-0       [005] d.h.    86.584056: rkcif_stream_event: rkcif-mipi-lvds2 stream=0 generation=1 event=fe sequence=72 dma=0x0 timestamp_ns=86581678350 latency_ns=0
          <idle>-0       [005] d.h.    86.584058: rkcif_stream_event: rkcif-mipi-lvds2 stream=0 generation=1 event=dma sequence=72 dma=0x0 timestamp_ns=86581678350 latency_ns=0
          <idle>-0       [005] d.h.    86.585393: rkcif_stream_event: rkcif-mipi-lvds2 stream=0 generation=1 event=fs sequence=73 dma=0x0 timestamp_ns=86583015350 latency_ns=0
          <idle>-0       [005] d.h.    86.617388: rkcif_stream_event: rkcif-mipi-lvds2 stream=0 generation=1 event=fe sequence=73 dma=0x0 timestamp_ns=86615010937 latency_ns=0
          <idle>-0       [005] d.h.    86.617391: rkcif_stream_event: rkcif-mipi-lvds2 stream=0 generation=1 event=dma sequence=73 dma=0x0 timestamp_ns=86615010937 latency_ns=0
          <idle>-0       [005] d.h.    86.618727: rkcif_stream_event: rkcif-mipi-lvds2 stream=0 generation=1 event=fs sequence=74 dma=0x0 timestamp_ns=86616349687 latency_ns=0
          <idle>-0       [005] d.h.    86.650741: rkcif_stream_event: rkcif-mipi-lvds2 stream=0 generation=1 event=fe sequence=74 dma=0x0 timestamp_ns=86648362732 latency_ns=0
          <idle>-0       [005] d.h.    86.650743: rkcif_stream_event: rkcif-mipi-lvds2 stream=0 generation=1 event=dma sequence=74 dma=0x0 timestamp_ns=86648362732 latency_ns=0
          <idle>-0       [005] d.h.    86.652072: rkcif_stream_event: rkcif-mipi-lvds2 stream=0 generation=1 event=fs sequence=75 dma=0x0 timestamp_ns=86649694482 latency_ns=0
          <idle>-0       [005] d.h.    86.684074: rkcif_stream_event: rkcif-mipi-lvds2 stream=0 generation=1 event=fe sequence=75 dma=0x0 timestamp_ns=86681696443 latency_ns=0
          <idle>-0       [005] d.h.    86.684077: rkcif_stream_event: rkcif-mipi-lvds2 stream=0 generation=1 event=dma sequence=75 dma=0x0 timestamp_ns=86681696443 latency_ns=0
          <idle>-0       [005] d.h.    86.685429: rkcif_stream_event: rkcif-mipi-lvds2 stream=0 generation=1 event=fs sequence=76 dma=0x0 timestamp_ns=86683050943 latency_ns=0
          <idle>-0       [005] d.h.    86.717388: rkcif_stream_event: rkcif-mipi-lvds2 stream=0 generation=1 event=fe sequence=76 dma=0x0 timestamp_ns=86715010322 latency_ns=0
          <idle>-0       [005] d.h.    86.717390: rkcif_stream_event: rkcif-mipi-lvds2 stream=0 generation=1 event=dma sequence=76 dma=0x0 timestamp_ns=86715010322 latency_ns=0
          <idle>-0       [005] d.h.    86.718740: rkcif_stream_event: rkcif-mipi-lvds2 stream=0 generation=1 event=fs sequence=77 dma=0x0 timestamp_ns=86716362488 latency_ns=0
          <idle>-0       [005] d.h.    86.750721: rkcif_stream_event: rkcif-mipi-lvds2 stream=0 generation=1 event=fe sequence=77 dma=0x0 timestamp_ns=86748343742 latency_ns=0
          <idle>-0       [005] d.h.    86.750724: rkcif_stream_event: rkcif-mipi-lvds2 stream=0 generation=1 event=dma sequence=77 dma=0x0 timestamp_ns=86748343742 latency_ns=0
          <idle>-0       [005] d.h.    86.752060: rkcif_stream_event: rkcif-mipi-lvds2 stream=0 generation=1 event=fs sequence=78 dma=0x0 timestamp_ns=86749683075 latency_ns=0
          <idle>-0       [005] d.h.    86.784075: rkcif_stream_event: rkcif-mipi-lvds2 stream=0 generation=1 event=fe sequence=78 dma=0x0 timestamp_ns=86781696703 latency_ns=0
          <idle>-0       [005] d.h.    86.784077: rkcif_stream_event: rkcif-mipi-lvds2 stream=0 generation=1 event=dma sequence=78 dma=0x0 timestamp_ns=86781696703 latency_ns=0
          <idle>-0       [005] d.h.    86.785413: rkcif_stream_event: rkcif-mipi-lvds2 stream=0 generation=1 event=fs sequence=79 dma=0x0 timestamp_ns=86783035162 latency_ns=0
          <idle>-0       [005] d.h.    86.817389: rkcif_stream_event: rkcif-mipi-lvds2 stream=0 generation=1 event=fe sequence=79 dma=0x0 timestamp_ns=86815011457 latency_ns=0
          <idle>-0       [005] d.h.    86.817391: rkcif_stream_event: rkcif-mipi-lvds2 stream=0 generation=1 event=dma sequence=79 dma=0x0 timestamp_ns=86815011457 latency_ns=0
          <idle>-0       [005] d.h.    86.818727: rkcif_stream_event: rkcif-mipi-lvds2 stream=0 generation=1 event=fs sequence=80 dma=0x0 timestamp_ns=86816349915 latency_ns=0
          <idle>-0       [005] d.h.    86.850755: rkcif_stream_event: rkcif-mipi-lvds2 stream=0 generation=1 event=fe sequence=80 dma=0x0 timestamp_ns=86848377543 latency_ns=0
          <idle>-0       [005] d.h.    86.850758: rkcif_stream_event: rkcif-mipi-lvds2 stream=0 generation=1 event=dma sequence=80 dma=0x0 timestamp_ns=86848377543 latency_ns=0
          <idle>-0       [005] d.h.    86.852092: rkcif_stream_event: rkcif-mipi-lvds2 stream=0 generation=1 event=fs sequence=81 dma=0x0 timestamp_ns=86849714252 latency_ns=0
          <idle>-0       [005] d.h.    86.884056: rkcif_stream_event: rkcif-mipi-lvds2 stream=0 generation=1 event=fe sequence=81 dma=0x0 timestamp_ns=86881678880 latency_ns=0
          <idle>-0       [005] d.h.    86.884058: rkcif_stream_event: rkcif-mipi-lvds2 stream=0 generation=1 event=dma sequence=81 dma=0x0 timestamp_ns=86881678880 latency_ns=0
          <idle>-0       [005] d.h.    86.885394: rkcif_stream_event: rkcif-mipi-lvds2 stream=0 generation=1 event=fs sequence=82 dma=0x0 timestamp_ns=86883016755 latency_ns=0
          <idle>-0       [005] d.h.    86.917413: rkcif_stream_event: rkcif-mipi-lvds2 stream=0 generation=1 event=fe sequence=82 dma=0x0 timestamp_ns=86915034758 latency_ns=0
          <idle>-0       [005] d.h.    86.917416: rkcif_stream_event: rkcif-mipi-lvds2 stream=0 generation=1 event=dma sequence=82 dma=0x0 timestamp_ns=86915034758 latency_ns=0
          <idle>-0       [005] d.h.    86.918761: rkcif_stream_event: rkcif-mipi-lvds2 stream=0 generation=1 event=fs sequence=83 dma=0x0 timestamp_ns=86916382842 latency_ns=0
          <idle>-0       [005] d.h.    86.950722: rkcif_stream_event: rkcif-mipi-lvds2 stream=0 generation=1 event=fe sequence=83 dma=0x0 timestamp_ns=86948344845 latency_ns=0
          <idle>-0       [005] d.h.    86.950725: rkcif_stream_event: rkcif-mipi-lvds2 stream=0 generation=1 event=dma sequence=83 dma=0x0 timestamp_ns=86948344845 latency_ns=0
          <idle>-0       [005] d.h.    86.952074: rkcif_stream_event: rkcif-mipi-lvds2 stream=0 generation=1 event=fs sequence=84 dma=0x0 timestamp_ns=86949697012 latency_ns=0
          <idle>-0       [005] d.h.    86.984075: rkcif_stream_event: rkcif-mipi-lvds2 stream=0 generation=1 event=fe sequence=84 dma=0x0 timestamp_ns=86981697223 latency_ns=0
          <idle>-0       [005] d.h.    86.984078: rkcif_stream_event: rkcif-mipi-lvds2 stream=0 generation=1 event=dma sequence=84 dma=0x0 timestamp_ns=86981697223 latency_ns=0
          <idle>-0       [005] d.h.    86.985429: rkcif_stream_event: rkcif-mipi-lvds2 stream=0 generation=1 event=fs sequence=85 dma=0x0 timestamp_ns=86983049682 latency_ns=0
          <idle>-0       [005] d.h.    87.017407: rkcif_stream_event: rkcif-mipi-lvds2 stream=0 generation=1 event=fe sequence=85 dma=0x0 timestamp_ns=87015029185 latency_ns=0
          <idle>-0       [005] d.h.    87.017410: rkcif_stream_event: rkcif-mipi-lvds2 stream=0 generation=1 event=dma sequence=85 dma=0x0 timestamp_ns=87015029185 latency_ns=0
          <idle>-0       [005] d.h.    87.018747: rkcif_stream_event: rkcif-mipi-lvds2 stream=0 generation=1 event=fs sequence=86 dma=0x0 timestamp_ns=87016368519 latency_ns=0
          <idle>-0       [005] d.h.    87.050722: rkcif_stream_event: rkcif-mipi-lvds2 stream=0 generation=1 event=fe sequence=86 dma=0x0 timestamp_ns=87048344813 latency_ns=0
          <idle>-0       [005] d.h.    87.050724: rkcif_stream_event: rkcif-mipi-lvds2 stream=0 generation=1 event=dma sequence=86 dma=0x0 timestamp_ns=87048344813 latency_ns=0
          <idle>-0       [005] d.h.    87.052069: rkcif_stream_event: rkcif-mipi-lvds2 stream=0 generation=1 event=fs sequence=87 dma=0x0 timestamp_ns=87049691730 latency_ns=0
          <idle>-0       [005] d.h.    87.084055: rkcif_stream_event: rkcif-mipi-lvds2 stream=0 generation=1 event=fe sequence=87 dma=0x0 timestamp_ns=87081677358 latency_ns=0
          <idle>-0       [005] d.h.    87.084057: rkcif_stream_event: rkcif-mipi-lvds2 stream=0 generation=1 event=dma sequence=87 dma=0x0 timestamp_ns=87081677358 latency_ns=0
          <idle>-0       [005] d.h.    87.085393: rkcif_stream_event: rkcif-mipi-lvds2 stream=0 generation=1 event=fs sequence=88 dma=0x0 timestamp_ns=87083015525 latency_ns=0
          <idle>-0       [005] d.h.    87.117407: rkcif_stream_event: rkcif-mipi-lvds2 stream=0 generation=1 event=fe sequence=88 dma=0x0 timestamp_ns=87115029153 latency_ns=0
          <idle>-0       [005] d.h.    87.117410: rkcif_stream_event: rkcif-mipi-lvds2 stream=0 generation=1 event=dma sequence=88 dma=0x0 timestamp_ns=87115029153 latency_ns=0
          <idle>-0       [005] d.h.    87.118752: rkcif_stream_event: rkcif-mipi-lvds2 stream=0 generation=1 event=fs sequence=89 dma=0x0 timestamp_ns=87116373737 latency_ns=0
          <idle>-0       [005] d.h.    87.150722: rkcif_stream_event: rkcif-mipi-lvds2 stream=0 generation=1 event=fe sequence=89 dma=0x0 timestamp_ns=87148344490 latency_ns=0
          <idle>-0       [005] d.h.    87.150724: rkcif_stream_event: rkcif-mipi-lvds2 stream=0 generation=1 event=dma sequence=89 dma=0x0 timestamp_ns=87148344490 latency_ns=0
          <idle>-0       [005] d.h.    87.152060: rkcif_stream_event: rkcif-mipi-lvds2 stream=0 generation=1 event=fs sequence=90 dma=0x0 timestamp_ns=87149682657 latency_ns=0
          <idle>-0       [005] d.h.    87.184075: rkcif_stream_event: rkcif-mipi-lvds2 stream=0 generation=1 event=fe sequence=90 dma=0x0 timestamp_ns=87181696869 latency_ns=0
          <idle>-0       [005] d.h.    87.184077: rkcif_stream_event: rkcif-mipi-lvds2 stream=0 generation=1 event=dma sequence=90 dma=0x0 timestamp_ns=87181696869 latency_ns=0
          <idle>-0       [005] d.h.    87.185426: rkcif_stream_event: rkcif-mipi-lvds2 stream=0 generation=1 event=fs sequence=91 dma=0x0 timestamp_ns=87183048160 latency_ns=0
          <idle>-0       [005] d.h.    87.217407: rkcif_stream_event: rkcif-mipi-lvds2 stream=0 generation=1 event=fe sequence=91 dma=0x0 timestamp_ns=87215028830 latency_ns=0
          <idle>-0       [005] d.h.    87.217409: rkcif_stream_event: rkcif-mipi-lvds2 stream=0 generation=1 event=dma sequence=91 dma=0x0 timestamp_ns=87215028830 latency_ns=0
          <idle>-0       [005] d.h.    87.218747: rkcif_stream_event: rkcif-mipi-lvds2 stream=0 generation=1 event=fs sequence=92 dma=0x0 timestamp_ns=87216368747 latency_ns=0
          <idle>-0       [005] d.h.    87.250727: rkcif_stream_event: rkcif-mipi-lvds2 stream=0 generation=1 event=fe sequence=92 dma=0x0 timestamp_ns=87248348834 latency_ns=0
          <idle>-0       [005] d.h.    87.250730: rkcif_stream_event: rkcif-mipi-lvds2 stream=0 generation=1 event=dma sequence=92 dma=0x0 timestamp_ns=87248348834 latency_ns=0
          <idle>-0       [005] d.h.    87.252091: rkcif_stream_event: rkcif-mipi-lvds2 stream=0 generation=1 event=fs sequence=93 dma=0x0 timestamp_ns=87249712375 latency_ns=0
          <idle>-0       [005] d.h.    87.284079: rkcif_stream_event: rkcif-mipi-lvds2 stream=0 generation=1 event=fe sequence=93 dma=0x0 timestamp_ns=87281700920 latency_ns=0
          <idle>-0       [005] d.h.    87.284082: rkcif_stream_event: rkcif-mipi-lvds2 stream=0 generation=1 event=dma sequence=93 dma=0x0 timestamp_ns=87281700920 latency_ns=0
          <idle>-0       [005] d.h.    87.285428: rkcif_stream_event: rkcif-mipi-lvds2 stream=0 generation=1 event=fs sequence=94 dma=0x0 timestamp_ns=87283049587 latency_ns=0
          <idle>-0       [005] d.h.    87.317409: rkcif_stream_event: rkcif-mipi-lvds2 stream=0 generation=1 event=fe sequence=94 dma=0x0 timestamp_ns=87315031132 latency_ns=0
          <idle>-0       [005] d.h.    87.317411: rkcif_stream_event: rkcif-mipi-lvds2 stream=0 generation=1 event=dma sequence=94 dma=0x0 timestamp_ns=87315031132 latency_ns=0
          <idle>-0       [005] d.h.    87.318764: rkcif_stream_event: rkcif-mipi-lvds2 stream=0 generation=1 event=fs sequence=95 dma=0x0 timestamp_ns=87316386215 latency_ns=0
          <idle>-0       [005] d.h.    87.350721: rkcif_stream_event: rkcif-mipi-lvds2 stream=0 generation=1 event=fe sequence=95 dma=0x0 timestamp_ns=87348343844 latency_ns=0
          <idle>-0       [005] d.h.    87.350723: rkcif_stream_event: rkcif-mipi-lvds2 stream=0 generation=1 event=dma sequence=95 dma=0x0 timestamp_ns=87348343844 latency_ns=0
          <idle>-0       [005] d.h.    87.352060: rkcif_stream_event: rkcif-mipi-lvds2 stream=0 generation=1 event=fs sequence=96 dma=0x0 timestamp_ns=87349682885 latency_ns=0
          <idle>-0       [005] d.h.    87.384081: rkcif_stream_event: rkcif-mipi-lvds2 stream=0 generation=1 event=fe sequence=96 dma=0x0 timestamp_ns=87381702930 latency_ns=0
          <idle>-0       [005] d.h.    87.384084: rkcif_stream_event: rkcif-mipi-lvds2 stream=0 generation=1 event=dma sequence=96 dma=0x0 timestamp_ns=87381702930 latency_ns=0
          <idle>-0       [005] d.h.    87.385415: rkcif_stream_event: rkcif-mipi-lvds2 stream=0 generation=1 event=fs sequence=97 dma=0x0 timestamp_ns=87383036430 latency_ns=0
          <idle>-0       [005] d.h.    87.417409: rkcif_stream_event: rkcif-mipi-lvds2 stream=0 generation=1 event=fe sequence=97 dma=0x0 timestamp_ns=87415031392 latency_ns=0
          <idle>-0       [005] d.h.    87.417412: rkcif_stream_event: rkcif-mipi-lvds2 stream=0 generation=1 event=dma sequence=97 dma=0x0 timestamp_ns=87415031392 latency_ns=0
          <idle>-0       [005] d.h.    87.418759: rkcif_stream_event: rkcif-mipi-lvds2 stream=0 generation=1 event=fs sequence=98 dma=0x0 timestamp_ns=87416380934 latency_ns=0
          <idle>-0       [005] d.h.    87.450741: rkcif_stream_event: rkcif-mipi-lvds2 stream=0 generation=1 event=fe sequence=98 dma=0x0 timestamp_ns=87448363645 latency_ns=0
          <idle>-0       [005] d.h.    87.450744: rkcif_stream_event: rkcif-mipi-lvds2 stream=0 generation=1 event=dma sequence=98 dma=0x0 timestamp_ns=87448363645 latency_ns=0
          <idle>-0       [005] d.h.    87.452093: rkcif_stream_event: rkcif-mipi-lvds2 stream=0 generation=1 event=fs sequence=99 dma=0x0 timestamp_ns=87449715229 latency_ns=0
          <idle>-0       [005] d.h.    87.484055: rkcif_stream_event: rkcif-mipi-lvds2 stream=0 generation=1 event=fe sequence=99 dma=0x0 timestamp_ns=87481677815 latency_ns=0
          <idle>-0       [005] d.h.    87.484057: rkcif_stream_event: rkcif-mipi-lvds2 stream=0 generation=1 event=dma sequence=99 dma=0x0 timestamp_ns=87481677815 latency_ns=0
          <idle>-0       [005] d.h.    87.485393: rkcif_stream_event: rkcif-mipi-lvds2 stream=0 generation=1 event=fs sequence=100 dma=0x0 timestamp_ns=87483015399 latency_ns=0
          <idle>-0       [005] d.h.    87.517418: rkcif_stream_event: rkcif-mipi-lvds2 stream=0 generation=1 event=fe sequence=100 dma=0x0 timestamp_ns=87515040110 latency_ns=0
          <idle>-0       [005] d.h.    87.517421: rkcif_stream_event: rkcif-mipi-lvds2 stream=0 generation=1 event=dma sequence=100 dma=0x0 timestamp_ns=87515040110 latency_ns=0
          <idle>-0       [005] d.h.    87.518765: rkcif_stream_event: rkcif-mipi-lvds2 stream=0 generation=1 event=fs sequence=101 dma=0x0 timestamp_ns=87516387319 latency_ns=0
          <idle>-0       [005] d.h.    87.550721: rkcif_stream_event: rkcif-mipi-lvds2 stream=0 generation=1 event=fe sequence=101 dma=0x0 timestamp_ns=87548344072 latency_ns=0
          <idle>-0       [005] d.h.    87.550724: rkcif_stream_event: rkcif-mipi-lvds2 stream=0 generation=1 event=dma sequence=101 dma=0x0 timestamp_ns=87548344072 latency_ns=0
          <idle>-0       [005] d.h.    87.552072: rkcif_stream_event: rkcif-mipi-lvds2 stream=0 generation=1 event=fs sequence=102 dma=0x0 timestamp_ns=87549693031 latency_ns=0
          <idle>-0       [005] d.h.    87.584075: rkcif_stream_event: rkcif-mipi-lvds2 stream=0 generation=1 event=fe sequence=102 dma=0x0 timestamp_ns=87581696742 latency_ns=0
          <idle>-0       [005] d.h.    87.584077: rkcif_stream_event: rkcif-mipi-lvds2 stream=0 generation=1 event=dma sequence=102 dma=0x0 timestamp_ns=87581696742 latency_ns=0
          <idle>-0       [005] d.h.    87.585426: rkcif_stream_event: rkcif-mipi-lvds2 stream=0 generation=1 event=fs sequence=103 dma=0x0 timestamp_ns=87583047451 latency_ns=0
          <idle>-0       [005] d.h.    87.617388: rkcif_stream_event: rkcif-mipi-lvds2 stream=0 generation=1 event=fe sequence=103 dma=0x0 timestamp_ns=87615011204 latency_ns=0
          <idle>-0       [005] d.h.    87.617391: rkcif_stream_event: rkcif-mipi-lvds2 stream=0 generation=1 event=dma sequence=103 dma=0x0 timestamp_ns=87615011204 latency_ns=0
          <idle>-0       [005] d.h.    87.618727: rkcif_stream_event: rkcif-mipi-lvds2 stream=0 generation=1 event=fs sequence=104 dma=0x0 timestamp_ns=87616349662 latency_ns=0
          <idle>-0       [005] d.h.    87.650741: rkcif_stream_event: rkcif-mipi-lvds2 stream=0 generation=1 event=fe sequence=104 dma=0x0 timestamp_ns=87648362707 latency_ns=0
          <idle>-0       [005] d.h.    87.650743: rkcif_stream_event: rkcif-mipi-lvds2 stream=0 generation=1 event=dma sequence=104 dma=0x0 timestamp_ns=87648362707 latency_ns=0
          <idle>-0       [005] d.h.    87.652081: rkcif_stream_event: rkcif-mipi-lvds2 stream=0 generation=1 event=fs sequence=105 dma=0x0 timestamp_ns=87649703207 latency_ns=0
          <idle>-0       [005] d.h.    87.684056: rkcif_stream_event: rkcif-mipi-lvds2 stream=0 generation=1 event=fe sequence=105 dma=0x0 timestamp_ns=87681678335 latency_ns=0
          <idle>-0       [005] d.h.    87.684058: rkcif_stream_event: rkcif-mipi-lvds2 stream=0 generation=1 event=dma sequence=105 dma=0x0 timestamp_ns=87681678335 latency_ns=0
          <idle>-0       [005] d.h.    87.685393: rkcif_stream_event: rkcif-mipi-lvds2 stream=0 generation=1 event=fs sequence=106 dma=0x0 timestamp_ns=87683015919 latency_ns=0
          <idle>-0       [005] d.h.    87.717389: rkcif_stream_event: rkcif-mipi-lvds2 stream=0 generation=1 event=fe sequence=106 dma=0x0 timestamp_ns=87715011172 latency_ns=0
          <idle>-0       [005] d.h.    87.717391: rkcif_stream_event: rkcif-mipi-lvds2 stream=0 generation=1 event=dma sequence=106 dma=0x0 timestamp_ns=87715011172 latency_ns=0
          <idle>-0       [005] d.h.    87.718727: rkcif_stream_event: rkcif-mipi-lvds2 stream=0 generation=1 event=fs sequence=107 dma=0x0 timestamp_ns=87716349631 latency_ns=0
          <idle>-0       [005] d.h.    87.750740: rkcif_stream_event: rkcif-mipi-lvds2 stream=0 generation=1 event=fe sequence=107 dma=0x0 timestamp_ns=87748362967 latency_ns=0
          <idle>-0       [005] d.h.    87.750743: rkcif_stream_event: rkcif-mipi-lvds2 stream=0 generation=1 event=dma sequence=107 dma=0x0 timestamp_ns=87748362967 latency_ns=0
          <idle>-0       [005] d.h.    87.752080: rkcif_stream_event: rkcif-mipi-lvds2 stream=0 generation=1 event=fs sequence=108 dma=0x0 timestamp_ns=87749702301 latency_ns=0
          <idle>-0       [005] d.h.    87.784056: rkcif_stream_event: rkcif-mipi-lvds2 stream=0 generation=1 event=fe sequence=108 dma=0x0 timestamp_ns=87781678012 latency_ns=0
          <idle>-0       [005] d.h.    87.784058: rkcif_stream_event: rkcif-mipi-lvds2 stream=0 generation=1 event=dma sequence=108 dma=0x0 timestamp_ns=87781678012 latency_ns=0
          <idle>-0       [005] d.h.    87.785404: rkcif_stream_event: rkcif-mipi-lvds2 stream=0 generation=1 event=fs sequence=109 dma=0x0 timestamp_ns=87783026971 latency_ns=0
          <idle>-0       [005] d.h.    87.817408: rkcif_stream_event: rkcif-mipi-lvds2 stream=0 generation=1 event=fe sequence=109 dma=0x0 timestamp_ns=87815030682 latency_ns=0
          <idle>-0       [005] d.h.    87.817411: rkcif_stream_event: rkcif-mipi-lvds2 stream=0 generation=1 event=dma sequence=109 dma=0x0 timestamp_ns=87815030682 latency_ns=0
          <idle>-0       [005] d.h.    87.818749: rkcif_stream_event: rkcif-mipi-lvds2 stream=0 generation=1 event=fs sequence=110 dma=0x0 timestamp_ns=87816371474 latency_ns=0
          <idle>-0       [005] d.h.    87.850722: rkcif_stream_event: rkcif-mipi-lvds2 stream=0 generation=1 event=fe sequence=110 dma=0x0 timestamp_ns=87848344561 latency_ns=0
          <idle>-0       [005] d.h.    87.850724: rkcif_stream_event: rkcif-mipi-lvds2 stream=0 generation=1 event=dma sequence=110 dma=0x0 timestamp_ns=87848344561 latency_ns=0
          <idle>-0       [005] d.h.    87.852071: rkcif_stream_event: rkcif-mipi-lvds2 stream=0 generation=1 event=fs sequence=111 dma=0x0 timestamp_ns=87849694102 latency_ns=0
          <idle>-0       [005] d.h.    87.884055: rkcif_stream_event: rkcif-mipi-lvds2 stream=0 generation=1 event=fe sequence=111 dma=0x0 timestamp_ns=87881677689 latency_ns=0
          <idle>-0       [005] d.h.    87.884057: rkcif_stream_event: rkcif-mipi-lvds2 stream=0 generation=1 event=dma sequence=111 dma=0x0 timestamp_ns=87881677689 latency_ns=0
          <idle>-0       [005] d.h.    87.885413: rkcif_stream_event: rkcif-mipi-lvds2 stream=0 generation=1 event=fs sequence=112 dma=0x0 timestamp_ns=87883035689 latency_ns=0
          <idle>-0       [005] d.h.    87.917408: rkcif_stream_event: rkcif-mipi-lvds2 stream=0 generation=1 event=fe sequence=112 dma=0x0 timestamp_ns=87915030067 latency_ns=0
          <idle>-0       [005] d.h.    87.917410: rkcif_stream_event: rkcif-mipi-lvds2 stream=0 generation=1 event=dma sequence=112 dma=0x0 timestamp_ns=87915030067 latency_ns=0
          <idle>-0       [005] d.h.    87.918727: rkcif_stream_event: rkcif-mipi-lvds2 stream=0 generation=1 event=fs sequence=113 dma=0x0 timestamp_ns=87916349859 latency_ns=0
          <idle>-0       [005] d.h.    87.950722: rkcif_stream_event: rkcif-mipi-lvds2 stream=0 generation=1 event=fe sequence=113 dma=0x0 timestamp_ns=87948344821 latency_ns=0
          <idle>-0       [005] d.h.    87.950724: rkcif_stream_event: rkcif-mipi-lvds2 stream=0 generation=1 event=dma sequence=113 dma=0x0 timestamp_ns=87948344821 latency_ns=0
          <idle>-0       [005] d.h.    87.952060: rkcif_stream_event: rkcif-mipi-lvds2 stream=0 generation=1 event=fs sequence=114 dma=0x0 timestamp_ns=87949682696 latency_ns=0
          <idle>-0       [005] d.h.    87.984075: rkcif_stream_event: rkcif-mipi-lvds2 stream=0 generation=1 event=fe sequence=114 dma=0x0 timestamp_ns=87981696907 latency_ns=0
          <idle>-0       [005] d.h.    87.984077: rkcif_stream_event: rkcif-mipi-lvds2 stream=0 generation=1 event=dma sequence=114 dma=0x0 timestamp_ns=87981696907 latency_ns=0
          <idle>-0       [005] d.h.    87.985425: rkcif_stream_event: rkcif-mipi-lvds2 stream=0 generation=1 event=fs sequence=115 dma=0x0 timestamp_ns=87983047616 latency_ns=0
          <idle>-0       [005] d.h.    88.017388: rkcif_stream_event: rkcif-mipi-lvds2 stream=0 generation=1 event=fe sequence=115 dma=0x0 timestamp_ns=88015010786 latency_ns=0
          <idle>-0       [005] d.h.    88.017390: rkcif_stream_event: rkcif-mipi-lvds2 stream=0 generation=1 event=dma sequence=115 dma=0x0 timestamp_ns=88015010786 latency_ns=0
          <idle>-0       [005] d.h.    88.018727: rkcif_stream_event: rkcif-mipi-lvds2 stream=0 generation=1 event=fs sequence=116 dma=0x0 timestamp_ns=88016349827 latency_ns=0
          <idle>-0       [005] d.h.    88.050749: rkcif_stream_event: rkcif-mipi-lvds2 stream=0 generation=1 event=fe sequence=116 dma=0x0 timestamp_ns=88048370456 latency_ns=0
          <idle>-0       [005] d.h.    88.050751: rkcif_stream_event: rkcif-mipi-lvds2 stream=0 generation=1 event=dma sequence=116 dma=0x0 timestamp_ns=88048370456 latency_ns=0
          <idle>-0       [005] d.h.    88.052094: rkcif_stream_event: rkcif-mipi-lvds2 stream=0 generation=1 event=fs sequence=117 dma=0x0 timestamp_ns=88049715622 latency_ns=0
          <idle>-0       [005] d.h.    88.084055: rkcif_stream_event: rkcif-mipi-lvds2 stream=0 generation=1 event=fe sequence=117 dma=0x0 timestamp_ns=88081677917 latency_ns=0
          <idle>-0       [005] d.h.    88.084057: rkcif_stream_event: rkcif-mipi-lvds2 stream=0 generation=1 event=dma sequence=117 dma=0x0 timestamp_ns=88081677917 latency_ns=0
          <idle>-0       [005] d.h.    88.085404: rkcif_stream_event: rkcif-mipi-lvds2 stream=0 generation=1 event=fs sequence=118 dma=0x0 timestamp_ns=88083027167 latency_ns=0
          <idle>-0       [005] d.h.    88.117408: rkcif_stream_event: rkcif-mipi-lvds2 stream=0 generation=1 event=fe sequence=118 dma=0x0 timestamp_ns=88115030587 latency_ns=0
          <idle>-0       [005] d.h.    88.117411: rkcif_stream_event: rkcif-mipi-lvds2 stream=0 generation=1 event=dma sequence=118 dma=0x0 timestamp_ns=88115030587 latency_ns=0
          <idle>-0       [005] d.h.    88.118760: rkcif_stream_event: rkcif-mipi-lvds2 stream=0 generation=1 event=fs sequence=119 dma=0x0 timestamp_ns=88116380712 latency_ns=0
          <idle>-0       [005] d.h.    88.150747: rkcif_stream_event: rkcif-mipi-lvds2 stream=0 generation=1 event=fe sequence=119 dma=0x0 timestamp_ns=88148369549 latency_ns=0
          <idle>-0       [005] d.h.    88.150750: rkcif_stream_event: rkcif-mipi-lvds2 stream=0 generation=1 event=dma sequence=119 dma=0x0 timestamp_ns=88148369549 latency_ns=0
          <idle>-0       [005] d.h.    88.152060: rkcif_stream_event: rkcif-mipi-lvds2 stream=0 generation=1 event=fs sequence=120 dma=0x0 timestamp_ns=88149682924 latency_ns=0
          <idle>-0       [005] d.h.    88.184055: rkcif_stream_event: rkcif-mipi-lvds2 stream=0 generation=1 event=fe sequence=120 dma=0x0 timestamp_ns=88181678177 latency_ns=0
          <idle>-0       [005] d.h.    88.184058: rkcif_stream_event: rkcif-mipi-lvds2 stream=0 generation=1 event=dma sequence=120 dma=0x0 timestamp_ns=88181678177 latency_ns=0
          <idle>-0       [005] d.h.    88.185394: rkcif_stream_event: rkcif-mipi-lvds2 stream=0 generation=1 event=fs sequence=121 dma=0x0 timestamp_ns=88183016636 latency_ns=0
          <idle>-0       [005] d.h.    88.217410: rkcif_stream_event: rkcif-mipi-lvds2 stream=0 generation=1 event=fe sequence=121 dma=0x0 timestamp_ns=88215032306 latency_ns=0
          <idle>-0       [005] d.h.    88.217413: rkcif_stream_event: rkcif-mipi-lvds2 stream=0 generation=1 event=dma sequence=121 dma=0x0 timestamp_ns=88215032306 latency_ns=0
          <idle>-0       [005] d.h.    88.218759: rkcif_stream_event: rkcif-mipi-lvds2 stream=0 generation=1 event=fs sequence=122 dma=0x0 timestamp_ns=88216381264 latency_ns=0
          <idle>-0       [005] d.h.    88.250724: rkcif_stream_event: rkcif-mipi-lvds2 stream=0 generation=1 event=fe sequence=122 dma=0x0 timestamp_ns=88248346184 latency_ns=0
          <idle>-0       [005] d.h.    88.250726: rkcif_stream_event: rkcif-mipi-lvds2 stream=0 generation=1 event=dma sequence=122 dma=0x0 timestamp_ns=88248346184 latency_ns=0
          <idle>-0       [005] d.h.    88.252062: rkcif_stream_event: rkcif-mipi-lvds2 stream=0 generation=1 event=fs sequence=123 dma=0x0 timestamp_ns=88249684351 latency_ns=0
          <idle>-0       [005] d.h.    88.284076: rkcif_stream_event: rkcif-mipi-lvds2 stream=0 generation=1 event=fe sequence=123 dma=0x0 timestamp_ns=88281698271 latency_ns=0
          <idle>-0       [005] d.h.    88.284079: rkcif_stream_event: rkcif-mipi-lvds2 stream=0 generation=1 event=dma sequence=123 dma=0x0 timestamp_ns=88281698271 latency_ns=0
          <idle>-0       [005] d.h.    88.285450: rkcif_stream_event: rkcif-mipi-lvds2 stream=0 generation=1 event=fs sequence=124 dma=0x0 timestamp_ns=88283072604 latency_ns=0
          <idle>-0       [005] d.h.    88.317408: rkcif_stream_event: rkcif-mipi-lvds2 stream=0 generation=1 event=fe sequence=124 dma=0x0 timestamp_ns=88315029941 latency_ns=0
          <idle>-0       [005] d.h.    88.317410: rkcif_stream_event: rkcif-mipi-lvds2 stream=0 generation=1 event=dma sequence=124 dma=0x0 timestamp_ns=88315029941 latency_ns=0
          <idle>-0       [005] d.h.    88.318760: rkcif_stream_event: rkcif-mipi-lvds2 stream=0 generation=1 event=fs sequence=125 dma=0x0 timestamp_ns=88316382108 latency_ns=0
          <idle>-0       [005] d.h.    88.350742: rkcif_stream_event: rkcif-mipi-lvds2 stream=0 generation=1 event=fe sequence=125 dma=0x0 timestamp_ns=88348363652 latency_ns=0
          <idle>-0       [005] d.h.    88.350744: rkcif_stream_event: rkcif-mipi-lvds2 stream=0 generation=1 event=dma sequence=125 dma=0x0 timestamp_ns=88348363652 latency_ns=0
          <idle>-0       [005] d.h.    88.352080: rkcif_stream_event: rkcif-mipi-lvds2 stream=0 generation=1 event=fs sequence=126 dma=0x0 timestamp_ns=88349701819 latency_ns=0
          <idle>-0       [005] d.h.    88.384055: rkcif_stream_event: rkcif-mipi-lvds2 stream=0 generation=1 event=fe sequence=126 dma=0x0 timestamp_ns=88381677822 latency_ns=0
          <idle>-0       [005] d.h.    88.384058: rkcif_stream_event: rkcif-mipi-lvds2 stream=0 generation=1 event=dma sequence=126 dma=0x0 timestamp_ns=88381677822 latency_ns=0
          <idle>-0       [005] d.h.    88.385404: rkcif_stream_event: rkcif-mipi-lvds2 stream=0 generation=1 event=fs sequence=127 dma=0x0 timestamp_ns=88383027073 latency_ns=0
          <idle>-0       [005] d.h.    88.417421: rkcif_stream_event: rkcif-mipi-lvds2 stream=0 generation=1 event=fe sequence=127 dma=0x0 timestamp_ns=88415043617 latency_ns=0
          <idle>-0       [005] d.h.    88.417424: rkcif_stream_event: rkcif-mipi-lvds2 stream=0 generation=1 event=dma sequence=127 dma=0x0 timestamp_ns=88415043617 latency_ns=0
          <idle>-0       [005] d.h.    88.418759: rkcif_stream_event: rkcif-mipi-lvds2 stream=0 generation=1 event=fs sequence=128 dma=0x0 timestamp_ns=88416381201 latency_ns=0
          <idle>-0       [005] d.h.    88.450722: rkcif_stream_event: rkcif-mipi-lvds2 stream=0 generation=1 event=fe sequence=128 dma=0x0 timestamp_ns=88448345246 latency_ns=0
          <idle>-0       [005] d.h.    88.450725: rkcif_stream_event: rkcif-mipi-lvds2 stream=0 generation=1 event=dma sequence=128 dma=0x0 timestamp_ns=88448345246 latency_ns=0
          <idle>-0       [005] d.h.    88.452061: rkcif_stream_event: rkcif-mipi-lvds2 stream=0 generation=1 event=fs sequence=129 dma=0x0 timestamp_ns=88449683121 latency_ns=0
          <idle>-0       [005] d.h.    88.484076: rkcif_stream_event: rkcif-mipi-lvds2 stream=0 generation=1 event=fe sequence=129 dma=0x0 timestamp_ns=88481697916 latency_ns=0
          <idle>-0       [005] d.h.    88.484078: rkcif_stream_event: rkcif-mipi-lvds2 stream=0 generation=1 event=dma sequence=129 dma=0x0 timestamp_ns=88481697916 latency_ns=0
          <idle>-0       [005] d.h.    88.485412: rkcif_stream_event: rkcif-mipi-lvds2 stream=0 generation=1 event=fs sequence=130 dma=0x0 timestamp_ns=88483034624 latency_ns=0
          <idle>-0       [005] d.h.    88.517390: rkcif_stream_event: rkcif-mipi-lvds2 stream=0 generation=1 event=fe sequence=130 dma=0x0 timestamp_ns=88515012377 latency_ns=0
          <idle>-0       [005] d.h.    88.517392: rkcif_stream_event: rkcif-mipi-lvds2 stream=0 generation=1 event=dma sequence=130 dma=0x0 timestamp_ns=88515012377 latency_ns=0
          <idle>-0       [005] d.h.    88.518727: rkcif_stream_event: rkcif-mipi-lvds2 stream=0 generation=1 event=fs sequence=131 dma=0x0 timestamp_ns=88516349378 latency_ns=0
          <idle>-0       [005] d.h.    88.550742: rkcif_stream_event: rkcif-mipi-lvds2 stream=0 generation=1 event=fe sequence=131 dma=0x0 timestamp_ns=88548363881 latency_ns=0
          <idle>-0       [005] d.h.    88.550744: rkcif_stream_event: rkcif-mipi-lvds2 stream=0 generation=1 event=dma sequence=131 dma=0x0 timestamp_ns=88548363881 latency_ns=0
          <idle>-0       [005] d.h.    88.552079: rkcif_stream_event: rkcif-mipi-lvds2 stream=0 generation=1 event=fs sequence=132 dma=0x0 timestamp_ns=88549701464 latency_ns=0
          <idle>-0       [005] d.h.    88.584056: rkcif_stream_event: rkcif-mipi-lvds2 stream=0 generation=1 event=fe sequence=132 dma=0x0 timestamp_ns=88581678926 latency_ns=0
          <idle>-0       [005] d.h.    88.584058: rkcif_stream_event: rkcif-mipi-lvds2 stream=0 generation=1 event=dma sequence=132 dma=0x0 timestamp_ns=88581678926 latency_ns=0
          <idle>-0       [005] d.h.    88.585427: rkcif_stream_event: rkcif-mipi-lvds2 stream=0 generation=1 event=fs sequence=133 dma=0x0 timestamp_ns=88583049176 latency_ns=0
          <idle>-0       [005] d.h.    88.617388: rkcif_stream_event: rkcif-mipi-lvds2 stream=0 generation=1 event=fe sequence=133 dma=0x0 timestamp_ns=88615011179 latency_ns=0
          <idle>-0       [005] d.h.    88.617391: rkcif_stream_event: rkcif-mipi-lvds2 stream=0 generation=1 event=dma sequence=133 dma=0x0 timestamp_ns=88615011179 latency_ns=0
          <idle>-0       [005] d.h.    88.618727: rkcif_stream_event: rkcif-mipi-lvds2 stream=0 generation=1 event=fs sequence=134 dma=0x0 timestamp_ns=88616349638 latency_ns=0
          <idle>-0       [005] d.h.    88.650725: rkcif_stream_event: rkcif-mipi-lvds2 stream=0 generation=1 event=fe sequence=134 dma=0x0 timestamp_ns=88648346933 latency_ns=0
          <idle>-0       [005] d.h.    88.650727: rkcif_stream_event: rkcif-mipi-lvds2 stream=0 generation=1 event=dma sequence=134 dma=0x0 timestamp_ns=88648346933 latency_ns=0
          <idle>-0       [005] d.h.    88.652080: rkcif_stream_event: rkcif-mipi-lvds2 stream=0 generation=1 event=fs sequence=135 dma=0x0 timestamp_ns=88649702599 latency_ns=0
          <idle>-0       [005] d.h.    88.684075: rkcif_stream_event: rkcif-mipi-lvds2 stream=0 generation=1 event=fe sequence=135 dma=0x0 timestamp_ns=88681696978 latency_ns=0
          <idle>-0       [005] d.h.    88.684077: rkcif_stream_event: rkcif-mipi-lvds2 stream=0 generation=1 event=dma sequence=135 dma=0x0 timestamp_ns=88681696978 latency_ns=0
          <idle>-0       [005] d.h.    88.685427: rkcif_stream_event: rkcif-mipi-lvds2 stream=0 generation=1 event=fs sequence=136 dma=0x0 timestamp_ns=88683048269 latency_ns=0
          <idle>-0       [005] d.h.    88.717388: rkcif_stream_event: rkcif-mipi-lvds2 stream=0 generation=1 event=fe sequence=136 dma=0x0 timestamp_ns=88715010273 latency_ns=0
          <idle>-0       [005] d.h.    88.717390: rkcif_stream_event: rkcif-mipi-lvds2 stream=0 generation=1 event=dma sequence=136 dma=0x0 timestamp_ns=88715010273 latency_ns=0
          <idle>-0       [005] d.h.    88.718727: rkcif_stream_event: rkcif-mipi-lvds2 stream=0 generation=1 event=fs sequence=137 dma=0x0 timestamp_ns=88716349898 latency_ns=0
          <idle>-0       [005] d.h.    88.750742: rkcif_stream_event: rkcif-mipi-lvds2 stream=0 generation=1 event=fe sequence=137 dma=0x0 timestamp_ns=88748364693 latency_ns=0
          <idle>-0       [005] d.h.    88.750745: rkcif_stream_event: rkcif-mipi-lvds2 stream=0 generation=1 event=dma sequence=137 dma=0x0 timestamp_ns=88748364693 latency_ns=0
          <idle>-0       [005] d.h.    88.752106: rkcif_stream_event: rkcif-mipi-lvds2 stream=0 generation=1 event=fs sequence=138 dma=0x0 timestamp_ns=88749727943 latency_ns=0
          <idle>-0       [005] d.h.    88.784055: rkcif_stream_event: rkcif-mipi-lvds2 stream=0 generation=1 event=fe sequence=138 dma=0x0 timestamp_ns=88781677988 latency_ns=0
          <idle>-0       [005] d.h.    88.784057: rkcif_stream_event: rkcif-mipi-lvds2 stream=0 generation=1 event=dma sequence=138 dma=0x0 timestamp_ns=88781677988 latency_ns=0
          <idle>-0       [005] d.h.    88.785394: rkcif_stream_event: rkcif-mipi-lvds2 stream=0 generation=1 event=fs sequence=139 dma=0x0 timestamp_ns=88783016446 latency_ns=0
          <idle>-0       [005] d.h.    88.817418: rkcif_stream_event: rkcif-mipi-lvds2 stream=0 generation=1 event=fe sequence=139 dma=0x0 timestamp_ns=88815039699 latency_ns=0
          <idle>-0       [005] d.h.    88.817420: rkcif_stream_event: rkcif-mipi-lvds2 stream=0 generation=1 event=dma sequence=139 dma=0x0 timestamp_ns=88815039699 latency_ns=0
          <idle>-0       [005] d.h.    88.818746: rkcif_stream_event: rkcif-mipi-lvds2 stream=0 generation=1 event=fs sequence=140 dma=0x0 timestamp_ns=88816368533 latency_ns=0
          <idle>-0       [005] d.h.    88.850722: rkcif_stream_event: rkcif-mipi-lvds2 stream=0 generation=1 event=fe sequence=140 dma=0x0 timestamp_ns=88848344536 latency_ns=0
          <idle>-0       [005] d.h.    88.850724: rkcif_stream_event: rkcif-mipi-lvds2 stream=0 generation=1 event=dma sequence=140 dma=0x0 timestamp_ns=88848344536 latency_ns=0
          <idle>-0       [005] d.h.    88.852060: rkcif_stream_event: rkcif-mipi-lvds2 stream=0 generation=1 event=fs sequence=141 dma=0x0 timestamp_ns=88849682703 latency_ns=0
          <idle>-0       [005] d.h.    88.884055: rkcif_stream_event: rkcif-mipi-lvds2 stream=0 generation=1 event=fe sequence=141 dma=0x0 timestamp_ns=88881678248 latency_ns=0
          <idle>-0       [005] d.h.    88.884058: rkcif_stream_event: rkcif-mipi-lvds2 stream=0 generation=1 event=dma sequence=141 dma=0x0 timestamp_ns=88881678248 latency_ns=0
          <idle>-0       [005] d.h.    88.885412: rkcif_stream_event: rkcif-mipi-lvds2 stream=0 generation=1 event=fs sequence=142 dma=0x0 timestamp_ns=88883033914 latency_ns=0
          <idle>-0       [005] d.h.    88.917388: rkcif_stream_event: rkcif-mipi-lvds2 stream=0 generation=1 event=fe sequence=142 dma=0x0 timestamp_ns=88915011084 latency_ns=0
          <idle>-0       [005] d.h.    88.917391: rkcif_stream_event: rkcif-mipi-lvds2 stream=0 generation=1 event=dma sequence=142 dma=0x0 timestamp_ns=88915011084 latency_ns=0
          <idle>-0       [005] d.h.    88.918738: rkcif_stream_event: rkcif-mipi-lvds2 stream=0 generation=1 event=fs sequence=143 dma=0x0 timestamp_ns=88916360626 latency_ns=0
          <idle>-0       [005] d.h.    88.950721: rkcif_stream_event: rkcif-mipi-lvds2 stream=0 generation=1 event=fe sequence=143 dma=0x0 timestamp_ns=88948344213 latency_ns=0
          <idle>-0       [005] d.h.    88.950724: rkcif_stream_event: rkcif-mipi-lvds2 stream=0 generation=1 event=dma sequence=143 dma=0x0 timestamp_ns=88948344213 latency_ns=0
          <idle>-0       [005] d.h.    88.952063: rkcif_stream_event: rkcif-mipi-lvds2 stream=0 generation=1 event=fs sequence=144 dma=0x0 timestamp_ns=88949685880 latency_ns=0
          <idle>-0       [005] d.h.    88.984055: rkcif_stream_event: rkcif-mipi-lvds2 stream=0 generation=1 event=fe sequence=144 dma=0x0 timestamp_ns=88981677633 latency_ns=0
          <idle>-0       [005] d.h.    88.984057: rkcif_stream_event: rkcif-mipi-lvds2 stream=0 generation=1 event=dma sequence=144 dma=0x0 timestamp_ns=88981677633 latency_ns=0
          <idle>-0       [005] d.h.    88.985414: rkcif_stream_event: rkcif-mipi-lvds2 stream=0 generation=1 event=fs sequence=145 dma=0x0 timestamp_ns=88983035633 latency_ns=0
          <idle>-0       [005] d.h.    89.017388: rkcif_stream_event: rkcif-mipi-lvds2 stream=0 generation=1 event=fe sequence=145 dma=0x0 timestamp_ns=89015011053 latency_ns=0
          <idle>-0       [005] d.h.    89.017390: rkcif_stream_event: rkcif-mipi-lvds2 stream=0 generation=1 event=dma sequence=145 dma=0x0 timestamp_ns=89015011053 latency_ns=0
          <idle>-0       [005] d.h.    89.018728: rkcif_stream_event: rkcif-mipi-lvds2 stream=0 generation=1 event=fs sequence=146 dma=0x0 timestamp_ns=89016350678 latency_ns=0
          <idle>-0       [005] d.h.    89.050722: rkcif_stream_event: rkcif-mipi-lvds2 stream=0 generation=1 event=fe sequence=146 dma=0x0 timestamp_ns=89048345056 latency_ns=0
          <idle>-0       [005] d.h.    89.050724: rkcif_stream_event: rkcif-mipi-lvds2 stream=0 generation=1 event=dma sequence=146 dma=0x0 timestamp_ns=89048345056 latency_ns=0
          <idle>-0       [005] d.h.    89.052060: rkcif_stream_event: rkcif-mipi-lvds2 stream=0 generation=1 event=fs sequence=147 dma=0x0 timestamp_ns=89049682931 latency_ns=0
          <idle>-0       [005] d.h.    89.084076: rkcif_stream_event: rkcif-mipi-lvds2 stream=0 generation=1 event=fe sequence=147 dma=0x0 timestamp_ns=89081698309 latency_ns=0
          <idle>-0       [005] d.h.    89.084079: rkcif_stream_event: rkcif-mipi-lvds2 stream=0 generation=1 event=dma sequence=147 dma=0x0 timestamp_ns=89081698309 latency_ns=0
          <idle>-0       [005] d.h.    89.085430: rkcif_stream_event: rkcif-mipi-lvds2 stream=0 generation=1 event=fs sequence=148 dma=0x0 timestamp_ns=89083052518 latency_ns=0
          <idle>-0       [005] d.h.    89.117389: rkcif_stream_event: rkcif-mipi-lvds2 stream=0 generation=1 event=fe sequence=148 dma=0x0 timestamp_ns=89115011896 latency_ns=0
          <idle>-0       [005] d.h.    89.117391: rkcif_stream_event: rkcif-mipi-lvds2 stream=0 generation=1 event=dma sequence=148 dma=0x0 timestamp_ns=89115011896 latency_ns=0
          <idle>-0       [005] d.h.    89.118727: rkcif_stream_event: rkcif-mipi-lvds2 stream=0 generation=1 event=fs sequence=149 dma=0x0 timestamp_ns=89116350063 latency_ns=0
          <idle>-0       [005] d.h.    89.150742: rkcif_stream_event: rkcif-mipi-lvds2 stream=0 generation=1 event=fe sequence=149 dma=0x0 timestamp_ns=89148364608 latency_ns=0
          <idle>-0       [005] d.h.    89.150745: rkcif_stream_event: rkcif-mipi-lvds2 stream=0 generation=1 event=dma sequence=149 dma=0x0 timestamp_ns=89148364608 latency_ns=0
          <idle>-0       [005] d.h.    89.152088: rkcif_stream_event: rkcif-mipi-lvds2 stream=0 generation=1 event=fs sequence=150 dma=0x0 timestamp_ns=89149709483 latency_ns=0
          <idle>-0       [005] d.h.    89.184079: rkcif_stream_event: rkcif-mipi-lvds2 stream=0 generation=1 event=fe sequence=150 dma=0x0 timestamp_ns=89181700653 latency_ns=0
          <idle>-0       [005] d.h.    89.184081: rkcif_stream_event: rkcif-mipi-lvds2 stream=0 generation=1 event=dma sequence=150 dma=0x0 timestamp_ns=89181700653 latency_ns=0
          <idle>-0       [005] d.h.    89.185413: rkcif_stream_event: rkcif-mipi-lvds2 stream=0 generation=1 event=fs sequence=151 dma=0x0 timestamp_ns=89183035320 latency_ns=0
          <idle>-0       [005] d.h.    89.217389: rkcif_stream_event: rkcif-mipi-lvds2 stream=0 generation=1 event=fe sequence=151 dma=0x0 timestamp_ns=89215011615 latency_ns=0
          <idle>-0       [005] d.h.    89.217391: rkcif_stream_event: rkcif-mipi-lvds2 stream=0 generation=1 event=dma sequence=151 dma=0x0 timestamp_ns=89215011615 latency_ns=0
          <idle>-0       [005] d.h.    89.218727: rkcif_stream_event: rkcif-mipi-lvds2 stream=0 generation=1 event=fs sequence=152 dma=0x0 timestamp_ns=89216349490 latency_ns=0
          <idle>-0       [005] d.h.    89.250745: rkcif_stream_event: rkcif-mipi-lvds2 stream=0 generation=1 event=fe sequence=152 dma=0x0 timestamp_ns=89248367201 latency_ns=0
          <idle>-0       [005] d.h.    89.250748: rkcif_stream_event: rkcif-mipi-lvds2 stream=0 generation=1 event=dma sequence=152 dma=0x0 timestamp_ns=89248367201 latency_ns=0
          <idle>-0       [005] d.h.    89.252083: rkcif_stream_event: rkcif-mipi-lvds2 stream=0 generation=1 event=fs sequence=153 dma=0x0 timestamp_ns=89249703618 latency_ns=0
          <idle>-0       [005] d.h.    89.284080: rkcif_stream_event: rkcif-mipi-lvds2 stream=0 generation=1 event=fe sequence=153 dma=0x0 timestamp_ns=89281701788 latency_ns=0
          <idle>-0       [005] d.h.    89.284083: rkcif_stream_event: rkcif-mipi-lvds2 stream=0 generation=1 event=dma sequence=153 dma=0x0 timestamp_ns=89281701788 latency_ns=0
          <idle>-0       [005] d.h.    89.285429: rkcif_stream_event: rkcif-mipi-lvds2 stream=0 generation=1 event=fs sequence=154 dma=0x0 timestamp_ns=89283050746 latency_ns=0
          <idle>-0       [005] d.h.    89.317388: rkcif_stream_event: rkcif-mipi-lvds2 stream=0 generation=1 event=fe sequence=154 dma=0x0 timestamp_ns=89315011000 latency_ns=0
          <idle>-0       [005] d.h.    89.317390: rkcif_stream_event: rkcif-mipi-lvds2 stream=0 generation=1 event=dma sequence=154 dma=0x0 timestamp_ns=89315011000 latency_ns=0
          <idle>-0       [005] d.h.    89.318738: rkcif_stream_event: rkcif-mipi-lvds2 stream=0 generation=1 event=fs sequence=155 dma=0x0 timestamp_ns=89316360541 latency_ns=0
          <idle>-0       [005] d.h.    89.350741: rkcif_stream_event: rkcif-mipi-lvds2 stream=0 generation=1 event=fe sequence=155 dma=0x0 timestamp_ns=89348363670 latency_ns=0
          <idle>-0       [005] d.h.    89.350744: rkcif_stream_event: rkcif-mipi-lvds2 stream=0 generation=1 event=dma sequence=155 dma=0x0 timestamp_ns=89348363670 latency_ns=0
          <idle>-0       [005] d.h.    89.352085: rkcif_stream_event: rkcif-mipi-lvds2 stream=0 generation=1 event=fs sequence=156 dma=0x0 timestamp_ns=89349707670 latency_ns=0
          <idle>-0       [005] d.h.    89.384055: rkcif_stream_event: rkcif-mipi-lvds2 stream=0 generation=1 event=fe sequence=156 dma=0x0 timestamp_ns=89381678423 latency_ns=0
          <idle>-0       [005] d.h.    89.384058: rkcif_stream_event: rkcif-mipi-lvds2 stream=0 generation=1 event=dma sequence=156 dma=0x0 timestamp_ns=89381678423 latency_ns=0
          <idle>-0       [005] d.h.    89.385408: rkcif_stream_event: rkcif-mipi-lvds2 stream=0 generation=1 event=fs sequence=157 dma=0x0 timestamp_ns=89383031173 latency_ns=0
          <idle>-0       [005] d.h.    89.417389: rkcif_stream_event: rkcif-mipi-lvds2 stream=0 generation=1 event=fe sequence=157 dma=0x0 timestamp_ns=89415011843 latency_ns=0
          <idle>-0       [005] d.h.    89.417391: rkcif_stream_event: rkcif-mipi-lvds2 stream=0 generation=1 event=dma sequence=157 dma=0x0 timestamp_ns=89415011843 latency_ns=0
          <idle>-0       [005] d.h.    89.418726: rkcif_stream_event: rkcif-mipi-lvds2 stream=0 generation=1 event=fs sequence=158 dma=0x0 timestamp_ns=89416349135 latency_ns=0
          <idle>-0       [005] d.h.    89.450744: rkcif_stream_event: rkcif-mipi-lvds2 stream=0 generation=1 event=fe sequence=158 dma=0x0 timestamp_ns=89448366846 latency_ns=0
          <idle>-0       [005] d.h.    89.450747: rkcif_stream_event: rkcif-mipi-lvds2 stream=0 generation=1 event=dma sequence=158 dma=0x0 timestamp_ns=89448366846 latency_ns=0
          <idle>-0       [005] d.h.    89.452080: rkcif_stream_event: rkcif-mipi-lvds2 stream=0 generation=1 event=fs sequence=159 dma=0x0 timestamp_ns=89449702680 latency_ns=0
          <idle>-0       [005] d.h.    89.484055: rkcif_stream_event: rkcif-mipi-lvds2 stream=0 generation=1 event=fe sequence=159 dma=0x0 timestamp_ns=89481677808 latency_ns=0
          <idle>-0       [005] d.h.    89.484057: rkcif_stream_event: rkcif-mipi-lvds2 stream=0 generation=1 event=dma sequence=159 dma=0x0 timestamp_ns=89481677808 latency_ns=0
          <idle>-0       [005] d.h.    89.485395: rkcif_stream_event: rkcif-mipi-lvds2 stream=0 generation=1 event=fs sequence=160 dma=0x0 timestamp_ns=89483017725 latency_ns=0
          <idle>-0       [005] d.h.    89.517388: rkcif_stream_event: rkcif-mipi-lvds2 stream=0 generation=1 event=fe sequence=160 dma=0x0 timestamp_ns=89515010936 latency_ns=0
          <idle>-0       [005] d.h.    89.517390: rkcif_stream_event: rkcif-mipi-lvds2 stream=0 generation=1 event=dma sequence=160 dma=0x0 timestamp_ns=89515010936 latency_ns=0
          <idle>-0       [005] d.h.    89.518737: rkcif_stream_event: rkcif-mipi-lvds2 stream=0 generation=1 event=fs sequence=161 dma=0x0 timestamp_ns=89516360186 latency_ns=0
          <idle>-0       [005] d.h.    89.550743: rkcif_stream_event: rkcif-mipi-lvds2 stream=0 generation=1 event=fe sequence=161 dma=0x0 timestamp_ns=89548365065 latency_ns=0
          <idle>-0       [005] d.h.    89.550745: rkcif_stream_event: rkcif-mipi-lvds2 stream=0 generation=1 event=dma sequence=161 dma=0x0 timestamp_ns=89548365065 latency_ns=0
          <idle>-0       [005] d.h.    89.552080: rkcif_stream_event: rkcif-mipi-lvds2 stream=0 generation=1 event=fs sequence=162 dma=0x0 timestamp_ns=89549702648 latency_ns=0
          <idle>-0       [005] d.h.    89.584055: rkcif_stream_event: rkcif-mipi-lvds2 stream=0 generation=1 event=fe sequence=162 dma=0x0 timestamp_ns=89581678068 latency_ns=0
          <idle>-0       [005] d.h.    89.584057: rkcif_stream_event: rkcif-mipi-lvds2 stream=0 generation=1 event=dma sequence=162 dma=0x0 timestamp_ns=89581678068 latency_ns=0
          <idle>-0       [005] d.h.    89.585393: rkcif_stream_event: rkcif-mipi-lvds2 stream=0 generation=1 event=fs sequence=163 dma=0x0 timestamp_ns=89583015943 latency_ns=0
          <idle>-0       [005] d.h.    89.617409: rkcif_stream_event: rkcif-mipi-lvds2 stream=0 generation=1 event=fe sequence=163 dma=0x0 timestamp_ns=89615031030 latency_ns=0
          <idle>-0       [005] d.h.    89.617411: rkcif_stream_event: rkcif-mipi-lvds2 stream=0 generation=1 event=dma sequence=163 dma=0x0 timestamp_ns=89615031030 latency_ns=0
          <idle>-0       [005] d.h.    89.618749: rkcif_stream_event: rkcif-mipi-lvds2 stream=0 generation=1 event=fs sequence=164 dma=0x0 timestamp_ns=89616371238 latency_ns=0
          <idle>-0       [005] d.h.    89.650722: rkcif_stream_event: rkcif-mipi-lvds2 stream=0 generation=1 event=fe sequence=164 dma=0x0 timestamp_ns=89648344616 latency_ns=0
          <idle>-0       [005] d.h.    89.650724: rkcif_stream_event: rkcif-mipi-lvds2 stream=0 generation=1 event=dma sequence=164 dma=0x0 timestamp_ns=89648344616 latency_ns=0
          <idle>-0       [005] d.h.    89.652060: rkcif_stream_event: rkcif-mipi-lvds2 stream=0 generation=1 event=fs sequence=165 dma=0x0 timestamp_ns=89649683075 latency_ns=0
          <idle>-0       [005] d.h.    89.684055: rkcif_stream_event: rkcif-mipi-lvds2 stream=0 generation=1 event=fe sequence=165 dma=0x0 timestamp_ns=89681678036 latency_ns=0
          <idle>-0       [005] d.h.    89.684057: rkcif_stream_event: rkcif-mipi-lvds2 stream=0 generation=1 event=dma sequence=165 dma=0x0 timestamp_ns=89681678036 latency_ns=0
          <idle>-0       [005] d.h.    89.685394: rkcif_stream_event: rkcif-mipi-lvds2 stream=0 generation=1 event=fs sequence=166 dma=0x0 timestamp_ns=89683016203 latency_ns=0
          <idle>-0       [005] d.h.    89.717411: rkcif_stream_event: rkcif-mipi-lvds2 stream=0 generation=1 event=fe sequence=166 dma=0x0 timestamp_ns=89715033623 latency_ns=0
          <idle>-0       [005] d.h.    89.717414: rkcif_stream_event: rkcif-mipi-lvds2 stream=0 generation=1 event=dma sequence=166 dma=0x0 timestamp_ns=89715033623 latency_ns=0
          <idle>-0       [005] d.h.    89.718747: rkcif_stream_event: rkcif-mipi-lvds2 stream=0 generation=1 event=fs sequence=167 dma=0x0 timestamp_ns=89716369165 latency_ns=0
          <idle>-0       [005] d.h.    89.750742: rkcif_stream_event: rkcif-mipi-lvds2 stream=0 generation=1 event=fe sequence=167 dma=0x0 timestamp_ns=89748364126 latency_ns=0
          <idle>-0       [005] d.h.    89.750744: rkcif_stream_event: rkcif-mipi-lvds2 stream=0 generation=1 event=dma sequence=167 dma=0x0 timestamp_ns=89748364126 latency_ns=0
          <idle>-0       [005] d.h.    89.752081: rkcif_stream_event: rkcif-mipi-lvds2 stream=0 generation=1 event=fs sequence=168 dma=0x0 timestamp_ns=89749703460 latency_ns=0
          <idle>-0       [005] d.h.    89.784057: rkcif_stream_event: rkcif-mipi-lvds2 stream=0 generation=1 event=fe sequence=168 dma=0x0 timestamp_ns=89781680046 latency_ns=0
          <idle>-0       [005] d.h.    89.784059: rkcif_stream_event: rkcif-mipi-lvds2 stream=0 generation=1 event=dma sequence=168 dma=0x0 timestamp_ns=89781680046 latency_ns=0
          <idle>-0       [005] d.h.    89.785392: rkcif_stream_event: rkcif-mipi-lvds2 stream=0 generation=1 event=fs sequence=169 dma=0x0 timestamp_ns=89783015297 latency_ns=0
          <idle>-0       [005] d.h.    89.817409: rkcif_stream_event: rkcif-mipi-lvds2 stream=0 generation=1 event=fe sequence=169 dma=0x0 timestamp_ns=89815030966 latency_ns=0
          <idle>-0       [005] d.h.    89.817411: rkcif_stream_event: rkcif-mipi-lvds2 stream=0 generation=1 event=dma sequence=169 dma=0x0 timestamp_ns=89815030966 latency_ns=0
          <idle>-0       [005] d.h.    89.818761: rkcif_stream_event: rkcif-mipi-lvds2 stream=0 generation=1 event=fs sequence=170 dma=0x0 timestamp_ns=89816381675 latency_ns=0
          <idle>-0       [005] d.h.    89.850722: rkcif_stream_event: rkcif-mipi-lvds2 stream=0 generation=1 event=fe sequence=170 dma=0x0 timestamp_ns=89848344845 latency_ns=0
          <idle>-0       [005] d.h.    89.850724: rkcif_stream_event: rkcif-mipi-lvds2 stream=0 generation=1 event=dma sequence=170 dma=0x0 timestamp_ns=89848344845 latency_ns=0
          <idle>-0       [005] d.h.    89.852061: rkcif_stream_event: rkcif-mipi-lvds2 stream=0 generation=1 event=fs sequence=171 dma=0x0 timestamp_ns=89849684178 latency_ns=0
          <idle>-0       [005] d.h.    89.884054: rkcif_stream_event: rkcif-mipi-lvds2 stream=0 generation=1 event=fe sequence=171 dma=0x0 timestamp_ns=89881677390 latency_ns=0
          <idle>-0       [005] d.h.    89.884057: rkcif_stream_event: rkcif-mipi-lvds2 stream=0 generation=1 event=dma sequence=171 dma=0x0 timestamp_ns=89881677390 latency_ns=0
          <idle>-0       [005] d.h.    89.885393: rkcif_stream_event: rkcif-mipi-lvds2 stream=0 generation=1 event=fs sequence=172 dma=0x0 timestamp_ns=89883015848 latency_ns=0
          <idle>-0       [005] d.h.    89.917408: rkcif_stream_event: rkcif-mipi-lvds2 stream=0 generation=1 event=fe sequence=172 dma=0x0 timestamp_ns=89915030352 latency_ns=0
          <idle>-0       [005] d.h.    89.917411: rkcif_stream_event: rkcif-mipi-lvds2 stream=0 generation=1 event=dma sequence=172 dma=0x0 timestamp_ns=89915030352 latency_ns=0
          <idle>-0       [005] d.h.    89.918753: rkcif_stream_event: rkcif-mipi-lvds2 stream=0 generation=1 event=fs sequence=173 dma=0x0 timestamp_ns=89916375227 latency_ns=0
          <idle>-0       [005] d.h.    89.950741: rkcif_stream_event: rkcif-mipi-lvds2 stream=0 generation=1 event=fe sequence=173 dma=0x0 timestamp_ns=89948363772 latency_ns=0
          <idle>-0       [005] d.h.    89.950744: rkcif_stream_event: rkcif-mipi-lvds2 stream=0 generation=1 event=dma sequence=173 dma=0x0 timestamp_ns=89948363772 latency_ns=0
          <idle>-0       [005] d.h.    89.952081: rkcif_stream_event: rkcif-mipi-lvds2 stream=0 generation=1 event=fs sequence=174 dma=0x0 timestamp_ns=89949703397 latency_ns=0
          <idle>-0       [005] d.h.    89.984055: rkcif_stream_event: rkcif-mipi-lvds2 stream=0 generation=1 event=fe sequence=174 dma=0x0 timestamp_ns=89981678233 latency_ns=0
          <idle>-0       [005] d.h.    89.984058: rkcif_stream_event: rkcif-mipi-lvds2 stream=0 generation=1 event=dma sequence=174 dma=0x0 timestamp_ns=89981678233 latency_ns=0
          <idle>-0       [005] d.h.    89.985396: rkcif_stream_event: rkcif-mipi-lvds2 stream=0 generation=1 event=fs sequence=175 dma=0x0 timestamp_ns=89983019025 latency_ns=0
          <idle>-0       [005] d.h.    90.017415: rkcif_stream_event: rkcif-mipi-lvds2 stream=0 generation=1 event=fe sequence=175 dma=0x0 timestamp_ns=90015036778 latency_ns=0
          <idle>-0       [005] d.h.    90.017418: rkcif_stream_event: rkcif-mipi-lvds2 stream=0 generation=1 event=dma sequence=175 dma=0x0 timestamp_ns=90015036778 latency_ns=0
          <idle>-0       [005] d.h.    90.018747: rkcif_stream_event: rkcif-mipi-lvds2 stream=0 generation=1 event=fs sequence=176 dma=0x0 timestamp_ns=90016369112 latency_ns=0
          <idle>-0       [005] d.h.    90.050722: rkcif_stream_event: rkcif-mipi-lvds2 stream=0 generation=1 event=fe sequence=176 dma=0x0 timestamp_ns=90048345115 latency_ns=0
          <idle>-0       [005] d.h.    90.050724: rkcif_stream_event: rkcif-mipi-lvds2 stream=0 generation=1 event=dma sequence=176 dma=0x0 timestamp_ns=90048345115 latency_ns=0
          <idle>-0       [005] d.h.    90.052061: rkcif_stream_event: rkcif-mipi-lvds2 stream=0 generation=1 event=fs sequence=177 dma=0x0 timestamp_ns=90049683573 latency_ns=0
          <idle>-0       [005] d.h.    90.084088: rkcif_stream_event: rkcif-mipi-lvds2 stream=0 generation=1 event=fe sequence=177 dma=0x0 timestamp_ns=90081710327 latency_ns=0
          <idle>-0       [005] d.h.    90.084090: rkcif_stream_event: rkcif-mipi-lvds2 stream=0 generation=1 event=dma sequence=177 dma=0x0 timestamp_ns=90081710327 latency_ns=0
          <idle>-0       [005] d.h.    90.085429: rkcif_stream_event: rkcif-mipi-lvds2 stream=0 generation=1 event=fs sequence=178 dma=0x0 timestamp_ns=90083051410 latency_ns=0
          <idle>-0       [005] d.h.    90.117389: rkcif_stream_event: rkcif-mipi-lvds2 stream=0 generation=1 event=fe sequence=178 dma=0x0 timestamp_ns=90115011955 latency_ns=0
          <idle>-0       [005] d.h.    90.117391: rkcif_stream_event: rkcif-mipi-lvds2 stream=0 generation=1 event=dma sequence=178 dma=0x0 timestamp_ns=90115011955 latency_ns=0
          <idle>-0       [005] d.h.    90.118727: rkcif_stream_event: rkcif-mipi-lvds2 stream=0 generation=1 event=fs sequence=179 dma=0x0 timestamp_ns=90116349538 latency_ns=0
          <idle>-0       [005] d.h.    90.150741: rkcif_stream_event: rkcif-mipi-lvds2 stream=0 generation=1 event=fe sequence=179 dma=0x0 timestamp_ns=90148363458 latency_ns=0
          <idle>-0       [005] d.h.    90.150743: rkcif_stream_event: rkcif-mipi-lvds2 stream=0 generation=1 event=dma sequence=179 dma=0x0 timestamp_ns=90148363458 latency_ns=0
          <idle>-0       [005] d.h.    90.152093: rkcif_stream_event: rkcif-mipi-lvds2 stream=0 generation=1 event=fs sequence=180 dma=0x0 timestamp_ns=90149715917 latency_ns=0
          <idle>-0       [005] d.h.    90.184054: rkcif_stream_event: rkcif-mipi-lvds2 stream=0 generation=1 event=fe sequence=180 dma=0x0 timestamp_ns=90181677337 latency_ns=0
          <idle>-0       [005] d.h.    90.184057: rkcif_stream_event: rkcif-mipi-lvds2 stream=0 generation=1 event=dma sequence=180 dma=0x0 timestamp_ns=90181677337 latency_ns=0
          <idle>-0       [005] d.h.    90.185394: rkcif_stream_event: rkcif-mipi-lvds2 stream=0 generation=1 event=fs sequence=181 dma=0x0 timestamp_ns=90183016670 latency_ns=0
          <idle>-0       [005] d.h.    90.217414: rkcif_stream_event: rkcif-mipi-lvds2 stream=0 generation=1 event=fe sequence=181 dma=0x0 timestamp_ns=90215036132 latency_ns=0
          <idle>-0       [005] d.h.    90.217416: rkcif_stream_event: rkcif-mipi-lvds2 stream=0 generation=1 event=dma sequence=181 dma=0x0 timestamp_ns=90215036132 latency_ns=0
          <idle>-0       [005] d.h.    90.218777: rkcif_stream_event: rkcif-mipi-lvds2 stream=0 generation=1 event=fs sequence=182 dma=0x0 timestamp_ns=90216399382 latency_ns=0
          <idle>-0       [005] d.h.    90.250723: rkcif_stream_event: rkcif-mipi-lvds2 stream=0 generation=1 event=fe sequence=182 dma=0x0 timestamp_ns=90248346218 latency_ns=0
          <idle>-0       [005] d.h.    90.250726: rkcif_stream_event: rkcif-mipi-lvds2 stream=0 generation=1 event=dma sequence=182 dma=0x0 timestamp_ns=90248346218 latency_ns=0
          <idle>-0       [005] d.h.    90.252062: rkcif_stream_event: rkcif-mipi-lvds2 stream=0 generation=1 event=fs sequence=183 dma=0x0 timestamp_ns=90249684968 latency_ns=0
          <idle>-0       [005] d.h.    90.284057: rkcif_stream_event: rkcif-mipi-lvds2 stream=0 generation=1 event=fe sequence=183 dma=0x0 timestamp_ns=90281679347 latency_ns=0
          <idle>-0       [005] d.h.    90.284059: rkcif_stream_event: rkcif-mipi-lvds2 stream=0 generation=1 event=dma sequence=183 dma=0x0 timestamp_ns=90281679347 latency_ns=0
          <idle>-0       [005] d.h.    90.285426: rkcif_stream_event: rkcif-mipi-lvds2 stream=0 generation=1 event=fs sequence=184 dma=0x0 timestamp_ns=90283048430 latency_ns=0
          <idle>-0       [005] d.h.    90.317408: rkcif_stream_event: rkcif-mipi-lvds2 stream=0 generation=1 event=fe sequence=184 dma=0x0 timestamp_ns=90315030558 latency_ns=0
          <idle>-0       [005] d.h.    90.317410: rkcif_stream_event: rkcif-mipi-lvds2 stream=0 generation=1 event=dma sequence=184 dma=0x0 timestamp_ns=90315030558 latency_ns=0
          <idle>-0       [005] d.h.    90.318726: rkcif_stream_event: rkcif-mipi-lvds2 stream=0 generation=1 event=fs sequence=185 dma=0x0 timestamp_ns=90316349475 latency_ns=0
          <idle>-0       [005] d.h.    90.350722: rkcif_stream_event: rkcif-mipi-lvds2 stream=0 generation=1 event=fe sequence=185 dma=0x0 timestamp_ns=90348345020 latency_ns=0
          <idle>-0       [005] d.h.    90.350724: rkcif_stream_event: rkcif-mipi-lvds2 stream=0 generation=1 event=dma sequence=185 dma=0x0 timestamp_ns=90348345020 latency_ns=0
          <idle>-0       [005] d.h.    90.352075: rkcif_stream_event: rkcif-mipi-lvds2 stream=0 generation=1 event=fs sequence=186 dma=0x0 timestamp_ns=90349697770 latency_ns=0
          <idle>-0       [005] d.h.    90.384074: rkcif_stream_event: rkcif-mipi-lvds2 stream=0 generation=1 event=fe sequence=186 dma=0x0 timestamp_ns=90381696523 latency_ns=0
          <idle>-0       [005] d.h.    90.384077: rkcif_stream_event: rkcif-mipi-lvds2 stream=0 generation=1 event=dma sequence=186 dma=0x0 timestamp_ns=90381696523 latency_ns=0
          <idle>-0       [005] d.h.    90.385429: rkcif_stream_event: rkcif-mipi-lvds2 stream=0 generation=1 event=fs sequence=187 dma=0x0 timestamp_ns=90383048982 latency_ns=0
          <idle>-0       [005] d.h.    90.417389: rkcif_stream_event: rkcif-mipi-lvds2 stream=0 generation=1 event=fe sequence=187 dma=0x0 timestamp_ns=90415011568 latency_ns=0
          <idle>-0       [005] d.h.    90.417391: rkcif_stream_event: rkcif-mipi-lvds2 stream=0 generation=1 event=dma sequence=187 dma=0x0 timestamp_ns=90415011568 latency_ns=0
          <idle>-0       [005] d.h.    90.418726: rkcif_stream_event: rkcif-mipi-lvds2 stream=0 generation=1 event=fs sequence=188 dma=0x0 timestamp_ns=90416349444 latency_ns=0
          <idle>-0       [005] d.h.    90.450722: rkcif_stream_event: rkcif-mipi-lvds2 stream=0 generation=1 event=fe sequence=188 dma=0x0 timestamp_ns=90448344697 latency_ns=0
          <idle>-0       [005] d.h.    90.450724: rkcif_stream_event: rkcif-mipi-lvds2 stream=0 generation=1 event=dma sequence=188 dma=0x0 timestamp_ns=90448344697 latency_ns=0
          <idle>-0       [005] d.h.    90.452074: rkcif_stream_event: rkcif-mipi-lvds2 stream=0 generation=1 event=fs sequence=189 dma=0x0 timestamp_ns=90449697447 latency_ns=0
          <idle>-0       [005] d.h.    90.484075: rkcif_stream_event: rkcif-mipi-lvds2 stream=0 generation=1 event=fe sequence=189 dma=0x0 timestamp_ns=90481697075 latency_ns=0
          <idle>-0       [005] d.h.    90.484077: rkcif_stream_event: rkcif-mipi-lvds2 stream=0 generation=1 event=dma sequence=189 dma=0x0 timestamp_ns=90481697075 latency_ns=0
          <idle>-0       [005] d.h.    90.485413: rkcif_stream_event: rkcif-mipi-lvds2 stream=0 generation=1 event=fs sequence=190 dma=0x0 timestamp_ns=90483035534 latency_ns=0
          <idle>-0       [005] d.h.    90.517388: rkcif_stream_event: rkcif-mipi-lvds2 stream=0 generation=1 event=fe sequence=190 dma=0x0 timestamp_ns=90515011537 latency_ns=0
          <idle>-0       [005] d.h.    90.517391: rkcif_stream_event: rkcif-mipi-lvds2 stream=0 generation=1 event=dma sequence=190 dma=0x0 timestamp_ns=90515011537 latency_ns=0
          <idle>-0       [005] d.h.    90.518727: rkcif_stream_event: rkcif-mipi-lvds2 stream=0 generation=1 event=fs sequence=191 dma=0x0 timestamp_ns=90516349704 latency_ns=0
          <idle>-0       [005] d.h.    90.550741: rkcif_stream_event: rkcif-mipi-lvds2 stream=0 generation=1 event=fe sequence=191 dma=0x0 timestamp_ns=90548363623 latency_ns=0
          <idle>-0       [005] d.h.    90.550744: rkcif_stream_event: rkcif-mipi-lvds2 stream=0 generation=1 event=dma sequence=191 dma=0x0 timestamp_ns=90548363623 latency_ns=0
          <idle>-0       [005] d.h.    90.552080: rkcif_stream_event: rkcif-mipi-lvds2 stream=0 generation=1 event=fs sequence=192 dma=0x0 timestamp_ns=90549702082 latency_ns=0
          <idle>-0       [005] d.h.    90.584056: rkcif_stream_event: rkcif-mipi-lvds2 stream=0 generation=1 event=fe sequence=192 dma=0x0 timestamp_ns=90581678960 latency_ns=0
          <idle>-0       [005] d.h.    90.584058: rkcif_stream_event: rkcif-mipi-lvds2 stream=0 generation=1 event=dma sequence=192 dma=0x0 timestamp_ns=90581678960 latency_ns=0
          <idle>-0       [005] d.h.    90.585396: rkcif_stream_event: rkcif-mipi-lvds2 stream=0 generation=1 event=fs sequence=193 dma=0x0 timestamp_ns=90583019460 latency_ns=0
          <idle>-0       [005] d.h.    90.617410: rkcif_stream_event: rkcif-mipi-lvds2 stream=0 generation=1 event=fe sequence=193 dma=0x0 timestamp_ns=90615031922 latency_ns=0
          <idle>-0       [005] d.h.    90.617412: rkcif_stream_event: rkcif-mipi-lvds2 stream=0 generation=1 event=dma sequence=193 dma=0x0 timestamp_ns=90615031922 latency_ns=0
          <idle>-0       [005] d.h.    90.618749: rkcif_stream_event: rkcif-mipi-lvds2 stream=0 generation=1 event=fs sequence=194 dma=0x0 timestamp_ns=90616371547 latency_ns=0
          <idle>-0       [005] d.h.    90.650741: rkcif_stream_event: rkcif-mipi-lvds2 stream=0 generation=1 event=fe sequence=194 dma=0x0 timestamp_ns=90648363884 latency_ns=0
          <idle>-0       [005] d.h.    90.650744: rkcif_stream_event: rkcif-mipi-lvds2 stream=0 generation=1 event=dma sequence=194 dma=0x0 timestamp_ns=90648363884 latency_ns=0
          <idle>-0       [005] d.h.    90.652080: rkcif_stream_event: rkcif-mipi-lvds2 stream=0 generation=1 event=fs sequence=195 dma=0x0 timestamp_ns=90649702050 latency_ns=0
          <idle>-0       [005] d.h.    90.684055: rkcif_stream_event: rkcif-mipi-lvds2 stream=0 generation=1 event=fe sequence=195 dma=0x0 timestamp_ns=90681678345 latency_ns=0
          <idle>-0       [005] d.h.    90.684057: rkcif_stream_event: rkcif-mipi-lvds2 stream=0 generation=1 event=dma sequence=195 dma=0x0 timestamp_ns=90681678345 latency_ns=0
          <idle>-0       [005] d.h.    90.685393: rkcif_stream_event: rkcif-mipi-lvds2 stream=0 generation=1 event=fs sequence=196 dma=0x0 timestamp_ns=90683015637 latency_ns=0
          <idle>-0       [005] d.h.    90.717416: rkcif_stream_event: rkcif-mipi-lvds2 stream=0 generation=1 event=fe sequence=196 dma=0x0 timestamp_ns=90715038890 latency_ns=0
          <idle>-0       [005] d.h.    90.717419: rkcif_stream_event: rkcif-mipi-lvds2 stream=0 generation=1 event=dma sequence=196 dma=0x0 timestamp_ns=90715038890 latency_ns=0
          <idle>-0       [005] d.h.    90.718746: rkcif_stream_event: rkcif-mipi-lvds2 stream=0 generation=1 event=fs sequence=197 dma=0x0 timestamp_ns=90716368307 latency_ns=0
          <idle>-0       [005] d.h.    90.750740: rkcif_stream_event: rkcif-mipi-lvds2 stream=0 generation=1 event=fe sequence=197 dma=0x0 timestamp_ns=90748362977 latency_ns=0
          <idle>-0       [005] d.h.    90.750743: rkcif_stream_event: rkcif-mipi-lvds2 stream=0 generation=1 event=dma sequence=197 dma=0x0 timestamp_ns=90748362977 latency_ns=0
          <idle>-0       [005] d.h.    90.752098: rkcif_stream_event: rkcif-mipi-lvds2 stream=0 generation=1 event=fs sequence=198 dma=0x0 timestamp_ns=90749720394 latency_ns=0
          <idle>-0       [005] d.h.    90.784074: rkcif_stream_event: rkcif-mipi-lvds2 stream=0 generation=1 event=fe sequence=198 dma=0x0 timestamp_ns=90781696689 latency_ns=0
          <idle>-0       [005] d.h.    90.784077: rkcif_stream_event: rkcif-mipi-lvds2 stream=0 generation=1 event=dma sequence=198 dma=0x0 timestamp_ns=90781696689 latency_ns=0
          <idle>-0       [005] d.h.    90.785412: rkcif_stream_event: rkcif-mipi-lvds2 stream=0 generation=1 event=fs sequence=199 dma=0x0 timestamp_ns=90783034564 latency_ns=0
          <idle>-0       [005] d.h.    90.817389: rkcif_stream_event: rkcif-mipi-lvds2 stream=0 generation=1 event=fe sequence=199 dma=0x0 timestamp_ns=90815012025 latency_ns=0
          <idle>-0       [005] d.h.    90.817391: rkcif_stream_event: rkcif-mipi-lvds2 stream=0 generation=1 event=dma sequence=199 dma=0x0 timestamp_ns=90815012025 latency_ns=0
          <idle>-0       [005] d.h.    90.818727: rkcif_stream_event: rkcif-mipi-lvds2 stream=0 generation=1 event=fs sequence=200 dma=0x0 timestamp_ns=90816350484 latency_ns=0
          <idle>-0       [005] d.h.    90.850746: rkcif_stream_event: rkcif-mipi-lvds2 stream=0 generation=1 event=fe sequence=200 dma=0x0 timestamp_ns=90848368779 latency_ns=0
          <idle>-0       [005] d.h.    90.850749: rkcif_stream_event: rkcif-mipi-lvds2 stream=0 generation=1 event=dma sequence=200 dma=0x0 timestamp_ns=90848368779 latency_ns=0
          <idle>-0       [005] d.h.    90.852080: rkcif_stream_event: rkcif-mipi-lvds2 stream=0 generation=1 event=fs sequence=201 dma=0x0 timestamp_ns=90849702279 latency_ns=0
          <idle>-0       [005] d.h.    90.884055: rkcif_stream_event: rkcif-mipi-lvds2 stream=0 generation=1 event=fe sequence=201 dma=0x0 timestamp_ns=90881677990 latency_ns=0
          <idle>-0       [005] d.h.    90.884057: rkcif_stream_event: rkcif-mipi-lvds2 stream=0 generation=1 event=dma sequence=201 dma=0x0 timestamp_ns=90881677990 latency_ns=0
          <idle>-0       [005] d.h.    90.885407: rkcif_stream_event: rkcif-mipi-lvds2 stream=0 generation=1 event=fs sequence=202 dma=0x0 timestamp_ns=90883030449 latency_ns=0
          <idle>-0       [005] d.h.    90.917389: rkcif_stream_event: rkcif-mipi-lvds2 stream=0 generation=1 event=fe sequence=202 dma=0x0 timestamp_ns=90915011702 latency_ns=0
          <idle>-0       [005] d.h.    90.917391: rkcif_stream_event: rkcif-mipi-lvds2 stream=0 generation=1 event=dma sequence=202 dma=0x0 timestamp_ns=90915011702 latency_ns=0
          <idle>-0       [005] d.h.    90.918737: rkcif_stream_event: rkcif-mipi-lvds2 stream=0 generation=1 event=fs sequence=203 dma=0x0 timestamp_ns=90916360369 latency_ns=0
          <idle>-0       [005] d.h.    90.950722: rkcif_stream_event: rkcif-mipi-lvds2 stream=0 generation=1 event=fe sequence=203 dma=0x0 timestamp_ns=90948344830 latency_ns=0
          <idle>-0       [005] d.h.    90.950724: rkcif_stream_event: rkcif-mipi-lvds2 stream=0 generation=1 event=dma sequence=203 dma=0x0 timestamp_ns=90948344830 latency_ns=0
          <idle>-0       [005] d.h.    90.952062: rkcif_stream_event: rkcif-mipi-lvds2 stream=0 generation=1 event=fs sequence=204 dma=0x0 timestamp_ns=90949683580 latency_ns=0
          <idle>-0       [005] d.h.    90.984083: rkcif_stream_event: rkcif-mipi-lvds2 stream=0 generation=1 event=fe sequence=204 dma=0x0 timestamp_ns=90981705125 latency_ns=0
          <idle>-0       [005] d.h.    90.984085: rkcif_stream_event: rkcif-mipi-lvds2 stream=0 generation=1 event=dma sequence=204 dma=0x0 timestamp_ns=90981705125 latency_ns=0
          <idle>-0       [005] d.h.    90.985414: rkcif_stream_event: rkcif-mipi-lvds2 stream=0 generation=1 event=fs sequence=205 dma=0x0 timestamp_ns=90983036292 latency_ns=0
          <idle>-0       [005] d.h.    91.017389: rkcif_stream_event: rkcif-mipi-lvds2 stream=0 generation=1 event=fe sequence=205 dma=0x0 timestamp_ns=91015011712 latency_ns=0
          <idle>-0       [005] d.h.    91.017391: rkcif_stream_event: rkcif-mipi-lvds2 stream=0 generation=1 event=dma sequence=205 dma=0x0 timestamp_ns=91015011712 latency_ns=0
          <idle>-0       [005] d.h.    91.018738: rkcif_stream_event: rkcif-mipi-lvds2 stream=0 generation=1 event=fs sequence=206 dma=0x0 timestamp_ns=91016360962 latency_ns=0
          <idle>-0       [005] d.h.    91.050722: rkcif_stream_event: rkcif-mipi-lvds2 stream=0 generation=1 event=fe sequence=206 dma=0x0 timestamp_ns=91048345132 latency_ns=0
          <idle>-0       [005] d.h.    91.050724: rkcif_stream_event: rkcif-mipi-lvds2 stream=0 generation=1 event=dma sequence=206 dma=0x0 timestamp_ns=91048345132 latency_ns=0
          <idle>-0       [005] d.h.    91.052061: rkcif_stream_event: rkcif-mipi-lvds2 stream=0 generation=1 event=fs sequence=207 dma=0x0 timestamp_ns=91049683882 latency_ns=0
          <idle>-0       [005] d.h.    91.084056: rkcif_stream_event: rkcif-mipi-lvds2 stream=0 generation=1 event=fe sequence=207 dma=0x0 timestamp_ns=91081679135 latency_ns=0
          <idle>-0       [005] d.h.    91.084058: rkcif_stream_event: rkcif-mipi-lvds2 stream=0 generation=1 event=dma sequence=207 dma=0x0 timestamp_ns=91081679135 latency_ns=0
          <idle>-0       [005] d.h.    91.085405: rkcif_stream_event: rkcif-mipi-lvds2 stream=0 generation=1 event=fs sequence=208 dma=0x0 timestamp_ns=91083027511 latency_ns=0
          <idle>-0       [005] d.h.    91.117408: rkcif_stream_event: rkcif-mipi-lvds2 stream=0 generation=1 event=fe sequence=208 dma=0x0 timestamp_ns=91115030097 latency_ns=0
          <idle>-0       [005] d.h.    91.117410: rkcif_stream_event: rkcif-mipi-lvds2 stream=0 generation=1 event=dma sequence=208 dma=0x0 timestamp_ns=91115030097 latency_ns=0
          <idle>-0       [005] d.h.    91.118760: rkcif_stream_event: rkcif-mipi-lvds2 stream=0 generation=1 event=fs sequence=209 dma=0x0 timestamp_ns=91116382264 latency_ns=0
          <idle>-0       [005] d.h.    91.150722: rkcif_stream_event: rkcif-mipi-lvds2 stream=0 generation=1 event=fe sequence=209 dma=0x0 timestamp_ns=91148345142 latency_ns=0
          <idle>-0       [005] d.h.    91.150724: rkcif_stream_event: rkcif-mipi-lvds2 stream=0 generation=1 event=dma sequence=209 dma=0x0 timestamp_ns=91148345142 latency_ns=0
          <idle>-0       [005] d.h.    91.152060: rkcif_stream_event: rkcif-mipi-lvds2 stream=0 generation=1 event=fs sequence=210 dma=0x0 timestamp_ns=91149683601 latency_ns=0
          <idle>-0       [005] d.h.    91.184055: rkcif_stream_event: rkcif-mipi-lvds2 stream=0 generation=1 event=fe sequence=210 dma=0x0 timestamp_ns=91181678270 latency_ns=0
          <idle>-0       [005] d.h.    91.184057: rkcif_stream_event: rkcif-mipi-lvds2 stream=0 generation=1 event=dma sequence=210 dma=0x0 timestamp_ns=91181678270 latency_ns=0
          <idle>-0       [005] d.h.    91.185393: rkcif_stream_event: rkcif-mipi-lvds2 stream=0 generation=1 event=fs sequence=211 dma=0x0 timestamp_ns=91183016146 latency_ns=0
          <idle>-0       [005] d.h.    91.217409: rkcif_stream_event: rkcif-mipi-lvds2 stream=0 generation=1 event=fe sequence=211 dma=0x0 timestamp_ns=91215031524 latency_ns=0
          <idle>-0       [005] d.h.    91.217412: rkcif_stream_event: rkcif-mipi-lvds2 stream=0 generation=1 event=dma sequence=211 dma=0x0 timestamp_ns=91215031524 latency_ns=0
          <idle>-0       [005] d.h.    91.218747: rkcif_stream_event: rkcif-mipi-lvds2 stream=0 generation=1 event=fs sequence=212 dma=0x0 timestamp_ns=91216369982 latency_ns=0
          <idle>-0       [005] d.h.    91.250725: rkcif_stream_event: rkcif-mipi-lvds2 stream=0 generation=1 event=fe sequence=212 dma=0x0 timestamp_ns=91248348027 latency_ns=0
          <idle>-0       [005] d.h.    91.250728: rkcif_stream_event: rkcif-mipi-lvds2 stream=0 generation=1 event=dma sequence=212 dma=0x0 timestamp_ns=91248348027 latency_ns=0
          <idle>-0       [005] d.h.    91.252076: rkcif_stream_event: rkcif-mipi-lvds2 stream=0 generation=1 event=fs sequence=213 dma=0x0 timestamp_ns=91249698444 latency_ns=0
          <idle>-0       [005] d.h.    91.284081: rkcif_stream_event: rkcif-mipi-lvds2 stream=0 generation=1 event=fe sequence=213 dma=0x0 timestamp_ns=91281703030 latency_ns=0
          <idle>-0       [005] d.h.    91.284083: rkcif_stream_event: rkcif-mipi-lvds2 stream=0 generation=1 event=dma sequence=213 dma=0x0 timestamp_ns=91281703030 latency_ns=0
          <idle>-0       [005] d.h.    91.285416: rkcif_stream_event: rkcif-mipi-lvds2 stream=0 generation=1 event=fs sequence=214 dma=0x0 timestamp_ns=91283038281 latency_ns=0
          <idle>-0       [005] d.h.    91.317408: rkcif_stream_event: rkcif-mipi-lvds2 stream=0 generation=1 event=fe sequence=214 dma=0x0 timestamp_ns=91315030325 latency_ns=0
          <idle>-0       [005] d.h.    91.317410: rkcif_stream_event: rkcif-mipi-lvds2 stream=0 generation=1 event=dma sequence=214 dma=0x0 timestamp_ns=91315030325 latency_ns=0
          <idle>-0       [005] d.h.    91.318765: rkcif_stream_event: rkcif-mipi-lvds2 stream=0 generation=1 event=fs sequence=215 dma=0x0 timestamp_ns=91316387451 latency_ns=0
          <idle>-0       [005] d.h.    91.350722: rkcif_stream_event: rkcif-mipi-lvds2 stream=0 generation=1 event=fe sequence=215 dma=0x0 timestamp_ns=91348344787 latency_ns=0
          <idle>-0       [005] d.h.    91.350724: rkcif_stream_event: rkcif-mipi-lvds2 stream=0 generation=1 event=dma sequence=215 dma=0x0 timestamp_ns=91348344787 latency_ns=0
          <idle>-0       [005] d.h.    91.352060: rkcif_stream_event: rkcif-mipi-lvds2 stream=0 generation=1 event=fs sequence=216 dma=0x0 timestamp_ns=91349683246 latency_ns=0
          <idle>-0       [005] d.h.    91.384075: rkcif_stream_event: rkcif-mipi-lvds2 stream=0 generation=1 event=fe sequence=216 dma=0x0 timestamp_ns=91381697749 latency_ns=0
          <idle>-0       [005] d.h.    91.384078: rkcif_stream_event: rkcif-mipi-lvds2 stream=0 generation=1 event=dma sequence=216 dma=0x0 timestamp_ns=91381697749 latency_ns=0
          <idle>-0       [005] d.h.    91.385394: rkcif_stream_event: rkcif-mipi-lvds2 stream=0 generation=1 event=fs sequence=217 dma=0x0 timestamp_ns=91383016374 latency_ns=0
          <idle>-0       [005] d.h.    91.417424: rkcif_stream_event: rkcif-mipi-lvds2 stream=0 generation=1 event=fe sequence=217 dma=0x0 timestamp_ns=91415046336 latency_ns=0
          <idle>-0       [005] d.h.    91.417426: rkcif_stream_event: rkcif-mipi-lvds2 stream=0 generation=1 event=dma sequence=217 dma=0x0 timestamp_ns=91415046336 latency_ns=0
          <idle>-0       [005] d.h.    91.418753: rkcif_stream_event: rkcif-mipi-lvds2 stream=0 generation=1 event=fs sequence=218 dma=0x0 timestamp_ns=91416375752 latency_ns=0
          <idle>-0       [005] d.h.    91.450741: rkcif_stream_event: rkcif-mipi-lvds2 stream=0 generation=1 event=fe sequence=218 dma=0x0 timestamp_ns=91448363131 latency_ns=0
          <idle>-0       [005] d.h.    91.450743: rkcif_stream_event: rkcif-mipi-lvds2 stream=0 generation=1 event=dma sequence=218 dma=0x0 timestamp_ns=91448363131 latency_ns=0
          <idle>-0       [005] d.h.    91.452080: rkcif_stream_event: rkcif-mipi-lvds2 stream=0 generation=1 event=fs sequence=219 dma=0x0 timestamp_ns=91449702756 latency_ns=0
          <idle>-0       [005] d.h.    91.484055: rkcif_stream_event: rkcif-mipi-lvds2 stream=0 generation=1 event=fe sequence=219 dma=0x0 timestamp_ns=91481678176 latency_ns=0
          <idle>-0       [005] d.h.    91.484057: rkcif_stream_event: rkcif-mipi-lvds2 stream=0 generation=1 event=dma sequence=219 dma=0x0 timestamp_ns=91481678176 latency_ns=0
          <idle>-0       [005] d.h.    91.485408: rkcif_stream_event: rkcif-mipi-lvds2 stream=0 generation=1 event=fs sequence=220 dma=0x0 timestamp_ns=91483030634 latency_ns=0
          <idle>-0       [005] d.h.    91.517389: rkcif_stream_event: rkcif-mipi-lvds2 stream=0 generation=1 event=fe sequence=220 dma=0x0 timestamp_ns=91515012179 latency_ns=0
          <idle>-0       [005] d.h.    91.517391: rkcif_stream_event: rkcif-mipi-lvds2 stream=0 generation=1 event=dma sequence=220 dma=0x0 timestamp_ns=91515012179 latency_ns=0
          <idle>-0       [005] d.h.    91.518787: rkcif_stream_event: rkcif-mipi-lvds2 stream=0 generation=1 event=fs sequence=221 dma=0x0 timestamp_ns=91516408096 latency_ns=0
          <idle>-0       [005] d.h.    91.550741: rkcif_stream_event: rkcif-mipi-lvds2 stream=0 generation=1 event=fe sequence=221 dma=0x0 timestamp_ns=91548363974 latency_ns=0
          <idle>-0       [005] d.h.    91.550744: rkcif_stream_event: rkcif-mipi-lvds2 stream=0 generation=1 event=dma sequence=221 dma=0x0 timestamp_ns=91548363974 latency_ns=0
          <idle>-0       [005] d.h.    91.552060: rkcif_stream_event: rkcif-mipi-lvds2 stream=0 generation=1 event=fs sequence=222 dma=0x0 timestamp_ns=91549683182 latency_ns=0
          <idle>-0       [005] d.h.    91.584086: rkcif_stream_event: rkcif-mipi-lvds2 stream=0 generation=1 event=fe sequence=222 dma=0x0 timestamp_ns=91581708769 latency_ns=0
          <idle>-0       [005] d.h.    91.584089: rkcif_stream_event: rkcif-mipi-lvds2 stream=0 generation=1 event=dma sequence=222 dma=0x0 timestamp_ns=91581708769 latency_ns=0
          <idle>-0       [005] d.h.    91.585415: rkcif_stream_event: rkcif-mipi-lvds2 stream=0 generation=1 event=fs sequence=223 dma=0x0 timestamp_ns=91583037602 latency_ns=0
          <idle>-0       [005] d.h.    91.617407: rkcif_stream_event: rkcif-mipi-lvds2 stream=0 generation=1 event=fe sequence=223 dma=0x0 timestamp_ns=91615029939 latency_ns=0
          <idle>-0       [005] d.h.    91.617410: rkcif_stream_event: rkcif-mipi-lvds2 stream=0 generation=1 event=dma sequence=223 dma=0x0 timestamp_ns=91615029939 latency_ns=0
          <idle>-0       [005] d.h.    91.618738: rkcif_stream_event: rkcif-mipi-lvds2 stream=0 generation=1 event=fs sequence=224 dma=0x0 timestamp_ns=91616361106 latency_ns=0
          <idle>-0       [005] d.h.    91.650744: rkcif_stream_event: rkcif-mipi-lvds2 stream=0 generation=1 event=fe sequence=224 dma=0x0 timestamp_ns=91648366567 latency_ns=0
          <idle>-0       [005] d.h.    91.650747: rkcif_stream_event: rkcif-mipi-lvds2 stream=0 generation=1 event=dma sequence=224 dma=0x0 timestamp_ns=91648366567 latency_ns=0
          <idle>-0       [005] d.h.    91.652080: rkcif_stream_event: rkcif-mipi-lvds2 stream=0 generation=1 event=fs sequence=225 dma=0x0 timestamp_ns=91649702984 latency_ns=0
          <idle>-0       [005] d.h.    91.684055: rkcif_stream_event: rkcif-mipi-lvds2 stream=0 generation=1 event=fe sequence=225 dma=0x0 timestamp_ns=91681677821 latency_ns=0
          <idle>-0       [005] d.h.    91.684057: rkcif_stream_event: rkcif-mipi-lvds2 stream=0 generation=1 event=dma sequence=225 dma=0x0 timestamp_ns=91681677821 latency_ns=0
          <idle>-0       [005] d.h.    91.685394: rkcif_stream_event: rkcif-mipi-lvds2 stream=0 generation=1 event=fs sequence=226 dma=0x0 timestamp_ns=91683017154 latency_ns=0
          <idle>-0       [005] d.h.    91.717407: rkcif_stream_event: rkcif-mipi-lvds2 stream=0 generation=1 event=fe sequence=226 dma=0x0 timestamp_ns=91715029907 latency_ns=0
          <idle>-0       [005] d.h.    91.717410: rkcif_stream_event: rkcif-mipi-lvds2 stream=0 generation=1 event=dma sequence=226 dma=0x0 timestamp_ns=91715029907 latency_ns=0
          <idle>-0       [005] d.h.    91.718763: rkcif_stream_event: rkcif-mipi-lvds2 stream=0 generation=1 event=fs sequence=227 dma=0x0 timestamp_ns=91716384991 latency_ns=0
          <idle>-0       [005] d.h.    91.750722: rkcif_stream_event: rkcif-mipi-lvds2 stream=0 generation=1 event=fe sequence=227 dma=0x0 timestamp_ns=91748345244 latency_ns=0
          <idle>-0       [005] d.h.    91.750724: rkcif_stream_event: rkcif-mipi-lvds2 stream=0 generation=1 event=dma sequence=227 dma=0x0 timestamp_ns=91748345244 latency_ns=0
          <idle>-0       [005] d.h.    91.752061: rkcif_stream_event: rkcif-mipi-lvds2 stream=0 generation=1 event=fs sequence=228 dma=0x0 timestamp_ns=91749683703 latency_ns=0
          <idle>-0       [005] d.h.    91.784055: rkcif_stream_event: rkcif-mipi-lvds2 stream=0 generation=1 event=fe sequence=228 dma=0x0 timestamp_ns=91781678372 latency_ns=0
          <idle>-0       [005] d.h.    91.784058: rkcif_stream_event: rkcif-mipi-lvds2 stream=0 generation=1 event=dma sequence=228 dma=0x0 timestamp_ns=91781678372 latency_ns=0
          <idle>-0       [005] d.h.    91.785404: rkcif_stream_event: rkcif-mipi-lvds2 stream=0 generation=1 event=fs sequence=229 dma=0x0 timestamp_ns=91783027331 latency_ns=0
          <idle>-0       [005] d.h.    91.817422: rkcif_stream_event: rkcif-mipi-lvds2 stream=0 generation=1 event=fe sequence=229 dma=0x0 timestamp_ns=91815044751 latency_ns=0
          <idle>-0       [005] d.h.    91.817425: rkcif_stream_event: rkcif-mipi-lvds2 stream=0 generation=1 event=dma sequence=229 dma=0x0 timestamp_ns=91815044751 latency_ns=0
          <idle>-0       [005] d.h.    91.818762: rkcif_stream_event: rkcif-mipi-lvds2 stream=0 generation=1 event=fs sequence=230 dma=0x0 timestamp_ns=91816384376 latency_ns=0
          <idle>-0       [005] d.h.    91.850722: rkcif_stream_event: rkcif-mipi-lvds2 stream=0 generation=1 event=fe sequence=230 dma=0x0 timestamp_ns=91848344921 latency_ns=0
          <idle>-0       [005] d.h.    91.850724: rkcif_stream_event: rkcif-mipi-lvds2 stream=0 generation=1 event=dma sequence=230 dma=0x0 timestamp_ns=91848344921 latency_ns=0
          <idle>-0       [005] d.h.    91.852060: rkcif_stream_event: rkcif-mipi-lvds2 stream=0 generation=1 event=fs sequence=231 dma=0x0 timestamp_ns=91849683088 latency_ns=0
          <idle>-0       [005] d.h.    91.884074: rkcif_stream_event: rkcif-mipi-lvds2 stream=0 generation=1 event=fe sequence=231 dma=0x0 timestamp_ns=91881697007 latency_ns=0
          <idle>-0       [005] d.h.    91.884077: rkcif_stream_event: rkcif-mipi-lvds2 stream=0 generation=1 event=dma sequence=231 dma=0x0 timestamp_ns=91881697007 latency_ns=0
          <idle>-0       [005] d.h.    91.885413: rkcif_stream_event: rkcif-mipi-lvds2 stream=0 generation=1 event=fs sequence=232 dma=0x0 timestamp_ns=91883035174 latency_ns=0
          <idle>-0       [005] d.h.    91.917408: rkcif_stream_event: rkcif-mipi-lvds2 stream=0 generation=1 event=fe sequence=232 dma=0x0 timestamp_ns=91915030427 latency_ns=0
          <idle>-0       [005] d.h.    91.917411: rkcif_stream_event: rkcif-mipi-lvds2 stream=0 generation=1 event=dma sequence=232 dma=0x0 timestamp_ns=91915030427 latency_ns=0
          <idle>-0       [005] d.h.    91.918736: rkcif_stream_event: rkcif-mipi-lvds2 stream=0 generation=1 event=fs sequence=233 dma=0x0 timestamp_ns=91916359261 latency_ns=0
          <idle>-0       [005] d.h.    91.950722: rkcif_stream_event: rkcif-mipi-lvds2 stream=0 generation=1 event=fe sequence=233 dma=0x0 timestamp_ns=91948344889 latency_ns=0
          <idle>-0       [005] d.h.    91.950724: rkcif_stream_event: rkcif-mipi-lvds2 stream=0 generation=1 event=dma sequence=233 dma=0x0 timestamp_ns=91948344889 latency_ns=0
          <idle>-0       [005] d.h.    91.952093: rkcif_stream_event: rkcif-mipi-lvds2 stream=0 generation=1 event=fs sequence=234 dma=0x0 timestamp_ns=91949715431 latency_ns=0
          <idle>-0       [005] d.h.    91.984076: rkcif_stream_event: rkcif-mipi-lvds2 stream=0 generation=1 event=fe sequence=234 dma=0x0 timestamp_ns=91981698726 latency_ns=0
          <idle>-0       [005] d.h.    91.984079: rkcif_stream_event: rkcif-mipi-lvds2 stream=0 generation=1 event=dma sequence=234 dma=0x0 timestamp_ns=91981698726 latency_ns=0
          <idle>-0       [005] d.h.    91.985428: rkcif_stream_event: rkcif-mipi-lvds2 stream=0 generation=1 event=fs sequence=235 dma=0x0 timestamp_ns=91983050601 latency_ns=0
          <idle>-0       [005] d.h.    92.017389: rkcif_stream_event: rkcif-mipi-lvds2 stream=0 generation=1 event=fe sequence=235 dma=0x0 timestamp_ns=92015012021 latency_ns=0
          <idle>-0       [005] d.h.    92.017391: rkcif_stream_event: rkcif-mipi-lvds2 stream=0 generation=1 event=dma sequence=235 dma=0x0 timestamp_ns=92015012021 latency_ns=0
          <idle>-0       [005] d.h.    92.018726: rkcif_stream_event: rkcif-mipi-lvds2 stream=0 generation=1 event=fs sequence=236 dma=0x0 timestamp_ns=92016349313 latency_ns=0
          <idle>-0       [005] d.h.    92.050741: rkcif_stream_event: rkcif-mipi-lvds2 stream=0 generation=1 event=fe sequence=236 dma=0x0 timestamp_ns=92048364108 latency_ns=0
          <idle>-0       [005] d.h.    92.050744: rkcif_stream_event: rkcif-mipi-lvds2 stream=0 generation=1 event=dma sequence=236 dma=0x0 timestamp_ns=92048364108 latency_ns=0
          <idle>-0       [005] d.h.    92.052092: rkcif_stream_event: rkcif-mipi-lvds2 stream=0 generation=1 event=fs sequence=237 dma=0x0 timestamp_ns=92049714233 latency_ns=0
          <idle>-0       [005] d.h.    92.084055: rkcif_stream_event: rkcif-mipi-lvds2 stream=0 generation=1 event=fe sequence=237 dma=0x0 timestamp_ns=92081678278 latency_ns=0
          <idle>-0       [005] d.h.    92.084057: rkcif_stream_event: rkcif-mipi-lvds2 stream=0 generation=1 event=dma sequence=237 dma=0x0 timestamp_ns=92081678278 latency_ns=0
          <idle>-0       [005] d.h.    92.085395: rkcif_stream_event: rkcif-mipi-lvds2 stream=0 generation=1 event=fs sequence=238 dma=0x0 timestamp_ns=92083016444 latency_ns=0
          <idle>-0       [005] d.h.    92.117389: rkcif_stream_event: rkcif-mipi-lvds2 stream=0 generation=1 event=fe sequence=238 dma=0x0 timestamp_ns=92115011989 latency_ns=0
          <idle>-0       [005] d.h.    92.117391: rkcif_stream_event: rkcif-mipi-lvds2 stream=0 generation=1 event=dma sequence=238 dma=0x0 timestamp_ns=92115011989 latency_ns=0
          <idle>-0       [005] d.h.    92.118737: rkcif_stream_event: rkcif-mipi-lvds2 stream=0 generation=1 event=fs sequence=239 dma=0x0 timestamp_ns=92116360364 latency_ns=0
          <idle>-0       [005] d.h.    92.150722: rkcif_stream_event: rkcif-mipi-lvds2 stream=0 generation=1 event=fe sequence=239 dma=0x0 timestamp_ns=92148345118 latency_ns=0
          <idle>-0       [005] d.h.    92.150724: rkcif_stream_event: rkcif-mipi-lvds2 stream=0 generation=1 event=dma sequence=239 dma=0x0 timestamp_ns=92148345118 latency_ns=0
          <idle>-0       [005] d.h.    92.152060: rkcif_stream_event: rkcif-mipi-lvds2 stream=0 generation=1 event=fs sequence=240 dma=0x0 timestamp_ns=92149682993 latency_ns=0
          <idle>-0       [005] d.h.    92.184056: rkcif_stream_event: rkcif-mipi-lvds2 stream=0 generation=1 event=fe sequence=240 dma=0x0 timestamp_ns=92181678829 latency_ns=0
          <idle>-0       [005] d.h.    92.184058: rkcif_stream_event: rkcif-mipi-lvds2 stream=0 generation=1 event=dma sequence=240 dma=0x0 timestamp_ns=92181678829 latency_ns=0
          <idle>-0       [005] d.h.    92.185393: rkcif_stream_event: rkcif-mipi-lvds2 stream=0 generation=1 event=fs sequence=241 dma=0x0 timestamp_ns=92183016121 latency_ns=0
          <idle>-0       [005] d.h.    92.217409: rkcif_stream_event: rkcif-mipi-lvds2 stream=0 generation=1 event=fe sequence=241 dma=0x0 timestamp_ns=92215032083 latency_ns=0
          <idle>-0       [005] d.h.    92.217412: rkcif_stream_event: rkcif-mipi-lvds2 stream=0 generation=1 event=dma sequence=241 dma=0x0 timestamp_ns=92215032083 latency_ns=0
          <idle>-0       [005] d.h.    92.218745: rkcif_stream_event: rkcif-mipi-lvds2 stream=0 generation=1 event=fs sequence=242 dma=0x0 timestamp_ns=92216367916 latency_ns=0
          <idle>-0       [005] d.h.    92.250743: rkcif_stream_event: rkcif-mipi-lvds2 stream=0 generation=1 event=fe sequence=242 dma=0x0 timestamp_ns=92248365211 latency_ns=0
          <idle>-0       [005] d.h.    92.250745: rkcif_stream_event: rkcif-mipi-lvds2 stream=0 generation=1 event=dma sequence=242 dma=0x0 timestamp_ns=92248365211 latency_ns=0
          <idle>-0       [005] d.h.    92.252108: rkcif_stream_event: rkcif-mipi-lvds2 stream=0 generation=1 event=fs sequence=243 dma=0x0 timestamp_ns=92249730503 latency_ns=0
          <idle>-0       [005] d.h.    92.284055: rkcif_stream_event: rkcif-mipi-lvds2 stream=0 generation=1 event=fe sequence=243 dma=0x0 timestamp_ns=92281678214 latency_ns=0
          <idle>-0       [005] d.h.    92.284058: rkcif_stream_event: rkcif-mipi-lvds2 stream=0 generation=1 event=dma sequence=243 dma=0x0 timestamp_ns=92281678214 latency_ns=0
          <idle>-0       [005] d.h.    92.285394: rkcif_stream_event: rkcif-mipi-lvds2 stream=0 generation=1 event=fs sequence=244 dma=0x0 timestamp_ns=92283016964 latency_ns=0
          <idle>-0       [005] d.h.    92.317409: rkcif_stream_event: rkcif-mipi-lvds2 stream=0 generation=1 event=fe sequence=244 dma=0x0 timestamp_ns=92315032051 latency_ns=0
          <idle>-0       [005] d.h.    92.317412: rkcif_stream_event: rkcif-mipi-lvds2 stream=0 generation=1 event=dma sequence=244 dma=0x0 timestamp_ns=92315032051 latency_ns=0
          <idle>-0       [005] d.h.    92.318746: rkcif_stream_event: rkcif-mipi-lvds2 stream=0 generation=1 event=fs sequence=245 dma=0x0 timestamp_ns=92316368468 latency_ns=0
          <idle>-0       [005] d.h.    92.350753: rkcif_stream_event: rkcif-mipi-lvds2 stream=0 generation=1 event=fe sequence=245 dma=0x0 timestamp_ns=92348375388 latency_ns=0
          <idle>-0       [005] d.h.    92.350755: rkcif_stream_event: rkcif-mipi-lvds2 stream=0 generation=1 event=dma sequence=245 dma=0x0 timestamp_ns=92348375388 latency_ns=0
          <idle>-0       [005] d.h.    92.352060: rkcif_stream_event: rkcif-mipi-lvds2 stream=0 generation=1 event=fs sequence=246 dma=0x0 timestamp_ns=92349683513 latency_ns=0
          <idle>-0       [005] d.h.    92.384056: rkcif_stream_event: rkcif-mipi-lvds2 stream=0 generation=1 event=fe sequence=246 dma=0x0 timestamp_ns=92381678766 latency_ns=0
          <idle>-0       [005] d.h.    92.384058: rkcif_stream_event: rkcif-mipi-lvds2 stream=0 generation=1 event=dma sequence=246 dma=0x0 timestamp_ns=92381678766 latency_ns=0
          <idle>-0       [005] d.h.    92.385410: rkcif_stream_event: rkcif-mipi-lvds2 stream=0 generation=1 event=fs sequence=247 dma=0x0 timestamp_ns=92383032974 latency_ns=0
          <idle>-0       [005] d.h.    92.417389: rkcif_stream_event: rkcif-mipi-lvds2 stream=0 generation=1 event=fe sequence=247 dma=0x0 timestamp_ns=92415011894 latency_ns=0
          <idle>-0       [005] d.h.    92.417391: rkcif_stream_event: rkcif-mipi-lvds2 stream=0 generation=1 event=dma sequence=247 dma=0x0 timestamp_ns=92415011894 latency_ns=0
          <idle>-0       [005] d.h.    92.418727: rkcif_stream_event: rkcif-mipi-lvds2 stream=0 generation=1 event=fs sequence=248 dma=0x0 timestamp_ns=92416349769 latency_ns=0
          <idle>-0       [005] d.h.    92.450742: rkcif_stream_event: rkcif-mipi-lvds2 stream=0 generation=1 event=fe sequence=248 dma=0x0 timestamp_ns=92448364564 latency_ns=0
          <idle>-0       [005] d.h.    92.450745: rkcif_stream_event: rkcif-mipi-lvds2 stream=0 generation=1 event=dma sequence=248 dma=0x0 timestamp_ns=92448364564 latency_ns=0
          <idle>-0       [005] d.h.    92.452082: rkcif_stream_event: rkcif-mipi-lvds2 stream=0 generation=1 event=fs sequence=249 dma=0x0 timestamp_ns=92449704481 latency_ns=0
          <idle>-0       [005] d.h.    92.484055: rkcif_stream_event: rkcif-mipi-lvds2 stream=0 generation=1 event=fe sequence=249 dma=0x0 timestamp_ns=92481678151 latency_ns=0
          <idle>-0       [005] d.h.    92.484057: rkcif_stream_event: rkcif-mipi-lvds2 stream=0 generation=1 event=dma sequence=249 dma=0x0 timestamp_ns=92481678151 latency_ns=0
          <idle>-0       [005] d.h.    92.485404: rkcif_stream_event: rkcif-mipi-lvds2 stream=0 generation=1 event=fs sequence=250 dma=0x0 timestamp_ns=92483026818 latency_ns=0
          <idle>-0       [005] d.h.    92.517408: rkcif_stream_event: rkcif-mipi-lvds2 stream=0 generation=1 event=fe sequence=250 dma=0x0 timestamp_ns=92515030238 latency_ns=0
          <idle>-0       [005] d.h.    92.517410: rkcif_stream_event: rkcif-mipi-lvds2 stream=0 generation=1 event=dma sequence=250 dma=0x0 timestamp_ns=92515030238 latency_ns=0
          <idle>-0       [005] d.h.    92.518747: rkcif_stream_event: rkcif-mipi-lvds2 stream=0 generation=1 event=fs sequence=251 dma=0x0 timestamp_ns=92516369863 latency_ns=0
          <idle>-0       [005] d.h.    92.550722: rkcif_stream_event: rkcif-mipi-lvds2 stream=0 generation=1 event=fe sequence=251 dma=0x0 timestamp_ns=92548344991 latency_ns=0
          <idle>-0       [005] d.h.    92.550724: rkcif_stream_event: rkcif-mipi-lvds2 stream=0 generation=1 event=dma sequence=251 dma=0x0 timestamp_ns=92548344991 latency_ns=0
          <idle>-0       [005] d.h.    92.552060: rkcif_stream_event: rkcif-mipi-lvds2 stream=0 generation=1 event=fs sequence=252 dma=0x0 timestamp_ns=92549683158 latency_ns=0
          <idle>-0       [005] d.h.    92.584076: rkcif_stream_event: rkcif-mipi-lvds2 stream=0 generation=1 event=fe sequence=252 dma=0x0 timestamp_ns=92581698244 latency_ns=0
          <idle>-0       [005] d.h.    92.584078: rkcif_stream_event: rkcif-mipi-lvds2 stream=0 generation=1 event=dma sequence=252 dma=0x0 timestamp_ns=92581698244 latency_ns=0
          <idle>-0       [005] d.h.    92.585425: rkcif_stream_event: rkcif-mipi-lvds2 stream=0 generation=1 event=fs sequence=253 dma=0x0 timestamp_ns=92583047786 latency_ns=0
          <idle>-0       [005] d.h.    92.617389: rkcif_stream_event: rkcif-mipi-lvds2 stream=0 generation=1 event=fe sequence=253 dma=0x0 timestamp_ns=92615012706 latency_ns=0
          <idle>-0       [005] d.h.    92.617392: rkcif_stream_event: rkcif-mipi-lvds2 stream=0 generation=1 event=dma sequence=253 dma=0x0 timestamp_ns=92615012706 latency_ns=0
          <idle>-0       [005] d.h.    92.618727: rkcif_stream_event: rkcif-mipi-lvds2 stream=0 generation=1 event=fs sequence=254 dma=0x0 timestamp_ns=92616349998 latency_ns=0
          <idle>-0       [005] d.h.    92.650748: rkcif_stream_event: rkcif-mipi-lvds2 stream=0 generation=1 event=fe sequence=254 dma=0x0 timestamp_ns=92648370626 latency_ns=0
          <idle>-0       [005] d.h.    92.650751: rkcif_stream_event: rkcif-mipi-lvds2 stream=0 generation=1 event=dma sequence=254 dma=0x0 timestamp_ns=92648370626 latency_ns=0
          <idle>-0       [005] d.h.    92.652085: rkcif_stream_event: rkcif-mipi-lvds2 stream=0 generation=1 event=fs sequence=255 dma=0x0 timestamp_ns=92649705585 latency_ns=0
          <idle>-0       [005] d.h.    92.684075: rkcif_stream_event: rkcif-mipi-lvds2 stream=0 generation=1 event=fe sequence=255 dma=0x0 timestamp_ns=92681697338 latency_ns=0
          <idle>-0       [005] d.h.    92.684077: rkcif_stream_event: rkcif-mipi-lvds2 stream=0 generation=1 event=dma sequence=255 dma=0x0 timestamp_ns=92681697338 latency_ns=0
          <idle>-0       [005] d.h.    92.685427: rkcif_stream_event: rkcif-mipi-lvds2 stream=0 generation=1 event=fs sequence=256 dma=0x0 timestamp_ns=92683049213 latency_ns=0
          <idle>-0       [005] d.h.    92.717389: rkcif_stream_event: rkcif-mipi-lvds2 stream=0 generation=1 event=fe sequence=256 dma=0x0 timestamp_ns=92715012383 latency_ns=0
          <idle>-0       [005] d.h.    92.717391: rkcif_stream_event: rkcif-mipi-lvds2 stream=0 generation=1 event=dma sequence=256 dma=0x0 timestamp_ns=92715012383 latency_ns=0
          <idle>-0       [005] d.h.    92.718740: rkcif_stream_event: rkcif-mipi-lvds2 stream=0 generation=1 event=fs sequence=257 dma=0x0 timestamp_ns=92716362508 latency_ns=0
          <idle>-0       [005] d.h.    92.750741: rkcif_stream_event: rkcif-mipi-lvds2 stream=0 generation=1 event=fe sequence=257 dma=0x0 timestamp_ns=92748363886 latency_ns=0
          <idle>-0       [005] d.h.    92.750744: rkcif_stream_event: rkcif-mipi-lvds2 stream=0 generation=1 event=dma sequence=257 dma=0x0 timestamp_ns=92748363886 latency_ns=0
          <idle>-0       [005] d.h.    92.752080: rkcif_stream_event: rkcif-mipi-lvds2 stream=0 generation=1 event=fs sequence=258 dma=0x0 timestamp_ns=92749702053 latency_ns=0
          <idle>-0       [005] d.h.    92.784056: rkcif_stream_event: rkcif-mipi-lvds2 stream=0 generation=1 event=fe sequence=258 dma=0x0 timestamp_ns=92781679223 latency_ns=0
          <idle>-0       [005] d.h.    92.784059: rkcif_stream_event: rkcif-mipi-lvds2 stream=0 generation=1 event=dma sequence=258 dma=0x0 timestamp_ns=92781679223 latency_ns=0
          <idle>-0       [005] d.h.    92.785414: rkcif_stream_event: rkcif-mipi-lvds2 stream=0 generation=1 event=fs sequence=259 dma=0x0 timestamp_ns=92783036348 latency_ns=0
          <idle>-0       [005] d.h.    92.817393: rkcif_stream_event: rkcif-mipi-lvds2 stream=0 generation=1 event=fe sequence=259 dma=0x0 timestamp_ns=92815016143 latency_ns=0
          <idle>-0       [005] d.h.    92.817395: rkcif_stream_event: rkcif-mipi-lvds2 stream=0 generation=1 event=dma sequence=259 dma=0x0 timestamp_ns=92815016143 latency_ns=0
          <idle>-0       [005] d.h.    92.818728: rkcif_stream_event: rkcif-mipi-lvds2 stream=0 generation=1 event=fs sequence=260 dma=0x0 timestamp_ns=92816350810 latency_ns=0
          <idle>-0       [005] d.h.    92.850722: rkcif_stream_event: rkcif-mipi-lvds2 stream=0 generation=1 event=fe sequence=260 dma=0x0 timestamp_ns=92848344896 latency_ns=0
          <idle>-0       [005] d.h.    92.850724: rkcif_stream_event: rkcif-mipi-lvds2 stream=0 generation=1 event=dma sequence=260 dma=0x0 timestamp_ns=92848344896 latency_ns=0
          <idle>-0       [005] d.h.    92.852082: rkcif_stream_event: rkcif-mipi-lvds2 stream=0 generation=1 event=fs sequence=261 dma=0x0 timestamp_ns=92849704355 latency_ns=0
          <idle>-0       [005] d.h.    92.884075: rkcif_stream_event: rkcif-mipi-lvds2 stream=0 generation=1 event=fe sequence=261 dma=0x0 timestamp_ns=92881696983 latency_ns=0
          <idle>-0       [005] d.h.    92.884077: rkcif_stream_event: rkcif-mipi-lvds2 stream=0 generation=1 event=dma sequence=261 dma=0x0 timestamp_ns=92881696983 latency_ns=0
          <idle>-0       [005] d.h.    92.885393: rkcif_stream_event: rkcif-mipi-lvds2 stream=0 generation=1 event=fs sequence=262 dma=0x0 timestamp_ns=92883016483 latency_ns=0
          <idle>-0       [005] d.h.    92.917409: rkcif_stream_event: rkcif-mipi-lvds2 stream=0 generation=1 event=fe sequence=262 dma=0x0 timestamp_ns=92915032153 latency_ns=0
          <idle>-0       [005] d.h.    92.917412: rkcif_stream_event: rkcif-mipi-lvds2 stream=0 generation=1 event=dma sequence=262 dma=0x0 timestamp_ns=92915032153 latency_ns=0
          <idle>-0       [005] d.h.    92.918760: rkcif_stream_event: rkcif-mipi-lvds2 stream=0 generation=1 event=fs sequence=263 dma=0x0 timestamp_ns=92916382861 latency_ns=0
          <idle>-0       [005] d.h.    92.950722: rkcif_stream_event: rkcif-mipi-lvds2 stream=0 generation=1 event=fe sequence=263 dma=0x0 timestamp_ns=92948345156 latency_ns=0
          <idle>-0       [005] d.h.    92.950724: rkcif_stream_event: rkcif-mipi-lvds2 stream=0 generation=1 event=dma sequence=263 dma=0x0 timestamp_ns=92948345156 latency_ns=0
          <idle>-0       [005] d.h.    92.952060: rkcif_stream_event: rkcif-mipi-lvds2 stream=0 generation=1 event=fs sequence=264 dma=0x0 timestamp_ns=92949683615 latency_ns=0
          <idle>-0       [005] d.h.    92.984054: rkcif_stream_event: rkcif-mipi-lvds2 stream=0 generation=1 event=fe sequence=264 dma=0x0 timestamp_ns=92981677701 latency_ns=0
          <idle>-0       [005] d.h.    92.984057: rkcif_stream_event: rkcif-mipi-lvds2 stream=0 generation=1 event=dma sequence=264 dma=0x0 timestamp_ns=92981677701 latency_ns=0
          <idle>-0       [005] d.h.    92.985405: rkcif_stream_event: rkcif-mipi-lvds2 stream=0 generation=1 event=fs sequence=265 dma=0x0 timestamp_ns=92983027826 latency_ns=0
          <idle>-0       [005] d.h.    93.017413: rkcif_stream_event: rkcif-mipi-lvds2 stream=0 generation=1 event=fe sequence=265 dma=0x0 timestamp_ns=93015035038 latency_ns=0
          <idle>-0       [005] d.h.    93.017415: rkcif_stream_event: rkcif-mipi-lvds2 stream=0 generation=1 event=dma sequence=265 dma=0x0 timestamp_ns=93015035038 latency_ns=0
          <idle>-0       [005] d.h.    93.018754: rkcif_stream_event: rkcif-mipi-lvds2 stream=0 generation=1 event=fs sequence=266 dma=0x0 timestamp_ns=93016376121 latency_ns=0
          <idle>-0       [005] d.h.    93.050722: rkcif_stream_event: rkcif-mipi-lvds2 stream=0 generation=1 event=fe sequence=266 dma=0x0 timestamp_ns=93048345416 latency_ns=0
          <idle>-0       [005] d.h.    93.050724: rkcif_stream_event: rkcif-mipi-lvds2 stream=0 generation=1 event=dma sequence=266 dma=0x0 timestamp_ns=93048345416 latency_ns=0
          <idle>-0       [005] d.h.    93.052060: rkcif_stream_event: rkcif-mipi-lvds2 stream=0 generation=1 event=fs sequence=267 dma=0x0 timestamp_ns=93049683000 latency_ns=0
          <idle>-0       [005] d.h.    93.084055: rkcif_stream_event: rkcif-mipi-lvds2 stream=0 generation=1 event=fe sequence=267 dma=0x0 timestamp_ns=93081678836 latency_ns=0
          <idle>-0       [005] d.h.    93.084058: rkcif_stream_event: rkcif-mipi-lvds2 stream=0 generation=1 event=dma sequence=267 dma=0x0 timestamp_ns=93081678836 latency_ns=0
          <idle>-0       [005] d.h.    93.085404: rkcif_stream_event: rkcif-mipi-lvds2 stream=0 generation=1 event=fs sequence=268 dma=0x0 timestamp_ns=93083026920 latency_ns=0
          <idle>-0       [005] d.h.    93.117410: rkcif_stream_event: rkcif-mipi-lvds2 stream=0 generation=1 event=fe sequence=268 dma=0x0 timestamp_ns=93115032965 latency_ns=0
          <idle>-0       [005] d.h.    93.117413: rkcif_stream_event: rkcif-mipi-lvds2 stream=0 generation=1 event=dma sequence=268 dma=0x0 timestamp_ns=93115032965 latency_ns=0
          <idle>-0       [005] d.h.    93.118760: rkcif_stream_event: rkcif-mipi-lvds2 stream=0 generation=1 event=fs sequence=269 dma=0x0 timestamp_ns=93116382506 latency_ns=0
          <idle>-0       [005] d.h.    93.150722: rkcif_stream_event: rkcif-mipi-lvds2 stream=0 generation=1 event=fe sequence=269 dma=0x0 timestamp_ns=93148345676 latency_ns=0
          <idle>-0       [005] d.h.    93.150725: rkcif_stream_event: rkcif-mipi-lvds2 stream=0 generation=1 event=dma sequence=269 dma=0x0 timestamp_ns=93148345676 latency_ns=0
          <idle>-0       [005] d.h.    93.152061: rkcif_stream_event: rkcif-mipi-lvds2 stream=0 generation=1 event=fs sequence=270 dma=0x0 timestamp_ns=93149683843 latency_ns=0
          <idle>-0       [005] d.h.    93.184091: rkcif_stream_event: rkcif-mipi-lvds2 stream=0 generation=1 event=fe sequence=270 dma=0x0 timestamp_ns=93181713805 latency_ns=0
          <idle>-0       [005] d.h.    93.184093: rkcif_stream_event: rkcif-mipi-lvds2 stream=0 generation=1 event=dma sequence=270 dma=0x0 timestamp_ns=93181713805 latency_ns=0
          <idle>-0       [005] d.h.    93.185427: rkcif_stream_event: rkcif-mipi-lvds2 stream=0 generation=1 event=fs sequence=271 dma=0x0 timestamp_ns=93183049347 latency_ns=0
          <idle>-0       [005] d.h.    93.217408: rkcif_stream_event: rkcif-mipi-lvds2 stream=0 generation=1 event=fe sequence=271 dma=0x0 timestamp_ns=93215030891 latency_ns=0
          <idle>-0       [005] d.h.    93.217410: rkcif_stream_event: rkcif-mipi-lvds2 stream=0 generation=1 event=dma sequence=271 dma=0x0 timestamp_ns=93215030891 latency_ns=0
          <idle>-0       [005] d.h.    93.218761: rkcif_stream_event: rkcif-mipi-lvds2 stream=0 generation=1 event=fs sequence=272 dma=0x0 timestamp_ns=93216381892 latency_ns=0
          <idle>-0       [005] d.h.    93.250750: rkcif_stream_event: rkcif-mipi-lvds2 stream=0 generation=1 event=fe sequence=272 dma=0x0 timestamp_ns=93248372186 latency_ns=0
          <idle>-0       [005] d.h.    93.250753: rkcif_stream_event: rkcif-mipi-lvds2 stream=0 generation=1 event=dma sequence=272 dma=0x0 timestamp_ns=93248372186 latency_ns=0
          <idle>-0       [005] d.h.    93.252094: rkcif_stream_event: rkcif-mipi-lvds2 stream=0 generation=1 event=fs sequence=273 dma=0x0 timestamp_ns=93249716187 latency_ns=0
          <idle>-0       [005] d.h.    93.284056: rkcif_stream_event: rkcif-mipi-lvds2 stream=0 generation=1 event=fe sequence=273 dma=0x0 timestamp_ns=93281678773 latency_ns=0
          <idle>-0       [005] d.h.    93.284058: rkcif_stream_event: rkcif-mipi-lvds2 stream=0 generation=1 event=dma sequence=273 dma=0x0 timestamp_ns=93281678773 latency_ns=0
          <idle>-0       [005] d.h.    93.285393: rkcif_stream_event: rkcif-mipi-lvds2 stream=0 generation=1 event=fs sequence=274 dma=0x0 timestamp_ns=93283016648 latency_ns=0
          <idle>-0       [005] d.h.    93.317410: rkcif_stream_event: rkcif-mipi-lvds2 stream=0 generation=1 event=fe sequence=274 dma=0x0 timestamp_ns=93315032901 latency_ns=0
          <idle>-0       [005] d.h.    93.317413: rkcif_stream_event: rkcif-mipi-lvds2 stream=0 generation=1 event=dma sequence=274 dma=0x0 timestamp_ns=93315032901 latency_ns=0
          <idle>-0       [005] d.h.    93.318766: rkcif_stream_event: rkcif-mipi-lvds2 stream=0 generation=1 event=fs sequence=275 dma=0x0 timestamp_ns=93316387985 latency_ns=0
          <idle>-0       [005] d.h.    93.350722: rkcif_stream_event: rkcif-mipi-lvds2 stream=0 generation=1 event=fe sequence=275 dma=0x0 timestamp_ns=93348345030 latency_ns=0
          <idle>-0       [005] d.h.    93.350724: rkcif_stream_event: rkcif-mipi-lvds2 stream=0 generation=1 event=dma sequence=275 dma=0x0 timestamp_ns=93348345030 latency_ns=0
          <idle>-0       [005] d.h.    93.352060: rkcif_stream_event: rkcif-mipi-lvds2 stream=0 generation=1 event=fs sequence=276 dma=0x0 timestamp_ns=93349683780 latency_ns=0
          <idle>-0       [005] d.h.    93.384075: rkcif_stream_event: rkcif-mipi-lvds2 stream=0 generation=1 event=fe sequence=276 dma=0x0 timestamp_ns=93381697408 latency_ns=0
          <idle>-0       [005] d.h.    93.384077: rkcif_stream_event: rkcif-mipi-lvds2 stream=0 generation=1 event=dma sequence=276 dma=0x0 timestamp_ns=93381697408 latency_ns=0
          <idle>-0       [005] d.h.    93.385417: rkcif_stream_event: rkcif-mipi-lvds2 stream=0 generation=1 event=fs sequence=277 dma=0x0 timestamp_ns=93383039658 latency_ns=0
          <idle>-0       [005] d.h.    93.417408: rkcif_stream_event: rkcif-mipi-lvds2 stream=0 generation=1 event=fe sequence=277 dma=0x0 timestamp_ns=93415030828 latency_ns=0
          <idle>-0       [005] d.h.    93.417411: rkcif_stream_event: rkcif-mipi-lvds2 stream=0 generation=1 event=dma sequence=277 dma=0x0 timestamp_ns=93415030828 latency_ns=0
          <idle>-0       [005] d.h.    93.418768: rkcif_stream_event: rkcif-mipi-lvds2 stream=0 generation=1 event=fs sequence=278 dma=0x0 timestamp_ns=93416390287 latency_ns=0
          <idle>-0       [005] d.h.    93.450722: rkcif_stream_event: rkcif-mipi-lvds2 stream=0 generation=1 event=fe sequence=278 dma=0x0 timestamp_ns=93448344998 latency_ns=0
          <idle>-0       [005] d.h.    93.450724: rkcif_stream_event: rkcif-mipi-lvds2 stream=0 generation=1 event=dma sequence=278 dma=0x0 timestamp_ns=93448344998 latency_ns=0
          <idle>-0       [005] d.h.    93.452072: rkcif_stream_event: rkcif-mipi-lvds2 stream=0 generation=1 event=fs sequence=279 dma=0x0 timestamp_ns=93449694832 latency_ns=0
          <idle>-0       [005] d.h.    93.484075: rkcif_stream_event: rkcif-mipi-lvds2 stream=0 generation=1 event=fe sequence=279 dma=0x0 timestamp_ns=93481697377 latency_ns=0
          <idle>-0       [005] d.h.    93.484077: rkcif_stream_event: rkcif-mipi-lvds2 stream=0 generation=1 event=dma sequence=279 dma=0x0 timestamp_ns=93481697377 latency_ns=0
          <idle>-0       [005] d.h.    93.485426: rkcif_stream_event: rkcif-mipi-lvds2 stream=0 generation=1 event=fs sequence=280 dma=0x0 timestamp_ns=93483048085 latency_ns=0
          <idle>-0       [005] d.h.    93.517411: rkcif_stream_event: rkcif-mipi-lvds2 stream=0 generation=1 event=fe sequence=280 dma=0x0 timestamp_ns=93515033713 latency_ns=0
          <idle>-0       [005] d.h.    93.517414: rkcif_stream_event: rkcif-mipi-lvds2 stream=0 generation=1 event=dma sequence=280 dma=0x0 timestamp_ns=93515033713 latency_ns=0
          <idle>-0       [005] d.h.    93.518758: rkcif_stream_event: rkcif-mipi-lvds2 stream=0 generation=1 event=fs sequence=281 dma=0x0 timestamp_ns=93516381213 latency_ns=0
          <idle>-0       [005] d.h.    93.550746: rkcif_stream_event: rkcif-mipi-lvds2 stream=0 generation=1 event=fe sequence=281 dma=0x0 timestamp_ns=93548368300 latency_ns=0
          <idle>-0       [005] d.h.    93.550748: rkcif_stream_event: rkcif-mipi-lvds2 stream=0 generation=1 event=dma sequence=281 dma=0x0 timestamp_ns=93548368300 latency_ns=0
          <idle>-0       [005] d.h.    93.552079: rkcif_stream_event: rkcif-mipi-lvds2 stream=0 generation=1 event=fs sequence=282 dma=0x0 timestamp_ns=93549702092 latency_ns=0
          <idle>-0       [005] d.h.    93.584074: rkcif_stream_event: rkcif-mipi-lvds2 stream=0 generation=1 event=fe sequence=282 dma=0x0 timestamp_ns=93581697053 latency_ns=0
          <idle>-0       [005] d.h.    93.584077: rkcif_stream_event: rkcif-mipi-lvds2 stream=0 generation=1 event=dma sequence=282 dma=0x0 timestamp_ns=93581697053 latency_ns=0
          <idle>-0       [005] d.h.    93.585429: rkcif_stream_event: rkcif-mipi-lvds2 stream=0 generation=1 event=fs sequence=283 dma=0x0 timestamp_ns=93583051553 latency_ns=0
          <idle>-0       [005] d.h.    93.617408: rkcif_stream_event: rkcif-mipi-lvds2 stream=0 generation=1 event=fe sequence=283 dma=0x0 timestamp_ns=93615030473 latency_ns=0
          <idle>-0       [005] d.h.    93.617410: rkcif_stream_event: rkcif-mipi-lvds2 stream=0 generation=1 event=dma sequence=283 dma=0x0 timestamp_ns=93615030473 latency_ns=0
          <idle>-0       [005] d.h.    93.618727: rkcif_stream_event: rkcif-mipi-lvds2 stream=0 generation=1 event=fs sequence=284 dma=0x0 timestamp_ns=93616350557 latency_ns=0
          <idle>-0       [005] d.h.    93.650722: rkcif_stream_event: rkcif-mipi-lvds2 stream=0 generation=1 event=fe sequence=284 dma=0x0 timestamp_ns=93648345227 latency_ns=0
          <idle>-0       [005] d.h.    93.650724: rkcif_stream_event: rkcif-mipi-lvds2 stream=0 generation=1 event=dma sequence=284 dma=0x0 timestamp_ns=93648345227 latency_ns=0
          <idle>-0       [005] d.h.    93.652060: rkcif_stream_event: rkcif-mipi-lvds2 stream=0 generation=1 event=fs sequence=285 dma=0x0 timestamp_ns=93649683102 latency_ns=0
          <idle>-0       [005] d.h.    93.684075: rkcif_stream_event: rkcif-mipi-lvds2 stream=0 generation=1 event=fe sequence=285 dma=0x0 timestamp_ns=93681697313 latency_ns=0
          <idle>-0       [005] d.h.    93.684077: rkcif_stream_event: rkcif-mipi-lvds2 stream=0 generation=1 event=dma sequence=285 dma=0x0 timestamp_ns=93681697313 latency_ns=0
          <idle>-0       [005] d.h.    93.685404: rkcif_stream_event: rkcif-mipi-lvds2 stream=0 generation=1 event=fs sequence=286 dma=0x0 timestamp_ns=93683026730 latency_ns=0
          <idle>-0       [005] d.h.    93.717389: rkcif_stream_event: rkcif-mipi-lvds2 stream=0 generation=1 event=fe sequence=286 dma=0x0 timestamp_ns=93715012358 latency_ns=0
          <idle>-0       [005] d.h.    93.717392: rkcif_stream_event: rkcif-mipi-lvds2 stream=0 generation=1 event=dma sequence=286 dma=0x0 timestamp_ns=93715012358 latency_ns=0
          <idle>-0       [005] d.h.    93.718741: rkcif_stream_event: rkcif-mipi-lvds2 stream=0 generation=1 event=fs sequence=287 dma=0x0 timestamp_ns=93716364525 latency_ns=0
          <idle>-0       [005] d.h.    93.750756: rkcif_stream_event: rkcif-mipi-lvds2 stream=0 generation=1 event=fe sequence=287 dma=0x0 timestamp_ns=93748378737 latency_ns=0
          <idle>-0       [005] d.h.    93.750759: rkcif_stream_event: rkcif-mipi-lvds2 stream=0 generation=1 event=dma sequence=287 dma=0x0 timestamp_ns=93748378737 latency_ns=0
          <idle>-0       [005] d.h.    93.752084: rkcif_stream_event: rkcif-mipi-lvds2 stream=0 generation=1 event=fs sequence=288 dma=0x0 timestamp_ns=93749706403 latency_ns=0
          <idle>-0       [005] d.h.    93.784055: rkcif_stream_event: rkcif-mipi-lvds2 stream=0 generation=1 event=fe sequence=288 dma=0x0 timestamp_ns=93781678323 latency_ns=0
          <idle>-0       [005] d.h.    93.784057: rkcif_stream_event: rkcif-mipi-lvds2 stream=0 generation=1 event=dma sequence=288 dma=0x0 timestamp_ns=93781678323 latency_ns=0
          <idle>-0       [005] d.h.    93.785395: rkcif_stream_event: rkcif-mipi-lvds2 stream=0 generation=1 event=fs sequence=289 dma=0x0 timestamp_ns=93783016782 latency_ns=0
          <idle>-0       [005] d.h.    93.817409: rkcif_stream_event: rkcif-mipi-lvds2 stream=0 generation=1 event=fe sequence=289 dma=0x0 timestamp_ns=93815031577 latency_ns=0
          <idle>-0       [005] d.h.    93.817411: rkcif_stream_event: rkcif-mipi-lvds2 stream=0 generation=1 event=dma sequence=289 dma=0x0 timestamp_ns=93815031577 latency_ns=0
          <idle>-0       [005] d.h.    93.818760: rkcif_stream_event: rkcif-mipi-lvds2 stream=0 generation=1 event=fs sequence=290 dma=0x0 timestamp_ns=93816382577 latency_ns=0
          <idle>-0       [005] d.h.    93.850723: rkcif_stream_event: rkcif-mipi-lvds2 stream=0 generation=1 event=fe sequence=290 dma=0x0 timestamp_ns=93848346330 latency_ns=0
          <idle>-0       [005] d.h.    93.850725: rkcif_stream_event: rkcif-mipi-lvds2 stream=0 generation=1 event=dma sequence=290 dma=0x0 timestamp_ns=93848346330 latency_ns=0
          <idle>-0       [005] d.h.    93.852061: rkcif_stream_event: rkcif-mipi-lvds2 stream=0 generation=1 event=fs sequence=291 dma=0x0 timestamp_ns=93849684205 latency_ns=0
          <idle>-0       [005] d.h.    93.884075: rkcif_stream_event: rkcif-mipi-lvds2 stream=0 generation=1 event=fe sequence=291 dma=0x0 timestamp_ns=93881697833 latency_ns=0
          <idle>-0       [005] d.h.    93.884077: rkcif_stream_event: rkcif-mipi-lvds2 stream=0 generation=1 event=dma sequence=291 dma=0x0 timestamp_ns=93881697833 latency_ns=0
          <idle>-0       [005] d.h.    93.885426: rkcif_stream_event: rkcif-mipi-lvds2 stream=0 generation=1 event=fs sequence=292 dma=0x0 timestamp_ns=93883048542 latency_ns=0
          <idle>-0       [005] d.h.    93.917389: rkcif_stream_event: rkcif-mipi-lvds2 stream=0 generation=1 event=fe sequence=292 dma=0x0 timestamp_ns=93915012003 latency_ns=0
          <idle>-0       [005] d.h.    93.917391: rkcif_stream_event: rkcif-mipi-lvds2 stream=0 generation=1 event=dma sequence=292 dma=0x0 timestamp_ns=93915012003 latency_ns=0
          <idle>-0       [005] d.h.    93.918728: rkcif_stream_event: rkcif-mipi-lvds2 stream=0 generation=1 event=fs sequence=293 dma=0x0 timestamp_ns=93916351337 latency_ns=0
          <idle>-0       [005] d.h.    93.950742: rkcif_stream_event: rkcif-mipi-lvds2 stream=0 generation=1 event=fe sequence=293 dma=0x0 timestamp_ns=93948365257 latency_ns=0
          <idle>-0       [005] d.h.    93.950745: rkcif_stream_event: rkcif-mipi-lvds2 stream=0 generation=1 event=dma sequence=293 dma=0x0 timestamp_ns=93948365257 latency_ns=0
          <idle>-0       [005] d.h.    93.952094: rkcif_stream_event: rkcif-mipi-lvds2 stream=0 generation=1 event=fs sequence=294 dma=0x0 timestamp_ns=93949716549 latency_ns=0
          <idle>-0       [005] d.h.    93.984056: rkcif_stream_event: rkcif-mipi-lvds2 stream=0 generation=1 event=fe sequence=294 dma=0x0 timestamp_ns=93981679135 latency_ns=0
          <idle>-0       [005] d.h.    93.984058: rkcif_stream_event: rkcif-mipi-lvds2 stream=0 generation=1 event=dma sequence=294 dma=0x0 timestamp_ns=93981679135 latency_ns=0
          <idle>-0       [005] d.h.    93.985393: rkcif_stream_event: rkcif-mipi-lvds2 stream=0 generation=1 event=fs sequence=295 dma=0x0 timestamp_ns=93983016427 latency_ns=0
          <idle>-0       [005] d.h.    94.017408: rkcif_stream_event: rkcif-mipi-lvds2 stream=0 generation=1 event=fe sequence=295 dma=0x0 timestamp_ns=94015030930 latency_ns=0
          <idle>-0       [005] d.h.    94.017411: rkcif_stream_event: rkcif-mipi-lvds2 stream=0 generation=1 event=dma sequence=295 dma=0x0 timestamp_ns=94015030930 latency_ns=0
          <idle>-0       [005] d.h.    94.018747: rkcif_stream_event: rkcif-mipi-lvds2 stream=0 generation=1 event=fs sequence=296 dma=0x0 timestamp_ns=94016369680 latency_ns=0
          <idle>-0       [005] d.h.    94.050725: rkcif_stream_event: rkcif-mipi-lvds2 stream=0 generation=1 event=fe sequence=296 dma=0x0 timestamp_ns=94048348600 latency_ns=0
          <idle>-0       [005] d.h.    94.050728: rkcif_stream_event: rkcif-mipi-lvds2 stream=0 generation=1 event=dma sequence=296 dma=0x0 timestamp_ns=94048348600 latency_ns=0
          <idle>-0       [005] d.h.    94.052060: rkcif_stream_event: rkcif-mipi-lvds2 stream=0 generation=1 event=fs sequence=297 dma=0x0 timestamp_ns=94049683559 latency_ns=0
          <idle>-0       [005] d.h.    94.084084: rkcif_stream_event: rkcif-mipi-lvds2 stream=0 generation=1 event=fe sequence=297 dma=0x0 timestamp_ns=94081706520 latency_ns=0
          <idle>-0       [005] d.h.    94.084086: rkcif_stream_event: rkcif-mipi-lvds2 stream=0 generation=1 event=dma sequence=297 dma=0x0 timestamp_ns=94081706520 latency_ns=0
          <idle>-0       [005] d.h.    94.085413: rkcif_stream_event: rkcif-mipi-lvds2 stream=0 generation=1 event=fs sequence=298 dma=0x0 timestamp_ns=94083035645 latency_ns=0
          <idle>-0       [005] d.h.    94.117389: rkcif_stream_event: rkcif-mipi-lvds2 stream=0 generation=1 event=fe sequence=298 dma=0x0 timestamp_ns=94115011940 latency_ns=0
          <idle>-0       [005] d.h.    94.117391: rkcif_stream_event: rkcif-mipi-lvds2 stream=0 generation=1 event=dma sequence=298 dma=0x0 timestamp_ns=94115011940 latency_ns=0
          <idle>-0       [005] d.h.    94.118741: rkcif_stream_event: rkcif-mipi-lvds2 stream=0 generation=1 event=fs sequence=299 dma=0x0 timestamp_ns=94116364399 latency_ns=0
          <idle>-0       [005] d.h.    94.150722: rkcif_stream_event: rkcif-mipi-lvds2 stream=0 generation=1 event=fe sequence=299 dma=0x0 timestamp_ns=94148345360 latency_ns=0
          <idle>-0       [005] d.h.    94.150724: rkcif_stream_event: rkcif-mipi-lvds2 stream=0 generation=1 event=dma sequence=299 dma=0x0 timestamp_ns=94148345360 latency_ns=0
          <idle>-0       [005] d.h.    94.152060: rkcif_stream_event: rkcif-mipi-lvds2 stream=0 generation=1 event=fs sequence=300 dma=0x0 timestamp_ns=94149682944 latency_ns=0
          <idle>-0       [005] d.h.    94.184074: rkcif_stream_event: rkcif-mipi-lvds2 stream=0 generation=1 event=fe sequence=300 dma=0x0 timestamp_ns=94181697155 latency_ns=0
          <idle>-0       [005] d.h.    94.184077: rkcif_stream_event: rkcif-mipi-lvds2 stream=0 generation=1 event=dma sequence=300 dma=0x0 timestamp_ns=94181697155 latency_ns=0
          <idle>-0       [005] d.h.    94.185427: rkcif_stream_event: rkcif-mipi-lvds2 stream=0 generation=1 event=fs sequence=301 dma=0x0 timestamp_ns=94183049905 latency_ns=0
          <idle>-0       [005] d.h.    94.217389: rkcif_stream_event: rkcif-mipi-lvds2 stream=0 generation=1 event=fe sequence=301 dma=0x0 timestamp_ns=94215012784 latency_ns=0
          <idle>-0       [005] d.h.    94.217392: rkcif_stream_event: rkcif-mipi-lvds2 stream=0 generation=1 event=dma sequence=301 dma=0x0 timestamp_ns=94215012784 latency_ns=0
          <idle>-0       [005] d.h.    94.218726: rkcif_stream_event: rkcif-mipi-lvds2 stream=0 generation=1 event=fs sequence=302 dma=0x0 timestamp_ns=94216349492 latency_ns=0
          <idle>-0       [005] d.h.    94.250743: rkcif_stream_event: rkcif-mipi-lvds2 stream=0 generation=1 event=fe sequence=302 dma=0x0 timestamp_ns=94248366037 latency_ns=0
          <idle>-0       [005] d.h.    94.250746: rkcif_stream_event: rkcif-mipi-lvds2 stream=0 generation=1 event=dma sequence=302 dma=0x0 timestamp_ns=94248366037 latency_ns=0
          <idle>-0       [005] d.h.    94.252080: rkcif_stream_event: rkcif-mipi-lvds2 stream=0 generation=1 event=fs sequence=303 dma=0x0 timestamp_ns=94249702745 latency_ns=0
          <idle>-0       [005] d.h.    94.284058: rkcif_stream_event: rkcif-mipi-lvds2 stream=0 generation=1 event=fe sequence=303 dma=0x0 timestamp_ns=94281681082 latency_ns=0
          <idle>-0       [005] d.h.    94.284060: rkcif_stream_event: rkcif-mipi-lvds2 stream=0 generation=1 event=dma sequence=303 dma=0x0 timestamp_ns=94281681082 latency_ns=0
          <idle>-0       [005] d.h.    94.285394: rkcif_stream_event: rkcif-mipi-lvds2 stream=0 generation=1 event=fs sequence=304 dma=0x0 timestamp_ns=94283017207 latency_ns=0
          <idle>-0       [005] d.h.    94.317409: rkcif_stream_event: rkcif-mipi-lvds2 stream=0 generation=1 event=fe sequence=304 dma=0x0 timestamp_ns=94315031127 latency_ns=0
          <idle>-0       [005] d.h.    94.317411: rkcif_stream_event: rkcif-mipi-lvds2 stream=0 generation=1 event=dma sequence=304 dma=0x0 timestamp_ns=94315031127 latency_ns=0
          <idle>-0       [005] d.h.    94.318750: rkcif_stream_event: rkcif-mipi-lvds2 stream=0 generation=1 event=fs sequence=305 dma=0x0 timestamp_ns=94316372794 latency_ns=0
          <idle>-0       [005] d.h.    94.350722: rkcif_stream_event: rkcif-mipi-lvds2 stream=0 generation=1 event=fe sequence=305 dma=0x0 timestamp_ns=94348345589 latency_ns=0
          <idle>-0       [005] d.h.    94.350724: rkcif_stream_event: rkcif-mipi-lvds2 stream=0 generation=1 event=dma sequence=305 dma=0x0 timestamp_ns=94348345589 latency_ns=0
          <idle>-0       [005] d.h.    94.352062: rkcif_stream_event: rkcif-mipi-lvds2 stream=0 generation=1 event=fs sequence=306 dma=0x0 timestamp_ns=94349683755 latency_ns=0
          <idle>-0       [005] d.h.    94.384055: rkcif_stream_event: rkcif-mipi-lvds2 stream=0 generation=1 event=fe sequence=306 dma=0x0 timestamp_ns=94381678134 latency_ns=0
          <idle>-0       [005] d.h.    94.384057: rkcif_stream_event: rkcif-mipi-lvds2 stream=0 generation=1 event=dma sequence=306 dma=0x0 timestamp_ns=94381678134 latency_ns=0
          <idle>-0       [005] d.h.    94.385404: rkcif_stream_event: rkcif-mipi-lvds2 stream=0 generation=1 event=fs sequence=307 dma=0x0 timestamp_ns=94383027092 latency_ns=0
          <idle>-0       [005] d.h.    94.417388: rkcif_stream_event: rkcif-mipi-lvds2 stream=0 generation=1 event=fe sequence=307 dma=0x0 timestamp_ns=94415011262 latency_ns=0
          <idle>-0       [005] d.h.    94.417390: rkcif_stream_event: rkcif-mipi-lvds2 stream=0 generation=1 event=dma sequence=307 dma=0x0 timestamp_ns=94415011262 latency_ns=0
          <idle>-0       [005] d.h.    94.418726: rkcif_stream_event: rkcif-mipi-lvds2 stream=0 generation=1 event=fs sequence=308 dma=0x0 timestamp_ns=94416349429 latency_ns=0
          <idle>-0       [005] d.h.    94.450742: rkcif_stream_event: rkcif-mipi-lvds2 stream=0 generation=1 event=fe sequence=308 dma=0x0 timestamp_ns=94448364849 latency_ns=0
          <idle>-0       [005] d.h.    94.450745: rkcif_stream_event: rkcif-mipi-lvds2 stream=0 generation=1 event=dma sequence=308 dma=0x0 timestamp_ns=94448364849 latency_ns=0
          <idle>-0       [005] d.h.    94.452094: rkcif_stream_event: rkcif-mipi-lvds2 stream=0 generation=1 event=fs sequence=309 dma=0x0 timestamp_ns=94449716432 latency_ns=0
          <idle>-0       [005] d.h.    94.484073: rkcif_stream_event: rkcif-mipi-lvds2 stream=0 generation=1 event=fe sequence=309 dma=0x0 timestamp_ns=94481695935 latency_ns=0
          <idle>-0       [005] d.h.    94.484075: rkcif_stream_event: rkcif-mipi-lvds2 stream=0 generation=1 event=dma sequence=309 dma=0x0 timestamp_ns=94481695935 latency_ns=0
